record_id,source_record_id,sample_id,element_or_analyte,analyte_reported,value,unit,medium,material,measurement_basis,value_qualifier,missing_reason,detection_limit,detection_limit_unit,original_latitude_raw,original_longitude_raw,latitude,longitude,source_crs,coordinate_transform_method,coordinate_uncertainty_m,geologic_unit,analytical_method,method_family,digestion_or_extraction,laboratory,license,source_tier,source_id,dataset_title,dataset_doi,dataset_version,source_file,source_row,source_locator,official_source_url,file_sha256,sampled_at,sample_depth_min_m,sample_depth_max_m,grain_fraction,coordinate_evidence_scope,coordinate_policy_id,coordinate_latitude_field,coordinate_longitude_field,sample_type_raw,sample_type,sample_type_mapping_status,sample_type_missing_reason,geographic_context_raw,survey_area,map_sheet,cruise_track,lithology_raw,lithology,soil_horizon_raw,soil_horizon,sediment_environment,water_body_type,water_fraction,filtered_state,geologic_unit_raw,geologic_age_raw,tectonic_setting_raw,matched_geologic_unit,geology_map_source,geology_map_version,match_method,match_scale,boundary_distance_m,match_uncertainty,geology_missing_reason,method_scope,method_assignment_basis,preparation,analytical_technique,instrument,quantitation_limit,quantitation_limit_unit,reference_materials,method_source_locator,method_publication_id,method_missing_reason,citation_id_raw,publication_id,publication_doi,citation_text_raw,citation_scope,citation_assignment_basis,upstream_primary_source_id,citation_resolution_status,citation_missing_reason,access_status,research_use_status,license_url,license_scope,attribution_required,redistribution_status,terms_verified_at
rec-d88620d097b600596bc4d762bc140d8f7e338a1db04ae454c698bc2310cd4b36,src-521cd24c719cf8c6ddd61acc81fab464d4d94ac7773080720d6592110a8fe619,surface-sediments|33,As,As,4.7603999999999997,mg/kg,sediment,,air_dried_homogenized_<75um_sediment_multi_method,,,,,43.914611,85.404167,,,,,,,hydride generation atomic fluorescence spectrometry (HG-AFS),,aqua regia digestion,,CC0-1.0,official_curated,4tu-northern-china-sediment,Raw data of Geochemical Compositions of Surface Sediments in Northern China,10.4121/uuid:6cb0bf79-7467-4e78-a531-cc91655d9fd0,4TU-Figshare-v1-2020-07-28,Dataset of Geochemical Compositions of Surface Sediments in northern China.xlsx,,Dataset of Geochemical Compositions of Surface Sediments in northern China.xlsx#sheet=surface-sediments&row=35,https://data.4tu.nl/articles/dataset/Raw_data_of_Geochemical_Compositions_of_Surface_Sediments_in_Northern_China/12703148,6b06695e359986bf0a50c6d0febda08ffa25a61028c00cdadd60cc8426001232,,,,<75 µm,,,,,"surface catchment, fluvial and/or alluvial sediment at approximately 25 cm depth",sediment_surface_catchment_fluvial_alluvial,exact,,Junggar Basin,Junggar Basin,,,,,,,catchment_fluvial_alluvial,,,,,,,,,,,,,,not_reported,dataset_parameter,publisher_readme_element_method_mapping,"air-dried, homogenized and sieved through a stainless-steel screen",hydride generation atomic fluorescence spectrometry (HG-AFS),,,,GSS-1; GSS-2; GSS-17; GSS-19; GSS-25; GSS-26; GSS-27; GAu2a; GAu2b; GAu9a; GAu9b; GAu10a; GAu10b; GAu11a; GAu11b; GPt-1; GPt-2; GPt-7; GPt-8,README.pdf#multi-method-analytical-scheme-and-quality-control,,,,,,"[""Lin, Xin (2020). Raw data of Geochemical Compositions of Surface Sediments in Northern China. 4TU.ResearchData. https://doi.org/10.4121/uuid:6cb0bf79-7467-4e78-a531-cc91655d9fd0""]",dataset,dataset_metadata,,resolved,,public_download,permitted_research,https://creativecommons.org/publicdomain/zero/1.0/,dataset,true,not_evaluated_for_project_output,2026-08-15T07:00:00Z
rec-12a682475f3d1a99be9486264fd0337b21934ef528134b3142ae8167370c209a,src-521cd24c719cf8c6ddd61acc81fab464d4d94ac7773080720d6592110a8fe619,surface-sediments|33,Cr,Cr,11.4,mg/kg,sediment,,air_dried_homogenized_<75um_sediment_multi_method,,,,,43.914611,85.404167,,,,,,,X-ray fluorescence spectrometry (XRF),,fused pellet preparation,,CC0-1.0,official_curated,4tu-northern-china-sediment,Raw data of Geochemical Compositions of Surface Sediments in Northern China,10.4121/uuid:6cb0bf79-7467-4e78-a531-cc91655d9fd0,4TU-Figshare-v1-2020-07-28,Dataset of Geochemical Compositions of Surface Sediments in northern China.xlsx,,Dataset of Geochemical Compositions of Surface Sediments in northern China.xlsx#sheet=surface-sediments&row=35,https://data.4tu.nl/articles/dataset/Raw_data_of_Geochemical_Compositions_of_Surface_Sediments_in_Northern_China/12703148,6b06695e359986bf0a50c6d0febda08ffa25a61028c00cdadd60cc8426001232,,,,<75 µm,,,,,"surface catchment, fluvial and/or alluvial sediment at approximately 25 cm depth",sediment_surface_catchment_fluvial_alluvial,exact,,Junggar Basin,Junggar Basin,,,,,,,catchment_fluvial_alluvial,,,,,,,,,,,,,,not_reported,dataset_parameter,publisher_readme_element_method_mapping,"air-dried, homogenized and sieved through a stainless-steel screen",X-ray fluorescence spectrometry (XRF),,,,GSS-1; GSS-2; GSS-17; GSS-19; GSS-25; GSS-26; GSS-27; GAu2a; GAu2b; GAu9a; GAu9b; GAu10a; GAu10b; GAu11a; GAu11b; GPt-1; GPt-2; GPt-7; GPt-8,README.pdf#multi-method-analytical-scheme-and-quality-control,,,,,,"[""Lin, Xin (2020). Raw data of Geochemical Compositions of Surface Sediments in Northern China. 4TU.ResearchData. https://doi.org/10.4121/uuid:6cb0bf79-7467-4e78-a531-cc91655d9fd0""]",dataset,dataset_metadata,,resolved,,public_download,permitted_research,https://creativecommons.org/publicdomain/zero/1.0/,dataset,true,not_evaluated_for_project_output,2026-08-15T07:00:00Z
rec-a6a9c597ea06076991ae3d631298811c1eb5ac4347d2fb1a402ad509410040d0,src-521cd24c719cf8c6ddd61acc81fab464d4d94ac7773080720d6592110a8fe619,surface-sediments|33,Cu,Cu,9.0385240000000007,mg/kg,sediment,,air_dried_homogenized_<75um_sediment_multi_method,,,,,43.914611,85.404167,,,,,,,inductively coupled plasma mass spectrometry (ICP-MS),,four-acid digestion (HF+HNO3+HClO4+aqua regia),,CC0-1.0,official_curated,4tu-northern-china-sediment,Raw data of Geochemical Compositions of Surface Sediments in Northern China,10.4121/uuid:6cb0bf79-7467-4e78-a531-cc91655d9fd0,4TU-Figshare-v1-2020-07-28,Dataset of Geochemical Compositions of Surface Sediments in northern China.xlsx,,Dataset of Geochemical Compositions of Surface Sediments in northern China.xlsx#sheet=surface-sediments&row=35,https://data.4tu.nl/articles/dataset/Raw_data_of_Geochemical_Compositions_of_Surface_Sediments_in_Northern_China/12703148,6b06695e359986bf0a50c6d0febda08ffa25a61028c00cdadd60cc8426001232,,,,<75 µm,,,,,"surface catchment, fluvial and/or alluvial sediment at approximately 25 cm depth",sediment_surface_catchment_fluvial_alluvial,exact,,Junggar Basin,Junggar Basin,,,,,,,catchment_fluvial_alluvial,,,,,,,,,,,,,,not_reported,dataset_parameter,publisher_readme_element_method_mapping,"air-dried, homogenized and sieved through a stainless-steel screen",inductively coupled plasma mass spectrometry (ICP-MS),,,,GSS-1; GSS-2; GSS-17; GSS-19; GSS-25; GSS-26; GSS-27; GAu2a; GAu2b; GAu9a; GAu9b; GAu10a; GAu10b; GAu11a; GAu11b; GPt-1; GPt-2; GPt-7; GPt-8,README.pdf#multi-method-analytical-scheme-and-quality-control,,,,,,"[""Lin, Xin (2020). Raw data of Geochemical Compositions of Surface Sediments in Northern China. 4TU.ResearchData. https://doi.org/10.4121/uuid:6cb0bf79-7467-4e78-a531-cc91655d9fd0""]",dataset,dataset_metadata,,resolved,,public_download,permitted_research,https://creativecommons.org/publicdomain/zero/1.0/,dataset,true,not_evaluated_for_project_output,2026-08-15T07:00:00Z
rec-eda314d7a2f3ff325adab4497cc1f56d51dccffebea718afde1d0cf2e366e5c5,src-521cd24c719cf8c6ddd61acc81fab464d4d94ac7773080720d6592110a8fe619,surface-sediments|33,Hg,Hg,7.3461920000000003,mg/kg,sediment,,air_dried_homogenized_<75um_sediment_multi_method,,,,,43.914611,85.404167,,,,,,,,,,,CC0-1.0,official_curated,4tu-northern-china-sediment,Raw data of Geochemical Compositions of Surface Sediments in Northern China,10.4121/uuid:6cb0bf79-7467-4e78-a531-cc91655d9fd0,4TU-Figshare-v1-2020-07-28,Dataset of Geochemical Compositions of Surface Sediments in northern China.xlsx,,Dataset of Geochemical Compositions of Surface Sediments in northern China.xlsx#sheet=surface-sediments&row=35,https://data.4tu.nl/articles/dataset/Raw_data_of_Geochemical_Compositions_of_Surface_Sediments_in_Northern_China/12703148,6b06695e359986bf0a50c6d0febda08ffa25a61028c00cdadd60cc8426001232,,,,<75 µm,,,,,"surface catchment, fluvial and/or alluvial sediment at approximately 25 cm depth",sediment_surface_catchment_fluvial_alluvial,exact,,Junggar Basin,Junggar Basin,,,,,,,catchment_fluvial_alluvial,,,,,,,,,,,,,,not_reported,,,"air-dried, homogenized and sieved through a stainless-steel screen",,,,,GSS-1; GSS-2; GSS-17; GSS-19; GSS-25; GSS-26; GSS-27; GAu2a; GAu2b; GAu9a; GAu9b; GAu10a; GAu10b; GAu11a; GAu11b; GPt-1; GPt-2; GPt-7; GPt-8,,,not_reported,,,,"[""Lin, Xin (2020). Raw data of Geochemical Compositions of Surface Sediments in Northern China. 4TU.ResearchData. https://doi.org/10.4121/uuid:6cb0bf79-7467-4e78-a531-cc91655d9fd0""]",dataset,dataset_metadata,,resolved,,public_download,permitted_research,https://creativecommons.org/publicdomain/zero/1.0/,dataset,true,not_evaluated_for_project_output,2026-08-15T07:00:00Z
rec-540646517aa2abf7a3a825b5166d19309c360f74af89c5d525ec99a41f17c097,src-521cd24c719cf8c6ddd61acc81fab464d4d94ac7773080720d6592110a8fe619,surface-sediments|33,Ni,Ni,7.1123710000000004,mg/kg,sediment,,air_dried_homogenized_<75um_sediment_multi_method,,,,,43.914611,85.404167,,,,,,,inductively coupled plasma mass spectrometry (ICP-MS),,four-acid digestion (HF+HNO3+HClO4+aqua regia),,CC0-1.0,official_curated,4tu-northern-china-sediment,Raw data of Geochemical Compositions of Surface Sediments in Northern China,10.4121/uuid:6cb0bf79-7467-4e78-a531-cc91655d9fd0,4TU-Figshare-v1-2020-07-28,Dataset of Geochemical Compositions of Surface Sediments in northern China.xlsx,,Dataset of Geochemical Compositions of Surface Sediments in northern China.xlsx#sheet=surface-sediments&row=35,https://data.4tu.nl/articles/dataset/Raw_data_of_Geochemical_Compositions_of_Surface_Sediments_in_Northern_China/12703148,6b06695e359986bf0a50c6d0febda08ffa25a61028c00cdadd60cc8426001232,,,,<75 µm,,,,,"surface catchment, fluvial and/or alluvial sediment at approximately 25 cm depth",sediment_surface_catchment_fluvial_alluvial,exact,,Junggar Basin,Junggar Basin,,,,,,,catchment_fluvial_alluvial,,,,,,,,,,,,,,not_reported,dataset_parameter,publisher_readme_element_method_mapping,"air-dried, homogenized and sieved through a stainless-steel screen",inductively coupled plasma mass spectrometry (ICP-MS),,,,GSS-1; GSS-2; GSS-17; GSS-19; GSS-25; GSS-26; GSS-27; GAu2a; GAu2b; GAu9a; GAu9b; GAu10a; GAu10b; GAu11a; GAu11b; GPt-1; GPt-2; GPt-7; GPt-8,README.pdf#multi-method-analytical-scheme-and-quality-control,,,,,,"[""Lin, Xin (2020). Raw data of Geochemical Compositions of Surface Sediments in Northern China. 4TU.ResearchData. https://doi.org/10.4121/uuid:6cb0bf79-7467-4e78-a531-cc91655d9fd0""]",dataset,dataset_metadata,,resolved,,public_download,permitted_research,https://creativecommons.org/publicdomain/zero/1.0/,dataset,true,not_evaluated_for_project_output,2026-08-15T07:00:00Z
rec-3b191bc3e84514050e4c299d57755b44a8d8310cd5bd3856a1a7b102f60acb12,src-521cd24c719cf8c6ddd61acc81fab464d4d94ac7773080720d6592110a8fe619,surface-sediments|33,Pb,Pb,19.496842000000001,mg/kg,sediment,,air_dried_homogenized_<75um_sediment_multi_method,,,,,43.914611,85.404167,,,,,,,inductively coupled plasma mass spectrometry (ICP-MS),,four-acid digestion (HF+HNO3+HClO4+aqua regia),,CC0-1.0,official_curated,4tu-northern-china-sediment,Raw data of Geochemical Compositions of Surface Sediments in Northern China,10.4121/uuid:6cb0bf79-7467-4e78-a531-cc91655d9fd0,4TU-Figshare-v1-2020-07-28,Dataset of Geochemical Compositions of Surface Sediments in northern China.xlsx,,Dataset of Geochemical Compositions of Surface Sediments in northern China.xlsx#sheet=surface-sediments&row=35,https://data.4tu.nl/articles/dataset/Raw_data_of_Geochemical_Compositions_of_Surface_Sediments_in_Northern_China/12703148,6b06695e359986bf0a50c6d0febda08ffa25a61028c00cdadd60cc8426001232,,,,<75 µm,,,,,"surface catchment, fluvial and/or alluvial sediment at approximately 25 cm depth",sediment_surface_catchment_fluvial_alluvial,exact,,Junggar Basin,Junggar Basin,,,,,,,catchment_fluvial_alluvial,,,,,,,,,,,,,,not_reported,dataset_parameter,publisher_readme_element_method_mapping,"air-dried, homogenized and sieved through a stainless-steel screen",inductively coupled plasma mass spectrometry (ICP-MS),,,,GSS-1; GSS-2; GSS-17; GSS-19; GSS-25; GSS-26; GSS-27; GAu2a; GAu2b; GAu9a; GAu9b; GAu10a; GAu10b; GAu11a; GAu11b; GPt-1; GPt-2; GPt-7; GPt-8,README.pdf#multi-method-analytical-scheme-and-quality-control,,,,,,"[""Lin, Xin (2020). Raw data of Geochemical Compositions of Surface Sediments in Northern China. 4TU.ResearchData. https://doi.org/10.4121/uuid:6cb0bf79-7467-4e78-a531-cc91655d9fd0""]",dataset,dataset_metadata,,resolved,,public_download,permitted_research,https://creativecommons.org/publicdomain/zero/1.0/,dataset,true,not_evaluated_for_project_output,2026-08-15T07:00:00Z
rec-c954f7181224949b8ca2629cc4866807630ca71c013c8d4d2f35c391a14644f5,src-521cd24c719cf8c6ddd61acc81fab464d4d94ac7773080720d6592110a8fe619,surface-sediments|33,Zn,Zn,33.061855999999999,mg/kg,sediment,,air_dried_homogenized_<75um_sediment_multi_method,,,,,43.914611,85.404167,,,,,,,inductively coupled plasma mass spectrometry (ICP-MS),,four-acid digestion (HF+HNO3+HClO4+aqua regia),,CC0-1.0,official_curated,4tu-northern-china-sediment,Raw data of Geochemical Compositions of Surface Sediments in Northern China,10.4121/uuid:6cb0bf79-7467-4e78-a531-cc91655d9fd0,4TU-Figshare-v1-2020-07-28,Dataset of Geochemical Compositions of Surface Sediments in northern China.xlsx,,Dataset of Geochemical Compositions of Surface Sediments in northern China.xlsx#sheet=surface-sediments&row=35,https://data.4tu.nl/articles/dataset/Raw_data_of_Geochemical_Compositions_of_Surface_Sediments_in_Northern_China/12703148,6b06695e359986bf0a50c6d0febda08ffa25a61028c00cdadd60cc8426001232,,,,<75 µm,,,,,"surface catchment, fluvial and/or alluvial sediment at approximately 25 cm depth",sediment_surface_catchment_fluvial_alluvial,exact,,Junggar Basin,Junggar Basin,,,,,,,catchment_fluvial_alluvial,,,,,,,,,,,,,,not_reported,dataset_parameter,publisher_readme_element_method_mapping,"air-dried, homogenized and sieved through a stainless-steel screen",inductively coupled plasma mass spectrometry (ICP-MS),,,,GSS-1; GSS-2; GSS-17; GSS-19; GSS-25; GSS-26; GSS-27; GAu2a; GAu2b; GAu9a; GAu9b; GAu10a; GAu10b; GAu11a; GAu11b; GPt-1; GPt-2; GPt-7; GPt-8,README.pdf#multi-method-analytical-scheme-and-quality-control,,,,,,"[""Lin, Xin (2020). Raw data of Geochemical Compositions of Surface Sediments in Northern China. 4TU.ResearchData. https://doi.org/10.4121/uuid:6cb0bf79-7467-4e78-a531-cc91655d9fd0""]",dataset,dataset_metadata,,resolved,,public_download,permitted_research,https://creativecommons.org/publicdomain/zero/1.0/,dataset,true,not_evaluated_for_project_output,2026-08-15T07:00:00Z
rec-61e4b0bacc403ddf31dff0934ff22288e826b75cf747b27a186badc63d1eab6b,src-fd116bb49edb12e67a88ae0d54a2c66e63b188fe8304b9fa9531fbfdd9143e1a,surface-sediments|259,As,As,5.8543500000000002,mg/kg,sediment,,air_dried_homogenized_<75um_sediment_multi_method,,,,,37.669667,77.930861,,,,,,,hydride generation atomic fluorescence spectrometry (HG-AFS),,aqua regia digestion,,CC0-1.0,official_curated,4tu-northern-china-sediment,Raw data of Geochemical Compositions of Surface Sediments in Northern China,10.4121/uuid:6cb0bf79-7467-4e78-a531-cc91655d9fd0,4TU-Figshare-v1-2020-07-28,Dataset of Geochemical Compositions of Surface Sediments in northern China.xlsx,,Dataset of Geochemical Compositions of Surface Sediments in northern China.xlsx#sheet=surface-sediments&row=261,https://data.4tu.nl/articles/dataset/Raw_data_of_Geochemical_Compositions_of_Surface_Sediments_in_Northern_China/12703148,6b06695e359986bf0a50c6d0febda08ffa25a61028c00cdadd60cc8426001232,,,,<75 µm,,,,,"surface catchment, fluvial and/or alluvial sediment at approximately 25 cm depth",sediment_surface_catchment_fluvial_alluvial,exact,,Tarim Basin,Tarim Basin,,,,,,,catchment_fluvial_alluvial,,,,,,,,,,,,,,not_reported,dataset_parameter,publisher_readme_element_method_mapping,"air-dried, homogenized and sieved through a stainless-steel screen",hydride generation atomic fluorescence spectrometry (HG-AFS),,,,GSS-1; GSS-2; GSS-17; GSS-19; GSS-25; GSS-26; GSS-27; GAu2a; GAu2b; GAu9a; GAu9b; GAu10a; GAu10b; GAu11a; GAu11b; GPt-1; GPt-2; GPt-7; GPt-8,README.pdf#multi-method-analytical-scheme-and-quality-control,,,,,,"[""Lin, Xin (2020). Raw data of Geochemical Compositions of Surface Sediments in Northern China. 4TU.ResearchData. https://doi.org/10.4121/uuid:6cb0bf79-7467-4e78-a531-cc91655d9fd0""]",dataset,dataset_metadata,,resolved,,public_download,permitted_research,https://creativecommons.org/publicdomain/zero/1.0/,dataset,true,not_evaluated_for_project_output,2026-08-15T07:00:00Z
rec-eecf7e2b82e6be335b21b2702199d94776860deaa697745224fa6038bf8224bc,src-fd116bb49edb12e67a88ae0d54a2c66e63b188fe8304b9fa9531fbfdd9143e1a,surface-sediments|259,Cr,Cr,39.105899999999998,mg/kg,sediment,,air_dried_homogenized_<75um_sediment_multi_method,,,,,37.669667,77.930861,,,,,,,X-ray fluorescence spectrometry (XRF),,fused pellet preparation,,CC0-1.0,official_curated,4tu-northern-china-sediment,Raw data of Geochemical Compositions of Surface Sediments in Northern China,10.4121/uuid:6cb0bf79-7467-4e78-a531-cc91655d9fd0,4TU-Figshare-v1-2020-07-28,Dataset of Geochemical Compositions of Surface Sediments in northern China.xlsx,,Dataset of Geochemical Compositions of Surface Sediments in northern China.xlsx#sheet=surface-sediments&row=261,https://data.4tu.nl/articles/dataset/Raw_data_of_Geochemical_Compositions_of_Surface_Sediments_in_Northern_China/12703148,6b06695e359986bf0a50c6d0febda08ffa25a61028c00cdadd60cc8426001232,,,,<75 µm,,,,,"surface catchment, fluvial and/or alluvial sediment at approximately 25 cm depth",sediment_surface_catchment_fluvial_alluvial,exact,,Tarim Basin,Tarim Basin,,,,,,,catchment_fluvial_alluvial,,,,,,,,,,,,,,not_reported,dataset_parameter,publisher_readme_element_method_mapping,"air-dried, homogenized and sieved through a stainless-steel screen",X-ray fluorescence spectrometry (XRF),,,,GSS-1; GSS-2; GSS-17; GSS-19; GSS-25; GSS-26; GSS-27; GAu2a; GAu2b; GAu9a; GAu9b; GAu10a; GAu10b; GAu11a; GAu11b; GPt-1; GPt-2; GPt-7; GPt-8,README.pdf#multi-method-analytical-scheme-and-quality-control,,,,,,"[""Lin, Xin (2020). Raw data of Geochemical Compositions of Surface Sediments in Northern China. 4TU.ResearchData. https://doi.org/10.4121/uuid:6cb0bf79-7467-4e78-a531-cc91655d9fd0""]",dataset,dataset_metadata,,resolved,,public_download,permitted_research,https://creativecommons.org/publicdomain/zero/1.0/,dataset,true,not_evaluated_for_project_output,2026-08-15T07:00:00Z
rec-a09ab5082111e069fffa62039dc8097d31d054e12d6c66fc2ff971028d213ea6,src-fd116bb49edb12e67a88ae0d54a2c66e63b188fe8304b9fa9531fbfdd9143e1a,surface-sediments|259,Cu,Cu,15.438779,mg/kg,sediment,,air_dried_homogenized_<75um_sediment_multi_method,,,,,37.669667,77.930861,,,,,,,inductively coupled plasma mass spectrometry (ICP-MS),,four-acid digestion (HF+HNO3+HClO4+aqua regia),,CC0-1.0,official_curated,4tu-northern-china-sediment,Raw data of Geochemical Compositions of Surface Sediments in Northern China,10.4121/uuid:6cb0bf79-7467-4e78-a531-cc91655d9fd0,4TU-Figshare-v1-2020-07-28,Dataset of Geochemical Compositions of Surface Sediments in northern China.xlsx,,Dataset of Geochemical Compositions of Surface Sediments in northern China.xlsx#sheet=surface-sediments&row=261,https://data.4tu.nl/articles/dataset/Raw_data_of_Geochemical_Compositions_of_Surface_Sediments_in_Northern_China/12703148,6b06695e359986bf0a50c6d0febda08ffa25a61028c00cdadd60cc8426001232,,,,<75 µm,,,,,"surface catchment, fluvial and/or alluvial sediment at approximately 25 cm depth",sediment_surface_catchment_fluvial_alluvial,exact,,Tarim Basin,Tarim Basin,,,,,,,catchment_fluvial_alluvial,,,,,,,,,,,,,,not_reported,dataset_parameter,publisher_readme_element_method_mapping,"air-dried, homogenized and sieved through a stainless-steel screen",inductively coupled plasma mass spectrometry (ICP-MS),,,,GSS-1; GSS-2; GSS-17; GSS-19; GSS-25; GSS-26; GSS-27; GAu2a; GAu2b; GAu9a; GAu9b; GAu10a; GAu10b; GAu11a; GAu11b; GPt-1; GPt-2; GPt-7; GPt-8,README.pdf#multi-method-analytical-scheme-and-quality-control,,,,,,"[""Lin, Xin (2020). Raw data of Geochemical Compositions of Surface Sediments in Northern China. 4TU.ResearchData. https://doi.org/10.4121/uuid:6cb0bf79-7467-4e78-a531-cc91655d9fd0""]",dataset,dataset_metadata,,resolved,,public_download,permitted_research,https://creativecommons.org/publicdomain/zero/1.0/,dataset,true,not_evaluated_for_project_output,2026-08-15T07:00:00Z
rec-b567d122d2e7c3223b9de9ec436f55f5725cf8d38dc81be48cc99469441fb6c8,src-fd116bb49edb12e67a88ae0d54a2c66e63b188fe8304b9fa9531fbfdd9143e1a,surface-sediments|259,Hg,Hg,8.1912000000000003,mg/kg,sediment,,air_dried_homogenized_<75um_sediment_multi_method,,,,,37.669667,77.930861,,,,,,,,,,,CC0-1.0,official_curated,4tu-northern-china-sediment,Raw data of Geochemical Compositions of Surface Sediments in Northern China,10.4121/uuid:6cb0bf79-7467-4e78-a531-cc91655d9fd0,4TU-Figshare-v1-2020-07-28,Dataset of Geochemical Compositions of Surface Sediments in northern China.xlsx,,Dataset of Geochemical Compositions of Surface Sediments in northern China.xlsx#sheet=surface-sediments&row=261,https://data.4tu.nl/articles/dataset/Raw_data_of_Geochemical_Compositions_of_Surface_Sediments_in_Northern_China/12703148,6b06695e359986bf0a50c6d0febda08ffa25a61028c00cdadd60cc8426001232,,,,<75 µm,,,,,"surface catchment, fluvial and/or alluvial sediment at approximately 25 cm depth",sediment_surface_catchment_fluvial_alluvial,exact,,Tarim Basin,Tarim Basin,,,,,,,catchment_fluvial_alluvial,,,,,,,,,,,,,,not_reported,,,"air-dried, homogenized and sieved through a stainless-steel screen",,,,,GSS-1; GSS-2; GSS-17; GSS-19; GSS-25; GSS-26; GSS-27; GAu2a; GAu2b; GAu9a; GAu9b; GAu10a; GAu10b; GAu11a; GAu11b; GPt-1; GPt-2; GPt-7; GPt-8,,,not_reported,,,,"[""Lin, Xin (2020). Raw data of Geochemical Compositions of Surface Sediments in Northern China. 4TU.ResearchData. https://doi.org/10.4121/uuid:6cb0bf79-7467-4e78-a531-cc91655d9fd0""]",dataset,dataset_metadata,,resolved,,public_download,permitted_research,https://creativecommons.org/publicdomain/zero/1.0/,dataset,true,not_evaluated_for_project_output,2026-08-15T07:00:00Z
rec-2b004edab4d596114773a8c7d39faabfc06d8ffe68fcc503dace1533f5ee6bcc,src-fd116bb49edb12e67a88ae0d54a2c66e63b188fe8304b9fa9531fbfdd9143e1a,surface-sediments|259,Ni,Ni,19.337634000000001,mg/kg,sediment,,air_dried_homogenized_<75um_sediment_multi_method,,,,,37.669667,77.930861,,,,,,,inductively coupled plasma mass spectrometry (ICP-MS),,four-acid digestion (HF+HNO3+HClO4+aqua regia),,CC0-1.0,official_curated,4tu-northern-china-sediment,Raw data of Geochemical Compositions of Surface Sediments in Northern China,10.4121/uuid:6cb0bf79-7467-4e78-a531-cc91655d9fd0,4TU-Figshare-v1-2020-07-28,Dataset of Geochemical Compositions of Surface Sediments in northern China.xlsx,,Dataset of Geochemical Compositions of Surface Sediments in northern China.xlsx#sheet=surface-sediments&row=261,https://data.4tu.nl/articles/dataset/Raw_data_of_Geochemical_Compositions_of_Surface_Sediments_in_Northern_China/12703148,6b06695e359986bf0a50c6d0febda08ffa25a61028c00cdadd60cc8426001232,,,,<75 µm,,,,,"surface catchment, fluvial and/or alluvial sediment at approximately 25 cm depth",sediment_surface_catchment_fluvial_alluvial,exact,,Tarim Basin,Tarim Basin,,,,,,,catchment_fluvial_alluvial,,,,,,,,,,,,,,not_reported,dataset_parameter,publisher_readme_element_method_mapping,"air-dried, homogenized and sieved through a stainless-steel screen",inductively coupled plasma mass spectrometry (ICP-MS),,,,GSS-1; GSS-2; GSS-17; GSS-19; GSS-25; GSS-26; GSS-27; GAu2a; GAu2b; GAu9a; GAu9b; GAu10a; GAu10b; GAu11a; GAu11b; GPt-1; GPt-2; GPt-7; GPt-8,README.pdf#multi-method-analytical-scheme-and-quality-control,,,,,,"[""Lin, Xin (2020). Raw data of Geochemical Compositions of Surface Sediments in Northern China. 4TU.ResearchData. https://doi.org/10.4121/uuid:6cb0bf79-7467-4e78-a531-cc91655d9fd0""]",dataset,dataset_metadata,,resolved,,public_download,permitted_research,https://creativecommons.org/publicdomain/zero/1.0/,dataset,true,not_evaluated_for_project_output,2026-08-15T07:00:00Z
rec-1170e7ec8f2d70d4dcc37b215fbcbd8dfa6acd1b06db3e7615ae66598f1fedd9,src-fd116bb49edb12e67a88ae0d54a2c66e63b188fe8304b9fa9531fbfdd9143e1a,surface-sediments|259,Pb,Pb,18.245999999999999,mg/kg,sediment,,air_dried_homogenized_<75um_sediment_multi_method,,,,,37.669667,77.930861,,,,,,,inductively coupled plasma mass spectrometry (ICP-MS),,four-acid digestion (HF+HNO3+HClO4+aqua regia),,CC0-1.0,official_curated,4tu-northern-china-sediment,Raw data of Geochemical Compositions of Surface Sediments in Northern China,10.4121/uuid:6cb0bf79-7467-4e78-a531-cc91655d9fd0,4TU-Figshare-v1-2020-07-28,Dataset of Geochemical Compositions of Surface Sediments in northern China.xlsx,,Dataset of Geochemical Compositions of Surface Sediments in northern China.xlsx#sheet=surface-sediments&row=261,https://data.4tu.nl/articles/dataset/Raw_data_of_Geochemical_Compositions_of_Surface_Sediments_in_Northern_China/12703148,6b06695e359986bf0a50c6d0febda08ffa25a61028c00cdadd60cc8426001232,,,,<75 µm,,,,,"surface catchment, fluvial and/or alluvial sediment at approximately 25 cm depth",sediment_surface_catchment_fluvial_alluvial,exact,,Tarim Basin,Tarim Basin,,,,,,,catchment_fluvial_alluvial,,,,,,,,,,,,,,not_reported,dataset_parameter,publisher_readme_element_method_mapping,"air-dried, homogenized and sieved through a stainless-steel screen",inductively coupled plasma mass spectrometry (ICP-MS),,,,GSS-1; GSS-2; GSS-17; GSS-19; GSS-25; GSS-26; GSS-27; GAu2a; GAu2b; GAu9a; GAu9b; GAu10a; GAu10b; GAu11a; GAu11b; GPt-1; GPt-2; GPt-7; GPt-8,README.pdf#multi-method-analytical-scheme-and-quality-control,,,,,,"[""Lin, Xin (2020). Raw data of Geochemical Compositions of Surface Sediments in Northern China. 4TU.ResearchData. https://doi.org/10.4121/uuid:6cb0bf79-7467-4e78-a531-cc91655d9fd0""]",dataset,dataset_metadata,,resolved,,public_download,permitted_research,https://creativecommons.org/publicdomain/zero/1.0/,dataset,true,not_evaluated_for_project_output,2026-08-15T07:00:00Z
rec-bcb4f1f81feac1ff55354eab561a8c3b047b93f0fc1a32c71d00b59449acb766,src-fd116bb49edb12e67a88ae0d54a2c66e63b188fe8304b9fa9531fbfdd9143e1a,surface-sediments|259,Zn,Zn,47.822870000000002,mg/kg,sediment,,air_dried_homogenized_<75um_sediment_multi_method,,,,,37.669667,77.930861,,,,,,,inductively coupled plasma mass spectrometry (ICP-MS),,four-acid digestion (HF+HNO3+HClO4+aqua regia),,CC0-1.0,official_curated,4tu-northern-china-sediment,Raw data of Geochemical Compositions of Surface Sediments in Northern China,10.4121/uuid:6cb0bf79-7467-4e78-a531-cc91655d9fd0,4TU-Figshare-v1-2020-07-28,Dataset of Geochemical Compositions of Surface Sediments in northern China.xlsx,,Dataset of Geochemical Compositions of Surface Sediments in northern China.xlsx#sheet=surface-sediments&row=261,https://data.4tu.nl/articles/dataset/Raw_data_of_Geochemical_Compositions_of_Surface_Sediments_in_Northern_China/12703148,6b06695e359986bf0a50c6d0febda08ffa25a61028c00cdadd60cc8426001232,,,,<75 µm,,,,,"surface catchment, fluvial and/or alluvial sediment at approximately 25 cm depth",sediment_surface_catchment_fluvial_alluvial,exact,,Tarim Basin,Tarim Basin,,,,,,,catchment_fluvial_alluvial,,,,,,,,,,,,,,not_reported,dataset_parameter,publisher_readme_element_method_mapping,"air-dried, homogenized and sieved through a stainless-steel screen",inductively coupled plasma mass spectrometry (ICP-MS),,,,GSS-1; GSS-2; GSS-17; GSS-19; GSS-25; GSS-26; GSS-27; GAu2a; GAu2b; GAu9a; GAu9b; GAu10a; GAu10b; GAu11a; GAu11b; GPt-1; GPt-2; GPt-7; GPt-8,README.pdf#multi-method-analytical-scheme-and-quality-control,,,,,,"[""Lin, Xin (2020). Raw data of Geochemical Compositions of Surface Sediments in Northern China. 4TU.ResearchData. https://doi.org/10.4121/uuid:6cb0bf79-7467-4e78-a531-cc91655d9fd0""]",dataset,dataset_metadata,,resolved,,public_download,permitted_research,https://creativecommons.org/publicdomain/zero/1.0/,dataset,true,not_evaluated_for_project_output,2026-08-15T07:00:00Z
rec-3b8f1833c3798e43d1d4906e9c08edce89c893967366d138bace75bf510776f5,src-c92eda027bd06c015e76cee16af967a968076fcb51377cc9dd4639fb99b578f2,surface-sediments|459,As,As,17.621268000000001,mg/kg,sediment,,air_dried_homogenized_<75um_sediment_multi_method,,,,,33.740806,99.650722,,,,,,,hydride generation atomic fluorescence spectrometry (HG-AFS),,aqua regia digestion,,CC0-1.0,official_curated,4tu-northern-china-sediment,Raw data of Geochemical Compositions of Surface Sediments in Northern China,10.4121/uuid:6cb0bf79-7467-4e78-a531-cc91655d9fd0,4TU-Figshare-v1-2020-07-28,Dataset of Geochemical Compositions of Surface Sediments in northern China.xlsx,,Dataset of Geochemical Compositions of Surface Sediments in northern China.xlsx#sheet=surface-sediments&row=461,https://data.4tu.nl/articles/dataset/Raw_data_of_Geochemical_Compositions_of_Surface_Sediments_in_Northern_China/12703148,6b06695e359986bf0a50c6d0febda08ffa25a61028c00cdadd60cc8426001232,,,,<75 µm,,,,,"surface catchment, fluvial and/or alluvial sediment at approximately 25 cm depth",sediment_surface_catchment_fluvial_alluvial,exact,,eastern Tibetan Plateau,eastern Tibetan Plateau,,,,,,,catchment_fluvial_alluvial,,,,,,,,,,,,,,not_reported,dataset_parameter,publisher_readme_element_method_mapping,"air-dried, homogenized and sieved through a stainless-steel screen",hydride generation atomic fluorescence spectrometry (HG-AFS),,,,GSS-1; GSS-2; GSS-17; GSS-19; GSS-25; GSS-26; GSS-27; GAu2a; GAu2b; GAu9a; GAu9b; GAu10a; GAu10b; GAu11a; GAu11b; GPt-1; GPt-2; GPt-7; GPt-8,README.pdf#multi-method-analytical-scheme-and-quality-control,,,,,,"[""Lin, Xin (2020). Raw data of Geochemical Compositions of Surface Sediments in Northern China. 4TU.ResearchData. https://doi.org/10.4121/uuid:6cb0bf79-7467-4e78-a531-cc91655d9fd0""]",dataset,dataset_metadata,,resolved,,public_download,permitted_research,https://creativecommons.org/publicdomain/zero/1.0/,dataset,true,not_evaluated_for_project_output,2026-08-15T07:00:00Z
rec-9369e775cba507c07cfaedf877fc1065da342c27d28229560019b460b712f353,src-c92eda027bd06c015e76cee16af967a968076fcb51377cc9dd4639fb99b578f2,surface-sediments|459,Cr,Cr,65.187899999999999,mg/kg,sediment,,air_dried_homogenized_<75um_sediment_multi_method,,,,,33.740806,99.650722,,,,,,,X-ray fluorescence spectrometry (XRF),,fused pellet preparation,,CC0-1.0,official_curated,4tu-northern-china-sediment,Raw data of Geochemical Compositions of Surface Sediments in Northern China,10.4121/uuid:6cb0bf79-7467-4e78-a531-cc91655d9fd0,4TU-Figshare-v1-2020-07-28,Dataset of Geochemical Compositions of Surface Sediments in northern China.xlsx,,Dataset of Geochemical Compositions of Surface Sediments in northern China.xlsx#sheet=surface-sediments&row=461,https://data.4tu.nl/articles/dataset/Raw_data_of_Geochemical_Compositions_of_Surface_Sediments_in_Northern_China/12703148,6b06695e359986bf0a50c6d0febda08ffa25a61028c00cdadd60cc8426001232,,,,<75 µm,,,,,"surface catchment, fluvial and/or alluvial sediment at approximately 25 cm depth",sediment_surface_catchment_fluvial_alluvial,exact,,eastern Tibetan Plateau,eastern Tibetan Plateau,,,,,,,catchment_fluvial_alluvial,,,,,,,,,,,,,,not_reported,dataset_parameter,publisher_readme_element_method_mapping,"air-dried, homogenized and sieved through a stainless-steel screen",X-ray fluorescence spectrometry (XRF),,,,GSS-1; GSS-2; GSS-17; GSS-19; GSS-25; GSS-26; GSS-27; GAu2a; GAu2b; GAu9a; GAu9b; GAu10a; GAu10b; GAu11a; GAu11b; GPt-1; GPt-2; GPt-7; GPt-8,README.pdf#multi-method-analytical-scheme-and-quality-control,,,,,,"[""Lin, Xin (2020). Raw data of Geochemical Compositions of Surface Sediments in Northern China. 4TU.ResearchData. https://doi.org/10.4121/uuid:6cb0bf79-7467-4e78-a531-cc91655d9fd0""]",dataset,dataset_metadata,,resolved,,public_download,permitted_research,https://creativecommons.org/publicdomain/zero/1.0/,dataset,true,not_evaluated_for_project_output,2026-08-15T07:00:00Z
rec-6e0f0924587bf8482c5959d52f41a4ec557ed170f4c5c0b16d969f9a2d1c4d87,src-c92eda027bd06c015e76cee16af967a968076fcb51377cc9dd4639fb99b578f2,surface-sediments|459,Cu,Cu,22.364435,mg/kg,sediment,,air_dried_homogenized_<75um_sediment_multi_method,,,,,33.740806,99.650722,,,,,,,inductively coupled plasma mass spectrometry (ICP-MS),,four-acid digestion (HF+HNO3+HClO4+aqua regia),,CC0-1.0,official_curated,4tu-northern-china-sediment,Raw data of Geochemical Compositions of Surface Sediments in Northern China,10.4121/uuid:6cb0bf79-7467-4e78-a531-cc91655d9fd0,4TU-Figshare-v1-2020-07-28,Dataset of Geochemical Compositions of Surface Sediments in northern China.xlsx,,Dataset of Geochemical Compositions of Surface Sediments in northern China.xlsx#sheet=surface-sediments&row=461,https://data.4tu.nl/articles/dataset/Raw_data_of_Geochemical_Compositions_of_Surface_Sediments_in_Northern_China/12703148,6b06695e359986bf0a50c6d0febda08ffa25a61028c00cdadd60cc8426001232,,,,<75 µm,,,,,"surface catchment, fluvial and/or alluvial sediment at approximately 25 cm depth",sediment_surface_catchment_fluvial_alluvial,exact,,eastern Tibetan Plateau,eastern Tibetan Plateau,,,,,,,catchment_fluvial_alluvial,,,,,,,,,,,,,,not_reported,dataset_parameter,publisher_readme_element_method_mapping,"air-dried, homogenized and sieved through a stainless-steel screen",inductively coupled plasma mass spectrometry (ICP-MS),,,,GSS-1; GSS-2; GSS-17; GSS-19; GSS-25; GSS-26; GSS-27; GAu2a; GAu2b; GAu9a; GAu9b; GAu10a; GAu10b; GAu11a; GAu11b; GPt-1; GPt-2; GPt-7; GPt-8,README.pdf#multi-method-analytical-scheme-and-quality-control,,,,,,"[""Lin, Xin (2020). Raw data of Geochemical Compositions of Surface Sediments in Northern China. 4TU.ResearchData. https://doi.org/10.4121/uuid:6cb0bf79-7467-4e78-a531-cc91655d9fd0""]",dataset,dataset_metadata,,resolved,,public_download,permitted_research,https://creativecommons.org/publicdomain/zero/1.0/,dataset,true,not_evaluated_for_project_output,2026-08-15T07:00:00Z
rec-0e6556f43c4c4612c26d35d7bd75721da13782c185a8eecda2c793a0f07255dc,src-c92eda027bd06c015e76cee16af967a968076fcb51377cc9dd4639fb99b578f2,surface-sediments|459,Hg,Hg,20.628,mg/kg,sediment,,air_dried_homogenized_<75um_sediment_multi_method,,,,,33.740806,99.650722,,,,,,,,,,,CC0-1.0,official_curated,4tu-northern-china-sediment,Raw data of Geochemical Compositions of Surface Sediments in Northern China,10.4121/uuid:6cb0bf79-7467-4e78-a531-cc91655d9fd0,4TU-Figshare-v1-2020-07-28,Dataset of Geochemical Compositions of Surface Sediments in northern China.xlsx,,Dataset of Geochemical Compositions of Surface Sediments in northern China.xlsx#sheet=surface-sediments&row=461,https://data.4tu.nl/articles/dataset/Raw_data_of_Geochemical_Compositions_of_Surface_Sediments_in_Northern_China/12703148,6b06695e359986bf0a50c6d0febda08ffa25a61028c00cdadd60cc8426001232,,,,<75 µm,,,,,"surface catchment, fluvial and/or alluvial sediment at approximately 25 cm depth",sediment_surface_catchment_fluvial_alluvial,exact,,eastern Tibetan Plateau,eastern Tibetan Plateau,,,,,,,catchment_fluvial_alluvial,,,,,,,,,,,,,,not_reported,,,"air-dried, homogenized and sieved through a stainless-steel screen",,,,,GSS-1; GSS-2; GSS-17; GSS-19; GSS-25; GSS-26; GSS-27; GAu2a; GAu2b; GAu9a; GAu9b; GAu10a; GAu10b; GAu11a; GAu11b; GPt-1; GPt-2; GPt-7; GPt-8,,,not_reported,,,,"[""Lin, Xin (2020). Raw data of Geochemical Compositions of Surface Sediments in Northern China. 4TU.ResearchData. https://doi.org/10.4121/uuid:6cb0bf79-7467-4e78-a531-cc91655d9fd0""]",dataset,dataset_metadata,,resolved,,public_download,permitted_research,https://creativecommons.org/publicdomain/zero/1.0/,dataset,true,not_evaluated_for_project_output,2026-08-15T07:00:00Z
rec-fd7930e15d5069060b1785d34084ce33128471a09e3b0f4706cd5b6058acb870,src-c92eda027bd06c015e76cee16af967a968076fcb51377cc9dd4639fb99b578f2,surface-sediments|459,Ni,Ni,28.380645000000001,mg/kg,sediment,,air_dried_homogenized_<75um_sediment_multi_method,,,,,33.740806,99.650722,,,,,,,inductively coupled plasma mass spectrometry (ICP-MS),,four-acid digestion (HF+HNO3+HClO4+aqua regia),,CC0-1.0,official_curated,4tu-northern-china-sediment,Raw data of Geochemical Compositions of Surface Sediments in Northern China,10.4121/uuid:6cb0bf79-7467-4e78-a531-cc91655d9fd0,4TU-Figshare-v1-2020-07-28,Dataset of Geochemical Compositions of Surface Sediments in northern China.xlsx,,Dataset of Geochemical Compositions of Surface Sediments in northern China.xlsx#sheet=surface-sediments&row=461,https://data.4tu.nl/articles/dataset/Raw_data_of_Geochemical_Compositions_of_Surface_Sediments_in_Northern_China/12703148,6b06695e359986bf0a50c6d0febda08ffa25a61028c00cdadd60cc8426001232,,,,<75 µm,,,,,"surface catchment, fluvial and/or alluvial sediment at approximately 25 cm depth",sediment_surface_catchment_fluvial_alluvial,exact,,eastern Tibetan Plateau,eastern Tibetan Plateau,,,,,,,catchment_fluvial_alluvial,,,,,,,,,,,,,,not_reported,dataset_parameter,publisher_readme_element_method_mapping,"air-dried, homogenized and sieved through a stainless-steel screen",inductively coupled plasma mass spectrometry (ICP-MS),,,,GSS-1; GSS-2; GSS-17; GSS-19; GSS-25; GSS-26; GSS-27; GAu2a; GAu2b; GAu9a; GAu9b; GAu10a; GAu10b; GAu11a; GAu11b; GPt-1; GPt-2; GPt-7; GPt-8,README.pdf#multi-method-analytical-scheme-and-quality-control,,,,,,"[""Lin, Xin (2020). Raw data of Geochemical Compositions of Surface Sediments in Northern China. 4TU.ResearchData. https://doi.org/10.4121/uuid:6cb0bf79-7467-4e78-a531-cc91655d9fd0""]",dataset,dataset_metadata,,resolved,,public_download,permitted_research,https://creativecommons.org/publicdomain/zero/1.0/,dataset,true,not_evaluated_for_project_output,2026-08-15T07:00:00Z
rec-be7ea5cacf22a2a6eb4905596e29bfc8849733f6116d00a18ec9e0eb102f0822,src-c92eda027bd06c015e76cee16af967a968076fcb51377cc9dd4639fb99b578f2,surface-sediments|459,Pb,Pb,24.196000000000002,mg/kg,sediment,,air_dried_homogenized_<75um_sediment_multi_method,,,,,33.740806,99.650722,,,,,,,inductively coupled plasma mass spectrometry (ICP-MS),,four-acid digestion (HF+HNO3+HClO4+aqua regia),,CC0-1.0,official_curated,4tu-northern-china-sediment,Raw data of Geochemical Compositions of Surface Sediments in Northern China,10.4121/uuid:6cb0bf79-7467-4e78-a531-cc91655d9fd0,4TU-Figshare-v1-2020-07-28,Dataset of Geochemical Compositions of Surface Sediments in northern China.xlsx,,Dataset of Geochemical Compositions of Surface Sediments in northern China.xlsx#sheet=surface-sediments&row=461,https://data.4tu.nl/articles/dataset/Raw_data_of_Geochemical_Compositions_of_Surface_Sediments_in_Northern_China/12703148,6b06695e359986bf0a50c6d0febda08ffa25a61028c00cdadd60cc8426001232,,,,<75 µm,,,,,"surface catchment, fluvial and/or alluvial sediment at approximately 25 cm depth",sediment_surface_catchment_fluvial_alluvial,exact,,eastern Tibetan Plateau,eastern Tibetan Plateau,,,,,,,catchment_fluvial_alluvial,,,,,,,,,,,,,,not_reported,dataset_parameter,publisher_readme_element_method_mapping,"air-dried, homogenized and sieved through a stainless-steel screen",inductively coupled plasma mass spectrometry (ICP-MS),,,,GSS-1; GSS-2; GSS-17; GSS-19; GSS-25; GSS-26; GSS-27; GAu2a; GAu2b; GAu9a; GAu9b; GAu10a; GAu10b; GAu11a; GAu11b; GPt-1; GPt-2; GPt-7; GPt-8,README.pdf#multi-method-analytical-scheme-and-quality-control,,,,,,"[""Lin, Xin (2020). Raw data of Geochemical Compositions of Surface Sediments in Northern China. 4TU.ResearchData. https://doi.org/10.4121/uuid:6cb0bf79-7467-4e78-a531-cc91655d9fd0""]",dataset,dataset_metadata,,resolved,,public_download,permitted_research,https://creativecommons.org/publicdomain/zero/1.0/,dataset,true,not_evaluated_for_project_output,2026-08-15T07:00:00Z
rec-5d6c07782cfd4fab377446b37a7fcbc1638b69ea691c3470aa5410833e3eb668,src-c92eda027bd06c015e76cee16af967a968076fcb51377cc9dd4639fb99b578f2,surface-sediments|459,Zn,Zn,77.560411999999999,mg/kg,sediment,,air_dried_homogenized_<75um_sediment_multi_method,,,,,33.740806,99.650722,,,,,,,inductively coupled plasma mass spectrometry (ICP-MS),,four-acid digestion (HF+HNO3+HClO4+aqua regia),,CC0-1.0,official_curated,4tu-northern-china-sediment,Raw data of Geochemical Compositions of Surface Sediments in Northern China,10.4121/uuid:6cb0bf79-7467-4e78-a531-cc91655d9fd0,4TU-Figshare-v1-2020-07-28,Dataset of Geochemical Compositions of Surface Sediments in northern China.xlsx,,Dataset of Geochemical Compositions of Surface Sediments in northern China.xlsx#sheet=surface-sediments&row=461,https://data.4tu.nl/articles/dataset/Raw_data_of_Geochemical_Compositions_of_Surface_Sediments_in_Northern_China/12703148,6b06695e359986bf0a50c6d0febda08ffa25a61028c00cdadd60cc8426001232,,,,<75 µm,,,,,"surface catchment, fluvial and/or alluvial sediment at approximately 25 cm depth",sediment_surface_catchment_fluvial_alluvial,exact,,eastern Tibetan Plateau,eastern Tibetan Plateau,,,,,,,catchment_fluvial_alluvial,,,,,,,,,,,,,,not_reported,dataset_parameter,publisher_readme_element_method_mapping,"air-dried, homogenized and sieved through a stainless-steel screen",inductively coupled plasma mass spectrometry (ICP-MS),,,,GSS-1; GSS-2; GSS-17; GSS-19; GSS-25; GSS-26; GSS-27; GAu2a; GAu2b; GAu9a; GAu9b; GAu10a; GAu10b; GAu11a; GAu11b; GPt-1; GPt-2; GPt-7; GPt-8,README.pdf#multi-method-analytical-scheme-and-quality-control,,,,,,"[""Lin, Xin (2020). Raw data of Geochemical Compositions of Surface Sediments in Northern China. 4TU.ResearchData. https://doi.org/10.4121/uuid:6cb0bf79-7467-4e78-a531-cc91655d9fd0""]",dataset,dataset_metadata,,resolved,,public_download,permitted_research,https://creativecommons.org/publicdomain/zero/1.0/,dataset,true,not_evaluated_for_project_output,2026-08-15T07:00:00Z
rec-595d53c4cd2af06ee14731b70025f4fb0b4e4573684ceeb7fb44e47e67fcea47,src-0b7511a608d4b00c05cb7619fc18bf8566e5a5397111a019737ca5d1b1c76e34,surface-sediments|394,As,As,14.405989999999999,mg/kg,sediment,,air_dried_homogenized_<75um_sediment_multi_method,,,,,35.994194,97.3925,,,,,,,hydride generation atomic fluorescence spectrometry (HG-AFS),,aqua regia digestion,,CC0-1.0,official_curated,4tu-northern-china-sediment,Raw data of Geochemical Compositions of Surface Sediments in Northern China,10.4121/uuid:6cb0bf79-7467-4e78-a531-cc91655d9fd0,4TU-Figshare-v1-2020-07-28,Dataset of Geochemical Compositions of Surface Sediments in northern China.xlsx,,Dataset of Geochemical Compositions of Surface Sediments in northern China.xlsx#sheet=surface-sediments&row=396,https://data.4tu.nl/articles/dataset/Raw_data_of_Geochemical_Compositions_of_Surface_Sediments_in_Northern_China/12703148,6b06695e359986bf0a50c6d0febda08ffa25a61028c00cdadd60cc8426001232,,,,<75 µm,,,,,"surface catchment, fluvial and/or alluvial sediment at approximately 25 cm depth",sediment_surface_catchment_fluvial_alluvial,exact,,Qaidam Basin,Qaidam Basin,,,,,,,catchment_fluvial_alluvial,,,,,,,,,,,,,,not_reported,dataset_parameter,publisher_readme_element_method_mapping,"air-dried, homogenized and sieved through a stainless-steel screen",hydride generation atomic fluorescence spectrometry (HG-AFS),,,,GSS-1; GSS-2; GSS-17; GSS-19; GSS-25; GSS-26; GSS-27; GAu2a; GAu2b; GAu9a; GAu9b; GAu10a; GAu10b; GAu11a; GAu11b; GPt-1; GPt-2; GPt-7; GPt-8,README.pdf#multi-method-analytical-scheme-and-quality-control,,,,,,"[""Lin, Xin (2020). Raw data of Geochemical Compositions of Surface Sediments in Northern China. 4TU.ResearchData. https://doi.org/10.4121/uuid:6cb0bf79-7467-4e78-a531-cc91655d9fd0""]",dataset,dataset_metadata,,resolved,,public_download,permitted_research,https://creativecommons.org/publicdomain/zero/1.0/,dataset,true,not_evaluated_for_project_output,2026-08-15T07:00:00Z
rec-6b9a498e1e64c3a8660d9d4ef5a0e3e38978f0dbdd14bfb2ee21e6345b704836,src-0b7511a608d4b00c05cb7619fc18bf8566e5a5397111a019737ca5d1b1c76e34,surface-sediments|394,Cr,Cr,59.065170000000002,mg/kg,sediment,,air_dried_homogenized_<75um_sediment_multi_method,,,,,35.994194,97.3925,,,,,,,X-ray fluorescence spectrometry (XRF),,fused pellet preparation,,CC0-1.0,official_curated,4tu-northern-china-sediment,Raw data of Geochemical Compositions of Surface Sediments in Northern China,10.4121/uuid:6cb0bf79-7467-4e78-a531-cc91655d9fd0,4TU-Figshare-v1-2020-07-28,Dataset of Geochemical Compositions of Surface Sediments in northern China.xlsx,,Dataset of Geochemical Compositions of Surface Sediments in northern China.xlsx#sheet=surface-sediments&row=396,https://data.4tu.nl/articles/dataset/Raw_data_of_Geochemical_Compositions_of_Surface_Sediments_in_Northern_China/12703148,6b06695e359986bf0a50c6d0febda08ffa25a61028c00cdadd60cc8426001232,,,,<75 µm,,,,,"surface catchment, fluvial and/or alluvial sediment at approximately 25 cm depth",sediment_surface_catchment_fluvial_alluvial,exact,,Qaidam Basin,Qaidam Basin,,,,,,,catchment_fluvial_alluvial,,,,,,,,,,,,,,not_reported,dataset_parameter,publisher_readme_element_method_mapping,"air-dried, homogenized and sieved through a stainless-steel screen",X-ray fluorescence spectrometry (XRF),,,,GSS-1; GSS-2; GSS-17; GSS-19; GSS-25; GSS-26; GSS-27; GAu2a; GAu2b; GAu9a; GAu9b; GAu10a; GAu10b; GAu11a; GAu11b; GPt-1; GPt-2; GPt-7; GPt-8,README.pdf#multi-method-analytical-scheme-and-quality-control,,,,,,"[""Lin, Xin (2020). Raw data of Geochemical Compositions of Surface Sediments in Northern China. 4TU.ResearchData. https://doi.org/10.4121/uuid:6cb0bf79-7467-4e78-a531-cc91655d9fd0""]",dataset,dataset_metadata,,resolved,,public_download,permitted_research,https://creativecommons.org/publicdomain/zero/1.0/,dataset,true,not_evaluated_for_project_output,2026-08-15T07:00:00Z
rec-6d886441041e6663d84fa4a282e044184a9b349b838357ca3c0fdf4c0e49fd69,src-0b7511a608d4b00c05cb7619fc18bf8566e5a5397111a019737ca5d1b1c76e34,surface-sediments|394,Cu,Cu,23.651765000000001,mg/kg,sediment,,air_dried_homogenized_<75um_sediment_multi_method,,,,,35.994194,97.3925,,,,,,,inductively coupled plasma mass spectrometry (ICP-MS),,four-acid digestion (HF+HNO3+HClO4+aqua regia),,CC0-1.0,official_curated,4tu-northern-china-sediment,Raw data of Geochemical Compositions of Surface Sediments in Northern China,10.4121/uuid:6cb0bf79-7467-4e78-a531-cc91655d9fd0,4TU-Figshare-v1-2020-07-28,Dataset of Geochemical Compositions of Surface Sediments in northern China.xlsx,,Dataset of Geochemical Compositions of Surface Sediments in northern China.xlsx#sheet=surface-sediments&row=396,https://data.4tu.nl/articles/dataset/Raw_data_of_Geochemical_Compositions_of_Surface_Sediments_in_Northern_China/12703148,6b06695e359986bf0a50c6d0febda08ffa25a61028c00cdadd60cc8426001232,,,,<75 µm,,,,,"surface catchment, fluvial and/or alluvial sediment at approximately 25 cm depth",sediment_surface_catchment_fluvial_alluvial,exact,,Qaidam Basin,Qaidam Basin,,,,,,,catchment_fluvial_alluvial,,,,,,,,,,,,,,not_reported,dataset_parameter,publisher_readme_element_method_mapping,"air-dried, homogenized and sieved through a stainless-steel screen",inductively coupled plasma mass spectrometry (ICP-MS),,,,GSS-1; GSS-2; GSS-17; GSS-19; GSS-25; GSS-26; GSS-27; GAu2a; GAu2b; GAu9a; GAu9b; GAu10a; GAu10b; GAu11a; GAu11b; GPt-1; GPt-2; GPt-7; GPt-8,README.pdf#multi-method-analytical-scheme-and-quality-control,,,,,,"[""Lin, Xin (2020). Raw data of Geochemical Compositions of Surface Sediments in Northern China. 4TU.ResearchData. https://doi.org/10.4121/uuid:6cb0bf79-7467-4e78-a531-cc91655d9fd0""]",dataset,dataset_metadata,,resolved,,public_download,permitted_research,https://creativecommons.org/publicdomain/zero/1.0/,dataset,true,not_evaluated_for_project_output,2026-08-15T07:00:00Z
rec-367bca6235c44aea41537e3806bbfb874c2de2bdd2b2b19ba05418ece748e578,src-0b7511a608d4b00c05cb7619fc18bf8566e5a5397111a019737ca5d1b1c76e34,surface-sediments|394,Hg,Hg,14.362299999999999,mg/kg,sediment,,air_dried_homogenized_<75um_sediment_multi_method,,,,,35.994194,97.3925,,,,,,,,,,,CC0-1.0,official_curated,4tu-northern-china-sediment,Raw data of Geochemical Compositions of Surface Sediments in Northern China,10.4121/uuid:6cb0bf79-7467-4e78-a531-cc91655d9fd0,4TU-Figshare-v1-2020-07-28,Dataset of Geochemical Compositions of Surface Sediments in northern China.xlsx,,Dataset of Geochemical Compositions of Surface Sediments in northern China.xlsx#sheet=surface-sediments&row=396,https://data.4tu.nl/articles/dataset/Raw_data_of_Geochemical_Compositions_of_Surface_Sediments_in_Northern_China/12703148,6b06695e359986bf0a50c6d0febda08ffa25a61028c00cdadd60cc8426001232,,,,<75 µm,,,,,"surface catchment, fluvial and/or alluvial sediment at approximately 25 cm depth",sediment_surface_catchment_fluvial_alluvial,exact,,Qaidam Basin,Qaidam Basin,,,,,,,catchment_fluvial_alluvial,,,,,,,,,,,,,,not_reported,,,"air-dried, homogenized and sieved through a stainless-steel screen",,,,,GSS-1; GSS-2; GSS-17; GSS-19; GSS-25; GSS-26; GSS-27; GAu2a; GAu2b; GAu9a; GAu9b; GAu10a; GAu10b; GAu11a; GAu11b; GPt-1; GPt-2; GPt-7; GPt-8,,,not_reported,,,,"[""Lin, Xin (2020). Raw data of Geochemical Compositions of Surface Sediments in Northern China. 4TU.ResearchData. https://doi.org/10.4121/uuid:6cb0bf79-7467-4e78-a531-cc91655d9fd0""]",dataset,dataset_metadata,,resolved,,public_download,permitted_research,https://creativecommons.org/publicdomain/zero/1.0/,dataset,true,not_evaluated_for_project_output,2026-08-15T07:00:00Z
rec-64fc7e635a8afb9a850d45d725993b55bba7895e4169e51cc99a619328fbf350,src-0b7511a608d4b00c05cb7619fc18bf8566e5a5397111a019737ca5d1b1c76e34,surface-sediments|394,Ni,Ni,27.621504999999999,mg/kg,sediment,,air_dried_homogenized_<75um_sediment_multi_method,,,,,35.994194,97.3925,,,,,,,inductively coupled plasma mass spectrometry (ICP-MS),,four-acid digestion (HF+HNO3+HClO4+aqua regia),,CC0-1.0,official_curated,4tu-northern-china-sediment,Raw data of Geochemical Compositions of Surface Sediments in Northern China,10.4121/uuid:6cb0bf79-7467-4e78-a531-cc91655d9fd0,4TU-Figshare-v1-2020-07-28,Dataset of Geochemical Compositions of Surface Sediments in northern China.xlsx,,Dataset of Geochemical Compositions of Surface Sediments in northern China.xlsx#sheet=surface-sediments&row=396,https://data.4tu.nl/articles/dataset/Raw_data_of_Geochemical_Compositions_of_Surface_Sediments_in_Northern_China/12703148,6b06695e359986bf0a50c6d0febda08ffa25a61028c00cdadd60cc8426001232,,,,<75 µm,,,,,"surface catchment, fluvial and/or alluvial sediment at approximately 25 cm depth",sediment_surface_catchment_fluvial_alluvial,exact,,Qaidam Basin,Qaidam Basin,,,,,,,catchment_fluvial_alluvial,,,,,,,,,,,,,,not_reported,dataset_parameter,publisher_readme_element_method_mapping,"air-dried, homogenized and sieved through a stainless-steel screen",inductively coupled plasma mass spectrometry (ICP-MS),,,,GSS-1; GSS-2; GSS-17; GSS-19; GSS-25; GSS-26; GSS-27; GAu2a; GAu2b; GAu9a; GAu9b; GAu10a; GAu10b; GAu11a; GAu11b; GPt-1; GPt-2; GPt-7; GPt-8,README.pdf#multi-method-analytical-scheme-and-quality-control,,,,,,"[""Lin, Xin (2020). Raw data of Geochemical Compositions of Surface Sediments in Northern China. 4TU.ResearchData. https://doi.org/10.4121/uuid:6cb0bf79-7467-4e78-a531-cc91655d9fd0""]",dataset,dataset_metadata,,resolved,,public_download,permitted_research,https://creativecommons.org/publicdomain/zero/1.0/,dataset,true,not_evaluated_for_project_output,2026-08-15T07:00:00Z
rec-353c01518bc7cd5b3c268de25572f58b65de24086156fa6f12d5c186b7b687c1,src-0b7511a608d4b00c05cb7619fc18bf8566e5a5397111a019737ca5d1b1c76e34,surface-sediments|394,Pb,Pb,24.166,mg/kg,sediment,,air_dried_homogenized_<75um_sediment_multi_method,,,,,35.994194,97.3925,,,,,,,inductively coupled plasma mass spectrometry (ICP-MS),,four-acid digestion (HF+HNO3+HClO4+aqua regia),,CC0-1.0,official_curated,4tu-northern-china-sediment,Raw data of Geochemical Compositions of Surface Sediments in Northern China,10.4121/uuid:6cb0bf79-7467-4e78-a531-cc91655d9fd0,4TU-Figshare-v1-2020-07-28,Dataset of Geochemical Compositions of Surface Sediments in northern China.xlsx,,Dataset of Geochemical Compositions of Surface Sediments in northern China.xlsx#sheet=surface-sediments&row=396,https://data.4tu.nl/articles/dataset/Raw_data_of_Geochemical_Compositions_of_Surface_Sediments_in_Northern_China/12703148,6b06695e359986bf0a50c6d0febda08ffa25a61028c00cdadd60cc8426001232,,,,<75 µm,,,,,"surface catchment, fluvial and/or alluvial sediment at approximately 25 cm depth",sediment_surface_catchment_fluvial_alluvial,exact,,Qaidam Basin,Qaidam Basin,,,,,,,catchment_fluvial_alluvial,,,,,,,,,,,,,,not_reported,dataset_parameter,publisher_readme_element_method_mapping,"air-dried, homogenized and sieved through a stainless-steel screen",inductively coupled plasma mass spectrometry (ICP-MS),,,,GSS-1; GSS-2; GSS-17; GSS-19; GSS-25; GSS-26; GSS-27; GAu2a; GAu2b; GAu9a; GAu9b; GAu10a; GAu10b; GAu11a; GAu11b; GPt-1; GPt-2; GPt-7; GPt-8,README.pdf#multi-method-analytical-scheme-and-quality-control,,,,,,"[""Lin, Xin (2020). Raw data of Geochemical Compositions of Surface Sediments in Northern China. 4TU.ResearchData. https://doi.org/10.4121/uuid:6cb0bf79-7467-4e78-a531-cc91655d9fd0""]",dataset,dataset_metadata,,resolved,,public_download,permitted_research,https://creativecommons.org/publicdomain/zero/1.0/,dataset,true,not_evaluated_for_project_output,2026-08-15T07:00:00Z
rec-b67b9393ee444ccc6e7520573623115718a86eab4b5e069023b9dabd9db1dfdc,src-0b7511a608d4b00c05cb7619fc18bf8566e5a5397111a019737ca5d1b1c76e34,surface-sediments|394,Zn,Zn,67.018889000000001,mg/kg,sediment,,air_dried_homogenized_<75um_sediment_multi_method,,,,,35.994194,97.3925,,,,,,,inductively coupled plasma mass spectrometry (ICP-MS),,four-acid digestion (HF+HNO3+HClO4+aqua regia),,CC0-1.0,official_curated,4tu-northern-china-sediment,Raw data of Geochemical Compositions of Surface Sediments in Northern China,10.4121/uuid:6cb0bf79-7467-4e78-a531-cc91655d9fd0,4TU-Figshare-v1-2020-07-28,Dataset of Geochemical Compositions of Surface Sediments in northern China.xlsx,,Dataset of Geochemical Compositions of Surface Sediments in northern China.xlsx#sheet=surface-sediments&row=396,https://data.4tu.nl/articles/dataset/Raw_data_of_Geochemical_Compositions_of_Surface_Sediments_in_Northern_China/12703148,6b06695e359986bf0a50c6d0febda08ffa25a61028c00cdadd60cc8426001232,,,,<75 µm,,,,,"surface catchment, fluvial and/or alluvial sediment at approximately 25 cm depth",sediment_surface_catchment_fluvial_alluvial,exact,,Qaidam Basin,Qaidam Basin,,,,,,,catchment_fluvial_alluvial,,,,,,,,,,,,,,not_reported,dataset_parameter,publisher_readme_element_method_mapping,"air-dried, homogenized and sieved through a stainless-steel screen",inductively coupled plasma mass spectrometry (ICP-MS),,,,GSS-1; GSS-2; GSS-17; GSS-19; GSS-25; GSS-26; GSS-27; GAu2a; GAu2b; GAu9a; GAu9b; GAu10a; GAu10b; GAu11a; GAu11b; GPt-1; GPt-2; GPt-7; GPt-8,README.pdf#multi-method-analytical-scheme-and-quality-control,,,,,,"[""Lin, Xin (2020). Raw data of Geochemical Compositions of Surface Sediments in Northern China. 4TU.ResearchData. https://doi.org/10.4121/uuid:6cb0bf79-7467-4e78-a531-cc91655d9fd0""]",dataset,dataset_metadata,,resolved,,public_download,permitted_research,https://creativecommons.org/publicdomain/zero/1.0/,dataset,true,not_evaluated_for_project_output,2026-08-15T07:00:00Z
rec-b44fe0f44976d46839a5dd2886c0ba4499c5f24fdf3007d49103666d9427be7d,src-0bf21b783dfeebc79592e6f0c4c668025e62d78e62827d47d16f0be3d28fcdf0,surface-sediments|504,As,As,3.8732000000000002,mg/kg,sediment,,air_dried_homogenized_<75um_sediment_multi_method,,,,,38.958528,99.982778,,,,,,,hydride generation atomic fluorescence spectrometry (HG-AFS),,aqua regia digestion,,CC0-1.0,official_curated,4tu-northern-china-sediment,Raw data of Geochemical Compositions of Surface Sediments in Northern China,10.4121/uuid:6cb0bf79-7467-4e78-a531-cc91655d9fd0,4TU-Figshare-v1-2020-07-28,Dataset of Geochemical Compositions of Surface Sediments in northern China.xlsx,,Dataset of Geochemical Compositions of Surface Sediments in northern China.xlsx#sheet=surface-sediments&row=506,https://data.4tu.nl/articles/dataset/Raw_data_of_Geochemical_Compositions_of_Surface_Sediments_in_Northern_China/12703148,6b06695e359986bf0a50c6d0febda08ffa25a61028c00cdadd60cc8426001232,,,,<75 µm,,,,,"surface catchment, fluvial and/or alluvial sediment at approximately 25 cm depth",sediment_surface_catchment_fluvial_alluvial,exact,,South Alxa Plateau,South Alxa Plateau,,,,,,,catchment_fluvial_alluvial,,,,,,,,,,,,,,not_reported,dataset_parameter,publisher_readme_element_method_mapping,"air-dried, homogenized and sieved through a stainless-steel screen",hydride generation atomic fluorescence spectrometry (HG-AFS),,,,GSS-1; GSS-2; GSS-17; GSS-19; GSS-25; GSS-26; GSS-27; GAu2a; GAu2b; GAu9a; GAu9b; GAu10a; GAu10b; GAu11a; GAu11b; GPt-1; GPt-2; GPt-7; GPt-8,README.pdf#multi-method-analytical-scheme-and-quality-control,,,,,,"[""Lin, Xin (2020). Raw data of Geochemical Compositions of Surface Sediments in Northern China. 4TU.ResearchData. https://doi.org/10.4121/uuid:6cb0bf79-7467-4e78-a531-cc91655d9fd0""]",dataset,dataset_metadata,,resolved,,public_download,permitted_research,https://creativecommons.org/publicdomain/zero/1.0/,dataset,true,not_evaluated_for_project_output,2026-08-15T07:00:00Z
rec-3094665064121389b81526c73bfc9afc29f8bb1b818f49859e2b7efc8e733226,src-0bf21b783dfeebc79592e6f0c4c668025e62d78e62827d47d16f0be3d28fcdf0,surface-sediments|504,Cr,Cr,30.945,mg/kg,sediment,,air_dried_homogenized_<75um_sediment_multi_method,,,,,38.958528,99.982778,,,,,,,X-ray fluorescence spectrometry (XRF),,fused pellet preparation,,CC0-1.0,official_curated,4tu-northern-china-sediment,Raw data of Geochemical Compositions of Surface Sediments in Northern China,10.4121/uuid:6cb0bf79-7467-4e78-a531-cc91655d9fd0,4TU-Figshare-v1-2020-07-28,Dataset of Geochemical Compositions of Surface Sediments in northern China.xlsx,,Dataset of Geochemical Compositions of Surface Sediments in northern China.xlsx#sheet=surface-sediments&row=506,https://data.4tu.nl/articles/dataset/Raw_data_of_Geochemical_Compositions_of_Surface_Sediments_in_Northern_China/12703148,6b06695e359986bf0a50c6d0febda08ffa25a61028c00cdadd60cc8426001232,,,,<75 µm,,,,,"surface catchment, fluvial and/or alluvial sediment at approximately 25 cm depth",sediment_surface_catchment_fluvial_alluvial,exact,,South Alxa Plateau,South Alxa Plateau,,,,,,,catchment_fluvial_alluvial,,,,,,,,,,,,,,not_reported,dataset_parameter,publisher_readme_element_method_mapping,"air-dried, homogenized and sieved through a stainless-steel screen",X-ray fluorescence spectrometry (XRF),,,,GSS-1; GSS-2; GSS-17; GSS-19; GSS-25; GSS-26; GSS-27; GAu2a; GAu2b; GAu9a; GAu9b; GAu10a; GAu10b; GAu11a; GAu11b; GPt-1; GPt-2; GPt-7; GPt-8,README.pdf#multi-method-analytical-scheme-and-quality-control,,,,,,"[""Lin, Xin (2020). Raw data of Geochemical Compositions of Surface Sediments in Northern China. 4TU.ResearchData. https://doi.org/10.4121/uuid:6cb0bf79-7467-4e78-a531-cc91655d9fd0""]",dataset,dataset_metadata,,resolved,,public_download,permitted_research,https://creativecommons.org/publicdomain/zero/1.0/,dataset,true,not_evaluated_for_project_output,2026-08-15T07:00:00Z
rec-eb728d3dac0e052997c044eecfab8cbecb10cab11c1ea0cd492d52a9494ec0eb,src-0bf21b783dfeebc79592e6f0c4c668025e62d78e62827d47d16f0be3d28fcdf0,surface-sediments|504,Cu,Cu,12.300280000000001,mg/kg,sediment,,air_dried_homogenized_<75um_sediment_multi_method,,,,,38.958528,99.982778,,,,,,,inductively coupled plasma mass spectrometry (ICP-MS),,four-acid digestion (HF+HNO3+HClO4+aqua regia),,CC0-1.0,official_curated,4tu-northern-china-sediment,Raw data of Geochemical Compositions of Surface Sediments in Northern China,10.4121/uuid:6cb0bf79-7467-4e78-a531-cc91655d9fd0,4TU-Figshare-v1-2020-07-28,Dataset of Geochemical Compositions of Surface Sediments in northern China.xlsx,,Dataset of Geochemical Compositions of Surface Sediments in northern China.xlsx#sheet=surface-sediments&row=506,https://data.4tu.nl/articles/dataset/Raw_data_of_Geochemical_Compositions_of_Surface_Sediments_in_Northern_China/12703148,6b06695e359986bf0a50c6d0febda08ffa25a61028c00cdadd60cc8426001232,,,,<75 µm,,,,,"surface catchment, fluvial and/or alluvial sediment at approximately 25 cm depth",sediment_surface_catchment_fluvial_alluvial,exact,,South Alxa Plateau,South Alxa Plateau,,,,,,,catchment_fluvial_alluvial,,,,,,,,,,,,,,not_reported,dataset_parameter,publisher_readme_element_method_mapping,"air-dried, homogenized and sieved through a stainless-steel screen",inductively coupled plasma mass spectrometry (ICP-MS),,,,GSS-1; GSS-2; GSS-17; GSS-19; GSS-25; GSS-26; GSS-27; GAu2a; GAu2b; GAu9a; GAu9b; GAu10a; GAu10b; GAu11a; GAu11b; GPt-1; GPt-2; GPt-7; GPt-8,README.pdf#multi-method-analytical-scheme-and-quality-control,,,,,,"[""Lin, Xin (2020). Raw data of Geochemical Compositions of Surface Sediments in Northern China. 4TU.ResearchData. https://doi.org/10.4121/uuid:6cb0bf79-7467-4e78-a531-cc91655d9fd0""]",dataset,dataset_metadata,,resolved,,public_download,permitted_research,https://creativecommons.org/publicdomain/zero/1.0/,dataset,true,not_evaluated_for_project_output,2026-08-15T07:00:00Z
rec-996400188be07811339cdeeffe9394fa2ef228eed2f18368550daaaebff107bb,src-0bf21b783dfeebc79592e6f0c4c668025e62d78e62827d47d16f0be3d28fcdf0,surface-sediments|504,Hg,Hg,13,mg/kg,sediment,,air_dried_homogenized_<75um_sediment_multi_method,,,,,38.958528,99.982778,,,,,,,,,,,CC0-1.0,official_curated,4tu-northern-china-sediment,Raw data of Geochemical Compositions of Surface Sediments in Northern China,10.4121/uuid:6cb0bf79-7467-4e78-a531-cc91655d9fd0,4TU-Figshare-v1-2020-07-28,Dataset of Geochemical Compositions of Surface Sediments in northern China.xlsx,,Dataset of Geochemical Compositions of Surface Sediments in northern China.xlsx#sheet=surface-sediments&row=506,https://data.4tu.nl/articles/dataset/Raw_data_of_Geochemical_Compositions_of_Surface_Sediments_in_Northern_China/12703148,6b06695e359986bf0a50c6d0febda08ffa25a61028c00cdadd60cc8426001232,,,,<75 µm,,,,,"surface catchment, fluvial and/or alluvial sediment at approximately 25 cm depth",sediment_surface_catchment_fluvial_alluvial,exact,,South Alxa Plateau,South Alxa Plateau,,,,,,,catchment_fluvial_alluvial,,,,,,,,,,,,,,not_reported,,,"air-dried, homogenized and sieved through a stainless-steel screen",,,,,GSS-1; GSS-2; GSS-17; GSS-19; GSS-25; GSS-26; GSS-27; GAu2a; GAu2b; GAu9a; GAu9b; GAu10a; GAu10b; GAu11a; GAu11b; GPt-1; GPt-2; GPt-7; GPt-8,,,not_reported,,,,"[""Lin, Xin (2020). Raw data of Geochemical Compositions of Surface Sediments in Northern China. 4TU.ResearchData. https://doi.org/10.4121/uuid:6cb0bf79-7467-4e78-a531-cc91655d9fd0""]",dataset,dataset_metadata,,resolved,,public_download,permitted_research,https://creativecommons.org/publicdomain/zero/1.0/,dataset,true,not_evaluated_for_project_output,2026-08-15T07:00:00Z
rec-4911b306562a0873ec830b73f08b48e04dad29bb5751a1ee63db7d574b89b967,src-0bf21b783dfeebc79592e6f0c4c668025e62d78e62827d47d16f0be3d28fcdf0,surface-sediments|504,Ni,Ni,12.887743,mg/kg,sediment,,air_dried_homogenized_<75um_sediment_multi_method,,,,,38.958528,99.982778,,,,,,,inductively coupled plasma mass spectrometry (ICP-MS),,four-acid digestion (HF+HNO3+HClO4+aqua regia),,CC0-1.0,official_curated,4tu-northern-china-sediment,Raw data of Geochemical Compositions of Surface Sediments in Northern China,10.4121/uuid:6cb0bf79-7467-4e78-a531-cc91655d9fd0,4TU-Figshare-v1-2020-07-28,Dataset of Geochemical Compositions of Surface Sediments in northern China.xlsx,,Dataset of Geochemical Compositions of Surface Sediments in northern China.xlsx#sheet=surface-sediments&row=506,https://data.4tu.nl/articles/dataset/Raw_data_of_Geochemical_Compositions_of_Surface_Sediments_in_Northern_China/12703148,6b06695e359986bf0a50c6d0febda08ffa25a61028c00cdadd60cc8426001232,,,,<75 µm,,,,,"surface catchment, fluvial and/or alluvial sediment at approximately 25 cm depth",sediment_surface_catchment_fluvial_alluvial,exact,,South Alxa Plateau,South Alxa Plateau,,,,,,,catchment_fluvial_alluvial,,,,,,,,,,,,,,not_reported,dataset_parameter,publisher_readme_element_method_mapping,"air-dried, homogenized and sieved through a stainless-steel screen",inductively coupled plasma mass spectrometry (ICP-MS),,,,GSS-1; GSS-2; GSS-17; GSS-19; GSS-25; GSS-26; GSS-27; GAu2a; GAu2b; GAu9a; GAu9b; GAu10a; GAu10b; GAu11a; GAu11b; GPt-1; GPt-2; GPt-7; GPt-8,README.pdf#multi-method-analytical-scheme-and-quality-control,,,,,,"[""Lin, Xin (2020). Raw data of Geochemical Compositions of Surface Sediments in Northern China. 4TU.ResearchData. https://doi.org/10.4121/uuid:6cb0bf79-7467-4e78-a531-cc91655d9fd0""]",dataset,dataset_metadata,,resolved,,public_download,permitted_research,https://creativecommons.org/publicdomain/zero/1.0/,dataset,true,not_evaluated_for_project_output,2026-08-15T07:00:00Z
rec-25e84106a56cbbcf856888a347437dfdbc807f77d779186f8a364320b10aec6c,src-0bf21b783dfeebc79592e6f0c4c668025e62d78e62827d47d16f0be3d28fcdf0,surface-sediments|504,Pb,Pb,10.997938,mg/kg,sediment,,air_dried_homogenized_<75um_sediment_multi_method,,,,,38.958528,99.982778,,,,,,,inductively coupled plasma mass spectrometry (ICP-MS),,four-acid digestion (HF+HNO3+HClO4+aqua regia),,CC0-1.0,official_curated,4tu-northern-china-sediment,Raw data of Geochemical Compositions of Surface Sediments in Northern China,10.4121/uuid:6cb0bf79-7467-4e78-a531-cc91655d9fd0,4TU-Figshare-v1-2020-07-28,Dataset of Geochemical Compositions of Surface Sediments in northern China.xlsx,,Dataset of Geochemical Compositions of Surface Sediments in northern China.xlsx#sheet=surface-sediments&row=506,https://data.4tu.nl/articles/dataset/Raw_data_of_Geochemical_Compositions_of_Surface_Sediments_in_Northern_China/12703148,6b06695e359986bf0a50c6d0febda08ffa25a61028c00cdadd60cc8426001232,,,,<75 µm,,,,,"surface catchment, fluvial and/or alluvial sediment at approximately 25 cm depth",sediment_surface_catchment_fluvial_alluvial,exact,,South Alxa Plateau,South Alxa Plateau,,,,,,,catchment_fluvial_alluvial,,,,,,,,,,,,,,not_reported,dataset_parameter,publisher_readme_element_method_mapping,"air-dried, homogenized and sieved through a stainless-steel screen",inductively coupled plasma mass spectrometry (ICP-MS),,,,GSS-1; GSS-2; GSS-17; GSS-19; GSS-25; GSS-26; GSS-27; GAu2a; GAu2b; GAu9a; GAu9b; GAu10a; GAu10b; GAu11a; GAu11b; GPt-1; GPt-2; GPt-7; GPt-8,README.pdf#multi-method-analytical-scheme-and-quality-control,,,,,,"[""Lin, Xin (2020). Raw data of Geochemical Compositions of Surface Sediments in Northern China. 4TU.ResearchData. https://doi.org/10.4121/uuid:6cb0bf79-7467-4e78-a531-cc91655d9fd0""]",dataset,dataset_metadata,,resolved,,public_download,permitted_research,https://creativecommons.org/publicdomain/zero/1.0/,dataset,true,not_evaluated_for_project_output,2026-08-15T07:00:00Z
rec-5b7a4a2b55fcc257d5cabc92db3d21b77af1d6a5b4bed2418fa6fed26285bcc9,src-0bf21b783dfeebc79592e6f0c4c668025e62d78e62827d47d16f0be3d28fcdf0,surface-sediments|504,Zn,Zn,24.972221999999999,mg/kg,sediment,,air_dried_homogenized_<75um_sediment_multi_method,,,,,38.958528,99.982778,,,,,,,inductively coupled plasma mass spectrometry (ICP-MS),,four-acid digestion (HF+HNO3+HClO4+aqua regia),,CC0-1.0,official_curated,4tu-northern-china-sediment,Raw data of Geochemical Compositions of Surface Sediments in Northern China,10.4121/uuid:6cb0bf79-7467-4e78-a531-cc91655d9fd0,4TU-Figshare-v1-2020-07-28,Dataset of Geochemical Compositions of Surface Sediments in northern China.xlsx,,Dataset of Geochemical Compositions of Surface Sediments in northern China.xlsx#sheet=surface-sediments&row=506,https://data.4tu.nl/articles/dataset/Raw_data_of_Geochemical_Compositions_of_Surface_Sediments_in_Northern_China/12703148,6b06695e359986bf0a50c6d0febda08ffa25a61028c00cdadd60cc8426001232,,,,<75 µm,,,,,"surface catchment, fluvial and/or alluvial sediment at approximately 25 cm depth",sediment_surface_catchment_fluvial_alluvial,exact,,South Alxa Plateau,South Alxa Plateau,,,,,,,catchment_fluvial_alluvial,,,,,,,,,,,,,,not_reported,dataset_parameter,publisher_readme_element_method_mapping,"air-dried, homogenized and sieved through a stainless-steel screen",inductively coupled plasma mass spectrometry (ICP-MS),,,,GSS-1; GSS-2; GSS-17; GSS-19; GSS-25; GSS-26; GSS-27; GAu2a; GAu2b; GAu9a; GAu9b; GAu10a; GAu10b; GAu11a; GAu11b; GPt-1; GPt-2; GPt-7; GPt-8,README.pdf#multi-method-analytical-scheme-and-quality-control,,,,,,"[""Lin, Xin (2020). Raw data of Geochemical Compositions of Surface Sediments in Northern China. 4TU.ResearchData. https://doi.org/10.4121/uuid:6cb0bf79-7467-4e78-a531-cc91655d9fd0""]",dataset,dataset_metadata,,resolved,,public_download,permitted_research,https://creativecommons.org/publicdomain/zero/1.0/,dataset,true,not_evaluated_for_project_output,2026-08-15T07:00:00Z
rec-45b871aaa3014c3e6ba490c7455dcbb30fef968939f37e1cef0fdcbd6d5c2f9c,src-048f1fedaa1c0ef8540787d5bc0e36e979f05f3d641de586e492f5ba09b5ab80,surface-sediments|545,As,As,9.9215999999999998,mg/kg,sediment,,air_dried_homogenized_<75um_sediment_multi_method,,,,,40.213361,97.4865,,,,,,,hydride generation atomic fluorescence spectrometry (HG-AFS),,aqua regia digestion,,CC0-1.0,official_curated,4tu-northern-china-sediment,Raw data of Geochemical Compositions of Surface Sediments in Northern China,10.4121/uuid:6cb0bf79-7467-4e78-a531-cc91655d9fd0,4TU-Figshare-v1-2020-07-28,Dataset of Geochemical Compositions of Surface Sediments in northern China.xlsx,,Dataset of Geochemical Compositions of Surface Sediments in northern China.xlsx#sheet=surface-sediments&row=547,https://data.4tu.nl/articles/dataset/Raw_data_of_Geochemical_Compositions_of_Surface_Sediments_in_Northern_China/12703148,6b06695e359986bf0a50c6d0febda08ffa25a61028c00cdadd60cc8426001232,,,,<75 µm,,,,,"surface catchment, fluvial and/or alluvial sediment at approximately 25 cm depth",sediment_surface_catchment_fluvial_alluvial,exact,,North Alxa Plateau,North Alxa Plateau,,,,,,,catchment_fluvial_alluvial,,,,,,,,,,,,,,not_reported,dataset_parameter,publisher_readme_element_method_mapping,"air-dried, homogenized and sieved through a stainless-steel screen",hydride generation atomic fluorescence spectrometry (HG-AFS),,,,GSS-1; GSS-2; GSS-17; GSS-19; GSS-25; GSS-26; GSS-27; GAu2a; GAu2b; GAu9a; GAu9b; GAu10a; GAu10b; GAu11a; GAu11b; GPt-1; GPt-2; GPt-7; GPt-8,README.pdf#multi-method-analytical-scheme-and-quality-control,,,,,,"[""Lin, Xin (2020). Raw data of Geochemical Compositions of Surface Sediments in Northern China. 4TU.ResearchData. https://doi.org/10.4121/uuid:6cb0bf79-7467-4e78-a531-cc91655d9fd0""]",dataset,dataset_metadata,,resolved,,public_download,permitted_research,https://creativecommons.org/publicdomain/zero/1.0/,dataset,true,not_evaluated_for_project_output,2026-08-15T07:00:00Z
rec-43690a0c83a201ad6720ad8b63b8be10bbbb9d5d40d85c02e398f975f3333829,src-048f1fedaa1c0ef8540787d5bc0e36e979f05f3d641de586e492f5ba09b5ab80,surface-sediments|545,Cr,Cr,57.295000000000002,mg/kg,sediment,,air_dried_homogenized_<75um_sediment_multi_method,,,,,40.213361,97.4865,,,,,,,X-ray fluorescence spectrometry (XRF),,fused pellet preparation,,CC0-1.0,official_curated,4tu-northern-china-sediment,Raw data of Geochemical Compositions of Surface Sediments in Northern China,10.4121/uuid:6cb0bf79-7467-4e78-a531-cc91655d9fd0,4TU-Figshare-v1-2020-07-28,Dataset of Geochemical Compositions of Surface Sediments in northern China.xlsx,,Dataset of Geochemical Compositions of Surface Sediments in northern China.xlsx#sheet=surface-sediments&row=547,https://data.4tu.nl/articles/dataset/Raw_data_of_Geochemical_Compositions_of_Surface_Sediments_in_Northern_China/12703148,6b06695e359986bf0a50c6d0febda08ffa25a61028c00cdadd60cc8426001232,,,,<75 µm,,,,,"surface catchment, fluvial and/or alluvial sediment at approximately 25 cm depth",sediment_surface_catchment_fluvial_alluvial,exact,,North Alxa Plateau,North Alxa Plateau,,,,,,,catchment_fluvial_alluvial,,,,,,,,,,,,,,not_reported,dataset_parameter,publisher_readme_element_method_mapping,"air-dried, homogenized and sieved through a stainless-steel screen",X-ray fluorescence spectrometry (XRF),,,,GSS-1; GSS-2; GSS-17; GSS-19; GSS-25; GSS-26; GSS-27; GAu2a; GAu2b; GAu9a; GAu9b; GAu10a; GAu10b; GAu11a; GAu11b; GPt-1; GPt-2; GPt-7; GPt-8,README.pdf#multi-method-analytical-scheme-and-quality-control,,,,,,"[""Lin, Xin (2020). Raw data of Geochemical Compositions of Surface Sediments in Northern China. 4TU.ResearchData. https://doi.org/10.4121/uuid:6cb0bf79-7467-4e78-a531-cc91655d9fd0""]",dataset,dataset_metadata,,resolved,,public_download,permitted_research,https://creativecommons.org/publicdomain/zero/1.0/,dataset,true,not_evaluated_for_project_output,2026-08-15T07:00:00Z
rec-ebfed4faa0d6ab40681e23af4ec7a66b1f02517d58bd4157c2a8f288d0f5f75a,src-048f1fedaa1c0ef8540787d5bc0e36e979f05f3d641de586e492f5ba09b5ab80,surface-sediments|545,Cu,Cu,22.215136999999999,mg/kg,sediment,,air_dried_homogenized_<75um_sediment_multi_method,,,,,40.213361,97.4865,,,,,,,inductively coupled plasma mass spectrometry (ICP-MS),,four-acid digestion (HF+HNO3+HClO4+aqua regia),,CC0-1.0,official_curated,4tu-northern-china-sediment,Raw data of Geochemical Compositions of Surface Sediments in Northern China,10.4121/uuid:6cb0bf79-7467-4e78-a531-cc91655d9fd0,4TU-Figshare-v1-2020-07-28,Dataset of Geochemical Compositions of Surface Sediments in northern China.xlsx,,Dataset of Geochemical Compositions of Surface Sediments in northern China.xlsx#sheet=surface-sediments&row=547,https://data.4tu.nl/articles/dataset/Raw_data_of_Geochemical_Compositions_of_Surface_Sediments_in_Northern_China/12703148,6b06695e359986bf0a50c6d0febda08ffa25a61028c00cdadd60cc8426001232,,,,<75 µm,,,,,"surface catchment, fluvial and/or alluvial sediment at approximately 25 cm depth",sediment_surface_catchment_fluvial_alluvial,exact,,North Alxa Plateau,North Alxa Plateau,,,,,,,catchment_fluvial_alluvial,,,,,,,,,,,,,,not_reported,dataset_parameter,publisher_readme_element_method_mapping,"air-dried, homogenized and sieved through a stainless-steel screen",inductively coupled plasma mass spectrometry (ICP-MS),,,,GSS-1; GSS-2; GSS-17; GSS-19; GSS-25; GSS-26; GSS-27; GAu2a; GAu2b; GAu9a; GAu9b; GAu10a; GAu10b; GAu11a; GAu11b; GPt-1; GPt-2; GPt-7; GPt-8,README.pdf#multi-method-analytical-scheme-and-quality-control,,,,,,"[""Lin, Xin (2020). Raw data of Geochemical Compositions of Surface Sediments in Northern China. 4TU.ResearchData. https://doi.org/10.4121/uuid:6cb0bf79-7467-4e78-a531-cc91655d9fd0""]",dataset,dataset_metadata,,resolved,,public_download,permitted_research,https://creativecommons.org/publicdomain/zero/1.0/,dataset,true,not_evaluated_for_project_output,2026-08-15T07:00:00Z
rec-4732c8a83ea083bbceb647fddcc7377800faedc918a52d615cf4e8e0fa600e6e,src-048f1fedaa1c0ef8540787d5bc0e36e979f05f3d641de586e492f5ba09b5ab80,surface-sediments|545,Hg,Hg,16,mg/kg,sediment,,air_dried_homogenized_<75um_sediment_multi_method,,,,,40.213361,97.4865,,,,,,,,,,,CC0-1.0,official_curated,4tu-northern-china-sediment,Raw data of Geochemical Compositions of Surface Sediments in Northern China,10.4121/uuid:6cb0bf79-7467-4e78-a531-cc91655d9fd0,4TU-Figshare-v1-2020-07-28,Dataset of Geochemical Compositions of Surface Sediments in northern China.xlsx,,Dataset of Geochemical Compositions of Surface Sediments in northern China.xlsx#sheet=surface-sediments&row=547,https://data.4tu.nl/articles/dataset/Raw_data_of_Geochemical_Compositions_of_Surface_Sediments_in_Northern_China/12703148,6b06695e359986bf0a50c6d0febda08ffa25a61028c00cdadd60cc8426001232,,,,<75 µm,,,,,"surface catchment, fluvial and/or alluvial sediment at approximately 25 cm depth",sediment_surface_catchment_fluvial_alluvial,exact,,North Alxa Plateau,North Alxa Plateau,,,,,,,catchment_fluvial_alluvial,,,,,,,,,,,,,,not_reported,,,"air-dried, homogenized and sieved through a stainless-steel screen",,,,,GSS-1; GSS-2; GSS-17; GSS-19; GSS-25; GSS-26; GSS-27; GAu2a; GAu2b; GAu9a; GAu9b; GAu10a; GAu10b; GAu11a; GAu11b; GPt-1; GPt-2; GPt-7; GPt-8,,,not_reported,,,,"[""Lin, Xin (2020). Raw data of Geochemical Compositions of Surface Sediments in Northern China. 4TU.ResearchData. https://doi.org/10.4121/uuid:6cb0bf79-7467-4e78-a531-cc91655d9fd0""]",dataset,dataset_metadata,,resolved,,public_download,permitted_research,https://creativecommons.org/publicdomain/zero/1.0/,dataset,true,not_evaluated_for_project_output,2026-08-15T07:00:00Z
rec-17cd585f34fd04737e6f4e4f32fdb54c3db8e1e4cac0beff36ba9eb8ccfbdd9b,src-048f1fedaa1c0ef8540787d5bc0e36e979f05f3d641de586e492f5ba09b5ab80,surface-sediments|545,Ni,Ni,28.628865999999999,mg/kg,sediment,,air_dried_homogenized_<75um_sediment_multi_method,,,,,40.213361,97.4865,,,,,,,inductively coupled plasma mass spectrometry (ICP-MS),,four-acid digestion (HF+HNO3+HClO4+aqua regia),,CC0-1.0,official_curated,4tu-northern-china-sediment,Raw data of Geochemical Compositions of Surface Sediments in Northern China,10.4121/uuid:6cb0bf79-7467-4e78-a531-cc91655d9fd0,4TU-Figshare-v1-2020-07-28,Dataset of Geochemical Compositions of Surface Sediments in northern China.xlsx,,Dataset of Geochemical Compositions of Surface Sediments in northern China.xlsx#sheet=surface-sediments&row=547,https://data.4tu.nl/articles/dataset/Raw_data_of_Geochemical_Compositions_of_Surface_Sediments_in_Northern_China/12703148,6b06695e359986bf0a50c6d0febda08ffa25a61028c00cdadd60cc8426001232,,,,<75 µm,,,,,"surface catchment, fluvial and/or alluvial sediment at approximately 25 cm depth",sediment_surface_catchment_fluvial_alluvial,exact,,North Alxa Plateau,North Alxa Plateau,,,,,,,catchment_fluvial_alluvial,,,,,,,,,,,,,,not_reported,dataset_parameter,publisher_readme_element_method_mapping,"air-dried, homogenized and sieved through a stainless-steel screen",inductively coupled plasma mass spectrometry (ICP-MS),,,,GSS-1; GSS-2; GSS-17; GSS-19; GSS-25; GSS-26; GSS-27; GAu2a; GAu2b; GAu9a; GAu9b; GAu10a; GAu10b; GAu11a; GAu11b; GPt-1; GPt-2; GPt-7; GPt-8,README.pdf#multi-method-analytical-scheme-and-quality-control,,,,,,"[""Lin, Xin (2020). Raw data of Geochemical Compositions of Surface Sediments in Northern China. 4TU.ResearchData. https://doi.org/10.4121/uuid:6cb0bf79-7467-4e78-a531-cc91655d9fd0""]",dataset,dataset_metadata,,resolved,,public_download,permitted_research,https://creativecommons.org/publicdomain/zero/1.0/,dataset,true,not_evaluated_for_project_output,2026-08-15T07:00:00Z
rec-7e35ed1c3f170b321228332df49c4f7de038f9b94b30a2a4112e29ae48f89c5a,src-048f1fedaa1c0ef8540787d5bc0e36e979f05f3d641de586e492f5ba09b5ab80,surface-sediments|545,Pb,Pb,16,mg/kg,sediment,,air_dried_homogenized_<75um_sediment_multi_method,,,,,40.213361,97.4865,,,,,,,inductively coupled plasma mass spectrometry (ICP-MS),,four-acid digestion (HF+HNO3+HClO4+aqua regia),,CC0-1.0,official_curated,4tu-northern-china-sediment,Raw data of Geochemical Compositions of Surface Sediments in Northern China,10.4121/uuid:6cb0bf79-7467-4e78-a531-cc91655d9fd0,4TU-Figshare-v1-2020-07-28,Dataset of Geochemical Compositions of Surface Sediments in northern China.xlsx,,Dataset of Geochemical Compositions of Surface Sediments in northern China.xlsx#sheet=surface-sediments&row=547,https://data.4tu.nl/articles/dataset/Raw_data_of_Geochemical_Compositions_of_Surface_Sediments_in_Northern_China/12703148,6b06695e359986bf0a50c6d0febda08ffa25a61028c00cdadd60cc8426001232,,,,<75 µm,,,,,"surface catchment, fluvial and/or alluvial sediment at approximately 25 cm depth",sediment_surface_catchment_fluvial_alluvial,exact,,North Alxa Plateau,North Alxa Plateau,,,,,,,catchment_fluvial_alluvial,,,,,,,,,,,,,,not_reported,dataset_parameter,publisher_readme_element_method_mapping,"air-dried, homogenized and sieved through a stainless-steel screen",inductively coupled plasma mass spectrometry (ICP-MS),,,,GSS-1; GSS-2; GSS-17; GSS-19; GSS-25; GSS-26; GSS-27; GAu2a; GAu2b; GAu9a; GAu9b; GAu10a; GAu10b; GAu11a; GAu11b; GPt-1; GPt-2; GPt-7; GPt-8,README.pdf#multi-method-analytical-scheme-and-quality-control,,,,,,"[""Lin, Xin (2020). Raw data of Geochemical Compositions of Surface Sediments in Northern China. 4TU.ResearchData. https://doi.org/10.4121/uuid:6cb0bf79-7467-4e78-a531-cc91655d9fd0""]",dataset,dataset_metadata,,resolved,,public_download,permitted_research,https://creativecommons.org/publicdomain/zero/1.0/,dataset,true,not_evaluated_for_project_output,2026-08-15T07:00:00Z
rec-21725aebc94e7ad01c16c62fe878a362d48593299b0f94abb2589b4befcaefb2,src-048f1fedaa1c0ef8540787d5bc0e36e979f05f3d641de586e492f5ba09b5ab80,surface-sediments|545,Zn,Zn,49.283332999999999,mg/kg,sediment,,air_dried_homogenized_<75um_sediment_multi_method,,,,,40.213361,97.4865,,,,,,,inductively coupled plasma mass spectrometry (ICP-MS),,four-acid digestion (HF+HNO3+HClO4+aqua regia),,CC0-1.0,official_curated,4tu-northern-china-sediment,Raw data of Geochemical Compositions of Surface Sediments in Northern China,10.4121/uuid:6cb0bf79-7467-4e78-a531-cc91655d9fd0,4TU-Figshare-v1-2020-07-28,Dataset of Geochemical Compositions of Surface Sediments in northern China.xlsx,,Dataset of Geochemical Compositions of Surface Sediments in northern China.xlsx#sheet=surface-sediments&row=547,https://data.4tu.nl/articles/dataset/Raw_data_of_Geochemical_Compositions_of_Surface_Sediments_in_Northern_China/12703148,6b06695e359986bf0a50c6d0febda08ffa25a61028c00cdadd60cc8426001232,,,,<75 µm,,,,,"surface catchment, fluvial and/or alluvial sediment at approximately 25 cm depth",sediment_surface_catchment_fluvial_alluvial,exact,,North Alxa Plateau,North Alxa Plateau,,,,,,,catchment_fluvial_alluvial,,,,,,,,,,,,,,not_reported,dataset_parameter,publisher_readme_element_method_mapping,"air-dried, homogenized and sieved through a stainless-steel screen",inductively coupled plasma mass spectrometry (ICP-MS),,,,GSS-1; GSS-2; GSS-17; GSS-19; GSS-25; GSS-26; GSS-27; GAu2a; GAu2b; GAu9a; GAu9b; GAu10a; GAu10b; GAu11a; GAu11b; GPt-1; GPt-2; GPt-7; GPt-8,README.pdf#multi-method-analytical-scheme-and-quality-control,,,,,,"[""Lin, Xin (2020). Raw data of Geochemical Compositions of Surface Sediments in Northern China. 4TU.ResearchData. https://doi.org/10.4121/uuid:6cb0bf79-7467-4e78-a531-cc91655d9fd0""]",dataset,dataset_metadata,,resolved,,public_download,permitted_research,https://creativecommons.org/publicdomain/zero/1.0/,dataset,true,not_evaluated_for_project_output,2026-08-15T07:00:00Z
rec-af64c0ac408888fdaaa983da4b951f1e46434179d3f4d2afc15908ae1797d69a,src-7a04841005216880fbd25d56f6f187e0198a0cdb63a418cd773427a2a3c72e3f,surface-sediments|636,As,As,7.7725,mg/kg,sediment,,air_dried_homogenized_<75um_sediment_multi_method,,,,,37.997472,105.877806,,,,,,,hydride generation atomic fluorescence spectrometry (HG-AFS),,aqua regia digestion,,CC0-1.0,official_curated,4tu-northern-china-sediment,Raw data of Geochemical Compositions of Surface Sediments in Northern China,10.4121/uuid:6cb0bf79-7467-4e78-a531-cc91655d9fd0,4TU-Figshare-v1-2020-07-28,Dataset of Geochemical Compositions of Surface Sediments in northern China.xlsx,,Dataset of Geochemical Compositions of Surface Sediments in northern China.xlsx#sheet=surface-sediments&row=638,https://data.4tu.nl/articles/dataset/Raw_data_of_Geochemical_Compositions_of_Surface_Sediments_in_Northern_China/12703148,6b06695e359986bf0a50c6d0febda08ffa25a61028c00cdadd60cc8426001232,,,,<75 µm,,,,,"surface catchment, fluvial and/or alluvial sediment at approximately 25 cm depth",sediment_surface_catchment_fluvial_alluvial,exact,,Hetao Graben,Hetao Graben,,,,,,,catchment_fluvial_alluvial,,,,,,,,,,,,,,not_reported,dataset_parameter,publisher_readme_element_method_mapping,"air-dried, homogenized and sieved through a stainless-steel screen",hydride generation atomic fluorescence spectrometry (HG-AFS),,,,GSS-1; GSS-2; GSS-17; GSS-19; GSS-25; GSS-26; GSS-27; GAu2a; GAu2b; GAu9a; GAu9b; GAu10a; GAu10b; GAu11a; GAu11b; GPt-1; GPt-2; GPt-7; GPt-8,README.pdf#multi-method-analytical-scheme-and-quality-control,,,,,,"[""Lin, Xin (2020). Raw data of Geochemical Compositions of Surface Sediments in Northern China. 4TU.ResearchData. https://doi.org/10.4121/uuid:6cb0bf79-7467-4e78-a531-cc91655d9fd0""]",dataset,dataset_metadata,,resolved,,public_download,permitted_research,https://creativecommons.org/publicdomain/zero/1.0/,dataset,true,not_evaluated_for_project_output,2026-08-15T07:00:00Z
rec-07ceed9889499d9fa8b190bad9941a291b1b79116971a6e84050a906cec9afdd,src-7a04841005216880fbd25d56f6f187e0198a0cdb63a418cd773427a2a3c72e3f,surface-sediments|636,Cr,Cr,51.697856000000002,mg/kg,sediment,,air_dried_homogenized_<75um_sediment_multi_method,,,,,37.997472,105.877806,,,,,,,X-ray fluorescence spectrometry (XRF),,fused pellet preparation,,CC0-1.0,official_curated,4tu-northern-china-sediment,Raw data of Geochemical Compositions of Surface Sediments in Northern China,10.4121/uuid:6cb0bf79-7467-4e78-a531-cc91655d9fd0,4TU-Figshare-v1-2020-07-28,Dataset of Geochemical Compositions of Surface Sediments in northern China.xlsx,,Dataset of Geochemical Compositions of Surface Sediments in northern China.xlsx#sheet=surface-sediments&row=638,https://data.4tu.nl/articles/dataset/Raw_data_of_Geochemical_Compositions_of_Surface_Sediments_in_Northern_China/12703148,6b06695e359986bf0a50c6d0febda08ffa25a61028c00cdadd60cc8426001232,,,,<75 µm,,,,,"surface catchment, fluvial and/or alluvial sediment at approximately 25 cm depth",sediment_surface_catchment_fluvial_alluvial,exact,,Hetao Graben,Hetao Graben,,,,,,,catchment_fluvial_alluvial,,,,,,,,,,,,,,not_reported,dataset_parameter,publisher_readme_element_method_mapping,"air-dried, homogenized and sieved through a stainless-steel screen",X-ray fluorescence spectrometry (XRF),,,,GSS-1; GSS-2; GSS-17; GSS-19; GSS-25; GSS-26; GSS-27; GAu2a; GAu2b; GAu9a; GAu9b; GAu10a; GAu10b; GAu11a; GAu11b; GPt-1; GPt-2; GPt-7; GPt-8,README.pdf#multi-method-analytical-scheme-and-quality-control,,,,,,"[""Lin, Xin (2020). Raw data of Geochemical Compositions of Surface Sediments in Northern China. 4TU.ResearchData. https://doi.org/10.4121/uuid:6cb0bf79-7467-4e78-a531-cc91655d9fd0""]",dataset,dataset_metadata,,resolved,,public_download,permitted_research,https://creativecommons.org/publicdomain/zero/1.0/,dataset,true,not_evaluated_for_project_output,2026-08-15T07:00:00Z
rec-a8a87bd5547082b269c2e9fd93e20c996afa1047b511c8d60b736386052290a1,src-7a04841005216880fbd25d56f6f187e0198a0cdb63a418cd773427a2a3c72e3f,surface-sediments|636,Cu,Cu,14.121710999999999,mg/kg,sediment,,air_dried_homogenized_<75um_sediment_multi_method,,,,,37.997472,105.877806,,,,,,,inductively coupled plasma mass spectrometry (ICP-MS),,four-acid digestion (HF+HNO3+HClO4+aqua regia),,CC0-1.0,official_curated,4tu-northern-china-sediment,Raw data of Geochemical Compositions of Surface Sediments in Northern China,10.4121/uuid:6cb0bf79-7467-4e78-a531-cc91655d9fd0,4TU-Figshare-v1-2020-07-28,Dataset of Geochemical Compositions of Surface Sediments in northern China.xlsx,,Dataset of Geochemical Compositions of Surface Sediments in northern China.xlsx#sheet=surface-sediments&row=638,https://data.4tu.nl/articles/dataset/Raw_data_of_Geochemical_Compositions_of_Surface_Sediments_in_Northern_China/12703148,6b06695e359986bf0a50c6d0febda08ffa25a61028c00cdadd60cc8426001232,,,,<75 µm,,,,,"surface catchment, fluvial and/or alluvial sediment at approximately 25 cm depth",sediment_surface_catchment_fluvial_alluvial,exact,,Hetao Graben,Hetao Graben,,,,,,,catchment_fluvial_alluvial,,,,,,,,,,,,,,not_reported,dataset_parameter,publisher_readme_element_method_mapping,"air-dried, homogenized and sieved through a stainless-steel screen",inductively coupled plasma mass spectrometry (ICP-MS),,,,GSS-1; GSS-2; GSS-17; GSS-19; GSS-25; GSS-26; GSS-27; GAu2a; GAu2b; GAu9a; GAu9b; GAu10a; GAu10b; GAu11a; GAu11b; GPt-1; GPt-2; GPt-7; GPt-8,README.pdf#multi-method-analytical-scheme-and-quality-control,,,,,,"[""Lin, Xin (2020). Raw data of Geochemical Compositions of Surface Sediments in Northern China. 4TU.ResearchData. https://doi.org/10.4121/uuid:6cb0bf79-7467-4e78-a531-cc91655d9fd0""]",dataset,dataset_metadata,,resolved,,public_download,permitted_research,https://creativecommons.org/publicdomain/zero/1.0/,dataset,true,not_evaluated_for_project_output,2026-08-15T07:00:00Z
rec-866ae9e82cfce02a09da4843b0d4cdc610d31123d192d3804f1d4a3f725d85a4,src-7a04841005216880fbd25d56f6f187e0198a0cdb63a418cd773427a2a3c72e3f,surface-sediments|636,Hg,Hg,9.5,mg/kg,sediment,,air_dried_homogenized_<75um_sediment_multi_method,,,,,37.997472,105.877806,,,,,,,,,,,CC0-1.0,official_curated,4tu-northern-china-sediment,Raw data of Geochemical Compositions of Surface Sediments in Northern China,10.4121/uuid:6cb0bf79-7467-4e78-a531-cc91655d9fd0,4TU-Figshare-v1-2020-07-28,Dataset of Geochemical Compositions of Surface Sediments in northern China.xlsx,,Dataset of Geochemical Compositions of Surface Sediments in northern China.xlsx#sheet=surface-sediments&row=638,https://data.4tu.nl/articles/dataset/Raw_data_of_Geochemical_Compositions_of_Surface_Sediments_in_Northern_China/12703148,6b06695e359986bf0a50c6d0febda08ffa25a61028c00cdadd60cc8426001232,,,,<75 µm,,,,,"surface catchment, fluvial and/or alluvial sediment at approximately 25 cm depth",sediment_surface_catchment_fluvial_alluvial,exact,,Hetao Graben,Hetao Graben,,,,,,,catchment_fluvial_alluvial,,,,,,,,,,,,,,not_reported,,,"air-dried, homogenized and sieved through a stainless-steel screen",,,,,GSS-1; GSS-2; GSS-17; GSS-19; GSS-25; GSS-26; GSS-27; GAu2a; GAu2b; GAu9a; GAu9b; GAu10a; GAu10b; GAu11a; GAu11b; GPt-1; GPt-2; GPt-7; GPt-8,,,not_reported,,,,"[""Lin, Xin (2020). Raw data of Geochemical Compositions of Surface Sediments in Northern China. 4TU.ResearchData. https://doi.org/10.4121/uuid:6cb0bf79-7467-4e78-a531-cc91655d9fd0""]",dataset,dataset_metadata,,resolved,,public_download,permitted_research,https://creativecommons.org/publicdomain/zero/1.0/,dataset,true,not_evaluated_for_project_output,2026-08-15T07:00:00Z
rec-95b3f1c27068ba6ea9ace4fe7b433bfc73b62046c1142b7b29daf368039e6dca,src-7a04841005216880fbd25d56f6f187e0198a0cdb63a418cd773427a2a3c72e3f,surface-sediments|636,Ni,Ni,20.941579000000001,mg/kg,sediment,,air_dried_homogenized_<75um_sediment_multi_method,,,,,37.997472,105.877806,,,,,,,inductively coupled plasma mass spectrometry (ICP-MS),,four-acid digestion (HF+HNO3+HClO4+aqua regia),,CC0-1.0,official_curated,4tu-northern-china-sediment,Raw data of Geochemical Compositions of Surface Sediments in Northern China,10.4121/uuid:6cb0bf79-7467-4e78-a531-cc91655d9fd0,4TU-Figshare-v1-2020-07-28,Dataset of Geochemical Compositions of Surface Sediments in northern China.xlsx,,Dataset of Geochemical Compositions of Surface Sediments in northern China.xlsx#sheet=surface-sediments&row=638,https://data.4tu.nl/articles/dataset/Raw_data_of_Geochemical_Compositions_of_Surface_Sediments_in_Northern_China/12703148,6b06695e359986bf0a50c6d0febda08ffa25a61028c00cdadd60cc8426001232,,,,<75 µm,,,,,"surface catchment, fluvial and/or alluvial sediment at approximately 25 cm depth",sediment_surface_catchment_fluvial_alluvial,exact,,Hetao Graben,Hetao Graben,,,,,,,catchment_fluvial_alluvial,,,,,,,,,,,,,,not_reported,dataset_parameter,publisher_readme_element_method_mapping,"air-dried, homogenized and sieved through a stainless-steel screen",inductively coupled plasma mass spectrometry (ICP-MS),,,,GSS-1; GSS-2; GSS-17; GSS-19; GSS-25; GSS-26; GSS-27; GAu2a; GAu2b; GAu9a; GAu9b; GAu10a; GAu10b; GAu11a; GAu11b; GPt-1; GPt-2; GPt-7; GPt-8,README.pdf#multi-method-analytical-scheme-and-quality-control,,,,,,"[""Lin, Xin (2020). Raw data of Geochemical Compositions of Surface Sediments in Northern China. 4TU.ResearchData. https://doi.org/10.4121/uuid:6cb0bf79-7467-4e78-a531-cc91655d9fd0""]",dataset,dataset_metadata,,resolved,,public_download,permitted_research,https://creativecommons.org/publicdomain/zero/1.0/,dataset,true,not_evaluated_for_project_output,2026-08-15T07:00:00Z
rec-b2a8967e152c4327a79c1f1d0ef8a30099813814ec1b83f2050688654e1989e7,src-7a04841005216880fbd25d56f6f187e0198a0cdb63a418cd773427a2a3c72e3f,surface-sediments|636,Pb,Pb,17.704211000000001,mg/kg,sediment,,air_dried_homogenized_<75um_sediment_multi_method,,,,,37.997472,105.877806,,,,,,,inductively coupled plasma mass spectrometry (ICP-MS),,four-acid digestion (HF+HNO3+HClO4+aqua regia),,CC0-1.0,official_curated,4tu-northern-china-sediment,Raw data of Geochemical Compositions of Surface Sediments in Northern China,10.4121/uuid:6cb0bf79-7467-4e78-a531-cc91655d9fd0,4TU-Figshare-v1-2020-07-28,Dataset of Geochemical Compositions of Surface Sediments in northern China.xlsx,,Dataset of Geochemical Compositions of Surface Sediments in northern China.xlsx#sheet=surface-sediments&row=638,https://data.4tu.nl/articles/dataset/Raw_data_of_Geochemical_Compositions_of_Surface_Sediments_in_Northern_China/12703148,6b06695e359986bf0a50c6d0febda08ffa25a61028c00cdadd60cc8426001232,,,,<75 µm,,,,,"surface catchment, fluvial and/or alluvial sediment at approximately 25 cm depth",sediment_surface_catchment_fluvial_alluvial,exact,,Hetao Graben,Hetao Graben,,,,,,,catchment_fluvial_alluvial,,,,,,,,,,,,,,not_reported,dataset_parameter,publisher_readme_element_method_mapping,"air-dried, homogenized and sieved through a stainless-steel screen",inductively coupled plasma mass spectrometry (ICP-MS),,,,GSS-1; GSS-2; GSS-17; GSS-19; GSS-25; GSS-26; GSS-27; GAu2a; GAu2b; GAu9a; GAu9b; GAu10a; GAu10b; GAu11a; GAu11b; GPt-1; GPt-2; GPt-7; GPt-8,README.pdf#multi-method-analytical-scheme-and-quality-control,,,,,,"[""Lin, Xin (2020). Raw data of Geochemical Compositions of Surface Sediments in Northern China. 4TU.ResearchData. https://doi.org/10.4121/uuid:6cb0bf79-7467-4e78-a531-cc91655d9fd0""]",dataset,dataset_metadata,,resolved,,public_download,permitted_research,https://creativecommons.org/publicdomain/zero/1.0/,dataset,true,not_evaluated_for_project_output,2026-08-15T07:00:00Z
rec-7bc8293eee8f63d510aa49071350f20793c1d9af8e7d8d5bf2def68f6ad391a7,src-7a04841005216880fbd25d56f6f187e0198a0cdb63a418cd773427a2a3c72e3f,surface-sediments|636,Zn,Zn,41.235263000000003,mg/kg,sediment,,air_dried_homogenized_<75um_sediment_multi_method,,,,,37.997472,105.877806,,,,,,,inductively coupled plasma mass spectrometry (ICP-MS),,four-acid digestion (HF+HNO3+HClO4+aqua regia),,CC0-1.0,official_curated,4tu-northern-china-sediment,Raw data of Geochemical Compositions of Surface Sediments in Northern China,10.4121/uuid:6cb0bf79-7467-4e78-a531-cc91655d9fd0,4TU-Figshare-v1-2020-07-28,Dataset of Geochemical Compositions of Surface Sediments in northern China.xlsx,,Dataset of Geochemical Compositions of Surface Sediments in northern China.xlsx#sheet=surface-sediments&row=638,https://data.4tu.nl/articles/dataset/Raw_data_of_Geochemical_Compositions_of_Surface_Sediments_in_Northern_China/12703148,6b06695e359986bf0a50c6d0febda08ffa25a61028c00cdadd60cc8426001232,,,,<75 µm,,,,,"surface catchment, fluvial and/or alluvial sediment at approximately 25 cm depth",sediment_surface_catchment_fluvial_alluvial,exact,,Hetao Graben,Hetao Graben,,,,,,,catchment_fluvial_alluvial,,,,,,,,,,,,,,not_reported,dataset_parameter,publisher_readme_element_method_mapping,"air-dried, homogenized and sieved through a stainless-steel screen",inductively coupled plasma mass spectrometry (ICP-MS),,,,GSS-1; GSS-2; GSS-17; GSS-19; GSS-25; GSS-26; GSS-27; GAu2a; GAu2b; GAu9a; GAu9b; GAu10a; GAu10b; GAu11a; GAu11b; GPt-1; GPt-2; GPt-7; GPt-8,README.pdf#multi-method-analytical-scheme-and-quality-control,,,,,,"[""Lin, Xin (2020). Raw data of Geochemical Compositions of Surface Sediments in Northern China. 4TU.ResearchData. https://doi.org/10.4121/uuid:6cb0bf79-7467-4e78-a531-cc91655d9fd0""]",dataset,dataset_metadata,,resolved,,public_download,permitted_research,https://creativecommons.org/publicdomain/zero/1.0/,dataset,true,not_evaluated_for_project_output,2026-08-15T07:00:00Z
rec-8939c2a3fb80c366ceeefd57dbbcbf35abc452e65033f127ff32b579566a0936,src-6c46ac4c90d3b1cac6e1d04132c6794aca07b9f78057f9f897014afa211661b5,surface-sediments|689,As,As,10.979100000000001,mg/kg,sediment,,air_dried_homogenized_<75um_sediment_multi_method,,,,,42.7775,112.413306,,,,,,,hydride generation atomic fluorescence spectrometry (HG-AFS),,aqua regia digestion,,CC0-1.0,official_curated,4tu-northern-china-sediment,Raw data of Geochemical Compositions of Surface Sediments in Northern China,10.4121/uuid:6cb0bf79-7467-4e78-a531-cc91655d9fd0,4TU-Figshare-v1-2020-07-28,Dataset of Geochemical Compositions of Surface Sediments in northern China.xlsx,,Dataset of Geochemical Compositions of Surface Sediments in northern China.xlsx#sheet=surface-sediments&row=691,https://data.4tu.nl/articles/dataset/Raw_data_of_Geochemical_Compositions_of_Surface_Sediments_in_Northern_China/12703148,6b06695e359986bf0a50c6d0febda08ffa25a61028c00cdadd60cc8426001232,,,,<75 µm,,,,,"surface catchment, fluvial and/or alluvial sediment at approximately 25 cm depth",sediment_surface_catchment_fluvial_alluvial,exact,,northeastern sandy deserts,northeastern sandy deserts,,,,,,,catchment_fluvial_alluvial,,,,,,,,,,,,,,not_reported,dataset_parameter,publisher_readme_element_method_mapping,"air-dried, homogenized and sieved through a stainless-steel screen",hydride generation atomic fluorescence spectrometry (HG-AFS),,,,GSS-1; GSS-2; GSS-17; GSS-19; GSS-25; GSS-26; GSS-27; GAu2a; GAu2b; GAu9a; GAu9b; GAu10a; GAu10b; GAu11a; GAu11b; GPt-1; GPt-2; GPt-7; GPt-8,README.pdf#multi-method-analytical-scheme-and-quality-control,,,,,,"[""Lin, Xin (2020). Raw data of Geochemical Compositions of Surface Sediments in Northern China. 4TU.ResearchData. https://doi.org/10.4121/uuid:6cb0bf79-7467-4e78-a531-cc91655d9fd0""]",dataset,dataset_metadata,,resolved,,public_download,permitted_research,https://creativecommons.org/publicdomain/zero/1.0/,dataset,true,not_evaluated_for_project_output,2026-08-15T07:00:00Z
rec-f96275a88e0cc1acae518402f5ce8b6e88ce79dd23c6e202a0c2d7f9443231ac,src-6c46ac4c90d3b1cac6e1d04132c6794aca07b9f78057f9f897014afa211661b5,surface-sediments|689,Cr,Cr,29.945,mg/kg,sediment,,air_dried_homogenized_<75um_sediment_multi_method,,,,,42.7775,112.413306,,,,,,,X-ray fluorescence spectrometry (XRF),,fused pellet preparation,,CC0-1.0,official_curated,4tu-northern-china-sediment,Raw data of Geochemical Compositions of Surface Sediments in Northern China,10.4121/uuid:6cb0bf79-7467-4e78-a531-cc91655d9fd0,4TU-Figshare-v1-2020-07-28,Dataset of Geochemical Compositions of Surface Sediments in northern China.xlsx,,Dataset of Geochemical Compositions of Surface Sediments in northern China.xlsx#sheet=surface-sediments&row=691,https://data.4tu.nl/articles/dataset/Raw_data_of_Geochemical_Compositions_of_Surface_Sediments_in_Northern_China/12703148,6b06695e359986bf0a50c6d0febda08ffa25a61028c00cdadd60cc8426001232,,,,<75 µm,,,,,"surface catchment, fluvial and/or alluvial sediment at approximately 25 cm depth",sediment_surface_catchment_fluvial_alluvial,exact,,northeastern sandy deserts,northeastern sandy deserts,,,,,,,catchment_fluvial_alluvial,,,,,,,,,,,,,,not_reported,dataset_parameter,publisher_readme_element_method_mapping,"air-dried, homogenized and sieved through a stainless-steel screen",X-ray fluorescence spectrometry (XRF),,,,GSS-1; GSS-2; GSS-17; GSS-19; GSS-25; GSS-26; GSS-27; GAu2a; GAu2b; GAu9a; GAu9b; GAu10a; GAu10b; GAu11a; GAu11b; GPt-1; GPt-2; GPt-7; GPt-8,README.pdf#multi-method-analytical-scheme-and-quality-control,,,,,,"[""Lin, Xin (2020). Raw data of Geochemical Compositions of Surface Sediments in Northern China. 4TU.ResearchData. https://doi.org/10.4121/uuid:6cb0bf79-7467-4e78-a531-cc91655d9fd0""]",dataset,dataset_metadata,,resolved,,public_download,permitted_research,https://creativecommons.org/publicdomain/zero/1.0/,dataset,true,not_evaluated_for_project_output,2026-08-15T07:00:00Z
rec-fd8271b08734cce4562098c6ff3b3fc4e8962fbede0d2d61d572437a39cf491d,src-6c46ac4c90d3b1cac6e1d04132c6794aca07b9f78057f9f897014afa211661b5,surface-sediments|689,Cu,Cu,20.799420999999999,mg/kg,sediment,,air_dried_homogenized_<75um_sediment_multi_method,,,,,42.7775,112.413306,,,,,,,inductively coupled plasma mass spectrometry (ICP-MS),,four-acid digestion (HF+HNO3+HClO4+aqua regia),,CC0-1.0,official_curated,4tu-northern-china-sediment,Raw data of Geochemical Compositions of Surface Sediments in Northern China,10.4121/uuid:6cb0bf79-7467-4e78-a531-cc91655d9fd0,4TU-Figshare-v1-2020-07-28,Dataset of Geochemical Compositions of Surface Sediments in northern China.xlsx,,Dataset of Geochemical Compositions of Surface Sediments in northern China.xlsx#sheet=surface-sediments&row=691,https://data.4tu.nl/articles/dataset/Raw_data_of_Geochemical_Compositions_of_Surface_Sediments_in_Northern_China/12703148,6b06695e359986bf0a50c6d0febda08ffa25a61028c00cdadd60cc8426001232,,,,<75 µm,,,,,"surface catchment, fluvial and/or alluvial sediment at approximately 25 cm depth",sediment_surface_catchment_fluvial_alluvial,exact,,northeastern sandy deserts,northeastern sandy deserts,,,,,,,catchment_fluvial_alluvial,,,,,,,,,,,,,,not_reported,dataset_parameter,publisher_readme_element_method_mapping,"air-dried, homogenized and sieved through a stainless-steel screen",inductively coupled plasma mass spectrometry (ICP-MS),,,,GSS-1; GSS-2; GSS-17; GSS-19; GSS-25; GSS-26; GSS-27; GAu2a; GAu2b; GAu9a; GAu9b; GAu10a; GAu10b; GAu11a; GAu11b; GPt-1; GPt-2; GPt-7; GPt-8,README.pdf#multi-method-analytical-scheme-and-quality-control,,,,,,"[""Lin, Xin (2020). Raw data of Geochemical Compositions of Surface Sediments in Northern China. 4TU.ResearchData. https://doi.org/10.4121/uuid:6cb0bf79-7467-4e78-a531-cc91655d9fd0""]",dataset,dataset_metadata,,resolved,,public_download,permitted_research,https://creativecommons.org/publicdomain/zero/1.0/,dataset,true,not_evaluated_for_project_output,2026-08-15T07:00:00Z
rec-d0ee4f69eba76316a433a1e15f9f89c574f49bdd3db0b31f82636c74f7c705c9,src-6c46ac4c90d3b1cac6e1d04132c6794aca07b9f78057f9f897014afa211661b5,surface-sediments|689,Hg,Hg,10,mg/kg,sediment,,air_dried_homogenized_<75um_sediment_multi_method,,,,,42.7775,112.413306,,,,,,,,,,,CC0-1.0,official_curated,4tu-northern-china-sediment,Raw data of Geochemical Compositions of Surface Sediments in Northern China,10.4121/uuid:6cb0bf79-7467-4e78-a531-cc91655d9fd0,4TU-Figshare-v1-2020-07-28,Dataset of Geochemical Compositions of Surface Sediments in northern China.xlsx,,Dataset of Geochemical Compositions of Surface Sediments in northern China.xlsx#sheet=surface-sediments&row=691,https://data.4tu.nl/articles/dataset/Raw_data_of_Geochemical_Compositions_of_Surface_Sediments_in_Northern_China/12703148,6b06695e359986bf0a50c6d0febda08ffa25a61028c00cdadd60cc8426001232,,,,<75 µm,,,,,"surface catchment, fluvial and/or alluvial sediment at approximately 25 cm depth",sediment_surface_catchment_fluvial_alluvial,exact,,northeastern sandy deserts,northeastern sandy deserts,,,,,,,catchment_fluvial_alluvial,,,,,,,,,,,,,,not_reported,,,"air-dried, homogenized and sieved through a stainless-steel screen",,,,,GSS-1; GSS-2; GSS-17; GSS-19; GSS-25; GSS-26; GSS-27; GAu2a; GAu2b; GAu9a; GAu9b; GAu10a; GAu10b; GAu11a; GAu11b; GPt-1; GPt-2; GPt-7; GPt-8,,,not_reported,,,,"[""Lin, Xin (2020). Raw data of Geochemical Compositions of Surface Sediments in Northern China. 4TU.ResearchData. https://doi.org/10.4121/uuid:6cb0bf79-7467-4e78-a531-cc91655d9fd0""]",dataset,dataset_metadata,,resolved,,public_download,permitted_research,https://creativecommons.org/publicdomain/zero/1.0/,dataset,true,not_evaluated_for_project_output,2026-08-15T07:00:00Z
rec-11e1525f79d0eba856fe0bb97864ee6ce949bc1f9931c4e79376e00b5ce18383,src-6c46ac4c90d3b1cac6e1d04132c6794aca07b9f78057f9f897014afa211661b5,surface-sediments|689,Ni,Ni,21.942689999999999,mg/kg,sediment,,air_dried_homogenized_<75um_sediment_multi_method,,,,,42.7775,112.413306,,,,,,,inductively coupled plasma mass spectrometry (ICP-MS),,four-acid digestion (HF+HNO3+HClO4+aqua regia),,CC0-1.0,official_curated,4tu-northern-china-sediment,Raw data of Geochemical Compositions of Surface Sediments in Northern China,10.4121/uuid:6cb0bf79-7467-4e78-a531-cc91655d9fd0,4TU-Figshare-v1-2020-07-28,Dataset of Geochemical Compositions of Surface Sediments in northern China.xlsx,,Dataset of Geochemical Compositions of Surface Sediments in northern China.xlsx#sheet=surface-sediments&row=691,https://data.4tu.nl/articles/dataset/Raw_data_of_Geochemical_Compositions_of_Surface_Sediments_in_Northern_China/12703148,6b06695e359986bf0a50c6d0febda08ffa25a61028c00cdadd60cc8426001232,,,,<75 µm,,,,,"surface catchment, fluvial and/or alluvial sediment at approximately 25 cm depth",sediment_surface_catchment_fluvial_alluvial,exact,,northeastern sandy deserts,northeastern sandy deserts,,,,,,,catchment_fluvial_alluvial,,,,,,,,,,,,,,not_reported,dataset_parameter,publisher_readme_element_method_mapping,"air-dried, homogenized and sieved through a stainless-steel screen",inductively coupled plasma mass spectrometry (ICP-MS),,,,GSS-1; GSS-2; GSS-17; GSS-19; GSS-25; GSS-26; GSS-27; GAu2a; GAu2b; GAu9a; GAu9b; GAu10a; GAu10b; GAu11a; GAu11b; GPt-1; GPt-2; GPt-7; GPt-8,README.pdf#multi-method-analytical-scheme-and-quality-control,,,,,,"[""Lin, Xin (2020). Raw data of Geochemical Compositions of Surface Sediments in Northern China. 4TU.ResearchData. https://doi.org/10.4121/uuid:6cb0bf79-7467-4e78-a531-cc91655d9fd0""]",dataset,dataset_metadata,,resolved,,public_download,permitted_research,https://creativecommons.org/publicdomain/zero/1.0/,dataset,true,not_evaluated_for_project_output,2026-08-15T07:00:00Z
rec-04fa7d7f8c5f4f96dcda3bc6224556b632f44fcc25cf9960cc4ef2ab29a714c4,src-6c46ac4c90d3b1cac6e1d04132c6794aca07b9f78057f9f897014afa211661b5,surface-sediments|689,Pb,Pb,19.746237000000001,mg/kg,sediment,,air_dried_homogenized_<75um_sediment_multi_method,,,,,42.7775,112.413306,,,,,,,inductively coupled plasma mass spectrometry (ICP-MS),,four-acid digestion (HF+HNO3+HClO4+aqua regia),,CC0-1.0,official_curated,4tu-northern-china-sediment,Raw data of Geochemical Compositions of Surface Sediments in Northern China,10.4121/uuid:6cb0bf79-7467-4e78-a531-cc91655d9fd0,4TU-Figshare-v1-2020-07-28,Dataset of Geochemical Compositions of Surface Sediments in northern China.xlsx,,Dataset of Geochemical Compositions of Surface Sediments in northern China.xlsx#sheet=surface-sediments&row=691,https://data.4tu.nl/articles/dataset/Raw_data_of_Geochemical_Compositions_of_Surface_Sediments_in_Northern_China/12703148,6b06695e359986bf0a50c6d0febda08ffa25a61028c00cdadd60cc8426001232,,,,<75 µm,,,,,"surface catchment, fluvial and/or alluvial sediment at approximately 25 cm depth",sediment_surface_catchment_fluvial_alluvial,exact,,northeastern sandy deserts,northeastern sandy deserts,,,,,,,catchment_fluvial_alluvial,,,,,,,,,,,,,,not_reported,dataset_parameter,publisher_readme_element_method_mapping,"air-dried, homogenized and sieved through a stainless-steel screen",inductively coupled plasma mass spectrometry (ICP-MS),,,,GSS-1; GSS-2; GSS-17; GSS-19; GSS-25; GSS-26; GSS-27; GAu2a; GAu2b; GAu9a; GAu9b; GAu10a; GAu10b; GAu11a; GAu11b; GPt-1; GPt-2; GPt-7; GPt-8,README.pdf#multi-method-analytical-scheme-and-quality-control,,,,,,"[""Lin, Xin (2020). Raw data of Geochemical Compositions of Surface Sediments in Northern China. 4TU.ResearchData. https://doi.org/10.4121/uuid:6cb0bf79-7467-4e78-a531-cc91655d9fd0""]",dataset,dataset_metadata,,resolved,,public_download,permitted_research,https://creativecommons.org/publicdomain/zero/1.0/,dataset,true,not_evaluated_for_project_output,2026-08-15T07:00:00Z
rec-c0f3eada44ab6207f13aa48e0d3d04f92a23d192d9598782f51b86f9a12a609c,src-6c46ac4c90d3b1cac6e1d04132c6794aca07b9f78057f9f897014afa211661b5,surface-sediments|689,Zn,Zn,47.412222,mg/kg,sediment,,air_dried_homogenized_<75um_sediment_multi_method,,,,,42.7775,112.413306,,,,,,,inductively coupled plasma mass spectrometry (ICP-MS),,four-acid digestion (HF+HNO3+HClO4+aqua regia),,CC0-1.0,official_curated,4tu-northern-china-sediment,Raw data of Geochemical Compositions of Surface Sediments in Northern China,10.4121/uuid:6cb0bf79-7467-4e78-a531-cc91655d9fd0,4TU-Figshare-v1-2020-07-28,Dataset of Geochemical Compositions of Surface Sediments in northern China.xlsx,,Dataset of Geochemical Compositions of Surface Sediments in northern China.xlsx#sheet=surface-sediments&row=691,https://data.4tu.nl/articles/dataset/Raw_data_of_Geochemical_Compositions_of_Surface_Sediments_in_Northern_China/12703148,6b06695e359986bf0a50c6d0febda08ffa25a61028c00cdadd60cc8426001232,,,,<75 µm,,,,,"surface catchment, fluvial and/or alluvial sediment at approximately 25 cm depth",sediment_surface_catchment_fluvial_alluvial,exact,,northeastern sandy deserts,northeastern sandy deserts,,,,,,,catchment_fluvial_alluvial,,,,,,,,,,,,,,not_reported,dataset_parameter,publisher_readme_element_method_mapping,"air-dried, homogenized and sieved through a stainless-steel screen",inductively coupled plasma mass spectrometry (ICP-MS),,,,GSS-1; GSS-2; GSS-17; GSS-19; GSS-25; GSS-26; GSS-27; GAu2a; GAu2b; GAu9a; GAu9b; GAu10a; GAu10b; GAu11a; GAu11b; GPt-1; GPt-2; GPt-7; GPt-8,README.pdf#multi-method-analytical-scheme-and-quality-control,,,,,,"[""Lin, Xin (2020). Raw data of Geochemical Compositions of Surface Sediments in Northern China. 4TU.ResearchData. https://doi.org/10.4121/uuid:6cb0bf79-7467-4e78-a531-cc91655d9fd0""]",dataset,dataset_metadata,,resolved,,public_download,permitted_research,https://creativecommons.org/publicdomain/zero/1.0/,dataset,true,not_evaluated_for_project_output,2026-08-15T07:00:00Z
