cohort_id,element_or_analyte,medium,sample_type,grain_fraction,measurement_basis,method_family,digestion_or_extraction,unit_layer,comparability_tier,n_quantified_records,n_censored_records,n_not_normalized_records,quantified_fraction,n_quantified_samples,n_sources,source_ids,dominant_source_id,dominant_source_share,n_with_coordinates,n_with_geology_match,workflow_band_high,workflow_band_medium,workflow_band_low,bbox_west,bbox_south,bbox_east,bbox_north,sampled_at_min,sampled_at_max
cohort-cfcdc8045f16,As,sediment,sediment_floodplain,<2 mm; pulverized <0.063 mm,aqua_regia_leachable_<2mm_floodplain_sediment,icp_oes,hot aqua regia leach at 95 C,mg/kg,single_lineage_ready,374,0,0,1.0,374,1,foregs-floodplain-sediment,foregs-floodplain-sediment,1.0,374,348,0,374,0,-15.45288278,27.82639699,26.487047148,49.31,,
cohort-3db8767d2dc4,As,sediment,sediment_floodplain,<2 mm; pulverized <0.063 mm,total_selected_<2mm_floodplain_sediment,xrf,pressed powder pellet,mg/kg,single_lineage_ready,372,0,0,1.0,372,1,foregs-floodplain-sediment,foregs-floodplain-sediment,1.0,372,346,0,372,0,-15.45288278,27.82639699,26.487047148,49.31,,
cohort-171ef5796b28,As,sediment,sediment_marine,,dry_weight_partial_nitric_acid,icp_oes,Metoden anvendes på analyseløsninger fremstilt ved ekstraksjon med 7 M HNO3 i autoklav i samsvar med Norsk Standard - NS 4770,mg/kg,single_lineage_ready,401,0,0,1.0,401,1,norway-marchem,norway-marchem,1.0,401,0,0,401,0,5.5623,64.0723,36.6777,78.252,2015,2017
cohort-377356c01d61,As,sediment,sediment_marine,,dry_weight_partial_nitric_acid,icp_oes,Prøveframstilling følger prosedyre i LABdok_P03: Framstilling av analyseløsninger etter partiell oppslutning i salpetersyre iht. NS-4770.,mg/kg,single_lineage_ready,459,20,0,0.9582,459,1,norway-marchem,norway-marchem,1.0,459,0,0,479,0,1.588881,56.732085,34.038155,81.548998,2019,2024
cohort-e2ca83549c4d,As,sediment,sediment_marine_core,bulk sediment,bulk_marine_sediment_geochemical_analysis,other_geochemical_analysis_on_bulk_sediment,not reported in publisher table,mg/kg,single_lineage_ready,27,0,0,1.0,26,1,pangaea-arabian-sea-sediment,pangaea-arabian-sea-sediment,1.0,27,0,0,27,0,57.3555,10.0345,68.3668,19.5163,,
cohort-3c4787e5b0ad,As,sediment,sediment_outlet_bottom,<75 µm,ICP-MS reported concentration in <75 µm catchment-outlet sediment; BOS,icp_ms,publisher classifies ICP-MS in the total analytical suite; digestion chemistry is not stated in the CSV,mg/kg,single_lineage_ready,1058,9,0,0.9916,1058,1,australia-ngsa,australia-ngsa,1.0,1058,1036,0,1067,0,113.8452,-43.3302,153.3335,-11.0346,1/03/2008,9/12/2007
cohort-d0494d3d550f,As,sediment,sediment_outlet_top,<75 µm,ICP-MS reported concentration in <75 µm catchment-outlet sediment; TOS,icp_ms,publisher classifies ICP-MS in the total analytical suite; digestion chemistry is not stated in the CSV,mg/kg,single_lineage_ready,1046,18,0,0.9831,1046,1,australia-ngsa,australia-ngsa,1.0,1046,1025,0,1064,0,113.8452,-43.3302,153.3335,-11.0346,1/03/2008,9/12/2007
cohort-ceb20f9bf357,As,sediment,sediment_stream,<180 µm fine stream sediment,river_sediment_<180um_national_geochemical_map,,,mg/kg,single_lineage_ready,3024,0,0,1.0,3024,1,japan-gsj-geochemical-map,japan-gsj-geochemical-map,1.0,3024,2622,0,3024,0,127.6799,26.1292,145.7221,45.4518,,
cohort-57f2eef90744,As,sediment,sediment_stream,wet sieved <150 micrometres,aqua_regia_leachable_<150um_stream_sediment,icp_oes,hot aqua regia leach at 95 C,mg/kg,single_lineage_ready,456,0,0,1.0,456,1,foregs-stream-sediment,foregs-stream-sediment,1.0,456,446,0,456,0,-15.5555631,27.92424718,26.334653006,50.85749,,
cohort-bc7e882d2aba,As,sediment,sediment_stream,wet sieved <150 micrometres,total_selected_<150um_stream_sediment,xrf,pressed powder pellet,mg/kg,single_lineage_ready,456,0,0,1.0,456,1,foregs-stream-sediment,foregs-stream-sediment,1.0,456,446,0,456,0,-15.5555631,27.92424718,26.334653006,50.86,,
cohort-65a914277358,As,soil,soil_a_horizon,<2 mm,total concentration in <2 mm soil fraction,aas,sodium peroxide and sodium hydroxide fusion,mg/kg,single_lineage_ready,659,2,0,0.997,659,1,usgs-conus-soil,usgs-conus-soil,1.0,659,656,0,661,0,-124.132,30.4554,-85.0352,41.9863,02/17/09,10/01/08
cohort-a53249cbb98f,As,soil,soil_agricultural_ploughed,<2 mm,modified_aqua_regia_extractable_dry_soil_<2mm,icp_ms,15 g soil; 90 mL aqua regia; 95 C for one hour; diluted to 300 mL with 5% HCl,mg/kg,single_lineage_ready,2108,0,0,1.0,2108,1,gemas-europe,gemas-europe,1.0,2108,1991,0,2108,0,-16.3444,28.4742,35.1536,70.5883,,
cohort-57a705448c1a,As,soil,soil_agricultural_ploughed,<63 um,xrf_total_fused_bead_dry_soil_milled_<63um,xrf,fused bead preparation after milling,mg/kg,single_lineage_ready,2108,0,0,1.0,2108,1,gemas-europe,gemas-europe,1.0,2108,1991,0,2108,0,-16.3444,28.4742,35.1536,70.5883,,
cohort-d1900a447251,As,soil,soil_c_horizon,<2 mm,total concentration in <2 mm soil fraction,aas,sodium peroxide and sodium hydroxide fusion,mg/kg,single_lineage_ready,658,3,0,0.9955,658,1,usgs-conus-soil,usgs-conus-soil,1.0,658,655,0,661,0,-124.132,30.4554,-85.0352,41.9863,02/17/09,10/02/08
cohort-d6f4718a0df5,As,soil,soil_c_horizon,fraction < 2 mm,aqua_regia_extractable_c_horizon_soil_analysis,aas,aqua regia digestion; fraction < 2 mm,mg/kg,single_lineage_ready,594,10,0,0.9834,594,1,pangaea-barents-c-horizon-soil,pangaea-barents-c-horizon-soil,1.0,594,579,0,604,0,24.0498,66.393,35.4177,71.0493,,
cohort-447e823384d1,As,soil,soil_grazing_land,<2 mm,modified_aqua_regia_extractable_dry_soil_<2mm,icp_ms,15 g soil; 90 mL aqua regia; 95 C for one hour; diluted to 300 mL with 5% HCl,mg/kg,single_lineage_ready,116,0,0,1.0,116,1,gemas-europe,gemas-europe,1.0,116,111,0,116,0,-9.5724,35.3114,31.9145,69.4542,,
cohort-519a3bf4f245,As,soil,soil_grazing_land,<63 um,xrf_total_fused_bead_dry_soil_milled_<63um,xrf,fused bead preparation after milling,mg/kg,single_lineage_ready,116,0,0,1.0,116,1,gemas-europe,gemas-europe,1.0,116,111,0,116,0,-9.5724,35.3114,31.9145,69.4542,,
cohort-75e140a5af6f,As,soil,soil_organic_litter,,icpo_method_specific_total_or_extractable_soil,icp_oes,dry ashing of milled organic sample,mg/kg,insufficient_background,0,28,0,0.0,0,0,,,0.0,0,0,28,0,0,,,,,,
cohort-0e623caa30c4,As,soil,soil_subsoil,,ppp_method_specific_total_or_extractable_soil,xrf,pressed powder pellet; no wet digestion,mg/kg,exploratory_only,10,84,0,0.1064,10,1,pangaea-brasol-ne-brazil-soil,pangaea-brasol-ne-brazil-soil,1.0,10,10,94,0,0,-48.357806,-12.481722,-36.241389,-3.575194,,
cohort-ada508036ae1,As,soil,soil_subsoil,<2 mm,aqua_regia_leachable_<2mm_subsoil,icp_oes,hot aqua regia leach at 95 C,mg/kg,single_lineage_ready,419,0,0,1.0,419,1,foregs-subsoil,foregs-subsoil,1.0,419,410,0,419,0,-8.62,35.04,26.32,51.0,,
cohort-ead7c03b2463,As,soil,soil_subsoil,<2 mm,total_selected_<2mm_subsoil,icp_ms,cold HNO3-HF dissolution for selected elements,mg/kg,single_lineage_ready,419,0,0,1.0,419,1,foregs-subsoil,foregs-subsoil,1.0,419,408,0,419,0,-8.62,35.04,26.32,52.49,,
cohort-2634015f26a6,As,soil,soil_subsoil,mineral soil,gemas_protocol_multi_acid_digest_dry_mineral_soil,icp_ms,GEMAS protocol multi-acid digestion,mg/kg,single_lineage_ready,83,0,0,1.0,83,1,pangaea-amazonas-soil,pangaea-amazonas-soil,1.0,83,83,0,83,0,-67.1983,-9.75042,-50.97,-2.53317,2016-03-01,2017-02-27
cohort-ac3221c59dd7,As,soil,soil_surface,<20 µm fine silt-clay fraction,deflatable_soil_fraction_total_acid_digest,icp_ms,HF-HNO3 acid digestion,mg/kg,single_lineage_ready,43,0,0,1.0,43,1,pangaea-north-africa-soil,pangaea-north-africa-soil,1.0,43,43,0,43,0,-13.26,15.67,32.5,33.83,,
cohort-d77988073a8c,As,soil,soil_topsoil,,icpms_method_specific_total_or_extractable_soil,icp_ms,full digestion with HF and HNO3 in Walner equipment,mg/kg,insufficient_background,7,0,0,1.0,7,1,pangaea-brasol-ne-brazil-soil,pangaea-brasol-ne-brazil-soil,1.0,7,7,7,0,0,-48.316917,-12.418917,-35.124,-5.838889,,
cohort-d21091133043,As,soil,soil_topsoil,,icpo_method_specific_total_or_extractable_soil,icp_oes,digestion with 7N HNO3,mg/kg,insufficient_background,3,26,0,0.1034,3,1,pangaea-brasol-ne-brazil-soil,pangaea-brasol-ne-brazil-soil,1.0,3,3,29,0,0,-37.400472,-7.097861,-36.268417,-7.060833,,
cohort-191ae5a6d0fe,As,soil,soil_topsoil,,ppp_method_specific_total_or_extractable_soil,xrf,pressed powder pellet; no wet digestion,mg/kg,insufficient_background,1,100,0,0.0099,1,1,pangaea-brasol-ne-brazil-soil,pangaea-brasol-ne-brazil-soil,1.0,1,1,101,0,0,-48.294611,-10.20125,-48.294611,-10.20125,,
cohort-82cf21365896,As,soil,soil_topsoil,<2 mm,aqua_regia_leachable_<2mm_topsoil,icp_oes,hot aqua regia leach at 95 C,mg/kg,single_lineage_ready,446,0,0,1.0,444,1,foregs-topsoil,foregs-topsoil,1.0,446,435,0,446,0,-15.57,27.96,26.32,50.86,,
cohort-5734329b244f,As,soil,soil_topsoil,<2 mm,total concentration in <2 mm soil fraction,aas,sodium peroxide and sodium hydroxide fusion,mg/kg,single_lineage_ready,660,1,0,0.9985,660,1,usgs-conus-soil,usgs-conus-soil,1.0,660,657,0,661,0,-124.132,30.4554,-85.0352,41.9863,02/17/09,10/01/08
cohort-56ad54b193aa,As,soil,soil_topsoil,<2 mm,total_selected_<2mm_topsoil,icp_ms,cold HNO3-HF dissolution for selected elements,mg/kg,single_lineage_ready,446,0,0,1.0,446,1,foregs-topsoil,foregs-topsoil,1.0,446,435,0,446,0,-15.5660882,27.96442015,26.319878791,50.8575,,
cohort-2ad702b5aa21,As,soil,soil_topsoil,mineral soil,gemas_protocol_multi_acid_digest_dry_mineral_soil,icp_ms,GEMAS protocol multi-acid digestion,mg/kg,single_lineage_ready,83,0,0,1.0,83,1,pangaea-amazonas-soil,pangaea-amazonas-soil,1.0,83,83,0,83,0,-67.1983,-9.75042,-50.97,-2.53317,2016-03-01,2017-02-27
cohort-fdc9acda47de,As,water,water_river,,freshwater_dissolved_operational_fraction_mg_per_l,other_det_of_as_and_se_by_conversion_to_their_hydrides_and_aspiration_of_the_gas_into_the_ag_h_flame,GEMStat dissolved operational fraction,ug/L,single_lineage_ready,46,2,0,0.9583,46,1,gemstat-open-archive,gemstat-open-archive,1.0,46,0,0,48,0,-91.43916667,38.71,-91.43916667,38.71,1979-02-15T12:00,1991-05-06T11:00
cohort-cbb9f4c87b19,As,water,water_river,,freshwater_dissolved_operational_fraction_ug_per_l,icp_ms,GEMStat dissolved operational fraction,ug/L,single_lineage_ready,26,0,0,1.0,26,1,gemstat-open-archive,gemstat-open-archive,1.0,26,0,0,26,0,-117.6,49.02,-117.6,49.02,2010-03-22T11:33,2010-09-29T10:15
cohort-def3a9d77f7d,As,water,water_river,,freshwater_dissolved_operational_fraction_ug_per_l,other_dissolved_metals_with_in_bottle_digestion_using_inductively_coupled_plasma_sector_field_ms,GEMStat dissolved operational fraction,ug/L,single_lineage_ready,22,0,0,1.0,22,1,gemstat-open-archive,gemstat-open-archive,1.0,22,0,0,22,0,-117.6,49.02,-117.6,49.02,2009-08-03T00:00,2010-03-16T14:20
cohort-f35a8e630874,As,water,water_river,,freshwater_suspended_operational_fraction_ug_per_l,other_extractable_metals_with_inductively_coupled_argon_plasma_sector_field_mass_spectrometer_icp_sfms,GEMStat suspended operational fraction,ug/L,single_lineage_ready,48,0,0,1.0,48,1,gemstat-open-archive,gemstat-open-archive,1.0,48,0,0,48,0,-117.6,49.02,-116.44,51.42,2003-03-10T10:15,2004-01-21T09:51
cohort-5d4b679fdb8e,As,water,water_river,,freshwater_total_operational_fraction_mg_per_l,other_determination_of_total_arsenic_antimony_and_selenium_by_inductively_coupled_argon_plasma,GEMStat total operational fraction,ug/L,insufficient_background,6,0,0,1.0,6,1,gemstat-open-archive,gemstat-open-archive,1.0,6,0,0,6,0,-139.78,60.05,-128.9,67.58,2001-09-03T12:30,2002-01-16T14:00
cohort-024406520c76,As,water,water_river,,freshwater_total_operational_fraction_mg_per_l,other_inductively_coupled_plasma_icp_method_with_ash3_generation_and_s2o8_digestion,GEMStat total operational fraction,ug/L,insufficient_background,7,0,0,1.0,7,1,gemstat-open-archive,gemstat-open-archive,1.0,7,0,0,7,0,-137.97,60.05,-128.9,60.12,2001-09-16T11:00,2002-01-30T10:40
cohort-fd9bb5e01ffd,As,water,water_river,,freshwater_total_operational_fraction_mg_per_l,other_inductively_coupled_plasma_sector_field_mass_spectrometry_with_closed_vessel_digestion,GEMStat total operational fraction,ug/L,single_lineage_ready,52,0,0,1.0,52,1,gemstat-open-archive,gemstat-open-archive,1.0,52,0,0,52,0,-137.97,51.21,-116.44,60.12,2003-03-24T07:15,2004-06-14T09:35
cohort-13759d9da1e8,As,water,water_river,,freshwater_total_operational_fraction_mg_per_l,other_silver_diethyldithiocarbamate_method_with_hno3_digestion,GEMStat total operational fraction,ug/L,single_lineage_ready,42,6,0,0.875,42,1,gemstat-open-archive,gemstat-open-archive,1.0,42,0,0,48,0,-91.43916667,38.71,-74.77833333,40.22166667,1979-02-15T12:00,1982-09-21T09:45
cohort-1dcc04c580ff,As,water,water_river,,freshwater_total_operational_fraction_ug_per_l,icp_ms,GEMStat total operational fraction,ug/L,single_lineage_ready,384,0,0,1.0,384,1,gemstat-open-archive,gemstat-open-archive,1.0,384,0,0,384,0,-139.78,51.21,-116.44,67.58,2010-03-01T10:15,2019-07-16T09:35
cohort-e1ed9e6d3847,As,water,water_river,,freshwater_total_operational_fraction_ug_per_l,other_total_metals_with_in_bottle_digestion_and_inductively_coupled_plasma_sector_field_mass_spectrometer,GEMStat total operational fraction,ug/L,single_lineage_ready,484,6,0,0.9878,484,1,gemstat-open-archive,gemstat-open-archive,1.0,484,0,0,490,0,-139.78,51.21,-116.44,67.58,2003-03-24T07:15,2013-05-21T11:05
cohort-ab44f688df3c,As,water,water_stream,<0.45 micrometre filtered fraction,dissolved_<0.45um_stream_water,other_icp_qms_for_published_trace_metals,filtered below 0.45 micrometres and acidified to 1% v/v HNO3,ug/L,single_lineage_ready,807,0,0,1.0,807,1,foregs-stream-water,foregs-stream-water,1.0,807,0,0,807,0,-8.74,35.5,31.22,70.16,,
cohort-dfb5e4a2acd8,Cr,sediment,sediment_clay_fraction_bulk,clay fraction,clay_fraction_bulk_sediment_analysis,other_x_ray_diffraction_xrd_per_publisher_parameter_labels,"clay fraction, bulk analysis",mg/kg,single_lineage_ready,49,0,0,1.0,49,1,pangaea-east-china-sea-clay,pangaea-east-china-sea-clay,1.0,49,11,0,49,0,117.71,24.188,126.912,31.87,,
cohort-ce21c7a76c38,Cr,sediment,sediment_clay_fraction_leach_residue,clay fraction,clay_fraction_leach_residue_sediment_analysis,other_x_ray_diffraction_xrd_per_publisher_parameter_labels,"clay fraction, post-leach residue",mg/kg,single_lineage_ready,49,0,0,1.0,49,1,pangaea-east-china-sea-clay,pangaea-east-china-sea-clay,1.0,49,11,0,49,0,117.71,24.188,126.912,31.87,,
cohort-d10371fed968,Cr,sediment,sediment_floodplain,<2 mm; pulverized <0.063 mm,aqua_regia_leachable_<2mm_floodplain_sediment,icp_oes,hot aqua regia leach at 95 C,mg/kg,single_lineage_ready,374,0,0,1.0,374,1,foregs-floodplain-sediment,foregs-floodplain-sediment,1.0,374,348,0,374,0,-15.45288278,27.82639699,26.487047148,49.31,,
cohort-1d69ce48dd42,Cr,sediment,sediment_floodplain,<2 mm; pulverized <0.063 mm,total_selected_<2mm_floodplain_sediment,xrf,pressed powder pellet,mg/kg,single_lineage_ready,372,0,0,1.0,372,1,foregs-floodplain-sediment,foregs-floodplain-sediment,1.0,372,346,0,372,0,-15.45288278,27.82639699,26.487047148,49.31,,
cohort-8c9f63f83d01,Cr,sediment,sediment_marine_core,bulk sediment,bulk_marine_sediment_geochemical_analysis,other_geochemical_analysis_on_bulk_sediment,not reported in publisher table,mg/kg,single_lineage_ready,27,0,0,1.0,26,1,pangaea-arabian-sea-sediment,pangaea-arabian-sea-sediment,1.0,27,0,0,27,0,57.3555,10.0345,68.3668,19.5163,,
cohort-65e0bb23ad60,Cr,sediment,sediment_marine_surface,bulk sediment,bulk_marine_surface_sediment_geochemical_analysis,icp_ms,not reported in publisher table,mg/kg,single_lineage_ready,44,0,0,1.0,44,1,pangaea-south-china-sea-sediment,pangaea-south-china-sea-sediment,1.0,44,0,0,44,0,105.2847,4.0725,120.155,20.6,,
cohort-e8b32881be84,Cr,sediment,sediment_stream,<180 µm fine stream sediment,river_sediment_<180um_national_geochemical_map,,,mg/kg,single_lineage_ready,3024,0,0,1.0,3024,1,japan-gsj-geochemical-map,japan-gsj-geochemical-map,1.0,3024,2622,0,3024,0,127.6799,26.1292,145.7221,45.4518,,
cohort-cf752982e827,Cr,sediment,sediment_stream,wet sieved <150 micrometres,aqua_regia_leachable_<150um_stream_sediment,icp_oes,hot aqua regia leach at 95 C,mg/kg,single_lineage_ready,456,0,0,1.0,456,1,foregs-stream-sediment,foregs-stream-sediment,1.0,456,446,0,456,0,-15.5555631,27.92424718,26.334653006,50.85749,,
cohort-dfe4db9b1f09,Cr,sediment,sediment_stream,wet sieved <150 micrometres,total_selected_<150um_stream_sediment,xrf,pressed powder pellet,mg/kg,single_lineage_ready,456,0,0,1.0,456,1,foregs-stream-sediment,foregs-stream-sediment,1.0,456,446,0,456,0,-15.5555631,27.92424718,26.334653006,50.86,,
cohort-a90f2e937694,Cr,soil,soil_agricultural_ploughed,<2 mm,modified_aqua_regia_extractable_dry_soil_<2mm,icp_ms,15 g soil; 90 mL aqua regia; 95 C for one hour; diluted to 300 mL with 5% HCl,mg/kg,single_lineage_ready,2108,0,0,1.0,2108,1,gemas-europe,gemas-europe,1.0,2108,1991,0,2108,0,-16.3444,28.4742,35.1536,70.5883,,
cohort-92297ba6a546,Cr,soil,soil_agricultural_ploughed,<63 um,xrf_total_fused_bead_dry_soil_milled_<63um,xrf,fused bead preparation after milling,mg/kg,single_lineage_ready,2108,0,0,1.0,2108,1,gemas-europe,gemas-europe,1.0,2108,1991,0,2108,0,-16.3444,28.4742,35.1536,70.5883,,
cohort-fecebe15f6a9,Cr,soil,soil_grazing_land,<2 mm,modified_aqua_regia_extractable_dry_soil_<2mm,icp_ms,15 g soil; 90 mL aqua regia; 95 C for one hour; diluted to 300 mL with 5% HCl,mg/kg,single_lineage_ready,116,0,0,1.0,116,1,gemas-europe,gemas-europe,1.0,116,111,0,116,0,-9.5724,35.3114,31.9145,69.4542,,
cohort-f51bc198e9d7,Cr,soil,soil_grazing_land,<63 um,xrf_total_fused_bead_dry_soil_milled_<63um,xrf,fused bead preparation after milling,mg/kg,single_lineage_ready,116,0,0,1.0,116,1,gemas-europe,gemas-europe,1.0,116,111,0,116,0,-9.5724,35.3114,31.9145,69.4542,,
cohort-b09726cf53e3,Cr,soil,soil_organic_litter,,icpo_method_specific_total_or_extractable_soil,icp_oes,dry ashing of milled organic sample,mg/kg,single_lineage_ready,28,0,0,1.0,28,1,pangaea-brasol-ne-brazil-soil,pangaea-brasol-ne-brazil-soil,1.0,28,26,28,0,0,-37.493361,-7.291667,-34.852917,-7.036667,,
cohort-e445c2c4abc5,Cr,soil,soil_subsoil,,gfd_method_specific_total_or_extractable_soil,xrf,glass fusion disc preparation,mg/kg,exploratory_only,56,44,0,0.56,56,1,pangaea-brasol-ne-brazil-soil,pangaea-brasol-ne-brazil-soil,1.0,56,55,100,0,0,-48.866,-12.484194,-34.932111,-3.019861,,
cohort-14f6c930e7e3,Cr,soil,soil_subsoil,<2 mm,aqua_regia_leachable_<2mm_subsoil,icp_oes,hot aqua regia leach at 95 C,mg/kg,single_lineage_ready,419,0,0,1.0,419,1,foregs-subsoil,foregs-subsoil,1.0,419,410,0,419,0,-8.62,35.04,26.32,51.0,,
cohort-347c20a846e0,Cr,soil,soil_subsoil,<2 mm,total_selected_<2mm_subsoil,xrf,lithium metaborate fusion,mg/kg,single_lineage_ready,419,0,0,1.0,419,1,foregs-subsoil,foregs-subsoil,1.0,419,410,0,419,0,-8.6201987961374,35.043132637,26.319878791,50.99929,,
cohort-1866931bc91a,Cr,soil,soil_subsoil,mineral soil,gemas_protocol_multi_acid_digest_dry_mineral_soil,icp_ms,GEMAS protocol multi-acid digestion,mg/kg,single_lineage_ready,84,0,0,1.0,84,1,pangaea-amazonas-soil,pangaea-amazonas-soil,1.0,84,84,0,84,0,-67.1983,-9.75042,-50.97,-2.53317,2016-03-01,2017-02-27
cohort-07789e760e3b,Cr,soil,soil_topsoil,,gfd_method_specific_total_or_extractable_soil,xrf,glass fusion disc preparation,mg/kg,insufficient_background,5,11,0,0.3125,5,1,pangaea-brasol-ne-brazil-soil,pangaea-brasol-ne-brazil-soil,1.0,5,5,16,0,0,-39.617972,-11.329917,-35.645056,-5.692528,,
cohort-e36477da93d0,Cr,soil,soil_topsoil,,icpms_method_specific_total_or_extractable_soil,icp_ms,full digestion with HF and HNO3 in Walner equipment,mg/kg,single_lineage_ready,35,0,0,1.0,35,1,pangaea-brasol-ne-brazil-soil,pangaea-brasol-ne-brazil-soil,1.0,35,33,35,0,0,-48.316917,-12.418917,-34.852917,-5.838889,,
cohort-429aa04a1e56,Cr,soil,soil_topsoil,,icpo_method_specific_total_or_extractable_soil,icp_oes,digestion with 7N HNO3,mg/kg,insufficient_background,1,0,0,1.0,1,1,pangaea-brasol-ne-brazil-soil,pangaea-brasol-ne-brazil-soil,1.0,1,1,1,0,0,-36.718611,-7.069472,-36.718611,-7.069472,,
cohort-c0211b1bc418,Cr,soil,soil_topsoil,,ppp_method_specific_total_or_extractable_soil,xrf,pressed powder pellet; no wet digestion,mg/kg,single_lineage_ready,84,1,0,0.9882,84,1,pangaea-brasol-ne-brazil-soil,pangaea-brasol-ne-brazil-soil,1.0,84,83,85,0,0,-49.067694,-12.499917,-35.407722,-2.40975,,
cohort-f37abc8a7d63,Cr,soil,soil_topsoil,<2 mm,aqua_regia_leachable_<2mm_topsoil,icp_oes,hot aqua regia leach at 95 C,mg/kg,single_lineage_ready,446,0,0,1.0,444,1,foregs-topsoil,foregs-topsoil,1.0,446,435,0,446,0,-15.57,27.96,26.32,50.86,,
cohort-4f4534b70c16,Cr,soil,soil_topsoil,<2 mm,total_selected_<2mm_topsoil,xrf,lithium metaborate fusion,mg/kg,single_lineage_ready,446,0,0,1.0,438,1,foregs-topsoil,foregs-topsoil,1.0,446,436,0,446,0,-15.5660882,27.96442015,26.319878791,50.8575,,
cohort-de1f5364d431,Cr,soil,soil_topsoil,mineral soil,gemas_protocol_multi_acid_digest_dry_mineral_soil,icp_ms,GEMAS protocol multi-acid digestion,mg/kg,single_lineage_ready,83,0,0,1.0,83,1,pangaea-amazonas-soil,pangaea-amazonas-soil,1.0,83,83,0,83,0,-67.1983,-9.75042,-50.97,-2.53317,2016-03-01,2017-02-27
cohort-7b9742142d03,Cr,water,water_river,,freshwater_dissolved_operational_fraction_mg_per_l,aas,GEMStat dissolved operational fraction,ug/L,exploratory_only,13,35,0,0.2708,13,1,gemstat-open-archive,gemstat-open-archive,1.0,13,0,0,48,0,-91.43916667,38.71,-91.43916667,38.71,1981-05-28T10:00,1996-03-29T11:45
cohort-1e8c58a0d6b2,Cr,water,water_river,,freshwater_dissolved_operational_fraction_ug_per_l,icp_ms,GEMStat dissolved operational fraction,ug/L,single_lineage_ready,26,0,0,1.0,26,1,gemstat-open-archive,gemstat-open-archive,1.0,26,0,0,26,0,-117.6,49.02,-117.6,49.02,2010-03-22T11:33,2010-09-29T10:15
cohort-9f70e0fff915,Cr,water,water_river,,freshwater_dissolved_operational_fraction_ug_per_l,other_dissolved_metals_with_in_bottle_digestion_using_inductively_coupled_plasma_sector_field_ms,GEMStat dissolved operational fraction,ug/L,single_lineage_ready,22,0,0,1.0,22,1,gemstat-open-archive,gemstat-open-archive,1.0,22,0,0,22,0,-117.6,49.02,-117.6,49.02,2009-08-03T00:00,2010-03-16T14:20
cohort-b9bace8759e8,Cr,water,water_river,,freshwater_extractable_operational_fraction_ug_per_l,other_extractable_metals_by_inductively_coupled_argon_plasma_mass_spectrometry_with_pneumatic_nebulization,GEMStat extractable operational fraction,ug/L,exploratory_only,30,18,0,0.625,30,1,gemstat-open-archive,gemstat-open-archive,1.0,30,0,0,48,0,-137.97,51.21,-116.44,60.12,2001-01-02T09:20,2003-02-10T11:35
cohort-561ea4815cd3,Cr,water,water_river,,freshwater_total_operational_fraction_mg_per_l,aas,GEMStat total operational fraction,ug/L,single_lineage_ready,42,6,0,0.875,42,1,gemstat-open-archive,gemstat-open-archive,1.0,42,0,0,48,0,-91.43916667,38.71,-77.11722222,38.92944444,1979-03-27T10:00,1982-07-22T10:30
cohort-d338c85f300b,Cr,water,water_river,,freshwater_total_operational_fraction_mg_per_l,other_inductively_coupled_plasma_icp_method_total_metals_after_rigorous_digestion,GEMStat total operational fraction,ug/L,exploratory_only,49,107,0,0.3141,49,1,gemstat-open-archive,gemstat-open-archive,1.0,49,0,0,156,0,-137.97,51.21,-116.44,60.12,2000-03-20T09:46,2003-02-24T11:10
cohort-9123e6154732,Cr,water,water_river,,freshwater_total_operational_fraction_mg_per_l,other_inductively_coupled_plasma_sector_field_mass_spectrometry_with_closed_vessel_digestion,GEMStat total operational fraction,ug/L,single_lineage_ready,38,0,0,1.0,38,1,gemstat-open-archive,gemstat-open-archive,1.0,38,0,0,38,0,-137.97,51.21,-117.7,60.12,2003-03-24T07:15,2004-06-14T08:35
cohort-203b8203e249,Cr,water,water_river,,freshwater_total_operational_fraction_mg_per_l,other_total_metals_by_inductively_coupled_argon_plasma_emission_spectrometry_with_external_nebulizer,GEMStat total operational fraction,ug/L,exploratory_only,62,102,0,0.378,62,1,gemstat-open-archive,gemstat-open-archive,1.0,62,0,0,164,0,-139.78,51.21,-116.44,67.58,2000-03-20T09:46,2003-02-24T11:10
cohort-f24ac064c403,Cr,water,water_river,,freshwater_total_operational_fraction_ug_per_l,icp_ms,GEMStat total operational fraction,ug/L,single_lineage_ready,281,0,0,1.0,281,1,gemstat-open-archive,gemstat-open-archive,1.0,281,0,0,281,0,-139.78,51.21,-117.7,67.58,2010-03-08T10:15,2019-07-16T09:35
cohort-10970ff7a085,Cr,water,water_river,,freshwater_total_operational_fraction_ug_per_l,other_total_metals_with_in_bottle_digestion_and_inductively_coupled_plasma_sector_field_mass_spectrometer,GEMStat total operational fraction,ug/L,single_lineage_ready,300,0,0,1.0,300,1,gemstat-open-archive,gemstat-open-archive,1.0,300,0,0,300,0,-139.78,51.21,-117.7,67.58,2003-03-24T07:15,2013-05-21T11:05
cohort-5242941c4aee,Cr,water,water_stream,<0.45 micrometre filtered fraction,dissolved_<0.45um_stream_water,other_icp_qms_for_published_trace_metals,filtered below 0.45 micrometres and acidified to 1% v/v HNO3,ug/L,single_lineage_ready,806,0,0,1.0,806,1,foregs-stream-water,foregs-stream-water,1.0,806,0,0,806,0,-8.74,35.5,31.22,70.16,,
cohort-ba02dd1e8f41,Cu,sediment,sediment_clay_fraction_bulk,clay fraction,clay_fraction_bulk_sediment_analysis,other_x_ray_diffraction_xrd_per_publisher_parameter_labels,"clay fraction, bulk analysis",mg/kg,single_lineage_ready,49,0,0,1.0,49,1,pangaea-east-china-sea-clay,pangaea-east-china-sea-clay,1.0,49,11,0,49,0,117.71,24.188,126.912,31.87,,
cohort-65e22fa1e444,Cu,sediment,sediment_clay_fraction_leach_residue,clay fraction,clay_fraction_leach_residue_sediment_analysis,other_x_ray_diffraction_xrd_per_publisher_parameter_labels,"clay fraction, post-leach residue",mg/kg,single_lineage_ready,49,0,0,1.0,49,1,pangaea-east-china-sea-clay,pangaea-east-china-sea-clay,1.0,49,11,0,49,0,117.71,24.188,126.912,31.87,,
cohort-65503801af3f,Cu,sediment,sediment_floodplain,<2 mm; pulverized <0.063 mm,aqua_regia_leachable_<2mm_floodplain_sediment,icp_oes,hot aqua regia leach at 95 C,mg/kg,single_lineage_ready,374,0,0,1.0,374,1,foregs-floodplain-sediment,foregs-floodplain-sediment,1.0,374,348,0,374,0,-15.45288278,27.82639699,26.487047148,49.31,,
cohort-a202d45b9857,Cu,sediment,sediment_floodplain,<2 mm; pulverized <0.063 mm,total_selected_<2mm_floodplain_sediment,xrf,pressed powder pellet,mg/kg,single_lineage_ready,372,0,0,1.0,372,1,foregs-floodplain-sediment,foregs-floodplain-sediment,1.0,372,346,0,372,0,-15.45288278,27.82639699,26.487047148,49.31,,
cohort-2a252448480c,Cu,sediment,sediment_marine,,dry_weight_partial_nitric_acid,icp_oes,Metoden anvendes på analyseløsninger fremstilt ved ekstraksjon med 7 M HNO3 i autoklav i samsvar med Norsk Standard - NS 4770,mg/kg,single_lineage_ready,401,0,0,1.0,401,1,norway-marchem,norway-marchem,1.0,401,0,0,401,0,5.5623,64.0723,36.6777,78.252,2015,2017
cohort-4133b96d86f3,Cu,sediment,sediment_marine,,dry_weight_partial_nitric_acid,icp_oes,Prøveframstilling følger prosedyre i LABdok_P03: Framstilling av analyseløsninger etter partiell oppslutning i salpetersyre iht. NS-4770.,mg/kg,single_lineage_ready,461,18,0,0.9624,461,1,norway-marchem,norway-marchem,1.0,461,0,0,479,0,1.588881,56.732085,34.038155,81.548998,2019,2024
cohort-4518af71de29,Cu,sediment,sediment_marine_core,bulk sediment,bulk_marine_sediment_geochemical_analysis,other_geochemical_analysis_on_bulk_sediment,not reported in publisher table,mg/kg,single_lineage_ready,27,0,0,1.0,26,1,pangaea-arabian-sea-sediment,pangaea-arabian-sea-sediment,1.0,27,0,0,27,0,57.3555,10.0345,68.3668,19.5163,,
cohort-94ab16444926,Cu,sediment,sediment_marine_surface,bulk sediment,bulk_marine_surface_sediment_geochemical_analysis,icp_ms,not reported in publisher table,mg/kg,single_lineage_ready,44,0,0,1.0,44,1,pangaea-south-china-sea-sediment,pangaea-south-china-sea-sediment,1.0,44,0,0,44,0,105.2847,4.0725,120.155,20.6,,
cohort-692d22c3028b,Cu,sediment,sediment_outlet_bottom,<75 µm,ICP-MS reported concentration in <75 µm catchment-outlet sediment; BOS,icp_ms,publisher classifies ICP-MS in the total analytical suite; digestion chemistry is not stated in the CSV,mg/kg,single_lineage_ready,1059,8,0,0.9925,1059,1,australia-ngsa,australia-ngsa,1.0,1059,1036,0,1067,0,113.8452,-43.3302,153.3335,-11.1039,1/03/2008,9/12/2007
cohort-4a97743edc51,Cu,sediment,sediment_outlet_top,<75 µm,ICP-MS reported concentration in <75 µm catchment-outlet sediment; TOS,icp_ms,publisher classifies ICP-MS in the total analytical suite; digestion chemistry is not stated in the CSV,mg/kg,single_lineage_ready,1060,4,0,0.9962,1060,1,australia-ngsa,australia-ngsa,1.0,1060,1039,0,1064,0,113.8452,-43.3302,153.3335,-11.1039,1/03/2008,9/12/2007
cohort-e8f50a3fbce1,Cu,sediment,sediment_stream,<180 µm fine stream sediment,river_sediment_<180um_national_geochemical_map,,,mg/kg,single_lineage_ready,3024,0,0,1.0,3024,1,japan-gsj-geochemical-map,japan-gsj-geochemical-map,1.0,3024,2622,0,3024,0,127.6799,26.1292,145.7221,45.4518,,
cohort-cab77f7c59cf,Cu,sediment,sediment_stream,wet sieved <150 micrometres,aqua_regia_leachable_<150um_stream_sediment,icp_oes,hot aqua regia leach at 95 C,mg/kg,single_lineage_ready,456,0,0,1.0,456,1,foregs-stream-sediment,foregs-stream-sediment,1.0,456,446,0,456,0,-15.5555631,27.92424718,26.334653006,50.85749,,
cohort-bc4def306c1c,Cu,sediment,sediment_stream,wet sieved <150 micrometres,total_selected_<150um_stream_sediment,xrf,pressed powder pellet,mg/kg,single_lineage_ready,456,0,0,1.0,456,1,foregs-stream-sediment,foregs-stream-sediment,1.0,456,446,0,456,0,-15.5555631,27.92424718,26.334653006,50.86,,
cohort-bb71b342eace,Cu,soil,soil_a_horizon,<2 mm,near-total concentration in <2 mm soil fraction,icp_oes,near-total HCl-HNO3-HClO4-HF digestion,mg/kg,single_lineage_ready,660,1,0,0.9985,660,1,usgs-conus-soil,usgs-conus-soil,1.0,660,657,0,661,0,-124.132,30.4554,-85.0352,41.9863,02/17/09,10/01/08
cohort-50cde350cb7e,Cu,soil,soil_agricultural_ploughed,<2 mm,modified_aqua_regia_extractable_dry_soil_<2mm,icp_ms,15 g soil; 90 mL aqua regia; 95 C for one hour; diluted to 300 mL with 5% HCl,mg/kg,single_lineage_ready,2108,0,0,1.0,2108,1,gemas-europe,gemas-europe,1.0,2108,1991,0,2108,0,-16.3444,28.4742,35.1536,70.5883,,
cohort-4753fd5e5146,Cu,soil,soil_agricultural_ploughed,<63 um,xrf_total_fused_bead_dry_soil_milled_<63um,xrf,fused bead preparation after milling,mg/kg,single_lineage_ready,2108,0,0,1.0,2108,1,gemas-europe,gemas-europe,1.0,2108,1991,0,2108,0,-16.3444,28.4742,35.1536,70.5883,,
cohort-ef4c96eecd7c,Cu,soil,soil_c_horizon,<2 mm,near-total concentration in <2 mm soil fraction,icp_oes,near-total HCl-HNO3-HClO4-HF digestion,mg/kg,single_lineage_ready,661,0,0,1.0,661,1,usgs-conus-soil,usgs-conus-soil,1.0,661,658,0,661,0,-124.132,30.4554,-85.0352,41.9863,02/17/09,10/02/08
cohort-96cc2d21e62d,Cu,soil,soil_c_horizon,fraction < 2 mm,aqua_regia_extractable_c_horizon_soil_analysis,icp_oes,aqua regia digestion; fraction < 2 mm,mg/kg,single_lineage_ready,604,0,0,1.0,604,1,pangaea-barents-c-horizon-soil,pangaea-barents-c-horizon-soil,1.0,604,589,0,604,0,24.0498,66.393,35.4177,71.0493,,
cohort-73839242481c,Cu,soil,soil_grazing_land,<2 mm,modified_aqua_regia_extractable_dry_soil_<2mm,icp_ms,15 g soil; 90 mL aqua regia; 95 C for one hour; diluted to 300 mL with 5% HCl,mg/kg,single_lineage_ready,116,0,0,1.0,116,1,gemas-europe,gemas-europe,1.0,116,111,0,116,0,-9.5724,35.3114,31.9145,69.4542,,
cohort-38a8ca198d7c,Cu,soil,soil_grazing_land,<63 um,xrf_total_fused_bead_dry_soil_milled_<63um,xrf,fused bead preparation after milling,mg/kg,single_lineage_ready,116,0,0,1.0,116,1,gemas-europe,gemas-europe,1.0,116,111,0,116,0,-9.5724,35.3114,31.9145,69.4542,,
cohort-486b564e757a,Cu,soil,soil_ground_particles_from_thawed_ice,,certified_acid_digest_soil_and_soil_inclusions,icp_ms,certified NSAM 499-AES/MS (2015) laboratory method; exact digestion reagent not reported in table,mg/kg,insufficient_background,1,0,0,1.0,1,1,pangaea-batagay-soil,pangaea-batagay-soil,1.0,1,1,0,1,0,134.771944,67.580278,134.771944,67.580278,,
cohort-9f013b8cea1a,Cu,soil,soil_humus,source humus material,mild_nitric_acid_leachable_humus,icp_ms,4.5% HNO3 ultrasonic extraction for 90 minutes,mg/kg,single_lineage_ready,367,0,0,1.0,367,1,foregs-humus,foregs-humus,1.0,367,363,0,367,0,-8.75,44.18,31.22,70.16,,
cohort-611c8b3a9a4f,Cu,soil,soil_inclusion_in_ice_wedge,,certified_acid_digest_soil_and_soil_inclusions,icp_ms,certified NSAM 499-AES/MS (2015) laboratory method; exact digestion reagent not reported in table,mg/kg,exploratory_only,11,0,0,1.0,11,1,pangaea-batagay-soil,pangaea-batagay-soil,1.0,11,11,0,11,0,134.771944,67.580278,134.771944,67.580278,,
cohort-2068bab918d1,Cu,soil,soil_organic_litter,,icpo_method_specific_total_or_extractable_soil,icp_oes,dry ashing of milled organic sample,mg/kg,single_lineage_ready,28,0,0,1.0,28,1,pangaea-brasol-ne-brazil-soil,pangaea-brasol-ne-brazil-soil,1.0,28,26,28,0,0,-37.493361,-7.291667,-34.852917,-7.036667,,
cohort-4c32d5f11d4e,Cu,soil,soil_profile,,certified_acid_digest_soil_and_soil_inclusions,icp_ms,certified NSAM 499-AES/MS (2015) laboratory method; exact digestion reagent not reported in table,mg/kg,exploratory_only,19,0,0,1.0,19,1,pangaea-batagay-soil,pangaea-batagay-soil,1.0,19,19,0,19,0,134.771944,67.580278,134.771944,67.580278,,
cohort-eb97237d00d4,Cu,soil,soil_subsoil,,ppp_method_specific_total_or_extractable_soil,xrf,pressed powder pellet; no wet digestion,mg/kg,single_lineage_ready,74,26,0,0.74,74,1,pangaea-brasol-ne-brazil-soil,pangaea-brasol-ne-brazil-soil,1.0,74,73,100,0,0,-49.067694,-12.436139,-34.952,-3.019861,,
cohort-028c440752a6,Cu,soil,soil_subsoil,<2 mm,aqua_regia_leachable_<2mm_subsoil,icp_oes,hot aqua regia leach at 95 C,mg/kg,single_lineage_ready,419,0,0,1.0,419,1,foregs-subsoil,foregs-subsoil,1.0,419,410,0,419,0,-8.62,35.04,26.32,51.0,,
cohort-b47e37a7bdc5,Cu,soil,soil_subsoil,<2 mm,total_selected_<2mm_subsoil,icp_ms,cold HNO3-HF dissolution for selected elements,mg/kg,single_lineage_ready,419,0,0,1.0,419,1,foregs-subsoil,foregs-subsoil,1.0,419,408,0,419,0,-8.62,35.04,26.32,52.49,,
cohort-803517b7275a,Cu,soil,soil_subsoil,mineral soil,gemas_protocol_multi_acid_digest_dry_mineral_soil,icp_ms,GEMAS protocol multi-acid digestion,mg/kg,single_lineage_ready,83,0,0,1.0,83,1,pangaea-amazonas-soil,pangaea-amazonas-soil,1.0,83,83,0,83,0,-67.1983,-9.75042,-50.97,-2.53317,2016-03-01,2017-02-27
cohort-ea530174f4d8,Cu,soil,soil_surface,<20 µm fine silt-clay fraction,deflatable_soil_fraction_total_acid_digest,icp_ms,HF-HNO3 acid digestion,mg/kg,single_lineage_ready,43,0,0,1.0,43,1,pangaea-north-africa-soil,pangaea-north-africa-soil,1.0,43,43,0,43,0,-13.26,15.67,32.5,33.83,,
cohort-bf266764f682,Cu,soil,soil_topsoil,,icpms_method_specific_total_or_extractable_soil,icp_ms,full digestion with HF and HNO3 in Walner equipment,mg/kg,single_lineage_ready,36,0,0,1.0,36,1,pangaea-brasol-ne-brazil-soil,pangaea-brasol-ne-brazil-soil,1.0,36,34,36,0,0,-48.316917,-12.418917,-34.852917,-5.838889,,
cohort-1dbae9233c77,Cu,soil,soil_topsoil,,ppp_method_specific_total_or_extractable_soil,xrf,pressed powder pellet; no wet digestion,mg/kg,single_lineage_ready,88,13,0,0.8713,88,1,pangaea-brasol-ne-brazil-soil,pangaea-brasol-ne-brazil-soil,1.0,88,85,101,0,0,-49.067694,-12.499917,-34.932111,-2.40975,,
cohort-6ceb67726261,Cu,soil,soil_topsoil,<2 mm,aqua_regia_leachable_<2mm_topsoil,icp_oes,hot aqua regia leach at 95 C,mg/kg,single_lineage_ready,446,0,0,1.0,444,1,foregs-topsoil,foregs-topsoil,1.0,446,435,0,446,0,-15.57,27.96,26.32,50.86,,
cohort-ca015462671a,Cu,soil,soil_topsoil,<2 mm,near-total concentration in <2 mm soil fraction,icp_oes,near-total HCl-HNO3-HClO4-HF digestion,mg/kg,single_lineage_ready,661,0,0,1.0,661,1,usgs-conus-soil,usgs-conus-soil,1.0,661,658,0,661,0,-124.132,30.4554,-85.0352,41.9863,02/16/09,10/01/08
cohort-4b4f2a35089e,Cu,soil,soil_topsoil,<2 mm,total_selected_<2mm_topsoil,icp_ms,cold HNO3-HF dissolution for selected elements,mg/kg,single_lineage_ready,446,0,0,1.0,446,1,foregs-topsoil,foregs-topsoil,1.0,446,435,0,446,0,-15.5660882,27.96442015,26.319878791,50.8575,,
cohort-c79f861e4692,Cu,soil,soil_topsoil,mineral soil,gemas_protocol_multi_acid_digest_dry_mineral_soil,icp_ms,GEMAS protocol multi-acid digestion,mg/kg,single_lineage_ready,83,0,0,1.0,83,1,pangaea-amazonas-soil,pangaea-amazonas-soil,1.0,83,83,0,83,0,-67.1983,-9.75042,-50.97,-2.53317,2016-03-01,2017-02-27
cohort-a5b734f7ab40,Cu,water,water_river,,freshwater_dissolved_operational_fraction_mg_per_l,aas,GEMStat dissolved operational fraction,ug/L,single_lineage_ready,43,5,0,0.8958,43,1,gemstat-open-archive,gemstat-open-archive,1.0,43,0,0,48,0,-91.43916667,38.71,-91.43916667,38.71,1979-02-15T12:00,1991-05-06T11:00
cohort-ab91c539789f,Cu,water,water_river,,freshwater_dissolved_operational_fraction_ug_per_l,icp_ms,GEMStat dissolved operational fraction,ug/L,single_lineage_ready,48,0,0,1.0,48,1,gemstat-open-archive,gemstat-open-archive,1.0,48,0,0,48,0,-117.6,49.02,-117.6,49.02,2013-06-12T11:15,2014-06-24T10:10
cohort-58396c7e07bb,Cu,water,water_river,,freshwater_extractable_operational_fraction_ug_per_l,other_extractable_metals_by_inductively_coupled_argon_plasma_mass_spectrometry_with_pneumatic_nebulization,GEMStat extractable operational fraction,ug/L,single_lineage_ready,50,0,0,1.0,50,1,gemstat-open-archive,gemstat-open-archive,1.0,50,0,0,50,0,-139.78,51.21,-117.7,67.58,2000-02-21T11:46,2003-02-10T11:35
cohort-9159497b9c3b,Cu,water,water_river,,freshwater_total_operational_fraction_mg_per_l,aas,GEMStat total operational fraction,ug/L,single_lineage_ready,47,1,0,0.9792,47,1,gemstat-open-archive,gemstat-open-archive,1.0,47,0,0,48,0,-91.43916667,38.71,-77.11722222,38.92944444,1979-02-15T12:00,1982-07-22T10:30
cohort-2d696c89081c,Cu,water,water_river,,freshwater_total_operational_fraction_mg_per_l,other_inductively_coupled_plasma_icp_method_total_metals_after_rigorous_digestion,GEMStat total operational fraction,ug/L,single_lineage_ready,102,26,0,0.7969,102,1,gemstat-open-archive,gemstat-open-archive,1.0,102,0,0,128,0,-137.97,51.21,-117.7,60.12,2000-01-10T16:00,2003-02-24T11:10
cohort-4900819858a4,Cu,water,water_river,,freshwater_total_operational_fraction_mg_per_l,other_inductively_coupled_plasma_sector_field_mass_spectrometry_with_closed_vessel_digestion,GEMStat total operational fraction,ug/L,single_lineage_ready,44,0,0,1.0,44,1,gemstat-open-archive,gemstat-open-archive,1.0,44,0,0,44,0,-137.97,51.21,-117.7,60.12,2003-03-24T07:15,2004-06-14T08:35
cohort-02b90b16f580,Cu,water,water_river,,freshwater_total_operational_fraction_mg_per_l,other_total_metals_by_inductively_coupled_argon_plasma_emission_spectrometry_with_external_nebulizer,GEMStat total operational fraction,ug/L,single_lineage_ready,133,14,0,0.9048,133,1,gemstat-open-archive,gemstat-open-archive,1.0,133,0,0,147,0,-139.78,51.21,-117.7,67.58,2000-01-10T16:00,2003-02-24T11:10
cohort-1015e1deb364,Cu,water,water_river,,freshwater_total_operational_fraction_ug_per_l,icp_ms,GEMStat total operational fraction,ug/L,single_lineage_ready,276,1,0,0.9964,276,1,gemstat-open-archive,gemstat-open-archive,1.0,276,0,0,277,0,-139.78,51.21,-117.7,67.58,2010-03-08T10:15,2019-07-16T09:35
cohort-a37a22e3e448,Cu,water,water_river,,freshwater_total_operational_fraction_ug_per_l,other_total_metals_with_in_bottle_digestion_and_inductively_coupled_plasma_sector_field_mass_spectrometer,GEMStat total operational fraction,ug/L,single_lineage_ready,292,1,0,0.9966,292,1,gemstat-open-archive,gemstat-open-archive,1.0,292,0,0,293,0,-139.78,51.21,-117.7,67.58,2003-03-24T07:15,2013-05-21T11:05
cohort-001cde72840f,Cu,water,water_seawater,,dissolved_seawater_molar_per_mass,,dissolved_fraction; multiple linked BODC method records unresolved to observation,nmol/kg,single_lineage_ready,1723,0,0,1.0,1719,1,geotraces-idp2025,geotraces-idp2025,1.0,1723,0,0,1723,0,-178.503006,-77.7015,177.524002,55.77,2005-01-10T10:55:59,2014-11-21T03:23:59
cohort-08b5f8681cdb,Cu,water,water_seawater,,dissolved_seawater_molar_per_mass,other_bodc_originator_and_methods_record_326861,dissolved_fraction; linked BODC cruise-analyte method record,nmol/kg,single_lineage_ready,47,0,0,1.0,47,1,geotraces-idp2025,geotraces-idp2025,1.0,47,0,0,47,0,-64.171906,29.7001,-56.816895,31.749399,2011-11-20T17:06:54,2011-11-24T02:19:32
cohort-d1366f643e20,Cu,water,water_seawater,,dissolved_seawater_molar_per_mass,other_bodc_originator_and_methods_record_484452,dissolved_fraction; linked BODC cruise-analyte method record,nmol/kg,single_lineage_ready,469,0,0,1.0,463,1,geotraces-idp2025,geotraces-idp2025,1.0,469,0,0,469,0,-54.005707,-40.2607,18.128401,-34.043701,2011-12-27T18:58:00,2012-01-26T09:16:49
cohort-3da54ba1c0db,Cu,water,water_seawater,,dissolved_seawater_molar_per_mass,other_bodc_originator_and_methods_record_579050,dissolved_fraction; linked BODC cruise-analyte method record,nmol/kg,single_lineage_ready,567,0,0,1.0,567,1,geotraces-idp2025,geotraces-idp2025,1.0,567,0,0,567,0,-155.748001,70.999702,179.886993,89.930099,2015-08-20T03:27:23,2015-10-09T04:41:00
cohort-a25a4b273f02,Cu,water,water_seawater,,dissolved_seawater_molar_per_mass,other_bodc_originator_and_methods_record_585056,dissolved_fraction; linked BODC cruise-analyte method record,nmol/kg,single_lineage_ready,386,0,0,1.0,385,1,geotraces-idp2025,geotraces-idp2025,1.0,386,0,0,386,0,-169.998993,44.000099,175.001999,59.5546,2017-06-28T00:53:51,2017-08-02T23:15:23
cohort-c2459e721e02,Cu,water,water_seawater,,dissolved_seawater_molar_per_mass,other_bodc_originator_and_methods_record_588409,dissolved_fraction; linked BODC cruise-analyte method record,nmol/kg,exploratory_only,19,0,0,1.0,19,1,geotraces-idp2025,geotraces-idp2025,1.0,19,0,0,19,0,-179.072998,60.196999,-147.841003,78.171799,2015-08-12T23:26:39,2015-10-07T19:35:38
cohort-90035708d4b5,Cu,water,water_seawater,,dissolved_seawater_molar_per_mass,other_bodc_originator_and_methods_record_591363,dissolved_fraction; linked BODC cruise-analyte method record,nmol/kg,single_lineage_ready,512,0,0,1.0,508,1,geotraces-idp2025,geotraces-idp2025,1.0,512,0,0,512,0,-89.00119,-18.0005,-71.514801,-10.6812,2017-03-15T20:29:59,2017-04-07T15:25:29
cohort-6cce8290d0f1,Cu,water,water_seawater,,dissolved_seawater_molar_per_mass,other_bodc_originator_and_methods_record_668909,dissolved_fraction; linked BODC cruise-analyte method record,nmol/kg,single_lineage_ready,450,0,0,1.0,450,1,geotraces-idp2025,geotraces-idp2025,1.0,450,0,0,450,0,-19.516907,76.801399,8.32663,80.853203,2016-07-22T23:26:24,2016-09-01T12:34:19
cohort-2e4412b66c5c,Cu,water,water_seawater,,dissolved_seawater_molar_per_mass,other_bodc_originator_and_methods_record_672087,dissolved_fraction; linked BODC cruise-analyte method record,nmol/kg,single_lineage_ready,366,0,0,1.0,366,1,geotraces-idp2025,geotraces-idp2025,1.0,366,0,0,366,0,121.234001,11.006,154.886002,21.0366,2019-04-28T08:35:48,2019-06-08T22:30:04
cohort-11d4615529dd,Cu,water,water_seawater,,dissolved_seawater_molar_per_mass,other_bodc_originator_and_methods_record_675923,dissolved_fraction; linked BODC cruise-analyte method record,nmol/kg,single_lineage_ready,229,0,0,1.0,229,1,geotraces-idp2025,geotraces-idp2025,1.0,229,0,0,229,0,-155.735992,-74.1763,-112.134995,-50.999802,2017-12-27T08:58:14,2018-02-02T14:10:02
cohort-3b4fa90296cc,Cu,water,water_seawater,,dissolved_seawater_molar_per_mass,other_bodc_originator_and_methods_record_676007,dissolved_fraction; linked BODC cruise-analyte method record,nmol/kg,single_lineage_ready,291,0,0,1.0,291,1,geotraces-idp2025,geotraces-idp2025,1.0,291,0,0,291,0,-54.524597,-70.175102,0.09967,-59.084,2018-12-27T00:05:58,2019-02-01T02:45:59
cohort-b7e2f7f596ff,Cu,water,water_seawater,,dissolved_seawater_molar_per_mass,other_bodc_originator_and_methods_record_682902,dissolved_fraction; linked BODC cruise-analyte method record,nmol/kg,single_lineage_ready,874,0,0,1.0,864,1,geotraces-idp2025,geotraces-idp2025,1.0,874,0,0,874,0,-0.000946,-29.549,16.2631,-2.998,2015-11-22T12:10:00,2015-12-24T20:21:59
cohort-c8694c98d29c,Cu,water,water_seawater,,dissolved_seawater_molar_per_mass,other_bodc_originator_and_methods_record_684582,dissolved_fraction; linked BODC cruise-analyte method record,nmol/kg,single_lineage_ready,80,0,0,1.0,79,1,geotraces-idp2025,geotraces-idp2025,1.0,80,0,0,80,0,-16.713501,18.169201,-16.315002,18.288,2014-06-11T12:35:30,2014-06-25T05:59:30
cohort-27df81bcf83b,Cu,water,water_stream,<0.45 micrometre filtered fraction,dissolved_<0.45um_stream_water,other_icp_qms_for_published_trace_metals,filtered below 0.45 micrometres and acidified to 1% v/v HNO3,ug/L,single_lineage_ready,798,0,0,1.0,798,1,foregs-stream-water,foregs-stream-water,1.0,798,0,0,798,0,-8.74,35.5,31.22,70.16,,
cohort-762587c00672,Hg,sediment,sediment_floodplain,<2 mm; pulverized <0.063 mm,total_Hg_direct_solid_<2mm_floodplain_sediment,aas,direct solid analysis; no wet digestion,mg/kg,single_lineage_ready,374,0,0,1.0,374,1,foregs-floodplain-sediment,foregs-floodplain-sediment,1.0,374,348,0,374,0,-15.45288278,27.82639699,26.487047148,49.31,,
cohort-617474a69cf6,Hg,sediment,sediment_outlet_bottom,<75 µm,total_mercury_dry_weight_<75um_outlet_sediment,other_usepa_method_7473_milestone_tri_cell_dma_80_direct_mercury_analyser,thermal decomposition and direct analysis; no acid digestion,mg/kg,single_lineage_ready,25,0,0,1.0,25,1,australia-ngsa-mercury,australia-ngsa-mercury,1.0,25,25,0,25,0,114.8976,-42.4756,153.0022,-12.6551,,
cohort-ecb8ada5f692,Hg,sediment,sediment_outlet_top,<75 µm,total_mercury_dry_weight_<75um_outlet_sediment,other_usepa_method_7473_milestone_tri_cell_dma_80_direct_mercury_analyser,thermal decomposition and direct analysis; no acid digestion,mg/kg,single_lineage_ready,23,0,0,1.0,23,1,australia-ngsa-mercury,australia-ngsa-mercury,1.0,23,23,0,23,0,114.8976,-41.504,153.0022,-12.6551,,
cohort-e8859bcbca20,Hg,sediment,sediment_stream,<180 µm fine stream sediment,river_sediment_<180um_national_geochemical_map,,,mg/kg,single_lineage_ready,3024,0,0,1.0,3024,1,japan-gsj-geochemical-map,japan-gsj-geochemical-map,1.0,3024,2622,0,3024,0,127.6799,26.1292,145.7221,45.4518,,
cohort-a0f7594f55e3,Hg,sediment,sediment_stream,wet sieved <150 micrometres,total_Hg_direct_solid_<150um_stream_sediment,aas,direct solid analysis; no wet digestion,mg/kg,single_lineage_ready,456,0,0,1.0,456,1,foregs-stream-sediment,foregs-stream-sediment,1.0,456,446,0,456,0,-15.5555631,27.92424718,26.334653006,50.85749,,
cohort-541ab1f22611,Hg,soil,soil_agricultural_ploughed,<2 mm,modified_aqua_regia_extractable_dry_soil_<2mm,icp_ms,15 g soil; 90 mL aqua regia; 95 C for one hour; diluted to 300 mL with 5% HCl,mg/kg,single_lineage_ready,2108,0,0,1.0,2108,1,gemas-europe,gemas-europe,1.0,2108,1991,0,2108,0,-16.3444,28.4742,35.1536,70.5883,,
cohort-8db9cbbaaabd,Hg,soil,soil_grazing_land,<2 mm,modified_aqua_regia_extractable_dry_soil_<2mm,icp_ms,15 g soil; 90 mL aqua regia; 95 C for one hour; diluted to 300 mL with 5% HCl,mg/kg,single_lineage_ready,116,0,0,1.0,116,1,gemas-europe,gemas-europe,1.0,116,111,0,116,0,-9.5724,35.3114,31.9145,69.4542,,
cohort-3e08d2abe702,Hg,soil,soil_humus,source humus material,total_Hg_direct_solid_humus,aas,direct solid analysis; no wet digestion,mg/kg,single_lineage_ready,367,0,0,1.0,367,1,foregs-humus,foregs-humus,1.0,367,363,0,367,0,-8.75,41.87,29.91,68.96,,
cohort-5e6928e8dc7a,Hg,soil,soil_subsoil,<2 mm,total_Hg_direct_solid_<2mm_subsoil,aas,direct solid analysis; no wet digestion,mg/kg,single_lineage_ready,419,0,0,1.0,419,1,foregs-subsoil,foregs-subsoil,1.0,419,408,0,419,0,-8.6201987961374,35.043132637,26.319878791,52.49,,
cohort-8af467b8680c,Hg,soil,soil_subsoil,mineral soil,gemas_protocol_multi_acid_digest_dry_mineral_soil,aas,GEMAS protocol preparation; publisher parameter metadata assigns CV-AAS Hg determination,mg/kg,single_lineage_ready,85,0,0,1.0,85,1,pangaea-amazonas-soil,pangaea-amazonas-soil,1.0,85,85,0,85,0,-67.1983,-9.75042,-50.97,-2.53317,2016-03-01,2017-02-27
cohort-0ccebb12c24a,Hg,soil,soil_topsoil,<2 mm,total_Hg_direct_solid_<2mm_topsoil,aas,direct solid analysis; no wet digestion,mg/kg,single_lineage_ready,446,0,0,1.0,439,1,foregs-topsoil,foregs-topsoil,1.0,446,435,0,446,0,-15.5660882,27.96442015,26.319878791,50.8575,,
cohort-b2bb78f76a7f,Hg,soil,soil_topsoil,mineral soil,gemas_protocol_multi_acid_digest_dry_mineral_soil,aas,GEMAS protocol preparation; publisher parameter metadata assigns CV-AAS Hg determination,mg/kg,single_lineage_ready,87,0,0,1.0,87,1,pangaea-amazonas-soil,pangaea-amazonas-soil,1.0,87,87,0,87,0,-67.1983,-9.75042,-50.97,-2.53317,2016-03-01,2017-02-27
cohort-2424dea9cbde,Hg,water,water_lake,,freshwater_suspended_operational_fraction_ng_per_l,other_low_level_mercury_in_water_is_analyzed_by_atomic_fluorescence_using_a_gold_trap,GEMStat suspended operational fraction,ug/L,single_lineage_ready,28,0,0,1.0,28,1,gemstat-open-archive,gemstat-open-archive,1.0,28,0,0,28,0,-65.3828,44.2828,-65.1914,44.4608,2006-10-23T12:00,2007-05-15T12:00
cohort-46d0db98ef26,Hg,water,water_lake,,freshwater_total_operational_fraction_ng_per_l,other_mercury_by_cold_vapor_atomic_fluorescence_detector_with_concentration_by_an_inline_gold_trap,GEMStat total operational fraction,ug/L,exploratory_only,9,1,0,0.9,9,1,gemstat-open-archive,gemstat-open-archive,1.0,9,0,0,10,0,-65.3828,44.3494,-61.6408,54.3319,2000-04-29T12:35,2003-05-01T12:00
cohort-ae1d4aed1813,Hg,water,water_lake,,freshwater_total_operational_fraction_ug_per_l,aas,GEMStat total operational fraction,ug/L,insufficient_background,0,2,0,0.0,0,0,,,0.0,0,0,0,2,0,,,,,,
cohort-d8a21f0772f0,Hg,water,water_river,,freshwater_dissolved_operational_fraction_ng_per_l,other_mercury_in_water_is_determined_by_spectrometric_fluorescence,GEMStat dissolved operational fraction,ug/L,single_lineage_ready,356,0,0,1.0,328,1,gemstat-open-archive,gemstat-open-archive,1.0,356,0,0,356,0,-74.3799,45.5676,-72.6105,46.6776,2012-04-02T00:00,2019-07-18T08:10
cohort-13762d521d2a,Hg,water,water_river,,freshwater_dissolved_operational_fraction_ug_per_l,aas,GEMStat dissolved operational fraction,ug/L,exploratory_only,12,36,0,0.25,12,1,gemstat-open-archive,gemstat-open-archive,1.0,12,0,0,48,0,-91.43916667,38.71,-91.43916667,38.71,1979-08-21T09:30,1989-11-09T12:00
cohort-4c1219227107,Hg,water,water_river,,freshwater_extractable_operational_fraction_ug_per_l,aas,GEMStat extractable operational fraction,ug/L,insufficient_background,0,24,0,0.0,0,0,,,0.0,0,0,0,24,0,,,,,,
cohort-1a2ef6be0ea1,Hg,water,water_river,,freshwater_suspended_operational_fraction_ng_per_l,other_low_level_mercury_in_water_is_analyzed_by_atomic_fluorescence_using_a_gold_trap,GEMStat suspended operational fraction,ug/L,exploratory_only,8,0,0,1.0,8,1,gemstat-open-archive,gemstat-open-archive,1.0,8,0,0,8,0,-63.2342,52.2283,-56.8714,55.2333,2005-09-23T12:00,2005-10-01T12:00
cohort-bfb6b1398c7f,Hg,water,water_river,,freshwater_suspended_operational_fraction_ug_per_l,other_total_mercury_in_water_is_analyzed_by_atomic_fluorescence,GEMStat suspended operational fraction,ug/L,insufficient_background,0,2,0,0.0,0,0,,,0.0,0,0,0,2,0,,,,,,
cohort-09cd5dea5553,Hg,water,water_river,,freshwater_total_operational_fraction_ng_per_l,other_mercury_by_cold_vapor_atomic_fluorescence_detector_with_concentration_by_an_inline_gold_trap,GEMStat total operational fraction,ug/L,single_lineage_ready,71,1,0,0.9861,71,1,gemstat-open-archive,gemstat-open-archive,1.0,71,0,0,72,0,-63.2342,52.728934,-59.8736,53.7381,2000-04-29T15:00,2003-06-01T10:40
cohort-3e4eea411b8c,Hg,water,water_river,,freshwater_total_operational_fraction_ng_per_l,other_mercury_in_water_is_determined_by_spectrometric_fluorescence,GEMStat total operational fraction,ug/L,single_lineage_ready,369,0,0,1.0,341,1,gemstat-open-archive,gemstat-open-archive,1.0,369,0,0,369,0,-74.3799,45.5676,-72.6105,46.6776,2012-04-02T00:00,2019-07-18T08:10
cohort-d9f7df6a57fe,Hg,water,water_river,,freshwater_total_operational_fraction_ug_per_l,aas,GEMStat total operational fraction,ug/L,exploratory_only,64,148,0,0.3019,64,1,gemstat-open-archive,gemstat-open-archive,1.0,64,0,0,212,0,-112.4264,38.71,-52.7008,59.1139,1979-03-27T10:00,2002-01-17T11:30
cohort-f2af6c6a352a,Ni,sediment,sediment_floodplain,<2 mm; pulverized <0.063 mm,aqua_regia_leachable_<2mm_floodplain_sediment,icp_oes,hot aqua regia leach at 95 C,mg/kg,single_lineage_ready,374,0,0,1.0,374,1,foregs-floodplain-sediment,foregs-floodplain-sediment,1.0,374,348,0,374,0,-15.45288278,27.82639699,26.487047148,49.31,,
cohort-d402fddca8a4,Ni,sediment,sediment_floodplain,<2 mm; pulverized <0.063 mm,total_selected_<2mm_floodplain_sediment,xrf,pressed powder pellet,mg/kg,single_lineage_ready,372,0,0,1.0,372,1,foregs-floodplain-sediment,foregs-floodplain-sediment,1.0,372,346,0,372,0,-15.45288278,27.82639699,26.487047148,49.31,,
cohort-76dc131a245c,Ni,sediment,sediment_marine,,dry_weight_partial_nitric_acid,icp_oes,Metoden anvendes på analyseløsninger fremstilt ved ekstraksjon med 7 M HNO3 i autoklav i samsvar med Norsk Standard - NS 4770,mg/kg,single_lineage_ready,401,0,0,1.0,401,1,norway-marchem,norway-marchem,1.0,401,0,0,401,0,5.5623,64.0723,36.6777,78.252,2015,2017
cohort-b547c0d5f503,Ni,sediment,sediment_marine,,dry_weight_partial_nitric_acid,icp_oes,Prøveframstilling følger prosedyre i LABdok_P03: Framstilling av analyseløsninger etter partiell oppslutning i salpetersyre iht. NS-4770.,mg/kg,single_lineage_ready,477,2,0,0.9958,477,1,norway-marchem,norway-marchem,1.0,477,0,0,479,0,1.588881,56.732085,34.038155,81.548998,2019,2024
cohort-f5724be7108f,Ni,sediment,sediment_marine_core,bulk sediment,bulk_marine_sediment_geochemical_analysis,other_geochemical_analysis_on_bulk_sediment,not reported in publisher table,mg/kg,single_lineage_ready,27,0,0,1.0,26,1,pangaea-arabian-sea-sediment,pangaea-arabian-sea-sediment,1.0,27,0,0,27,0,57.3555,10.0345,68.3668,19.5163,,
cohort-108458252986,Ni,sediment,sediment_marine_surface,bulk sediment,bulk_marine_surface_sediment_geochemical_analysis,icp_ms,not reported in publisher table,mg/kg,single_lineage_ready,44,0,0,1.0,44,1,pangaea-south-china-sea-sediment,pangaea-south-china-sea-sediment,1.0,44,0,0,44,0,105.2847,4.0725,120.155,20.6,,
cohort-5dbe6ef3a7fd,Ni,sediment,sediment_stream,<180 µm fine stream sediment,river_sediment_<180um_national_geochemical_map,,,mg/kg,single_lineage_ready,3024,0,0,1.0,3024,1,japan-gsj-geochemical-map,japan-gsj-geochemical-map,1.0,3024,2622,0,3024,0,127.6799,26.1292,145.7221,45.4518,,
cohort-18f30d6cf448,Ni,sediment,sediment_stream,wet sieved <150 micrometres,aqua_regia_leachable_<150um_stream_sediment,icp_oes,hot aqua regia leach at 95 C,mg/kg,single_lineage_ready,456,0,0,1.0,456,1,foregs-stream-sediment,foregs-stream-sediment,1.0,456,446,0,456,0,-15.5555631,27.92424718,26.334653006,50.85749,,
cohort-ccf3cbfefed0,Ni,sediment,sediment_stream,wet sieved <150 micrometres,total_selected_<150um_stream_sediment,xrf,pressed powder pellet,mg/kg,single_lineage_ready,456,0,0,1.0,456,1,foregs-stream-sediment,foregs-stream-sediment,1.0,456,446,0,456,0,-15.5555631,27.92424718,26.334653006,50.86,,
cohort-cd8778457566,Ni,soil,soil_a_horizon,<2 mm,near-total concentration in <2 mm soil fraction,icp_oes,near-total HCl-HNO3-HClO4-HF digestion,mg/kg,single_lineage_ready,661,0,0,1.0,661,1,usgs-conus-soil,usgs-conus-soil,1.0,661,658,0,661,0,-124.132,30.4554,-85.0352,41.9863,02/17/09,10/01/08
cohort-d8a3d643938d,Ni,soil,soil_agricultural_ploughed,<2 mm,modified_aqua_regia_extractable_dry_soil_<2mm,icp_ms,15 g soil; 90 mL aqua regia; 95 C for one hour; diluted to 300 mL with 5% HCl,mg/kg,single_lineage_ready,2108,0,0,1.0,2108,1,gemas-europe,gemas-europe,1.0,2108,1991,0,2108,0,-16.3444,28.4742,35.1536,70.5883,,
cohort-bebb90a0a8a2,Ni,soil,soil_agricultural_ploughed,<63 um,xrf_total_fused_bead_dry_soil_milled_<63um,xrf,fused bead preparation after milling,mg/kg,single_lineage_ready,2108,0,0,1.0,2108,1,gemas-europe,gemas-europe,1.0,2108,1991,0,2108,0,-16.3444,28.4742,35.1536,70.5883,,
cohort-52956c7feadb,Ni,soil,soil_c_horizon,<2 mm,near-total concentration in <2 mm soil fraction,icp_oes,near-total HCl-HNO3-HClO4-HF digestion,mg/kg,single_lineage_ready,661,0,0,1.0,661,1,usgs-conus-soil,usgs-conus-soil,1.0,661,658,0,661,0,-124.132,30.4554,-85.0352,41.9863,02/17/09,10/02/08
cohort-9a9621c5947d,Ni,soil,soil_grazing_land,<2 mm,modified_aqua_regia_extractable_dry_soil_<2mm,icp_ms,15 g soil; 90 mL aqua regia; 95 C for one hour; diluted to 300 mL with 5% HCl,mg/kg,single_lineage_ready,116,0,0,1.0,116,1,gemas-europe,gemas-europe,1.0,116,111,0,116,0,-9.5724,35.3114,31.9145,69.4542,,
cohort-401ded242398,Ni,soil,soil_grazing_land,<63 um,xrf_total_fused_bead_dry_soil_milled_<63um,xrf,fused bead preparation after milling,mg/kg,single_lineage_ready,116,0,0,1.0,116,1,gemas-europe,gemas-europe,1.0,116,111,0,116,0,-9.5724,35.3114,31.9145,69.4542,,
cohort-be7823b7e506,Ni,soil,soil_humus,source humus material,mild_nitric_acid_leachable_humus,icp_ms,4.5% HNO3 ultrasonic extraction for 90 minutes,mg/kg,single_lineage_ready,367,0,0,1.0,367,1,foregs-humus,foregs-humus,1.0,367,363,0,367,0,-8.75,44.18,31.22,70.16,,
cohort-e14343208ac8,Ni,soil,soil_organic_litter,,icpo_method_specific_total_or_extractable_soil,icp_oes,dry ashing of milled organic sample,mg/kg,single_lineage_ready,22,6,0,0.7857,22,1,pangaea-brasol-ne-brazil-soil,pangaea-brasol-ne-brazil-soil,1.0,22,21,28,0,0,-37.493361,-7.291667,-34.925472,-7.050194,,
cohort-2abde079dcd9,Ni,soil,soil_subsoil,,gfd_method_specific_total_or_extractable_soil,xrf,glass fusion disc preparation,mg/kg,exploratory_only,45,55,0,0.45,45,1,pangaea-brasol-ne-brazil-soil,pangaea-brasol-ne-brazil-soil,1.0,45,43,100,0,0,-48.866,-12.484194,-34.932111,-3.019861,,
cohort-643f945036e1,Ni,soil,soil_subsoil,<2 mm,aqua_regia_leachable_<2mm_subsoil,icp_oes,hot aqua regia leach at 95 C,mg/kg,single_lineage_ready,419,0,0,1.0,419,1,foregs-subsoil,foregs-subsoil,1.0,419,410,0,419,0,-8.62,35.04,26.32,51.0,,
cohort-6af5d2702d73,Ni,soil,soil_subsoil,<2 mm,total_selected_<2mm_subsoil,icp_ms,cold HNO3-HF dissolution for selected elements,mg/kg,single_lineage_ready,419,0,0,1.0,419,1,foregs-subsoil,foregs-subsoil,1.0,419,410,0,419,0,-8.6201987961374,35.043132637,26.319878791,50.99929,,
cohort-546c8ace7d91,Ni,soil,soil_subsoil,mineral soil,gemas_protocol_multi_acid_digest_dry_mineral_soil,icp_ms,GEMAS protocol multi-acid digestion,mg/kg,single_lineage_ready,83,0,0,1.0,83,1,pangaea-amazonas-soil,pangaea-amazonas-soil,1.0,83,83,0,83,0,-67.1983,-9.75042,-50.97,-2.53317,2016-03-01,2017-02-27
cohort-4e8f98faa67a,Ni,soil,soil_surface,<20 µm fine silt-clay fraction,deflatable_soil_fraction_total_acid_digest,icp_ms,HF-HNO3 acid digestion,mg/kg,single_lineage_ready,43,0,0,1.0,43,1,pangaea-north-africa-soil,pangaea-north-africa-soil,1.0,43,43,0,43,0,-13.26,15.67,32.5,33.83,,
cohort-129a266b2e84,Ni,soil,soil_topsoil,,gfd_method_specific_total_or_extractable_soil,xrf,glass fusion disc preparation,mg/kg,insufficient_background,4,12,0,0.25,4,1,pangaea-brasol-ne-brazil-soil,pangaea-brasol-ne-brazil-soil,1.0,4,3,16,0,0,-39.617972,-8.18475,-34.984194,-5.692528,,
cohort-2caeddbc9671,Ni,soil,soil_topsoil,,icpms_method_specific_total_or_extractable_soil,icp_ms,full digestion with HF and HNO3 in Walner equipment,mg/kg,single_lineage_ready,36,0,0,1.0,36,1,pangaea-brasol-ne-brazil-soil,pangaea-brasol-ne-brazil-soil,1.0,36,34,36,0,0,-48.316917,-12.418917,-34.852917,-5.838889,,
cohort-19595bdf4730,Ni,soil,soil_topsoil,,ppp_method_specific_total_or_extractable_soil,xrf,pressed powder pellet; no wet digestion,mg/kg,exploratory_only,36,49,0,0.4235,36,1,pangaea-brasol-ne-brazil-soil,pangaea-brasol-ne-brazil-soil,1.0,36,36,85,0,0,-48.866,-12.499917,-35.648278,-3.019861,,
cohort-a7b102b0d353,Ni,soil,soil_topsoil,<2 mm,aqua_regia_leachable_<2mm_topsoil,icp_oes,hot aqua regia leach at 95 C,mg/kg,single_lineage_ready,446,0,0,1.0,444,1,foregs-topsoil,foregs-topsoil,1.0,446,435,0,446,0,-15.57,27.96,26.32,50.86,,
cohort-14133628227c,Ni,soil,soil_topsoil,<2 mm,near-total concentration in <2 mm soil fraction,icp_oes,near-total HCl-HNO3-HClO4-HF digestion,mg/kg,single_lineage_ready,661,0,0,1.0,661,1,usgs-conus-soil,usgs-conus-soil,1.0,661,658,0,661,0,-124.132,30.4554,-85.0352,41.9863,02/16/09,10/01/08
cohort-ca7d2fb85434,Ni,soil,soil_topsoil,<2 mm,total_selected_<2mm_topsoil,icp_ms,cold HNO3-HF dissolution for selected elements,mg/kg,single_lineage_ready,446,0,0,1.0,446,1,foregs-topsoil,foregs-topsoil,1.0,446,435,0,446,0,-15.5660882,27.96442015,26.319878791,50.8575,,
cohort-a7f259102641,Ni,soil,soil_topsoil,mineral soil,gemas_protocol_multi_acid_digest_dry_mineral_soil,icp_ms,GEMAS protocol multi-acid digestion,mg/kg,single_lineage_ready,83,0,0,1.0,83,1,pangaea-amazonas-soil,pangaea-amazonas-soil,1.0,83,83,0,83,0,-67.1983,-9.75042,-50.97,-2.53317,2016-03-01,2017-02-27
cohort-68fbf062cc76,Ni,water,water_river,,freshwater_dissolved_operational_fraction_mg_per_l,aas,GEMStat dissolved operational fraction,ug/L,single_lineage_ready,44,4,0,0.9167,44,1,gemstat-open-archive,gemstat-open-archive,1.0,44,0,0,48,0,-91.43916667,38.71,-91.43916667,38.71,1979-11-27T09:30,1992-01-28T13:00
cohort-8b54d6cb295b,Ni,water,water_river,,freshwater_dissolved_operational_fraction_ug_per_l,icp_ms,GEMStat dissolved operational fraction,ug/L,single_lineage_ready,26,0,0,1.0,26,1,gemstat-open-archive,gemstat-open-archive,1.0,26,0,0,26,0,-117.6,49.02,-117.6,49.02,2010-03-22T11:33,2010-09-29T10:15
cohort-db4c8b8590ec,Ni,water,water_river,,freshwater_dissolved_operational_fraction_ug_per_l,other_dissolved_metals_with_in_bottle_digestion_using_inductively_coupled_plasma_sector_field_ms,GEMStat dissolved operational fraction,ug/L,single_lineage_ready,22,0,0,1.0,22,1,gemstat-open-archive,gemstat-open-archive,1.0,22,0,0,22,0,-117.6,49.02,-117.6,49.02,2009-08-03T00:00,2010-03-16T14:20
cohort-607ab1c67805,Ni,water,water_river,,freshwater_extractable_operational_fraction_ug_per_l,other_extractable_metals_by_inductively_coupled_argon_plasma_mass_spectrometry_with_pneumatic_nebulization,GEMStat extractable operational fraction,ug/L,single_lineage_ready,51,1,0,0.9808,51,1,gemstat-open-archive,gemstat-open-archive,1.0,51,0,0,52,0,-139.78,51.21,-117.7,67.58,2000-02-21T11:46,2003-02-10T11:35
cohort-ee246b14f025,Ni,water,water_river,,freshwater_total_operational_fraction_mg_per_l,aas,GEMStat total operational fraction,ug/L,single_lineage_ready,48,0,0,1.0,48,1,gemstat-open-archive,gemstat-open-archive,1.0,48,0,0,48,0,-91.43916667,38.71,-77.11722222,38.92944444,1979-03-01T12:30,1982-07-22T10:30
cohort-583b0def576d,Ni,water,water_river,,freshwater_total_operational_fraction_mg_per_l,other_inductively_coupled_plasma_icp_method_total_metals_after_rigorous_digestion,GEMStat total operational fraction,ug/L,single_lineage_ready,97,31,0,0.7578,97,1,gemstat-open-archive,gemstat-open-archive,1.0,97,0,0,128,0,-137.97,51.21,-117.7,60.12,2000-01-10T16:00,2003-02-24T11:10
cohort-31ff9155821b,Ni,water,water_river,,freshwater_total_operational_fraction_mg_per_l,other_inductively_coupled_plasma_sector_field_mass_spectrometry_with_closed_vessel_digestion,GEMStat total operational fraction,ug/L,single_lineage_ready,40,0,0,1.0,40,1,gemstat-open-archive,gemstat-open-archive,1.0,40,0,0,40,0,-137.97,51.21,-117.7,60.12,2003-03-24T07:15,2004-06-14T08:35
cohort-2d1f785789dd,Ni,water,water_river,,freshwater_total_operational_fraction_mg_per_l,other_total_metals_by_inductively_coupled_argon_plasma_emission_spectrometry_with_external_nebulizer,GEMStat total operational fraction,ug/L,single_lineage_ready,134,14,0,0.9054,134,1,gemstat-open-archive,gemstat-open-archive,1.0,134,0,0,148,0,-139.78,51.21,-117.7,67.58,2000-01-10T16:00,2003-02-24T11:10
cohort-ae4e18c7dce3,Ni,water,water_river,,freshwater_total_operational_fraction_ug_per_l,icp_ms,GEMStat total operational fraction,ug/L,single_lineage_ready,269,1,0,0.9963,269,1,gemstat-open-archive,gemstat-open-archive,1.0,269,0,0,270,0,-139.78,51.21,-117.7,67.58,2010-03-08T10:15,2019-07-16T09:35
cohort-e7173d058b4d,Ni,water,water_river,,freshwater_total_operational_fraction_ug_per_l,other_total_metals_with_in_bottle_digestion_and_inductively_coupled_plasma_sector_field_mass_spectrometer,GEMStat total operational fraction,ug/L,single_lineage_ready,301,0,0,1.0,301,1,gemstat-open-archive,gemstat-open-archive,1.0,301,0,0,301,0,-139.78,51.21,-117.7,67.58,2003-03-24T07:15,2013-05-21T11:05
cohort-e04eb9c46ca8,Ni,water,water_seawater,,dissolved_seawater_molar_per_mass,,dissolved_fraction; multiple linked BODC method records unresolved to observation,nmol/kg,single_lineage_ready,2425,0,0,1.0,2393,1,geotraces-idp2025,geotraces-idp2025,1.0,2425,0,0,2425,0,-179.990997,-77.7015,180.0,89.990501,2005-01-27T00:16:58,2019-06-12T09:00:00
cohort-25f37480fe02,Ni,water,water_seawater,,dissolved_seawater_molar_per_mass,other_bodc_originator_and_methods_record_310901,dissolved_fraction; linked BODC cruise-analyte method record,nmol/kg,single_lineage_ready,949,0,0,1.0,919,1,geotraces-idp2025,geotraces-idp2025,1.0,949,0,0,949,0,-67.804504,-49.547199,-28.008209,64.000198,2010-05-02T22:44:43,2012-08-09T09:42:14
cohort-be536b8d3f5c,Ni,water,water_seawater,,dissolved_seawater_molar_per_mass,other_bodc_originator_and_methods_record_320981,dissolved_fraction; linked BODC cruise-analyte method record,nmol/kg,single_lineage_ready,113,0,0,1.0,113,1,geotraces-idp2025,geotraces-idp2025,1.0,113,0,0,113,0,139.681,-65.8022,140.209,-56.929298,2008-03-28T22:07:00,2008-04-04T17:29:50
cohort-1d49f343510f,Ni,water,water_seawater,,dissolved_seawater_molar_per_mass,other_bodc_originator_and_methods_record_321968,dissolved_fraction; linked BODC cruise-analyte method record,nmol/kg,single_lineage_ready,121,0,0,1.0,121,1,geotraces-idp2025,geotraces-idp2025,1.0,121,0,0,121,0,57.6133,-37.751801,86.0299,16.7495,2009-11-18T02:53:24,2009-12-24T11:49:18
cohort-1628a114bf7b,Ni,water,water_seawater,,dissolved_seawater_molar_per_mass,other_bodc_originator_and_methods_record_326861,dissolved_fraction; linked BODC cruise-analyte method record,nmol/kg,single_lineage_ready,25,0,0,1.0,25,1,geotraces-idp2025,geotraces-idp2025,1.0,25,0,0,25,0,-56.816895,17.3736,-18.278107,29.7001,2010-10-28T10:12:07,2011-11-24T02:19:32
cohort-1c13d76ab2b5,Ni,water,water_seawater,,dissolved_seawater_molar_per_mass,other_bodc_originator_and_methods_record_493419,dissolved_fraction; linked BODC cruise-analyte method record,nmol/kg,single_lineage_ready,28,0,0,1.0,28,1,geotraces-idp2025,geotraces-idp2025,1.0,28,0,0,28,0,165.001007,30.000799,165.003006,40.000401,2011-07-21T04:07:39,2011-07-23T23:31:19
cohort-b87615ad6146,Ni,water,water_seawater,,dissolved_seawater_molar_per_mass,other_bodc_originator_and_methods_record_571336,dissolved_fraction; linked BODC cruise-analyte method record,nmol/kg,single_lineage_ready,52,0,0,1.0,52,1,geotraces-idp2025,geotraces-idp2025,1.0,52,0,0,52,0,-48.093201,41.3829,-13.887604,55.841301,2014-05-24T23:03:50,2014-06-22T22:43:10
cohort-a803a8339737,Ni,water,water_seawater,,dissolved_seawater_molar_per_mass,other_bodc_originator_and_methods_record_577993,dissolved_fraction; linked BODC cruise-analyte method record,nmol/kg,single_lineage_ready,127,0,0,1.0,127,1,geotraces-idp2025,geotraces-idp2025,1.0,127,0,0,127,0,-129.235001,60.445999,-56.550201,76.332199,2015-07-17T23:55:05,2015-09-27T05:56:44
cohort-8e572f7f6a1d,Ni,water,water_seawater,,dissolved_seawater_molar_per_mass,other_bodc_originator_and_methods_record_579050,dissolved_fraction; linked BODC cruise-analyte method record,nmol/kg,single_lineage_ready,341,0,0,1.0,341,1,geotraces-idp2025,geotraces-idp2025,1.0,341,0,0,341,0,-116.779999,72.734703,159.033005,89.165703,2015-08-20T03:27:23,2015-10-08T05:02:12
cohort-dceec9e2b377,Ni,water,water_seawater,,dissolved_seawater_molar_per_mass,other_bodc_originator_and_methods_record_581556,dissolved_fraction; linked BODC cruise-analyte method record,nmol/kg,insufficient_background,6,0,0,1.0,6,1,geotraces-idp2025,geotraces-idp2025,1.0,6,0,0,6,0,72.056,-50.625401,72.056,-50.625401,2011-11-16T12:26:33,2011-11-16T12:26:33
cohort-924047a02377,Ni,water,water_seawater,,dissolved_seawater_molar_per_mass,other_bodc_originator_and_methods_record_583243,dissolved_fraction; linked BODC cruise-analyte method record,nmol/kg,single_lineage_ready,238,0,0,1.0,238,1,geotraces-idp2025,geotraces-idp2025,1.0,238,0,0,238,0,-174.998993,-64.000999,-169.996002,0.003,2014-12-30T02:24:48,2015-02-06T11:59:50
cohort-0e337574a109,Ni,water,water_seawater,,dissolved_seawater_molar_per_mass,other_bodc_originator_and_methods_record_584489,dissolved_fraction; linked BODC cruise-analyte method record,nmol/kg,single_lineage_ready,114,0,0,1.0,114,1,geotraces-idp2025,geotraces-idp2025,1.0,114,0,0,114,0,-171.5,-15.0,-160.770004,-3.5,2011-10-17T15:00:00,2011-10-23T00:15:00
cohort-3e7cc80dc410,Ni,water,water_seawater,,dissolved_seawater_molar_per_mass,other_bodc_originator_and_methods_record_584797,dissolved_fraction; linked BODC cruise-analyte method record,nmol/kg,single_lineage_ready,122,0,0,1.0,122,1,geotraces-idp2025,geotraces-idp2025,1.0,122,0,0,122,0,-160.233994,0.00375,-160.001007,35.005199,2015-08-22T09:42:58,2015-09-06T17:29:30
cohort-2f401a49c026,Ni,water,water_seawater,,dissolved_seawater_molar_per_mass,other_bodc_originator_and_methods_record_591363,dissolved_fraction; linked BODC cruise-analyte method record,nmol/kg,single_lineage_ready,295,0,0,1.0,292,1,geotraces-idp2025,geotraces-idp2025,1.0,295,0,0,295,0,-89.00119,-18.0005,-71.514801,-15.0005,2017-03-15T20:29:59,2017-03-31T05:04:59
cohort-f6828f1df383,Ni,water,water_seawater,,dissolved_seawater_molar_per_mass,other_bodc_originator_and_methods_record_591664,dissolved_fraction; linked BODC cruise-analyte method record,nmol/kg,single_lineage_ready,117,0,0,1.0,117,1,geotraces-idp2025,geotraces-idp2025,1.0,117,0,0,117,0,74.110603,-62.535999,93.549301,-58.6577,2016-01-24T06:10:32,2016-02-14T22:15:56
cohort-103ad634f2dc,Ni,water,water_seawater,,dissolved_seawater_molar_per_mass,other_bodc_originator_and_methods_record_591909,dissolved_fraction; linked BODC cruise-analyte method record,nmol/kg,single_lineage_ready,132,0,0,1.0,132,1,geotraces-idp2025,geotraces-idp2025,1.0,132,0,0,132,0,30.0,-58.515999,30.257999,-41.004002,2017-07-06T04:22:00,2017-07-10T21:05:30
cohort-f50b16f371ac,Ni,water,water_seawater,,dissolved_seawater_molar_per_mass,other_bodc_originator_and_methods_record_668909,dissolved_fraction; linked BODC cruise-analyte method record,nmol/kg,single_lineage_ready,158,0,0,1.0,158,1,geotraces-idp2025,geotraces-idp2025,1.0,158,0,0,158,0,-13.190704,78.818802,8.32663,80.853203,2016-07-22T23:26:24,2016-08-05T21:58:58
cohort-508831826472,Ni,water,water_seawater,,dissolved_seawater_molar_per_mass,other_bodc_originator_and_methods_record_672829,dissolved_fraction; linked BODC cruise-analyte method record,nmol/kg,single_lineage_ready,170,0,0,1.0,170,1,geotraces-idp2025,geotraces-idp2025,1.0,170,0,0,170,0,-155.171997,-19.985701,-152.0,44.578499,2018-10-07T01:43:40,2018-11-22T07:33:10
cohort-e1c82cc006c0,Ni,water,water_seawater,,dissolved_seawater_molar_per_mass,other_bodc_originator_and_methods_record_675629,dissolved_fraction; linked BODC cruise-analyte method record,nmol/kg,exploratory_only,17,0,0,1.0,14,1,geotraces-idp2025,geotraces-idp2025,1.0,17,0,0,17,0,138.576004,-55.870399,139.054001,-55.812199,2020-12-25T03:26:49,2020-12-28T11:42:26
cohort-cac963341413,Ni,water,water_seawater,,dissolved_seawater_molar_per_mass,other_bodc_originator_and_methods_record_675923,dissolved_fraction; linked BODC cruise-analyte method record,nmol/kg,single_lineage_ready,193,0,0,1.0,193,1,geotraces-idp2025,geotraces-idp2025,1.0,193,0,0,193,0,-155.735992,-74.1763,-112.134995,-50.999802,2017-12-27T08:58:14,2018-02-02T14:10:02
cohort-c21a8a1ebe5f,Ni,water,water_seawater,,dissolved_seawater_molar_per_mass,other_bodc_originator_and_methods_record_676007,dissolved_fraction; linked BODC cruise-analyte method record,nmol/kg,single_lineage_ready,292,0,0,1.0,292,1,geotraces-idp2025,geotraces-idp2025,1.0,292,0,0,292,0,-54.524597,-70.175102,0.09967,-59.084,2018-12-27T00:05:58,2019-02-01T02:45:59
cohort-85e69682eb36,Ni,water,water_seawater,,dissolved_seawater_molar_per_mass,other_bodc_originator_and_methods_record_676476,dissolved_fraction; linked BODC cruise-analyte method record,nmol/kg,single_lineage_ready,51,0,0,1.0,51,1,geotraces-idp2025,geotraces-idp2025,1.0,51,0,0,51,0,-0.999512,-56.000099,-0.000183,-54.000099,2019-07-24T23:11:29,2019-11-09T14:26:46
cohort-30400a3665b5,Ni,water,water_seawater,,dissolved_seawater_molar_per_mass,other_bodc_originator_and_methods_record_682902,dissolved_fraction; linked BODC cruise-analyte method record,nmol/kg,single_lineage_ready,154,0,0,1.0,154,1,geotraces-idp2025,geotraces-idp2025,1.0,154,0,0,154,0,-0.000946,-27.0637,12.8915,-9.71301,2015-11-23T03:57:09,2015-12-15T00:15:30
cohort-14c683a49a16,Ni,water,water_seawater,,dissolved_seawater_molar_per_mass,other_bodc_originator_and_methods_record_684582,dissolved_fraction; linked BODC cruise-analyte method record,nmol/kg,exploratory_only,9,0,0,1.0,9,1,geotraces-idp2025,geotraces-idp2025,1.0,9,0,0,9,0,-16.516998,18.233,-16.315002,18.288,2014-06-12T19:38:29,2014-06-13T20:26:29
cohort-15b5093f8a6a,Ni,water,water_seawater,,dissolved_seawater_molar_per_mass,other_bodc_originator_and_methods_record_685156,dissolved_fraction; linked BODC cruise-analyte method record,nmol/kg,single_lineage_ready,26,0,0,1.0,26,1,geotraces-idp2025,geotraces-idp2025,1.0,26,0,0,26,0,-137.578995,72.537003,-136.929993,75.285202,2009-09-07T19:58:19,2009-09-10T01:41:28
cohort-aaa71e29c177,Ni,water,water_stream,<0.45 micrometre filtered fraction,dissolved_<0.45um_stream_water,other_icp_qms_for_published_trace_metals,filtered below 0.45 micrometres and acidified to 1% v/v HNO3,ug/L,single_lineage_ready,807,0,0,1.0,807,1,foregs-stream-water,foregs-stream-water,1.0,807,0,0,807,0,-8.74,35.5,31.22,70.16,,
cohort-8ca74bd59d72,Pb,sediment,sediment_clay_fraction_bulk,clay fraction,clay_fraction_bulk_sediment_analysis,other_x_ray_diffraction_xrd_per_publisher_parameter_labels,"clay fraction, bulk analysis",mg/kg,single_lineage_ready,49,0,0,1.0,49,1,pangaea-east-china-sea-clay,pangaea-east-china-sea-clay,1.0,49,11,0,49,0,117.71,24.188,126.912,31.87,,
cohort-0d70b75372e7,Pb,sediment,sediment_clay_fraction_leach_residue,clay fraction,clay_fraction_leach_residue_sediment_analysis,other_x_ray_diffraction_xrd_per_publisher_parameter_labels,"clay fraction, post-leach residue",mg/kg,single_lineage_ready,49,0,0,1.0,49,1,pangaea-east-china-sea-clay,pangaea-east-china-sea-clay,1.0,49,11,0,49,0,117.71,24.188,126.912,31.87,,
cohort-7279358cbcbc,Pb,sediment,sediment_floodplain,<2 mm; pulverized <0.063 mm,aqua_regia_leachable_<2mm_floodplain_sediment,icp_oes,hot aqua regia leach at 95 C,mg/kg,single_lineage_ready,374,0,0,1.0,374,1,foregs-floodplain-sediment,foregs-floodplain-sediment,1.0,374,348,0,374,0,-15.45288278,27.82639699,26.487047148,49.31,,
cohort-96e0faca1d84,Pb,sediment,sediment_floodplain,<2 mm; pulverized <0.063 mm,total_selected_<2mm_floodplain_sediment,xrf,pressed powder pellet,mg/kg,single_lineage_ready,372,0,0,1.0,372,1,foregs-floodplain-sediment,foregs-floodplain-sediment,1.0,372,346,0,372,0,-15.45288278,27.82639699,26.487047148,49.31,,
cohort-6d2e2bb02ad6,Pb,sediment,sediment_marine_core,bulk sediment,bulk_marine_sediment_geochemical_analysis,other_geochemical_analysis_on_bulk_sediment,not reported in publisher table,mg/kg,single_lineage_ready,27,0,0,1.0,26,1,pangaea-arabian-sea-sediment,pangaea-arabian-sea-sediment,1.0,27,0,0,27,0,57.3555,10.0345,68.3668,19.5163,,
cohort-f43b3892063a,Pb,sediment,sediment_marine_surface,bulk sediment,bulk_marine_surface_sediment_geochemical_analysis,icp_ms,not reported in publisher table,mg/kg,single_lineage_ready,44,0,0,1.0,44,1,pangaea-south-china-sea-sediment,pangaea-south-china-sea-sediment,1.0,44,0,0,44,0,105.2847,4.0725,120.155,20.6,,
cohort-dc4ce9dfd5cd,Pb,sediment,sediment_outlet_bottom,<75 µm,ICP-MS reported concentration in <75 µm catchment-outlet sediment; BOS,icp_ms,publisher classifies ICP-MS in the total analytical suite; digestion chemistry is not stated in the CSV,mg/kg,single_lineage_ready,1067,0,0,1.0,1067,1,australia-ngsa,australia-ngsa,1.0,1067,1044,0,1067,0,113.8452,-43.3302,153.3335,-11.0346,1/03/2008,9/12/2007
cohort-2a93019a42ab,Pb,sediment,sediment_outlet_top,<75 µm,ICP-MS reported concentration in <75 µm catchment-outlet sediment; TOS,icp_ms,publisher classifies ICP-MS in the total analytical suite; digestion chemistry is not stated in the CSV,mg/kg,single_lineage_ready,1064,0,0,1.0,1064,1,australia-ngsa,australia-ngsa,1.0,1064,1043,0,1064,0,113.8452,-43.3302,153.3335,-11.0346,1/03/2008,9/12/2007
cohort-02f38acfbb7c,Pb,sediment,sediment_stream,<180 µm fine stream sediment,river_sediment_<180um_national_geochemical_map,,,mg/kg,single_lineage_ready,3024,0,0,1.0,3024,1,japan-gsj-geochemical-map,japan-gsj-geochemical-map,1.0,3024,2622,0,3024,0,127.6799,26.1292,145.7221,45.4518,,
cohort-b9633593b675,Pb,sediment,sediment_stream,wet sieved <150 micrometres,aqua_regia_leachable_<150um_stream_sediment,icp_oes,hot aqua regia leach at 95 C,mg/kg,single_lineage_ready,456,0,0,1.0,456,1,foregs-stream-sediment,foregs-stream-sediment,1.0,456,446,0,456,0,-15.5555631,27.92424718,26.334653006,50.85749,,
cohort-fae9786a0f01,Pb,sediment,sediment_stream,wet sieved <150 micrometres,total_selected_<150um_stream_sediment,xrf,pressed powder pellet,mg/kg,single_lineage_ready,456,0,0,1.0,456,1,foregs-stream-sediment,foregs-stream-sediment,1.0,456,446,0,456,0,-15.5555631,27.92424718,26.334653006,50.86,,
cohort-ce74d282beb6,Pb,soil,soil_agricultural_ploughed,<2 mm,modified_aqua_regia_extractable_dry_soil_<2mm,icp_ms,15 g soil; 90 mL aqua regia; 95 C for one hour; diluted to 300 mL with 5% HCl,mg/kg,single_lineage_ready,2108,0,0,1.0,2108,1,gemas-europe,gemas-europe,1.0,2108,1991,0,2108,0,-16.3444,28.4742,35.1536,70.5883,,
cohort-153dd8e10c8d,Pb,soil,soil_agricultural_ploughed,<63 um,xrf_total_fused_bead_dry_soil_milled_<63um,xrf,fused bead preparation after milling,mg/kg,single_lineage_ready,2108,0,0,1.0,2108,1,gemas-europe,gemas-europe,1.0,2108,1991,0,2108,0,-16.3444,28.4742,35.1536,70.5883,,
cohort-fd0d7a901ff1,Pb,soil,soil_c_horizon,fraction < 2 mm,aqua_regia_extractable_c_horizon_soil_analysis,aas,aqua regia digestion; fraction < 2 mm,mg/kg,single_lineage_ready,604,0,0,1.0,604,1,pangaea-barents-c-horizon-soil,pangaea-barents-c-horizon-soil,1.0,604,589,0,604,0,24.0498,66.393,35.4177,71.0493,,
cohort-970044014c38,Pb,soil,soil_grazing_land,<2 mm,modified_aqua_regia_extractable_dry_soil_<2mm,icp_ms,15 g soil; 90 mL aqua regia; 95 C for one hour; diluted to 300 mL with 5% HCl,mg/kg,single_lineage_ready,116,0,0,1.0,116,1,gemas-europe,gemas-europe,1.0,116,111,0,116,0,-9.5724,35.3114,31.9145,69.4542,,
cohort-e2c8f8b73f49,Pb,soil,soil_grazing_land,<63 um,xrf_total_fused_bead_dry_soil_milled_<63um,xrf,fused bead preparation after milling,mg/kg,single_lineage_ready,116,0,0,1.0,116,1,gemas-europe,gemas-europe,1.0,116,111,0,116,0,-9.5724,35.3114,31.9145,69.4542,,
cohort-a16e3bc2986c,Pb,soil,soil_ground_particles_from_thawed_ice,,certified_acid_digest_soil_and_soil_inclusions,icp_ms,certified NSAM 499-AES/MS (2015) laboratory method; exact digestion reagent not reported in table,mg/kg,insufficient_background,1,0,0,1.0,1,1,pangaea-batagay-soil,pangaea-batagay-soil,1.0,1,1,0,1,0,134.771944,67.580278,134.771944,67.580278,,
cohort-5fde497715d9,Pb,soil,soil_humus,source humus material,mild_nitric_acid_leachable_humus,icp_ms,4.5% HNO3 ultrasonic extraction for 90 minutes,mg/kg,single_lineage_ready,367,0,0,1.0,367,1,foregs-humus,foregs-humus,1.0,367,363,0,367,0,-8.75,44.18,31.22,70.16,,
cohort-4358d7f7aff3,Pb,soil,soil_inclusion_in_ice_wedge,,certified_acid_digest_soil_and_soil_inclusions,icp_ms,certified NSAM 499-AES/MS (2015) laboratory method; exact digestion reagent not reported in table,mg/kg,exploratory_only,11,0,0,1.0,11,1,pangaea-batagay-soil,pangaea-batagay-soil,1.0,11,11,0,11,0,134.771944,67.580278,134.771944,67.580278,,
cohort-366231efe934,Pb,soil,soil_organic_litter,,icpo_method_specific_total_or_extractable_soil,icp_oes,dry ashing of milled organic sample,mg/kg,single_lineage_ready,24,4,0,0.8571,24,1,pangaea-brasol-ne-brazil-soil,pangaea-brasol-ne-brazil-soil,1.0,24,23,28,0,0,-37.493361,-7.291667,-34.925472,-7.050194,,
cohort-e4437b5146e4,Pb,soil,soil_profile,,certified_acid_digest_soil_and_soil_inclusions,icp_ms,certified NSAM 499-AES/MS (2015) laboratory method; exact digestion reagent not reported in table,mg/kg,exploratory_only,19,0,0,1.0,19,1,pangaea-batagay-soil,pangaea-batagay-soil,1.0,19,19,0,19,0,134.771944,67.580278,134.771944,67.580278,,
cohort-4ba31c572259,Pb,soil,soil_subsoil,,ppp_method_specific_total_or_extractable_soil,xrf,pressed powder pellet; no wet digestion,mg/kg,single_lineage_ready,76,24,0,0.76,76,1,pangaea-brasol-ne-brazil-soil,pangaea-brasol-ne-brazil-soil,1.0,76,74,100,0,0,-48.866,-12.484194,-34.932111,-3.019861,,
cohort-456119cdf133,Pb,soil,soil_subsoil,<2 mm,aqua_regia_leachable_<2mm_subsoil,icp_oes,hot aqua regia leach at 95 C,mg/kg,single_lineage_ready,419,0,0,1.0,419,1,foregs-subsoil,foregs-subsoil,1.0,419,410,0,419,0,-8.62,35.04,26.32,51.0,,
cohort-d9e9dadc84d3,Pb,soil,soil_subsoil,<2 mm,total_selected_<2mm_subsoil,icp_ms,cold HNO3-HF dissolution for selected elements,mg/kg,single_lineage_ready,419,0,0,1.0,419,1,foregs-subsoil,foregs-subsoil,1.0,419,410,0,419,0,-8.6201987961374,35.043132637,26.319878791,50.99929,,
cohort-2af34f124e66,Pb,soil,soil_subsoil,mineral soil,gemas_protocol_multi_acid_digest_dry_mineral_soil,icp_ms,GEMAS protocol multi-acid digestion,mg/kg,single_lineage_ready,83,0,0,1.0,83,1,pangaea-amazonas-soil,pangaea-amazonas-soil,1.0,83,83,0,83,0,-67.1983,-9.75042,-50.97,-2.53317,2016-03-01,2017-02-27
cohort-51e09bc91efa,Pb,soil,soil_topsoil,,icpms_method_specific_total_or_extractable_soil,icp_ms,full digestion with HF and HNO3 in Walner equipment,mg/kg,single_lineage_ready,36,0,0,1.0,36,1,pangaea-brasol-ne-brazil-soil,pangaea-brasol-ne-brazil-soil,1.0,36,34,36,0,0,-48.316917,-12.418917,-34.852917,-5.838889,,
cohort-7b4b65dc8b97,Pb,soil,soil_topsoil,,ppp_method_specific_total_or_extractable_soil,xrf,pressed powder pellet; no wet digestion,mg/kg,exploratory_only,46,55,0,0.4554,46,1,pangaea-brasol-ne-brazil-soil,pangaea-brasol-ne-brazil-soil,1.0,46,44,101,0,0,-48.507889,-12.499917,-34.932111,-3.019861,,
cohort-fd3ff2374f31,Pb,soil,soil_topsoil,<2 mm,aqua_regia_leachable_<2mm_topsoil,icp_oes,hot aqua regia leach at 95 C,mg/kg,single_lineage_ready,446,0,0,1.0,444,1,foregs-topsoil,foregs-topsoil,1.0,446,435,0,446,0,-15.57,27.96,26.32,50.86,,
cohort-2660ffbb1664,Pb,soil,soil_topsoil,<2 mm,total_selected_<2mm_topsoil,icp_ms,cold HNO3-HF dissolution for selected elements,mg/kg,single_lineage_ready,446,0,0,1.0,446,1,foregs-topsoil,foregs-topsoil,1.0,446,435,0,446,0,-15.5660882,27.96442015,26.319878791,50.8575,,
cohort-54427bbd5965,Pb,soil,soil_topsoil,mineral soil,gemas_protocol_multi_acid_digest_dry_mineral_soil,icp_ms,GEMAS protocol multi-acid digestion,mg/kg,single_lineage_ready,83,0,0,1.0,83,1,pangaea-amazonas-soil,pangaea-amazonas-soil,1.0,83,83,0,83,0,-67.1983,-9.75042,-50.97,-2.53317,2016-03-01,2017-02-27
cohort-ed9ffbd07b1f,Pb,water,water_river,,freshwater_dissolved_operational_fraction_mg_per_l,aas,GEMStat dissolved operational fraction,ug/L,exploratory_only,23,25,0,0.4792,23,1,gemstat-open-archive,gemstat-open-archive,1.0,23,0,0,48,0,-91.43916667,38.71,-91.43916667,38.71,1979-02-15T12:00,1990-07-10T10:25
cohort-47282096674d,Pb,water,water_river,,freshwater_dissolved_operational_fraction_ug_per_l,icp_ms,GEMStat dissolved operational fraction,ug/L,single_lineage_ready,26,0,0,1.0,26,1,gemstat-open-archive,gemstat-open-archive,1.0,26,0,0,26,0,-117.6,49.02,-117.6,49.02,2010-03-22T11:33,2010-09-29T10:15
cohort-263d3761acb7,Pb,water,water_river,,freshwater_dissolved_operational_fraction_ug_per_l,other_dissolved_metals_with_in_bottle_digestion_using_inductively_coupled_plasma_sector_field_ms,GEMStat dissolved operational fraction,ug/L,single_lineage_ready,22,0,0,1.0,22,1,gemstat-open-archive,gemstat-open-archive,1.0,22,0,0,22,0,-117.6,49.02,-117.6,49.02,2009-08-03T00:00,2010-03-16T14:20
cohort-d479ef68ab66,Pb,water,water_river,,freshwater_extractable_operational_fraction_ug_per_l,other_extractable_metals_by_inductively_coupled_argon_plasma_mass_spectrometry_with_pneumatic_nebulization,GEMStat extractable operational fraction,ug/L,single_lineage_ready,51,0,0,1.0,51,1,gemstat-open-archive,gemstat-open-archive,1.0,51,0,0,51,0,-139.78,51.21,-117.7,67.58,2000-02-21T11:46,2003-02-10T11:35
cohort-9d57c578c092,Pb,water,water_river,,freshwater_total_operational_fraction_mg_per_l,aas,GEMStat total operational fraction,ug/L,single_lineage_ready,48,0,0,1.0,47,1,gemstat-open-archive,gemstat-open-archive,1.0,48,0,0,48,0,-91.43916667,38.71,-77.11722222,38.92944444,1979-02-15T12:00,1982-07-22T10:30
cohort-8690577f91e0,Pb,water,water_river,,freshwater_total_operational_fraction_mg_per_l,other_inductively_coupled_plasma_icp_method_total_metals_after_rigorous_digestion,GEMStat total operational fraction,ug/L,exploratory_only,56,73,0,0.4341,56,1,gemstat-open-archive,gemstat-open-archive,1.0,56,0,0,129,0,-137.97,51.21,-117.7,60.12,2000-02-21T11:46,2003-04-09T11:00
cohort-8031f4618412,Pb,water,water_river,,freshwater_total_operational_fraction_mg_per_l,other_inductively_coupled_plasma_sector_field_mass_spectrometry_with_closed_vessel_digestion,GEMStat total operational fraction,ug/L,single_lineage_ready,35,0,0,1.0,35,1,gemstat-open-archive,gemstat-open-archive,1.0,35,0,0,35,0,-137.97,51.21,-117.7,60.12,2003-03-24T07:15,2004-06-14T08:35
cohort-79457ab00fe5,Pb,water,water_river,,freshwater_total_operational_fraction_mg_per_l,other_total_metals_by_inductively_coupled_argon_plasma_emission_spectrometry_with_external_nebulizer,GEMStat total operational fraction,ug/L,exploratory_only,66,83,0,0.443,66,1,gemstat-open-archive,gemstat-open-archive,1.0,66,0,0,149,0,-139.78,51.21,-117.7,67.58,2000-02-21T11:46,2003-02-10T11:35
cohort-af9c19f0c337,Pb,water,water_river,,freshwater_total_operational_fraction_ug_per_l,icp_ms,GEMStat total operational fraction,ug/L,single_lineage_ready,279,0,0,1.0,279,1,gemstat-open-archive,gemstat-open-archive,1.0,279,0,0,279,0,-139.78,51.21,-117.7,67.58,2010-03-08T10:15,2019-07-16T09:35
cohort-a53517c0222a,Pb,water,water_river,,freshwater_total_operational_fraction_ug_per_l,other_total_metals_with_in_bottle_digestion_and_inductively_coupled_plasma_sector_field_mass_spectrometer,GEMStat total operational fraction,ug/L,single_lineage_ready,294,2,0,0.9932,294,1,gemstat-open-archive,gemstat-open-archive,1.0,294,0,0,296,0,-139.78,51.21,-117.7,67.58,2003-03-24T07:15,2013-05-21T11:05
cohort-1627bef88a08,Pb,water,water_stream,<0.45 micrometre filtered fraction,dissolved_<0.45um_stream_water,other_icp_qms_for_published_trace_metals,filtered below 0.45 micrometres and acidified to 1% v/v HNO3,ug/L,single_lineage_ready,797,0,0,1.0,797,1,foregs-stream-water,foregs-stream-water,1.0,797,0,0,797,0,-8.74,35.5,31.22,70.16,,
cohort-c204ef00a8a1,Zn,sediment,sediment_clay_fraction_bulk,clay fraction,clay_fraction_bulk_sediment_analysis,other_x_ray_diffraction_xrd_per_publisher_parameter_labels,"clay fraction, bulk analysis",mg/kg,single_lineage_ready,49,0,0,1.0,49,1,pangaea-east-china-sea-clay,pangaea-east-china-sea-clay,1.0,49,11,0,49,0,117.71,24.188,126.912,31.87,,
cohort-5069e5b9028d,Zn,sediment,sediment_clay_fraction_leach_residue,clay fraction,clay_fraction_leach_residue_sediment_analysis,other_x_ray_diffraction_xrd_per_publisher_parameter_labels,"clay fraction, post-leach residue",mg/kg,single_lineage_ready,49,0,0,1.0,49,1,pangaea-east-china-sea-clay,pangaea-east-china-sea-clay,1.0,49,11,0,49,0,117.71,24.188,126.912,31.87,,
cohort-b150bab5052d,Zn,sediment,sediment_floodplain,<2 mm; pulverized <0.063 mm,aqua_regia_leachable_<2mm_floodplain_sediment,icp_oes,hot aqua regia leach at 95 C,mg/kg,single_lineage_ready,374,0,0,1.0,374,1,foregs-floodplain-sediment,foregs-floodplain-sediment,1.0,374,348,0,374,0,-15.45288278,27.82639699,26.487047148,49.31,,
cohort-d3c9af863396,Zn,sediment,sediment_floodplain,<2 mm; pulverized <0.063 mm,total_selected_<2mm_floodplain_sediment,xrf,pressed powder pellet,mg/kg,single_lineage_ready,372,0,0,1.0,372,1,foregs-floodplain-sediment,foregs-floodplain-sediment,1.0,372,346,0,372,0,-15.45288278,27.82639699,26.487047148,49.31,,
cohort-8673986e769d,Zn,sediment,sediment_marine,,dry_weight_partial_nitric_acid,icp_oes,Metoden anvendes på analyseløsninger fremstilt ved ekstraksjon med 7 M HNO3 i autoklav i samsvar med Norsk Standard - NS 4770,mg/kg,single_lineage_ready,401,0,0,1.0,401,1,norway-marchem,norway-marchem,1.0,401,0,0,401,0,5.5623,64.0723,36.6777,78.252,2015,2017
cohort-6e9c527478ea,Zn,sediment,sediment_marine,,dry_weight_partial_nitric_acid,icp_oes,Prøveframstilling følger prosedyre i LABdok_P03: Framstilling av analyseløsninger etter partiell oppslutning i salpetersyre iht. NS-4770.,mg/kg,single_lineage_ready,474,5,0,0.9896,474,1,norway-marchem,norway-marchem,1.0,474,0,0,479,0,1.588881,56.732085,34.038155,81.548998,2019,2024
cohort-82090e5a9a71,Zn,sediment,sediment_marine_core,bulk sediment,bulk_marine_sediment_geochemical_analysis,other_geochemical_analysis_on_bulk_sediment,not reported in publisher table,mg/kg,single_lineage_ready,27,0,0,1.0,26,1,pangaea-arabian-sea-sediment,pangaea-arabian-sea-sediment,1.0,27,0,0,27,0,57.3555,10.0345,68.3668,19.5163,,
cohort-6887ef4b9a7d,Zn,sediment,sediment_marine_surface,bulk sediment,bulk_marine_surface_sediment_geochemical_analysis,icp_ms,not reported in publisher table,mg/kg,single_lineage_ready,44,0,0,1.0,44,1,pangaea-south-china-sea-sediment,pangaea-south-china-sea-sediment,1.0,44,0,0,44,0,105.2847,4.0725,120.155,20.6,,
cohort-36ab0beea49b,Zn,sediment,sediment_outlet_bottom,<75 µm,ICP-MS reported concentration in <75 µm catchment-outlet sediment; BOS,icp_ms,publisher classifies ICP-MS in the total analytical suite; digestion chemistry is not stated in the CSV,mg/kg,single_lineage_ready,1062,5,0,0.9953,1062,1,australia-ngsa,australia-ngsa,1.0,1062,1039,0,1067,0,113.8452,-43.3302,153.3335,-11.0346,1/03/2008,9/12/2007
cohort-e2aae853da04,Zn,sediment,sediment_outlet_top,<75 µm,ICP-MS reported concentration in <75 µm catchment-outlet sediment; TOS,icp_ms,publisher classifies ICP-MS in the total analytical suite; digestion chemistry is not stated in the CSV,mg/kg,single_lineage_ready,1060,4,0,0.9962,1060,1,australia-ngsa,australia-ngsa,1.0,1060,1040,0,1064,0,113.8452,-43.3302,153.3335,-11.0346,1/03/2008,9/12/2007
cohort-f03bb0cc9183,Zn,sediment,sediment_stream,<180 µm fine stream sediment,river_sediment_<180um_national_geochemical_map,,,mg/kg,single_lineage_ready,3024,0,0,1.0,3024,1,japan-gsj-geochemical-map,japan-gsj-geochemical-map,1.0,3024,2622,0,3024,0,127.6799,26.1292,145.7221,45.4518,,
cohort-0cd3dff6cabd,Zn,sediment,sediment_stream,wet sieved <150 micrometres,aqua_regia_leachable_<150um_stream_sediment,icp_oes,hot aqua regia leach at 95 C,mg/kg,single_lineage_ready,456,0,0,1.0,456,1,foregs-stream-sediment,foregs-stream-sediment,1.0,456,446,0,456,0,-15.5555631,27.92424718,26.334653006,50.85749,,
cohort-b507ed4d12d6,Zn,sediment,sediment_stream,wet sieved <150 micrometres,total_selected_<150um_stream_sediment,xrf,pressed powder pellet,mg/kg,single_lineage_ready,456,0,0,1.0,456,1,foregs-stream-sediment,foregs-stream-sediment,1.0,456,446,0,456,0,-15.5555631,27.92424718,26.334653006,50.86,,
cohort-a67afe1da4b6,Zn,soil,soil_a_horizon,<2 mm,near-total concentration in <2 mm soil fraction,icp_oes,near-total HCl-HNO3-HClO4-HF digestion,mg/kg,single_lineage_ready,661,0,0,1.0,661,1,usgs-conus-soil,usgs-conus-soil,1.0,661,658,0,661,0,-124.132,30.4554,-85.0352,41.9863,02/17/09,10/01/08
cohort-6fa5ac275ff1,Zn,soil,soil_agricultural_ploughed,<2 mm,modified_aqua_regia_extractable_dry_soil_<2mm,icp_ms,15 g soil; 90 mL aqua regia; 95 C for one hour; diluted to 300 mL with 5% HCl,mg/kg,single_lineage_ready,2108,0,0,1.0,2108,1,gemas-europe,gemas-europe,1.0,2108,1991,0,2108,0,-16.3444,28.4742,35.1536,70.5883,,
cohort-4b4cf288451f,Zn,soil,soil_agricultural_ploughed,<63 um,xrf_total_fused_bead_dry_soil_milled_<63um,xrf,fused bead preparation after milling,mg/kg,single_lineage_ready,2108,0,0,1.0,2108,1,gemas-europe,gemas-europe,1.0,2108,1991,0,2108,0,-16.3444,28.4742,35.1536,70.5883,,
cohort-889f16a48e91,Zn,soil,soil_c_horizon,<2 mm,near-total concentration in <2 mm soil fraction,icp_oes,near-total HCl-HNO3-HClO4-HF digestion,mg/kg,single_lineage_ready,661,0,0,1.0,661,1,usgs-conus-soil,usgs-conus-soil,1.0,661,658,0,661,0,-124.132,30.4554,-85.0352,41.9863,02/17/09,10/02/08
cohort-308ef305ca63,Zn,soil,soil_c_horizon,fraction < 2 mm,aqua_regia_extractable_c_horizon_soil_analysis,icp_oes,aqua regia digestion; fraction < 2 mm,mg/kg,single_lineage_ready,604,0,0,1.0,604,1,pangaea-barents-c-horizon-soil,pangaea-barents-c-horizon-soil,1.0,604,589,0,604,0,24.0498,66.393,35.4177,71.0493,,
cohort-fa7c1e86ff5f,Zn,soil,soil_grazing_land,<2 mm,modified_aqua_regia_extractable_dry_soil_<2mm,icp_ms,15 g soil; 90 mL aqua regia; 95 C for one hour; diluted to 300 mL with 5% HCl,mg/kg,single_lineage_ready,116,0,0,1.0,116,1,gemas-europe,gemas-europe,1.0,116,111,0,116,0,-9.5724,35.3114,31.9145,69.4542,,
cohort-04d8a61527d6,Zn,soil,soil_grazing_land,<63 um,xrf_total_fused_bead_dry_soil_milled_<63um,xrf,fused bead preparation after milling,mg/kg,single_lineage_ready,116,0,0,1.0,116,1,gemas-europe,gemas-europe,1.0,116,111,0,116,0,-9.5724,35.3114,31.9145,69.4542,,
cohort-ed87644d7d4c,Zn,soil,soil_ground_particles_from_thawed_ice,,certified_acid_digest_soil_and_soil_inclusions,icp_ms,certified NSAM 499-AES/MS (2015) laboratory method; exact digestion reagent not reported in table,mg/kg,insufficient_background,1,0,0,1.0,1,1,pangaea-batagay-soil,pangaea-batagay-soil,1.0,1,1,0,1,0,134.771944,67.580278,134.771944,67.580278,,
cohort-7eb46176dc87,Zn,soil,soil_humus,source humus material,mild_nitric_acid_leachable_humus,icp_ms,4.5% HNO3 ultrasonic extraction for 90 minutes,mg/kg,single_lineage_ready,367,0,0,1.0,367,1,foregs-humus,foregs-humus,1.0,367,363,0,367,0,-8.75,44.18,31.22,70.16,,
cohort-1ca9e2c3adc0,Zn,soil,soil_inclusion_in_ice_wedge,,certified_acid_digest_soil_and_soil_inclusions,icp_ms,certified NSAM 499-AES/MS (2015) laboratory method; exact digestion reagent not reported in table,mg/kg,exploratory_only,11,0,0,1.0,11,1,pangaea-batagay-soil,pangaea-batagay-soil,1.0,11,11,0,11,0,134.771944,67.580278,134.771944,67.580278,,
cohort-e9791dc7df79,Zn,soil,soil_organic_litter,,icpo_method_specific_total_or_extractable_soil,icp_oes,dry ashing of milled organic sample,mg/kg,single_lineage_ready,28,0,0,1.0,28,1,pangaea-brasol-ne-brazil-soil,pangaea-brasol-ne-brazil-soil,1.0,28,26,28,0,0,-37.493361,-7.291667,-34.852917,-7.036667,,
cohort-4a773892c007,Zn,soil,soil_profile,,certified_acid_digest_soil_and_soil_inclusions,icp_ms,certified NSAM 499-AES/MS (2015) laboratory method; exact digestion reagent not reported in table,mg/kg,exploratory_only,19,0,0,1.0,19,1,pangaea-batagay-soil,pangaea-batagay-soil,1.0,19,19,0,19,0,134.771944,67.580278,134.771944,67.580278,,
cohort-81db9a5b025e,Zn,soil,soil_subsoil,,gfd_method_specific_total_or_extractable_soil,xrf,glass fusion disc preparation,mg/kg,single_lineage_ready,87,13,0,0.87,87,1,pangaea-brasol-ne-brazil-soil,pangaea-brasol-ne-brazil-soil,1.0,87,84,100,0,0,-49.067694,-12.484194,-34.932111,-3.019861,,
cohort-392150a12a25,Zn,soil,soil_subsoil,<2 mm,aqua_regia_leachable_<2mm_subsoil,icp_oes,hot aqua regia leach at 95 C,mg/kg,single_lineage_ready,419,0,0,1.0,419,1,foregs-subsoil,foregs-subsoil,1.0,419,410,0,419,0,-8.62,35.04,26.32,51.0,,
cohort-fdc625743909,Zn,soil,soil_subsoil,<2 mm,total_selected_<2mm_subsoil,xrf,lithium metaborate fusion,mg/kg,single_lineage_ready,419,0,0,1.0,419,1,foregs-subsoil,foregs-subsoil,1.0,419,410,0,419,0,-8.6201987961374,35.043132637,26.319878791,50.99929,,
cohort-30f0a8f48ba5,Zn,soil,soil_subsoil,mineral soil,gemas_protocol_multi_acid_digest_dry_mineral_soil,icp_ms,GEMAS protocol multi-acid digestion,mg/kg,single_lineage_ready,83,0,0,1.0,83,1,pangaea-amazonas-soil,pangaea-amazonas-soil,1.0,83,83,0,83,0,-67.1983,-9.75042,-50.97,-2.53317,2016-03-01,2017-02-27
cohort-54de21484d4a,Zn,soil,soil_surface,<20 µm fine silt-clay fraction,deflatable_soil_fraction_total_acid_digest,icp_ms,HF-HNO3 acid digestion,mg/kg,single_lineage_ready,43,0,0,1.0,43,1,pangaea-north-africa-soil,pangaea-north-africa-soil,1.0,43,43,0,43,0,-13.26,15.67,32.5,33.83,,
cohort-0dea9875ca13,Zn,soil,soil_topsoil,,gfd_method_specific_total_or_extractable_soil,xrf,glass fusion disc preparation,mg/kg,exploratory_only,16,0,0,1.0,16,1,pangaea-brasol-ne-brazil-soil,pangaea-brasol-ne-brazil-soil,1.0,16,13,16,0,0,-47.492083,-12.161667,-34.932111,-4.745861,,
cohort-af9d5d1da6be,Zn,soil,soil_topsoil,,icpms_method_specific_total_or_extractable_soil,icp_ms,full digestion with HF and HNO3 in Walner equipment,mg/kg,insufficient_background,7,0,0,1.0,7,1,pangaea-brasol-ne-brazil-soil,pangaea-brasol-ne-brazil-soil,1.0,7,7,7,0,0,-48.316917,-12.418917,-35.124,-5.838889,,
cohort-319e0420232e,Zn,soil,soil_topsoil,,icpo_method_specific_total_or_extractable_soil,icp_oes,digestion with 7N HNO3,mg/kg,single_lineage_ready,29,0,0,1.0,29,1,pangaea-brasol-ne-brazil-soil,pangaea-brasol-ne-brazil-soil,1.0,29,27,29,0,0,-37.493361,-7.291667,-34.852917,-7.036667,,
cohort-08fc55a00e7a,Zn,soil,soil_topsoil,,ppp_method_specific_total_or_extractable_soil,xrf,pressed powder pellet; no wet digestion,mg/kg,exploratory_only,44,41,0,0.5176,44,1,pangaea-brasol-ne-brazil-soil,pangaea-brasol-ne-brazil-soil,1.0,44,44,85,0,0,-48.866,-12.499917,-35.648278,-3.019861,,
cohort-cc79ab84cd60,Zn,soil,soil_topsoil,<2 mm,aqua_regia_leachable_<2mm_topsoil,icp_oes,hot aqua regia leach at 95 C,mg/kg,single_lineage_ready,446,0,0,1.0,444,1,foregs-topsoil,foregs-topsoil,1.0,446,435,0,446,0,-15.57,27.96,26.32,50.86,,
cohort-4ed5bbda76a7,Zn,soil,soil_topsoil,<2 mm,near-total concentration in <2 mm soil fraction,icp_oes,near-total HCl-HNO3-HClO4-HF digestion,mg/kg,single_lineage_ready,661,0,0,1.0,661,1,usgs-conus-soil,usgs-conus-soil,1.0,661,658,0,661,0,-124.132,30.4554,-85.0352,41.9863,02/16/09,10/01/08
cohort-21ad0562ba72,Zn,soil,soil_topsoil,<2 mm,total_selected_<2mm_topsoil,xrf,lithium metaborate fusion,mg/kg,single_lineage_ready,446,0,0,1.0,438,1,foregs-topsoil,foregs-topsoil,1.0,446,436,0,446,0,-15.5660882,27.96442015,26.319878791,50.8575,,
cohort-f6c18970aa9e,Zn,soil,soil_topsoil,mineral soil,gemas_protocol_multi_acid_digest_dry_mineral_soil,icp_ms,GEMAS protocol multi-acid digestion,mg/kg,single_lineage_ready,83,0,0,1.0,83,1,pangaea-amazonas-soil,pangaea-amazonas-soil,1.0,83,83,0,83,0,-67.1983,-9.75042,-50.97,-2.53317,2016-03-01,2017-02-27
cohort-bc5a90280e6d,Zn,water,water_river,,freshwater_dissolved_operational_fraction_mg_per_l,aas,GEMStat dissolved operational fraction,ug/L,exploratory_only,33,15,0,0.6875,33,1,gemstat-open-archive,gemstat-open-archive,1.0,33,0,0,48,0,-121.5019444,25.87638889,-74.77833333,40.22166667,1991-03-07T12:31,1997-01-07T11:20
cohort-bda375942de1,Zn,water,water_river,,freshwater_dissolved_operational_fraction_ug_per_l,icp_ms,GEMStat dissolved operational fraction,ug/L,single_lineage_ready,26,0,0,1.0,26,1,gemstat-open-archive,gemstat-open-archive,1.0,26,0,0,26,0,-117.6,49.02,-117.6,49.02,2010-03-22T11:33,2010-09-29T10:15
cohort-814ebeddeb3e,Zn,water,water_river,,freshwater_dissolved_operational_fraction_ug_per_l,other_dissolved_metals_with_in_bottle_digestion_using_inductively_coupled_plasma_sector_field_ms,GEMStat dissolved operational fraction,ug/L,single_lineage_ready,22,0,0,1.0,22,1,gemstat-open-archive,gemstat-open-archive,1.0,22,0,0,22,0,-117.6,49.02,-117.6,49.02,2009-08-03T00:00,2010-03-16T14:20
cohort-54bd6674c69e,Zn,water,water_river,,freshwater_extractable_operational_fraction_ug_per_l,other_extractable_metals_by_inductively_coupled_argon_plasma_mass_spectrometry_with_pneumatic_nebulization,GEMStat extractable operational fraction,ug/L,single_lineage_ready,59,0,0,1.0,59,1,gemstat-open-archive,gemstat-open-archive,1.0,59,0,0,59,0,-139.78,51.21,-116.44,67.58,2000-01-04T09:00,2003-02-10T11:35
cohort-3d89516bb890,Zn,water,water_river,,freshwater_total_operational_fraction_mg_per_l,aas,GEMStat total operational fraction,ug/L,exploratory_only,17,6,0,0.7391,17,1,gemstat-open-archive,gemstat-open-archive,1.0,17,0,0,23,0,-74.79527778,40.22166667,-74.77833333,45.00611111,1991-03-19T09:00,1997-01-29T11:00
cohort-ba39de5cb7cf,Zn,water,water_river,,freshwater_total_operational_fraction_mg_per_l,other_inductively_coupled_plasma_icp_method_total_metals_after_rigorous_digestion,GEMStat total operational fraction,ug/L,single_lineage_ready,116,22,0,0.8406,116,1,gemstat-open-archive,gemstat-open-archive,1.0,116,0,0,138,0,-137.97,51.21,-116.44,60.12,2000-01-04T09:00,2003-02-24T11:10
cohort-f915fe37135a,Zn,water,water_river,,freshwater_total_operational_fraction_mg_per_l,other_inductively_coupled_plasma_sector_field_mass_spectrometry_with_closed_vessel_digestion,GEMStat total operational fraction,ug/L,single_lineage_ready,43,0,0,1.0,43,1,gemstat-open-archive,gemstat-open-archive,1.0,43,0,0,43,0,-137.97,51.21,-117.7,60.12,2003-03-24T07:15,2004-06-14T08:35
cohort-b6d1cb41197c,Zn,water,water_river,,freshwater_total_operational_fraction_mg_per_l,other_total_metals_by_inductively_coupled_argon_plasma_emission_spectrometry_with_external_nebulizer,GEMStat total operational fraction,ug/L,single_lineage_ready,145,8,0,0.9477,145,1,gemstat-open-archive,gemstat-open-archive,1.0,145,0,0,153,0,-139.78,51.21,-116.44,67.58,2000-01-04T09:00,2003-02-24T11:10
cohort-1689adbe6a4e,Zn,water,water_river,,freshwater_total_operational_fraction_ug_per_l,icp_ms,GEMStat total operational fraction,ug/L,single_lineage_ready,278,2,0,0.9929,278,1,gemstat-open-archive,gemstat-open-archive,1.0,278,0,0,280,0,-139.78,51.21,-117.7,67.58,2010-03-08T10:15,2019-07-16T09:35
cohort-3ac74778a097,Zn,water,water_river,,freshwater_total_operational_fraction_ug_per_l,other_total_metals_with_in_bottle_digestion_and_inductively_coupled_plasma_sector_field_mass_spectrometer,GEMStat total operational fraction,ug/L,single_lineage_ready,291,0,0,1.0,291,1,gemstat-open-archive,gemstat-open-archive,1.0,291,0,0,291,0,-139.78,51.21,-117.7,67.58,2003-03-24T07:15,2013-05-21T11:05
cohort-d10b8476ae5a,Zn,water,water_seawater,,dissolved_seawater_molar_per_mass,,dissolved_fraction; multiple linked BODC method records unresolved to observation,nmol/kg,single_lineage_ready,2859,0,0,1.0,2814,1,geotraces-idp2025,geotraces-idp2025,1.0,2859,0,0,2859,0,-179.990997,-77.7015,180.0,89.990501,2005-01-27T00:16:58,2017-08-01T12:42:18
cohort-aedf05f7eee2,Zn,water,water_seawater,,dissolved_seawater_molar_per_mass,other_bodc_originator_and_methods_record_213440,dissolved_fraction; linked BODC cruise-analyte method record,nmol/kg,single_lineage_ready,97,0,0,1.0,97,1,geotraces-idp2025,geotraces-idp2025,1.0,97,0,0,97,0,154.408997,-52.056999,160.020004,-42.255501,2006-07-17T00:33:58,2006-07-27T03:45:59
cohort-9c8666bff0b9,Zn,water,water_seawater,,dissolved_seawater_molar_per_mass,other_bodc_originator_and_methods_record_310901,dissolved_fraction; linked BODC cruise-analyte method record,nmol/kg,single_lineage_ready,998,0,0,1.0,967,1,geotraces-idp2025,geotraces-idp2025,1.0,998,0,0,998,0,-67.804504,-49.547199,-28.008209,64.000198,2010-05-02T22:44:43,2012-08-09T09:42:14
cohort-f056c8aa86e6,Zn,water,water_seawater,,dissolved_seawater_molar_per_mass,other_bodc_originator_and_methods_record_320981,dissolved_fraction; linked BODC cruise-analyte method record,nmol/kg,single_lineage_ready,87,0,0,1.0,87,1,geotraces-idp2025,geotraces-idp2025,1.0,87,0,0,87,0,139.839996,-65.416298,140.209,-56.929298,2008-03-29T13:15:38,2008-04-04T17:29:50
cohort-88e6d201d590,Zn,water,water_seawater,,dissolved_seawater_molar_per_mass,other_bodc_originator_and_methods_record_321261,dissolved_fraction; linked BODC cruise-analyte method record,nmol/kg,single_lineage_ready,30,0,0,1.0,30,1,geotraces-idp2025,geotraces-idp2025,1.0,30,0,0,30,0,143.014008,-44.9519,152.466995,-44.238499,2007-01-20T08:01:19,2007-02-18T05:19:00
cohort-4a46e93a0371,Zn,water,water_seawater,,dissolved_seawater_molar_per_mass,other_bodc_originator_and_methods_record_321968,dissolved_fraction; linked BODC cruise-analyte method record,nmol/kg,single_lineage_ready,127,0,0,1.0,127,1,geotraces-idp2025,geotraces-idp2025,1.0,127,0,0,127,0,57.6133,-37.751801,86.0299,16.7495,2009-11-18T02:53:24,2009-12-24T11:49:18
cohort-b2727e09a6c3,Zn,water,water_seawater,,dissolved_seawater_molar_per_mass,other_bodc_originator_and_methods_record_493419,dissolved_fraction; linked BODC cruise-analyte method record,nmol/kg,single_lineage_ready,33,0,0,1.0,33,1,geotraces-idp2025,geotraces-idp2025,1.0,33,0,0,33,0,165.001007,30.000799,165.003006,40.000401,2011-07-21T04:07:39,2011-07-23T23:31:19
cohort-e9258cff13f6,Zn,water,water_seawater,,dissolved_seawater_molar_per_mass,other_bodc_originator_and_methods_record_571336,dissolved_fraction; linked BODC cruise-analyte method record,nmol/kg,single_lineage_ready,67,0,0,1.0,67,1,geotraces-idp2025,geotraces-idp2025,1.0,67,0,0,67,0,-48.093201,41.3829,-13.887604,55.841301,2014-05-24T23:03:50,2014-06-22T22:43:10
cohort-8a4008d85f65,Zn,water,water_seawater,,dissolved_seawater_molar_per_mass,other_bodc_originator_and_methods_record_577993,dissolved_fraction; linked BODC cruise-analyte method record,nmol/kg,single_lineage_ready,137,0,0,1.0,137,1,geotraces-idp2025,geotraces-idp2025,1.0,137,0,0,137,0,-129.235001,60.445999,-56.550201,76.332199,2015-07-17T23:55:05,2015-09-27T05:56:44
cohort-3f29eb9a7ffd,Zn,water,water_seawater,,dissolved_seawater_molar_per_mass,other_bodc_originator_and_methods_record_578889,dissolved_fraction; linked BODC cruise-analyte method record,nmol/kg,single_lineage_ready,111,0,0,1.0,111,1,geotraces-idp2025,geotraces-idp2025,1.0,111,0,0,111,0,-143.697998,-71.699303,167.360001,-53.132999,2017-01-09T10:49:58,2017-03-09T12:55:00
cohort-1a549a9746eb,Zn,water,water_seawater,,dissolved_seawater_molar_per_mass,other_bodc_originator_and_methods_record_579050,dissolved_fraction; linked BODC cruise-analyte method record,nmol/kg,single_lineage_ready,373,0,0,1.0,373,1,geotraces-idp2025,geotraces-idp2025,1.0,373,0,0,373,0,-116.779999,71.566101,159.033005,89.165703,2015-08-20T03:27:23,2015-10-08T22:07:45
cohort-abc1594f2312,Zn,water,water_seawater,,dissolved_seawater_molar_per_mass,other_bodc_originator_and_methods_record_581556,dissolved_fraction; linked BODC cruise-analyte method record,nmol/kg,exploratory_only,8,0,0,1.0,8,1,geotraces-idp2025,geotraces-idp2025,1.0,8,0,0,8,0,72.056,-50.625401,72.056,-50.625401,2011-11-16T12:26:33,2011-11-16T12:26:33
cohort-25a1683ef274,Zn,water,water_seawater,,dissolved_seawater_molar_per_mass,other_bodc_originator_and_methods_record_584223,dissolved_fraction; linked BODC cruise-analyte method record,nmol/kg,single_lineage_ready,55,0,0,1.0,55,1,geotraces-idp2025,geotraces-idp2025,1.0,55,0,0,55,0,139.848999,-66.428299,149.966003,-56.929798,2018-01-24T14:53:15,2018-02-03T19:03:03
cohort-832d7f01a1d5,Zn,water,water_seawater,,dissolved_seawater_molar_per_mass,other_bodc_originator_and_methods_record_584489,dissolved_fraction; linked BODC cruise-analyte method record,nmol/kg,single_lineage_ready,116,0,0,1.0,116,1,geotraces-idp2025,geotraces-idp2025,1.0,116,0,0,116,0,-174.5,-15.0,-160.770004,-3.5,2011-10-17T15:00:00,2011-10-24T10:00:00
cohort-fd4aef0a48ff,Zn,water,water_seawater,,dissolved_seawater_molar_per_mass,other_bodc_originator_and_methods_record_591664,dissolved_fraction; linked BODC cruise-analyte method record,nmol/kg,single_lineage_ready,132,0,0,1.0,132,1,geotraces-idp2025,geotraces-idp2025,1.0,132,0,0,132,0,74.110603,-63.2729,93.549301,-58.6577,2016-01-24T06:10:32,2016-02-14T22:15:56
cohort-aa551585a71b,Zn,water,water_seawater,,dissolved_seawater_molar_per_mass,other_bodc_originator_and_methods_record_591909,dissolved_fraction; linked BODC cruise-analyte method record,nmol/kg,single_lineage_ready,120,0,0,1.0,120,1,geotraces-idp2025,geotraces-idp2025,1.0,120,0,0,120,0,30.0,-58.515999,30.257999,-41.004002,2017-07-06T04:22:00,2017-07-10T21:05:30
cohort-8f75b92e07d9,Zn,water,water_seawater,,dissolved_seawater_molar_per_mass,other_bodc_originator_and_methods_record_673984,dissolved_fraction; linked BODC cruise-analyte method record,nmol/kg,single_lineage_ready,127,0,0,1.0,127,1,geotraces-idp2025,geotraces-idp2025,1.0,127,0,0,127,0,-152.001007,-19.985701,-152.0,42.052601,2018-10-08T07:44:18,2018-11-22T07:33:10
cohort-363a75accd0f,Zn,water,water_seawater,,dissolved_seawater_molar_per_mass,other_bodc_originator_and_methods_record_675629,dissolved_fraction; linked BODC cruise-analyte method record,nmol/kg,single_lineage_ready,32,0,0,1.0,22,1,geotraces-idp2025,geotraces-idp2025,1.0,32,0,0,32,0,138.576004,-55.870399,139.054001,-55.812199,2020-12-25T03:26:49,2020-12-28T11:42:26
cohort-7bf9573ea4d9,Zn,water,water_seawater,,dissolved_seawater_molar_per_mass,other_bodc_originator_and_methods_record_675923,dissolved_fraction; linked BODC cruise-analyte method record,nmol/kg,single_lineage_ready,223,0,0,1.0,223,1,geotraces-idp2025,geotraces-idp2025,1.0,223,0,0,223,0,-155.735992,-74.1763,-112.134995,-50.999802,2017-12-27T08:58:14,2018-02-02T14:10:02
cohort-6c3f423ebd60,Zn,water,water_seawater,,dissolved_seawater_molar_per_mass,other_bodc_originator_and_methods_record_676007,dissolved_fraction; linked BODC cruise-analyte method record,nmol/kg,single_lineage_ready,289,0,0,1.0,289,1,geotraces-idp2025,geotraces-idp2025,1.0,289,0,0,289,0,-54.524597,-70.175102,0.09967,-59.084,2018-12-27T00:05:58,2019-02-01T02:45:59
cohort-afce4413342e,Zn,water,water_seawater,,dissolved_seawater_molar_per_mass,other_bodc_originator_and_methods_record_676476,dissolved_fraction; linked BODC cruise-analyte method record,nmol/kg,single_lineage_ready,49,0,0,1.0,49,1,geotraces-idp2025,geotraces-idp2025,1.0,49,0,0,49,0,-0.999512,-56.000099,-0.000183,-54.000099,2019-07-24T23:11:29,2019-11-09T14:26:46
cohort-d1d9f81549f8,Zn,water,water_seawater,,dissolved_seawater_molar_per_mass,other_bodc_originator_and_methods_record_682902,dissolved_fraction; linked BODC cruise-analyte method record,nmol/kg,single_lineage_ready,178,0,0,1.0,178,1,geotraces-idp2025,geotraces-idp2025,1.0,178,0,0,178,0,-0.000946,-27.0637,12.8915,-9.71301,2015-11-23T03:57:09,2015-12-15T00:15:30
cohort-1601da76855a,Zn,water,water_seawater,,dissolved_seawater_molar_per_mass,other_bodc_originator_and_methods_record_685156,dissolved_fraction; linked BODC cruise-analyte method record,nmol/kg,single_lineage_ready,27,0,0,1.0,27,1,geotraces-idp2025,geotraces-idp2025,1.0,27,0,0,27,0,-137.578995,72.537003,-136.929993,75.285202,2009-09-07T19:58:19,2009-09-10T01:41:28
cohort-0188c09e0690,Zn,water,water_stream,<0.45 micrometre filtered fraction,dissolved_<0.45um_stream_water,other_icp_qms_for_published_trace_metals,filtered below 0.45 micrometres and acidified to 1% v/v HNO3,ug/L,single_lineage_ready,797,0,0,1.0,797,1,foregs-stream-water,foregs-stream-water,1.0,797,0,0,797,0,-8.74,35.5,31.22,70.16,,
