{
 "claim_boundary": "features are prioritized evidence-gap candidates for the next retrieval or sampling round; they are not statements about natural abundance, pollution or any administrative boundary",
 "features": [
  {
   "geometry": {
    "coordinates": [
     [
      [
       -180.0,
       -90.0
      ],
      [
       180.0,
       -90.0
      ],
      [
       180.0,
       90.0
      ],
      [
       -180.0,
       90.0
      ],
      [
       -180.0,
       -90.0
      ]
     ]
    ],
    "type": "Polygon"
   },
   "properties": {
    "country_iso_a3": "COD",
    "country_name": "Democratic Republic of the Congo",
    "discovery_platform_sequence": [
     "registered_source_catalog",
     "national_geological_or_environmental_survey",
     "GEOROC",
     "EarthChem",
     "PANGAEA",
     "GEMStat",
     "Zenodo",
     "Figshare",
     "publisher_supplementary_data"
    ],
    "gap_kind": "coverage_repair_task",
    "macroregion": "Africa",
    "observed_canonical_grid_cells": 116,
    "observed_canonical_unique_samples": 9314,
    "preferred_repair_mode": "targeted_source_discovery",
    "priority": 1000,
    "reason_codes": [
     "land_macroregion_coverage_debt"
    ],
    "recommended_action": "targeted source discovery or new sampling inside bbox; bbox is a search scope, not an administrative or scientific boundary",
    "registered_source_candidates": [],
    "required_elements": [
     "Cr"
    ],
    "required_media": [],
    "scope_key": "global",
    "status": "pending",
    "task_id": "536873ecec6ec666",
    "task_kind": "spatial_dimension_gap",
    "view_id": "element:Cr"
   },
   "type": "Feature"
  },
  {
   "geometry": {
    "coordinates": [
     [
      [
       -180.0,
       -90.0
      ],
      [
       180.0,
       -90.0
      ],
      [
       180.0,
       90.0
      ],
      [
       -180.0,
       90.0
      ],
      [
       -180.0,
       -90.0
      ]
     ]
    ],
    "type": "Polygon"
   },
   "properties": {
    "country_iso_a3": "AUS",
    "country_name": "Australia",
    "discovery_platform_sequence": [
     "registered_source_catalog",
     "national_geological_or_environmental_survey",
     "GEOROC",
     "EarthChem",
     "PANGAEA",
     "GEMStat",
     "Zenodo",
     "Figshare",
     "publisher_supplementary_data"
    ],
    "gap_kind": "coverage_repair_task",
    "macroregion": "Oceania",
    "observed_canonical_grid_cells": 116,
    "observed_canonical_unique_samples": 9314,
    "preferred_repair_mode": "implement_catalog_candidate",
    "priority": 1001,
    "reason_codes": [
     "land_macroregion_coverage_debt"
    ],
    "recommended_action": "targeted source discovery or new sampling inside bbox; bbox is a search scope, not an administrative or scientific boundary",
    "registered_source_candidates": [],
    "required_elements": [
     "Cr"
    ],
    "required_media": [],
    "scope_key": "global",
    "status": "pending",
    "task_id": "21b357e3ddd0ae3e",
    "task_kind": "spatial_dimension_gap",
    "view_id": "element:Cr"
   },
   "type": "Feature"
  },
  {
   "geometry": {
    "coordinates": [
     [
      [
       -180.0,
       -90.0
      ],
      [
       180.0,
       -90.0
      ],
      [
       180.0,
       90.0
      ],
      [
       -180.0,
       90.0
      ],
      [
       -180.0,
       -90.0
      ]
     ]
    ],
    "type": "Polygon"
   },
   "properties": {
    "country_iso_a3": "RUS",
    "country_name": "Russia",
    "discovery_platform_sequence": [
     "registered_source_catalog",
     "national_geological_or_environmental_survey",
     "GEOROC",
     "EarthChem",
     "PANGAEA",
     "GEMStat",
     "Zenodo",
     "Figshare",
     "publisher_supplementary_data"
    ],
    "gap_kind": "coverage_repair_task",
    "macroregion": "Europe",
    "observed_canonical_grid_cells": 116,
    "observed_canonical_unique_samples": 9314,
    "preferred_repair_mode": "targeted_source_discovery",
    "priority": 1002,
    "reason_codes": [
     "land_macroregion_coverage_debt"
    ],
    "recommended_action": "targeted source discovery or new sampling inside bbox; bbox is a search scope, not an administrative or scientific boundary",
    "registered_source_candidates": [],
    "required_elements": [
     "Cr"
    ],
    "required_media": [],
    "scope_key": "global",
    "status": "pending",
    "task_id": "43b0180a5a84d25a",
    "task_kind": "spatial_dimension_gap",
    "view_id": "element:Cr"
   },
   "type": "Feature"
  },
  {
   "geometry": {
    "coordinates": [
     [
      [
       -180.0,
       -90.0
      ],
      [
       180.0,
       -90.0
      ],
      [
       180.0,
       90.0
      ],
      [
       -180.0,
       90.0
      ],
      [
       -180.0,
       -90.0
      ]
     ]
    ],
    "type": "Polygon"
   },
   "properties": {
    "country_iso_a3": "CAN",
    "country_name": "Canada",
    "discovery_platform_sequence": [
     "registered_source_catalog",
     "national_geological_or_environmental_survey",
     "GEOROC",
     "EarthChem",
     "PANGAEA",
     "GEMStat",
     "Zenodo",
     "Figshare",
     "publisher_supplementary_data"
    ],
    "gap_kind": "coverage_repair_task",
    "macroregion": "North America",
    "observed_canonical_grid_cells": 116,
    "observed_canonical_unique_samples": 9314,
    "preferred_repair_mode": "requery_selected_source",
    "priority": 1003,
    "reason_codes": [
     "land_macroregion_coverage_debt"
    ],
    "recommended_action": "targeted source discovery or new sampling inside bbox; bbox is a search scope, not an administrative or scientific boundary",
    "registered_source_candidates": [],
    "required_elements": [
     "Cr"
    ],
    "required_media": [],
    "scope_key": "global",
    "status": "pending",
    "task_id": "5f38899a1368d0f2",
    "task_kind": "spatial_dimension_gap",
    "view_id": "element:Cr"
   },
   "type": "Feature"
  },
  {
   "geometry": {
    "coordinates": [
     [
      [
       -180.0,
       -90.0
      ],
      [
       180.0,
       -90.0
      ],
      [
       180.0,
       90.0
      ],
      [
       -180.0,
       90.0
      ],
      [
       -180.0,
       -90.0
      ]
     ]
    ],
    "type": "Polygon"
   },
   "properties": {
    "country_iso_a3": "USA",
    "country_name": "United States of America",
    "discovery_platform_sequence": [
     "registered_source_catalog",
     "national_geological_or_environmental_survey",
     "GEOROC",
     "EarthChem",
     "PANGAEA",
     "GEMStat",
     "Zenodo",
     "Figshare",
     "publisher_supplementary_data"
    ],
    "gap_kind": "coverage_repair_task",
    "macroregion": "North America",
    "observed_canonical_grid_cells": 116,
    "observed_canonical_unique_samples": 9314,
    "preferred_repair_mode": "requery_selected_source",
    "priority": 1004,
    "reason_codes": [
     "land_macroregion_coverage_debt"
    ],
    "recommended_action": "targeted source discovery or new sampling inside bbox; bbox is a search scope, not an administrative or scientific boundary",
    "registered_source_candidates": [],
    "required_elements": [
     "Cr"
    ],
    "required_media": [],
    "scope_key": "global",
    "status": "pending",
    "task_id": "8785d051b11b33b4",
    "task_kind": "spatial_dimension_gap",
    "view_id": "element:Cr"
   },
   "type": "Feature"
  },
  {
   "geometry": {
    "coordinates": [
     [
      [
       -180.0,
       -90.0
      ],
      [
       180.0,
       -90.0
      ],
      [
       180.0,
       90.0
      ],
      [
       -180.0,
       90.0
      ],
      [
       -180.0,
       -90.0
      ]
     ]
    ],
    "type": "Polygon"
   },
   "properties": {
    "country_iso_a3": "CHN",
    "country_name": "China",
    "discovery_platform_sequence": [
     "registered_source_catalog",
     "national_geological_or_environmental_survey",
     "GEOROC",
     "EarthChem",
     "PANGAEA",
     "GEMStat",
     "Zenodo",
     "Figshare",
     "publisher_supplementary_data"
    ],
    "gap_kind": "coverage_repair_task",
    "macroregion": "Asia",
    "observed_canonical_grid_cells": 116,
    "observed_canonical_unique_samples": 9314,
    "preferred_repair_mode": "requery_selected_source",
    "priority": 1005,
    "reason_codes": [
     "land_macroregion_coverage_debt"
    ],
    "recommended_action": "targeted source discovery or new sampling inside bbox; bbox is a search scope, not an administrative or scientific boundary",
    "registered_source_candidates": [],
    "required_elements": [
     "Cr"
    ],
    "required_media": [],
    "scope_key": "global",
    "status": "pending",
    "task_id": "2e12d10d4296ed5a",
    "task_kind": "spatial_dimension_gap",
    "view_id": "element:Cr"
   },
   "type": "Feature"
  },
  {
   "geometry": {
    "coordinates": [
     [
      [
       -180.0,
       -90.0
      ],
      [
       180.0,
       -90.0
      ],
      [
       180.0,
       90.0
      ],
      [
       -180.0,
       90.0
      ],
      [
       -180.0,
       -90.0
      ]
     ]
    ],
    "type": "Polygon"
   },
   "properties": {
    "country_iso_a3": "COD",
    "country_name": "Democratic Republic of the Congo",
    "discovery_platform_sequence": [
     "registered_source_catalog",
     "national_geological_or_environmental_survey",
     "GEOROC",
     "EarthChem",
     "PANGAEA",
     "GEMStat",
     "Zenodo",
     "Figshare",
     "publisher_supplementary_data"
    ],
    "gap_kind": "coverage_repair_task",
    "macroregion": "Africa",
    "observed_canonical_grid_cells": 107,
    "observed_canonical_unique_samples": 8250,
    "preferred_repair_mode": "targeted_source_discovery",
    "priority": 1020,
    "reason_codes": [
     "land_macroregion_coverage_debt"
    ],
    "recommended_action": "targeted source discovery or new sampling inside bbox; bbox is a search scope, not an administrative or scientific boundary",
    "registered_source_candidates": [],
    "required_elements": [
     "Hg"
    ],
    "required_media": [],
    "scope_key": "global",
    "status": "pending",
    "task_id": "666e7c9bcd0b4683",
    "task_kind": "spatial_dimension_gap",
    "view_id": "element:Hg"
   },
   "type": "Feature"
  },
  {
   "geometry": {
    "coordinates": [
     [
      [
       -180.0,
       -90.0
      ],
      [
       180.0,
       -90.0
      ],
      [
       180.0,
       90.0
      ],
      [
       -180.0,
       90.0
      ],
      [
       -180.0,
       -90.0
      ]
     ]
    ],
    "type": "Polygon"
   },
   "properties": {
    "country_iso_a3": "RUS",
    "country_name": "Russia",
    "discovery_platform_sequence": [
     "registered_source_catalog",
     "national_geological_or_environmental_survey",
     "GEOROC",
     "EarthChem",
     "PANGAEA",
     "GEMStat",
     "Zenodo",
     "Figshare",
     "publisher_supplementary_data"
    ],
    "gap_kind": "coverage_repair_task",
    "macroregion": "Europe",
    "observed_canonical_grid_cells": 107,
    "observed_canonical_unique_samples": 8250,
    "preferred_repair_mode": "targeted_source_discovery",
    "priority": 1021,
    "reason_codes": [
     "land_macroregion_coverage_debt"
    ],
    "recommended_action": "targeted source discovery or new sampling inside bbox; bbox is a search scope, not an administrative or scientific boundary",
    "registered_source_candidates": [],
    "required_elements": [
     "Hg"
    ],
    "required_media": [],
    "scope_key": "global",
    "status": "pending",
    "task_id": "892d6bee7648c221",
    "task_kind": "spatial_dimension_gap",
    "view_id": "element:Hg"
   },
   "type": "Feature"
  },
  {
   "geometry": {
    "coordinates": [
     [
      [
       -180.0,
       -90.0
      ],
      [
       180.0,
       -90.0
      ],
      [
       180.0,
       90.0
      ],
      [
       -180.0,
       90.0
      ],
      [
       -180.0,
       -90.0
      ]
     ]
    ],
    "type": "Polygon"
   },
   "properties": {
    "country_iso_a3": "CAN",
    "country_name": "Canada",
    "discovery_platform_sequence": [
     "registered_source_catalog",
     "national_geological_or_environmental_survey",
     "GEOROC",
     "EarthChem",
     "PANGAEA",
     "GEMStat",
     "Zenodo",
     "Figshare",
     "publisher_supplementary_data"
    ],
    "gap_kind": "coverage_repair_task",
    "macroregion": "North America",
    "observed_canonical_grid_cells": 107,
    "observed_canonical_unique_samples": 8250,
    "preferred_repair_mode": "requery_selected_source",
    "priority": 1022,
    "reason_codes": [
     "land_macroregion_coverage_debt"
    ],
    "recommended_action": "targeted source discovery or new sampling inside bbox; bbox is a search scope, not an administrative or scientific boundary",
    "registered_source_candidates": [],
    "required_elements": [
     "Hg"
    ],
    "required_media": [],
    "scope_key": "global",
    "status": "pending",
    "task_id": "e1129d252a31776e",
    "task_kind": "spatial_dimension_gap",
    "view_id": "element:Hg"
   },
   "type": "Feature"
  },
  {
   "geometry": {
    "coordinates": [
     [
      [
       -180.0,
       -90.0
      ],
      [
       180.0,
       -90.0
      ],
      [
       180.0,
       90.0
      ],
      [
       -180.0,
       90.0
      ],
      [
       -180.0,
       -90.0
      ]
     ]
    ],
    "type": "Polygon"
   },
   "properties": {
    "country_iso_a3": "USA",
    "country_name": "United States of America",
    "discovery_platform_sequence": [
     "registered_source_catalog",
     "national_geological_or_environmental_survey",
     "GEOROC",
     "EarthChem",
     "PANGAEA",
     "GEMStat",
     "Zenodo",
     "Figshare",
     "publisher_supplementary_data"
    ],
    "gap_kind": "coverage_repair_task",
    "macroregion": "North America",
    "observed_canonical_grid_cells": 107,
    "observed_canonical_unique_samples": 8250,
    "preferred_repair_mode": "requery_selected_source",
    "priority": 1023,
    "reason_codes": [
     "land_macroregion_coverage_debt"
    ],
    "recommended_action": "targeted source discovery or new sampling inside bbox; bbox is a search scope, not an administrative or scientific boundary",
    "registered_source_candidates": [],
    "required_elements": [
     "Hg"
    ],
    "required_media": [],
    "scope_key": "global",
    "status": "pending",
    "task_id": "691f8c376d33eebe",
    "task_kind": "spatial_dimension_gap",
    "view_id": "element:Hg"
   },
   "type": "Feature"
  },
  {
   "geometry": {
    "coordinates": [
     [
      [
       -180.0,
       -90.0
      ],
      [
       180.0,
       -90.0
      ],
      [
       180.0,
       90.0
      ],
      [
       -180.0,
       90.0
      ],
      [
       -180.0,
       -90.0
      ]
     ]
    ],
    "type": "Polygon"
   },
   "properties": {
    "country_iso_a3": "CHN",
    "country_name": "China",
    "discovery_platform_sequence": [
     "registered_source_catalog",
     "national_geological_or_environmental_survey",
     "GEOROC",
     "EarthChem",
     "PANGAEA",
     "GEMStat",
     "Zenodo",
     "Figshare",
     "publisher_supplementary_data"
    ],
    "gap_kind": "coverage_repair_task",
    "macroregion": "Asia",
    "observed_canonical_grid_cells": 107,
    "observed_canonical_unique_samples": 8250,
    "preferred_repair_mode": "requery_selected_source",
    "priority": 1024,
    "reason_codes": [
     "land_macroregion_coverage_debt"
    ],
    "recommended_action": "targeted source discovery or new sampling inside bbox; bbox is a search scope, not an administrative or scientific boundary",
    "registered_source_candidates": [],
    "required_elements": [
     "Hg"
    ],
    "required_media": [],
    "scope_key": "global",
    "status": "pending",
    "task_id": "a0906c56a9669937",
    "task_kind": "spatial_dimension_gap",
    "view_id": "element:Hg"
   },
   "type": "Feature"
  },
  {
   "geometry": {
    "coordinates": [
     [
      [
       -180.0,
       -90.0
      ],
      [
       180.0,
       -90.0
      ],
      [
       180.0,
       90.0
      ],
      [
       -180.0,
       90.0
      ],
      [
       -180.0,
       -90.0
      ]
     ]
    ],
    "type": "Polygon"
   },
   "properties": {
    "country_iso_a3": "AUS",
    "country_name": "Australia",
    "discovery_platform_sequence": [
     "registered_source_catalog",
     "national_geological_or_environmental_survey",
     "GEOROC",
     "EarthChem",
     "PANGAEA",
     "GEMStat",
     "Zenodo",
     "Figshare",
     "publisher_supplementary_data"
    ],
    "gap_kind": "coverage_repair_task",
    "macroregion": "Oceania",
    "observed_canonical_grid_cells": 107,
    "observed_canonical_unique_samples": 8250,
    "preferred_repair_mode": "requery_selected_source",
    "priority": 1025,
    "reason_codes": [
     "land_macroregion_coverage_debt"
    ],
    "recommended_action": "targeted source discovery or new sampling inside bbox; bbox is a search scope, not an administrative or scientific boundary",
    "registered_source_candidates": [],
    "required_elements": [
     "Hg"
    ],
    "required_media": [],
    "scope_key": "global",
    "status": "pending",
    "task_id": "e12c9f3b05892fa2",
    "task_kind": "spatial_dimension_gap",
    "view_id": "element:Hg"
   },
   "type": "Feature"
  },
  {
   "geometry": {
    "coordinates": [
     [
      [
       -180.0,
       -90.0
      ],
      [
       180.0,
       -90.0
      ],
      [
       180.0,
       90.0
      ],
      [
       -180.0,
       90.0
      ],
      [
       -180.0,
       -90.0
      ]
     ]
    ],
    "type": "Polygon"
   },
   "properties": {
    "country_iso_a3": "COD",
    "country_name": "Democratic Republic of the Congo",
    "discovery_platform_sequence": [
     "registered_source_catalog",
     "national_geological_or_environmental_survey",
     "GEOROC",
     "EarthChem",
     "PANGAEA",
     "GEMStat",
     "Zenodo",
     "Figshare",
     "publisher_supplementary_data"
    ],
    "gap_kind": "coverage_repair_task",
    "macroregion": "Africa",
    "observed_canonical_grid_cells": 161,
    "observed_canonical_unique_samples": 12442,
    "preferred_repair_mode": "repair_coordinate_evidence",
    "priority": 1040,
    "reason_codes": [
     "land_macroregion_coverage_debt",
     "reported_only_coordinate_evidence"
    ],
    "recommended_action": "targeted source discovery or new sampling inside bbox; bbox is a search scope, not an administrative or scientific boundary",
    "registered_source_candidates": [],
    "required_elements": [
     "Pb"
    ],
    "required_media": [],
    "scope_key": "global",
    "status": "pending",
    "task_id": "b61c4c2f8d0bc80f",
    "task_kind": "spatial_dimension_gap",
    "view_id": "element:Pb"
   },
   "type": "Feature"
  },
  {
   "geometry": {
    "coordinates": [
     [
      [
       -180.0,
       -90.0
      ],
      [
       180.0,
       -90.0
      ],
      [
       180.0,
       90.0
      ],
      [
       -180.0,
       90.0
      ],
      [
       -180.0,
       -90.0
      ]
     ]
    ],
    "type": "Polygon"
   },
   "properties": {
    "country_iso_a3": "RUS",
    "country_name": "Russia",
    "discovery_platform_sequence": [
     "registered_source_catalog",
     "national_geological_or_environmental_survey",
     "GEOROC",
     "EarthChem",
     "PANGAEA",
     "GEMStat",
     "Zenodo",
     "Figshare",
     "publisher_supplementary_data"
    ],
    "gap_kind": "coverage_repair_task",
    "macroregion": "Europe",
    "observed_canonical_grid_cells": 161,
    "observed_canonical_unique_samples": 12442,
    "preferred_repair_mode": "repair_coordinate_evidence",
    "priority": 1041,
    "reason_codes": [
     "land_macroregion_coverage_debt",
     "reported_only_coordinate_evidence"
    ],
    "recommended_action": "targeted source discovery or new sampling inside bbox; bbox is a search scope, not an administrative or scientific boundary",
    "registered_source_candidates": [],
    "required_elements": [
     "Pb"
    ],
    "required_media": [],
    "scope_key": "global",
    "status": "pending",
    "task_id": "92fe725ac8049072",
    "task_kind": "spatial_dimension_gap",
    "view_id": "element:Pb"
   },
   "type": "Feature"
  },
  {
   "geometry": {
    "coordinates": [
     [
      [
       -180.0,
       -90.0
      ],
      [
       180.0,
       -90.0
      ],
      [
       180.0,
       90.0
      ],
      [
       -180.0,
       90.0
      ],
      [
       -180.0,
       -90.0
      ]
     ]
    ],
    "type": "Polygon"
   },
   "properties": {
    "country_iso_a3": "CAN",
    "country_name": "Canada",
    "discovery_platform_sequence": [
     "registered_source_catalog",
     "national_geological_or_environmental_survey",
     "GEOROC",
     "EarthChem",
     "PANGAEA",
     "GEMStat",
     "Zenodo",
     "Figshare",
     "publisher_supplementary_data"
    ],
    "gap_kind": "coverage_repair_task",
    "macroregion": "North America",
    "observed_canonical_grid_cells": 161,
    "observed_canonical_unique_samples": 12442,
    "preferred_repair_mode": "repair_coordinate_evidence",
    "priority": 1042,
    "reason_codes": [
     "land_macroregion_coverage_debt",
     "reported_only_coordinate_evidence"
    ],
    "recommended_action": "targeted source discovery or new sampling inside bbox; bbox is a search scope, not an administrative or scientific boundary",
    "registered_source_candidates": [],
    "required_elements": [
     "Pb"
    ],
    "required_media": [],
    "scope_key": "global",
    "status": "pending",
    "task_id": "4234e5c3ff2354a2",
    "task_kind": "spatial_dimension_gap",
    "view_id": "element:Pb"
   },
   "type": "Feature"
  },
  {
   "geometry": {
    "coordinates": [
     [
      [
       -180.0,
       -90.0
      ],
      [
       180.0,
       -90.0
      ],
      [
       180.0,
       90.0
      ],
      [
       -180.0,
       90.0
      ],
      [
       -180.0,
       -90.0
      ]
     ]
    ],
    "type": "Polygon"
   },
   "properties": {
    "country_iso_a3": "USA",
    "country_name": "United States of America",
    "discovery_platform_sequence": [
     "registered_source_catalog",
     "national_geological_or_environmental_survey",
     "GEOROC",
     "EarthChem",
     "PANGAEA",
     "GEMStat",
     "Zenodo",
     "Figshare",
     "publisher_supplementary_data"
    ],
    "gap_kind": "coverage_repair_task",
    "macroregion": "North America",
    "observed_canonical_grid_cells": 161,
    "observed_canonical_unique_samples": 12442,
    "preferred_repair_mode": "repair_coordinate_evidence",
    "priority": 1043,
    "reason_codes": [
     "land_macroregion_coverage_debt",
     "reported_only_coordinate_evidence"
    ],
    "recommended_action": "targeted source discovery or new sampling inside bbox; bbox is a search scope, not an administrative or scientific boundary",
    "registered_source_candidates": [],
    "required_elements": [
     "Pb"
    ],
    "required_media": [],
    "scope_key": "global",
    "status": "pending",
    "task_id": "82ff399e008207c2",
    "task_kind": "spatial_dimension_gap",
    "view_id": "element:Pb"
   },
   "type": "Feature"
  },
  {
   "geometry": {
    "coordinates": [
     [
      [
       -180.0,
       -90.0
      ],
      [
       180.0,
       -90.0
      ],
      [
       180.0,
       90.0
      ],
      [
       -180.0,
       90.0
      ],
      [
       -180.0,
       -90.0
      ]
     ]
    ],
    "type": "Polygon"
   },
   "properties": {
    "country_iso_a3": "CHN",
    "country_name": "China",
    "discovery_platform_sequence": [
     "registered_source_catalog",
     "national_geological_or_environmental_survey",
     "GEOROC",
     "EarthChem",
     "PANGAEA",
     "GEMStat",
     "Zenodo",
     "Figshare",
     "publisher_supplementary_data"
    ],
    "gap_kind": "coverage_repair_task",
    "macroregion": "Asia",
    "observed_canonical_grid_cells": 161,
    "observed_canonical_unique_samples": 12442,
    "preferred_repair_mode": "repair_coordinate_evidence",
    "priority": 1044,
    "reason_codes": [
     "land_macroregion_coverage_debt",
     "reported_only_coordinate_evidence"
    ],
    "recommended_action": "targeted source discovery or new sampling inside bbox; bbox is a search scope, not an administrative or scientific boundary",
    "registered_source_candidates": [],
    "required_elements": [
     "Pb"
    ],
    "required_media": [],
    "scope_key": "global",
    "status": "pending",
    "task_id": "a6457807c654ccd1",
    "task_kind": "spatial_dimension_gap",
    "view_id": "element:Pb"
   },
   "type": "Feature"
  },
  {
   "geometry": {
    "coordinates": [
     [
      [
       -180.0,
       -90.0
      ],
      [
       180.0,
       -90.0
      ],
      [
       180.0,
       90.0
      ],
      [
       -180.0,
       90.0
      ],
      [
       -180.0,
       -90.0
      ]
     ]
    ],
    "type": "Polygon"
   },
   "properties": {
    "country_iso_a3": "BRA",
    "country_name": "Brazil",
    "discovery_platform_sequence": [
     "registered_source_catalog",
     "national_geological_or_environmental_survey",
     "GEOROC",
     "EarthChem",
     "PANGAEA",
     "GEMStat",
     "Zenodo",
     "Figshare",
     "publisher_supplementary_data"
    ],
    "gap_kind": "coverage_repair_task",
    "macroregion": "South America",
    "observed_canonical_grid_cells": 161,
    "observed_canonical_unique_samples": 12442,
    "preferred_repair_mode": "repair_coordinate_evidence",
    "priority": 1045,
    "reason_codes": [
     "land_macroregion_coverage_debt",
     "reported_only_coordinate_evidence"
    ],
    "recommended_action": "targeted source discovery or new sampling inside bbox; bbox is a search scope, not an administrative or scientific boundary",
    "registered_source_candidates": [],
    "required_elements": [
     "Pb"
    ],
    "required_media": [],
    "scope_key": "global",
    "status": "pending",
    "task_id": "907d63561bcc91f1",
    "task_kind": "spatial_dimension_gap",
    "view_id": "element:Pb"
   },
   "type": "Feature"
  },
  {
   "geometry": {
    "coordinates": [
     [
      [
       -180.0,
       -90.0
      ],
      [
       180.0,
       -90.0
      ],
      [
       180.0,
       90.0
      ],
      [
       -180.0,
       90.0
      ],
      [
       -180.0,
       -90.0
      ]
     ]
    ],
    "type": "Polygon"
   },
   "properties": {
    "country_iso_a3": "COD",
    "country_name": "Democratic Republic of the Congo",
    "discovery_platform_sequence": [
     "registered_source_catalog",
     "national_geological_or_environmental_survey",
     "GEOROC",
     "EarthChem",
     "Zenodo",
     "Figshare",
     "publisher_supplementary_data"
    ],
    "gap_kind": "coverage_repair_task",
    "macroregion": "Africa",
    "observed_canonical_grid_cells": 0,
    "observed_canonical_unique_samples": 0,
    "preferred_repair_mode": "targeted_source_discovery",
    "priority": 1060,
    "reason_codes": [
     "canonical_sample_shortfall",
     "canonical_cell_shortfall",
     "canonical_coverage_zone_shortfall",
     "land_macroregion_coverage_debt"
    ],
    "recommended_action": "targeted source discovery or new sampling inside bbox; bbox is a search scope, not an administrative or scientific boundary",
    "registered_source_candidates": [],
    "required_elements": [],
    "required_media": [
     "rock"
    ],
    "scope_key": "global",
    "status": "pending",
    "task_id": "8bad866c71d027fd",
    "task_kind": "spatial_dimension_gap",
    "view_id": "medium:rock"
   },
   "type": "Feature"
  },
  {
   "geometry": {
    "coordinates": [
     [
      [
       -180.0,
       -90.0
      ],
      [
       180.0,
       -90.0
      ],
      [
       180.0,
       90.0
      ],
      [
       -180.0,
       90.0
      ],
      [
       -180.0,
       -90.0
      ]
     ]
    ],
    "type": "Polygon"
   },
   "properties": {
    "country_iso_a3": "CHN",
    "country_name": "China",
    "discovery_platform_sequence": [
     "registered_source_catalog",
     "national_geological_or_environmental_survey",
     "GEOROC",
     "EarthChem",
     "Zenodo",
     "Figshare",
     "publisher_supplementary_data"
    ],
    "gap_kind": "coverage_repair_task",
    "macroregion": "Asia",
    "observed_canonical_grid_cells": 0,
    "observed_canonical_unique_samples": 0,
    "preferred_repair_mode": "targeted_source_discovery",
    "priority": 1061,
    "reason_codes": [
     "canonical_sample_shortfall",
     "canonical_cell_shortfall",
     "canonical_coverage_zone_shortfall",
     "land_macroregion_coverage_debt"
    ],
    "recommended_action": "targeted source discovery or new sampling inside bbox; bbox is a search scope, not an administrative or scientific boundary",
    "registered_source_candidates": [],
    "required_elements": [],
    "required_media": [
     "rock"
    ],
    "scope_key": "global",
    "status": "pending",
    "task_id": "ef91160ce7e95aaf",
    "task_kind": "spatial_dimension_gap",
    "view_id": "medium:rock"
   },
   "type": "Feature"
  },
  {
   "geometry": {
    "coordinates": [
     [
      [
       -180.0,
       -90.0
      ],
      [
       180.0,
       -90.0
      ],
      [
       180.0,
       90.0
      ],
      [
       -180.0,
       90.0
      ],
      [
       -180.0,
       -90.0
      ]
     ]
    ],
    "type": "Polygon"
   },
   "properties": {
    "country_iso_a3": "RUS",
    "country_name": "Russia",
    "discovery_platform_sequence": [
     "registered_source_catalog",
     "national_geological_or_environmental_survey",
     "GEOROC",
     "EarthChem",
     "Zenodo",
     "Figshare",
     "publisher_supplementary_data"
    ],
    "gap_kind": "coverage_repair_task",
    "macroregion": "Europe",
    "observed_canonical_grid_cells": 0,
    "observed_canonical_unique_samples": 0,
    "preferred_repair_mode": "targeted_source_discovery",
    "priority": 1062,
    "reason_codes": [
     "canonical_sample_shortfall",
     "canonical_cell_shortfall",
     "canonical_coverage_zone_shortfall",
     "land_macroregion_coverage_debt"
    ],
    "recommended_action": "targeted source discovery or new sampling inside bbox; bbox is a search scope, not an administrative or scientific boundary",
    "registered_source_candidates": [],
    "required_elements": [],
    "required_media": [
     "rock"
    ],
    "scope_key": "global",
    "status": "pending",
    "task_id": "9f237bdc7a49c91b",
    "task_kind": "spatial_dimension_gap",
    "view_id": "medium:rock"
   },
   "type": "Feature"
  },
  {
   "geometry": {
    "coordinates": [
     [
      [
       -180.0,
       -90.0
      ],
      [
       180.0,
       -90.0
      ],
      [
       180.0,
       90.0
      ],
      [
       -180.0,
       90.0
      ],
      [
       -180.0,
       -90.0
      ]
     ]
    ],
    "type": "Polygon"
   },
   "properties": {
    "country_iso_a3": "CAN",
    "country_name": "Canada",
    "discovery_platform_sequence": [
     "registered_source_catalog",
     "national_geological_or_environmental_survey",
     "GEOROC",
     "EarthChem",
     "Zenodo",
     "Figshare",
     "publisher_supplementary_data"
    ],
    "gap_kind": "coverage_repair_task",
    "macroregion": "North America",
    "observed_canonical_grid_cells": 0,
    "observed_canonical_unique_samples": 0,
    "preferred_repair_mode": "targeted_source_discovery",
    "priority": 1063,
    "reason_codes": [
     "canonical_sample_shortfall",
     "canonical_cell_shortfall",
     "canonical_coverage_zone_shortfall",
     "land_macroregion_coverage_debt"
    ],
    "recommended_action": "targeted source discovery or new sampling inside bbox; bbox is a search scope, not an administrative or scientific boundary",
    "registered_source_candidates": [],
    "required_elements": [],
    "required_media": [
     "rock"
    ],
    "scope_key": "global",
    "status": "pending",
    "task_id": "3b87bc6a24003efc",
    "task_kind": "spatial_dimension_gap",
    "view_id": "medium:rock"
   },
   "type": "Feature"
  },
  {
   "geometry": {
    "coordinates": [
     [
      [
       -180.0,
       -90.0
      ],
      [
       180.0,
       -90.0
      ],
      [
       180.0,
       90.0
      ],
      [
       -180.0,
       90.0
      ],
      [
       -180.0,
       -90.0
      ]
     ]
    ],
    "type": "Polygon"
   },
   "properties": {
    "country_iso_a3": "AUS",
    "country_name": "Australia",
    "discovery_platform_sequence": [
     "registered_source_catalog",
     "national_geological_or_environmental_survey",
     "GEOROC",
     "EarthChem",
     "Zenodo",
     "Figshare",
     "publisher_supplementary_data"
    ],
    "gap_kind": "coverage_repair_task",
    "macroregion": "Oceania",
    "observed_canonical_grid_cells": 0,
    "observed_canonical_unique_samples": 0,
    "preferred_repair_mode": "implement_catalog_candidate",
    "priority": 1064,
    "reason_codes": [
     "canonical_sample_shortfall",
     "canonical_cell_shortfall",
     "canonical_coverage_zone_shortfall",
     "land_macroregion_coverage_debt"
    ],
    "recommended_action": "targeted source discovery or new sampling inside bbox; bbox is a search scope, not an administrative or scientific boundary",
    "registered_source_candidates": [],
    "required_elements": [],
    "required_media": [
     "rock"
    ],
    "scope_key": "global",
    "status": "pending",
    "task_id": "f2d06122e8939e1f",
    "task_kind": "spatial_dimension_gap",
    "view_id": "medium:rock"
   },
   "type": "Feature"
  },
  {
   "geometry": {
    "coordinates": [
     [
      [
       -180.0,
       -90.0
      ],
      [
       180.0,
       -90.0
      ],
      [
       180.0,
       90.0
      ],
      [
       -180.0,
       90.0
      ],
      [
       -180.0,
       -90.0
      ]
     ]
    ],
    "type": "Polygon"
   },
   "properties": {
    "country_iso_a3": "BRA",
    "country_name": "Brazil",
    "discovery_platform_sequence": [
     "registered_source_catalog",
     "national_geological_or_environmental_survey",
     "GEOROC",
     "EarthChem",
     "Zenodo",
     "Figshare",
     "publisher_supplementary_data"
    ],
    "gap_kind": "coverage_repair_task",
    "macroregion": "South America",
    "observed_canonical_grid_cells": 0,
    "observed_canonical_unique_samples": 0,
    "preferred_repair_mode": "implement_catalog_candidate",
    "priority": 1065,
    "reason_codes": [
     "canonical_sample_shortfall",
     "canonical_cell_shortfall",
     "canonical_coverage_zone_shortfall",
     "land_macroregion_coverage_debt"
    ],
    "recommended_action": "targeted source discovery or new sampling inside bbox; bbox is a search scope, not an administrative or scientific boundary",
    "registered_source_candidates": [],
    "required_elements": [],
    "required_media": [
     "rock"
    ],
    "scope_key": "global",
    "status": "pending",
    "task_id": "2838ee7bd5d282b1",
    "task_kind": "spatial_dimension_gap",
    "view_id": "medium:rock"
   },
   "type": "Feature"
  },
  {
   "geometry": {
    "coordinates": [
     [
      [
       -180.0,
       -90.0
      ],
      [
       180.0,
       -90.0
      ],
      [
       180.0,
       90.0
      ],
      [
       -180.0,
       90.0
      ],
      [
       -180.0,
       -90.0
      ]
     ]
    ],
    "type": "Polygon"
   },
   "properties": {
    "country_iso_a3": "AUS",
    "country_name": "Australia",
    "discovery_platform_sequence": [
     "registered_source_catalog",
     "national_geological_or_environmental_survey",
     "PANGAEA",
     "EarthChem",
     "Zenodo",
     "Figshare",
     "publisher_supplementary_data"
    ],
    "gap_kind": "coverage_repair_task",
    "macroregion": "Oceania",
    "observed_canonical_grid_cells": 111,
    "observed_canonical_unique_samples": 6621,
    "preferred_repair_mode": "targeted_source_discovery",
    "priority": 1080,
    "reason_codes": [
     "land_macroregion_coverage_debt"
    ],
    "recommended_action": "targeted source discovery or new sampling inside bbox; bbox is a search scope, not an administrative or scientific boundary",
    "registered_source_candidates": [],
    "required_elements": [],
    "required_media": [
     "soil"
    ],
    "scope_key": "global",
    "status": "pending",
    "task_id": "e16011f3f1c0c0ae",
    "task_kind": "spatial_dimension_gap",
    "view_id": "medium:soil"
   },
   "type": "Feature"
  },
  {
   "geometry": {
    "coordinates": [
     [
      [
       -180.0,
       -90.0
      ],
      [
       180.0,
       -90.0
      ],
      [
       180.0,
       90.0
      ],
      [
       -180.0,
       90.0
      ],
      [
       -180.0,
       -90.0
      ]
     ]
    ],
    "type": "Polygon"
   },
   "properties": {
    "country_iso_a3": "RUS",
    "country_name": "Russia",
    "discovery_platform_sequence": [
     "registered_source_catalog",
     "national_geological_or_environmental_survey",
     "PANGAEA",
     "EarthChem",
     "Zenodo",
     "Figshare",
     "publisher_supplementary_data"
    ],
    "gap_kind": "coverage_repair_task",
    "macroregion": "Europe",
    "observed_canonical_grid_cells": 111,
    "observed_canonical_unique_samples": 6621,
    "preferred_repair_mode": "requery_selected_source",
    "priority": 1081,
    "reason_codes": [
     "land_macroregion_coverage_debt"
    ],
    "recommended_action": "targeted source discovery or new sampling inside bbox; bbox is a search scope, not an administrative or scientific boundary",
    "registered_source_candidates": [],
    "required_elements": [],
    "required_media": [
     "soil"
    ],
    "scope_key": "global",
    "status": "pending",
    "task_id": "0503fda1a4ef860f",
    "task_kind": "spatial_dimension_gap",
    "view_id": "medium:soil"
   },
   "type": "Feature"
  },
  {
   "geometry": {
    "coordinates": [
     [
      [
       -180.0,
       -90.0
      ],
      [
       180.0,
       -90.0
      ],
      [
       180.0,
       90.0
      ],
      [
       -180.0,
       90.0
      ],
      [
       -180.0,
       -90.0
      ]
     ]
    ],
    "type": "Polygon"
   },
   "properties": {
    "country_iso_a3": "CAN",
    "country_name": "Canada",
    "discovery_platform_sequence": [
     "registered_source_catalog",
     "national_geological_or_environmental_survey",
     "PANGAEA",
     "EarthChem",
     "Zenodo",
     "Figshare",
     "publisher_supplementary_data"
    ],
    "gap_kind": "coverage_repair_task",
    "macroregion": "North America",
    "observed_canonical_grid_cells": 111,
    "observed_canonical_unique_samples": 6621,
    "preferred_repair_mode": "targeted_source_discovery",
    "priority": 1082,
    "reason_codes": [
     "land_macroregion_coverage_debt"
    ],
    "recommended_action": "targeted source discovery or new sampling inside bbox; bbox is a search scope, not an administrative or scientific boundary",
    "registered_source_candidates": [],
    "required_elements": [],
    "required_media": [
     "soil"
    ],
    "scope_key": "global",
    "status": "pending",
    "task_id": "331b5ebdb51c44ee",
    "task_kind": "spatial_dimension_gap",
    "view_id": "medium:soil"
   },
   "type": "Feature"
  },
  {
   "geometry": {
    "coordinates": [
     [
      [
       -180.0,
       -90.0
      ],
      [
       180.0,
       -90.0
      ],
      [
       180.0,
       90.0
      ],
      [
       -180.0,
       90.0
      ],
      [
       -180.0,
       -90.0
      ]
     ]
    ],
    "type": "Polygon"
   },
   "properties": {
    "country_iso_a3": "USA",
    "country_name": "United States of America",
    "discovery_platform_sequence": [
     "registered_source_catalog",
     "national_geological_or_environmental_survey",
     "PANGAEA",
     "EarthChem",
     "Zenodo",
     "Figshare",
     "publisher_supplementary_data"
    ],
    "gap_kind": "coverage_repair_task",
    "macroregion": "North America",
    "observed_canonical_grid_cells": 111,
    "observed_canonical_unique_samples": 6621,
    "preferred_repair_mode": "requery_selected_source",
    "priority": 1083,
    "reason_codes": [
     "land_macroregion_coverage_debt"
    ],
    "recommended_action": "targeted source discovery or new sampling inside bbox; bbox is a search scope, not an administrative or scientific boundary",
    "registered_source_candidates": [],
    "required_elements": [],
    "required_media": [
     "soil"
    ],
    "scope_key": "global",
    "status": "pending",
    "task_id": "cdd107d7a9358a83",
    "task_kind": "spatial_dimension_gap",
    "view_id": "medium:soil"
   },
   "type": "Feature"
  },
  {
   "geometry": {
    "coordinates": [
     [
      [
       -180.0,
       -90.0
      ],
      [
       180.0,
       -90.0
      ],
      [
       180.0,
       90.0
      ],
      [
       -180.0,
       90.0
      ],
      [
       -180.0,
       -90.0
      ]
     ]
    ],
    "type": "Polygon"
   },
   "properties": {
    "country_iso_a3": "CHN",
    "country_name": "China",
    "discovery_platform_sequence": [
     "registered_source_catalog",
     "national_geological_or_environmental_survey",
     "PANGAEA",
     "EarthChem",
     "Zenodo",
     "Figshare",
     "publisher_supplementary_data"
    ],
    "gap_kind": "coverage_repair_task",
    "macroregion": "Asia",
    "observed_canonical_grid_cells": 111,
    "observed_canonical_unique_samples": 6621,
    "preferred_repair_mode": "requery_selected_source",
    "priority": 1084,
    "reason_codes": [
     "land_macroregion_coverage_debt"
    ],
    "recommended_action": "targeted source discovery or new sampling inside bbox; bbox is a search scope, not an administrative or scientific boundary",
    "registered_source_candidates": [],
    "required_elements": [],
    "required_media": [
     "soil"
    ],
    "scope_key": "global",
    "status": "pending",
    "task_id": "4cb9f7f32ff515d0",
    "task_kind": "spatial_dimension_gap",
    "view_id": "medium:soil"
   },
   "type": "Feature"
  },
  {
   "geometry": {
    "coordinates": [
     [
      [
       -180.0,
       -90.0
      ],
      [
       180.0,
       -90.0
      ],
      [
       180.0,
       90.0
      ],
      [
       -180.0,
       90.0
      ],
      [
       -180.0,
       -90.0
      ]
     ]
    ],
    "type": "Polygon"
   },
   "properties": {
    "country_iso_a3": "BRA",
    "country_name": "Brazil",
    "discovery_platform_sequence": [
     "registered_source_catalog",
     "national_geological_or_environmental_survey",
     "PANGAEA",
     "EarthChem",
     "Zenodo",
     "Figshare",
     "publisher_supplementary_data"
    ],
    "gap_kind": "coverage_repair_task",
    "macroregion": "South America",
    "observed_canonical_grid_cells": 111,
    "observed_canonical_unique_samples": 6621,
    "preferred_repair_mode": "requery_selected_source",
    "priority": 1085,
    "reason_codes": [
     "land_macroregion_coverage_debt"
    ],
    "recommended_action": "targeted source discovery or new sampling inside bbox; bbox is a search scope, not an administrative or scientific boundary",
    "registered_source_candidates": [],
    "required_elements": [],
    "required_media": [
     "soil"
    ],
    "scope_key": "global",
    "status": "pending",
    "task_id": "e09193920255dbf2",
    "task_kind": "spatial_dimension_gap",
    "view_id": "medium:soil"
   },
   "type": "Feature"
  },
  {
   "geometry": {
    "coordinates": [
     [
      [
       -180.0,
       -90.0
      ],
      [
       180.0,
       -90.0
      ],
      [
       180.0,
       90.0
      ],
      [
       -180.0,
       90.0
      ],
      [
       -180.0,
       -90.0
      ]
     ]
    ],
    "type": "Polygon"
   },
   "properties": {
    "country_iso_a3": "COD",
    "country_name": "Democratic Republic of the Congo",
    "discovery_platform_sequence": [
     "registered_source_catalog",
     "national_geological_or_environmental_survey",
     "PANGAEA",
     "EarthChem",
     "Zenodo",
     "Figshare",
     "publisher_supplementary_data"
    ],
    "gap_kind": "coverage_repair_task",
    "macroregion": "Africa",
    "observed_canonical_grid_cells": 125,
    "observed_canonical_unique_samples": 7094,
    "preferred_repair_mode": "targeted_source_discovery",
    "priority": 1100,
    "reason_codes": [
     "land_macroregion_coverage_debt"
    ],
    "recommended_action": "targeted source discovery or new sampling inside bbox; bbox is a search scope, not an administrative or scientific boundary",
    "registered_source_candidates": [],
    "required_elements": [],
    "required_media": [
     "sediment"
    ],
    "scope_key": "global",
    "status": "pending",
    "task_id": "984191bf87ba7ec6",
    "task_kind": "spatial_dimension_gap",
    "view_id": "medium:sediment"
   },
   "type": "Feature"
  },
  {
   "geometry": {
    "coordinates": [
     [
      [
       -180.0,
       -90.0
      ],
      [
       180.0,
       -90.0
      ],
      [
       180.0,
       90.0
      ],
      [
       -180.0,
       90.0
      ],
      [
       -180.0,
       -90.0
      ]
     ]
    ],
    "type": "Polygon"
   },
   "properties": {
    "country_iso_a3": "CAN",
    "country_name": "Canada",
    "discovery_platform_sequence": [
     "registered_source_catalog",
     "national_geological_or_environmental_survey",
     "PANGAEA",
     "EarthChem",
     "Zenodo",
     "Figshare",
     "publisher_supplementary_data"
    ],
    "gap_kind": "coverage_repair_task",
    "macroregion": "North America",
    "observed_canonical_grid_cells": 125,
    "observed_canonical_unique_samples": 7094,
    "preferred_repair_mode": "implement_catalog_candidate",
    "priority": 1101,
    "reason_codes": [
     "land_macroregion_coverage_debt"
    ],
    "recommended_action": "targeted source discovery or new sampling inside bbox; bbox is a search scope, not an administrative or scientific boundary",
    "registered_source_candidates": [],
    "required_elements": [],
    "required_media": [
     "sediment"
    ],
    "scope_key": "global",
    "status": "pending",
    "task_id": "46103743d0da1ce7",
    "task_kind": "spatial_dimension_gap",
    "view_id": "medium:sediment"
   },
   "type": "Feature"
  },
  {
   "geometry": {
    "coordinates": [
     [
      [
       -180.0,
       -90.0
      ],
      [
       180.0,
       -90.0
      ],
      [
       180.0,
       90.0
      ],
      [
       -180.0,
       90.0
      ],
      [
       -180.0,
       -90.0
      ]
     ]
    ],
    "type": "Polygon"
   },
   "properties": {
    "country_iso_a3": "BRA",
    "country_name": "Brazil",
    "discovery_platform_sequence": [
     "registered_source_catalog",
     "national_geological_or_environmental_survey",
     "PANGAEA",
     "EarthChem",
     "Zenodo",
     "Figshare",
     "publisher_supplementary_data"
    ],
    "gap_kind": "coverage_repair_task",
    "macroregion": "South America",
    "observed_canonical_grid_cells": 125,
    "observed_canonical_unique_samples": 7094,
    "preferred_repair_mode": "implement_catalog_candidate",
    "priority": 1102,
    "reason_codes": [
     "land_macroregion_coverage_debt"
    ],
    "recommended_action": "targeted source discovery or new sampling inside bbox; bbox is a search scope, not an administrative or scientific boundary",
    "registered_source_candidates": [],
    "required_elements": [],
    "required_media": [
     "sediment"
    ],
    "scope_key": "global",
    "status": "pending",
    "task_id": "176e5a92abe09607",
    "task_kind": "spatial_dimension_gap",
    "view_id": "medium:sediment"
   },
   "type": "Feature"
  },
  {
   "geometry": {
    "coordinates": [
     [
      [
       -180.0,
       -90.0
      ],
      [
       180.0,
       -90.0
      ],
      [
       180.0,
       90.0
      ],
      [
       -180.0,
       90.0
      ],
      [
       -180.0,
       -90.0
      ]
     ]
    ],
    "type": "Polygon"
   },
   "properties": {
    "country_iso_a3": "RUS",
    "country_name": "Russia",
    "discovery_platform_sequence": [
     "registered_source_catalog",
     "national_geological_or_environmental_survey",
     "PANGAEA",
     "EarthChem",
     "Zenodo",
     "Figshare",
     "publisher_supplementary_data"
    ],
    "gap_kind": "coverage_repair_task",
    "macroregion": "Europe",
    "observed_canonical_grid_cells": 125,
    "observed_canonical_unique_samples": 7094,
    "preferred_repair_mode": "requery_selected_source",
    "priority": 1103,
    "reason_codes": [
     "land_macroregion_coverage_debt"
    ],
    "recommended_action": "targeted source discovery or new sampling inside bbox; bbox is a search scope, not an administrative or scientific boundary",
    "registered_source_candidates": [],
    "required_elements": [],
    "required_media": [
     "sediment"
    ],
    "scope_key": "global",
    "status": "pending",
    "task_id": "d455a6803b96e51f",
    "task_kind": "spatial_dimension_gap",
    "view_id": "medium:sediment"
   },
   "type": "Feature"
  },
  {
   "geometry": {
    "coordinates": [
     [
      [
       -180.0,
       -90.0
      ],
      [
       180.0,
       -90.0
      ],
      [
       180.0,
       90.0
      ],
      [
       -180.0,
       90.0
      ],
      [
       -180.0,
       -90.0
      ]
     ]
    ],
    "type": "Polygon"
   },
   "properties": {
    "country_iso_a3": "USA",
    "country_name": "United States of America",
    "discovery_platform_sequence": [
     "registered_source_catalog",
     "national_geological_or_environmental_survey",
     "PANGAEA",
     "EarthChem",
     "Zenodo",
     "Figshare",
     "publisher_supplementary_data"
    ],
    "gap_kind": "coverage_repair_task",
    "macroregion": "North America",
    "observed_canonical_grid_cells": 125,
    "observed_canonical_unique_samples": 7094,
    "preferred_repair_mode": "implement_catalog_candidate",
    "priority": 1104,
    "reason_codes": [
     "land_macroregion_coverage_debt"
    ],
    "recommended_action": "targeted source discovery or new sampling inside bbox; bbox is a search scope, not an administrative or scientific boundary",
    "registered_source_candidates": [],
    "required_elements": [],
    "required_media": [
     "sediment"
    ],
    "scope_key": "global",
    "status": "pending",
    "task_id": "daf2fc6f6e9c72ac",
    "task_kind": "spatial_dimension_gap",
    "view_id": "medium:sediment"
   },
   "type": "Feature"
  },
  {
   "geometry": {
    "coordinates": [
     [
      [
       -180.0,
       -90.0
      ],
      [
       180.0,
       -90.0
      ],
      [
       180.0,
       90.0
      ],
      [
       -180.0,
       90.0
      ],
      [
       -180.0,
       -90.0
      ]
     ]
    ],
    "type": "Polygon"
   },
   "properties": {
    "country_iso_a3": "CHN",
    "country_name": "China",
    "discovery_platform_sequence": [
     "registered_source_catalog",
     "national_geological_or_environmental_survey",
     "PANGAEA",
     "EarthChem",
     "Zenodo",
     "Figshare",
     "publisher_supplementary_data"
    ],
    "gap_kind": "coverage_repair_task",
    "macroregion": "Asia",
    "observed_canonical_grid_cells": 125,
    "observed_canonical_unique_samples": 7094,
    "preferred_repair_mode": "requery_selected_source",
    "priority": 1105,
    "reason_codes": [
     "land_macroregion_coverage_debt"
    ],
    "recommended_action": "targeted source discovery or new sampling inside bbox; bbox is a search scope, not an administrative or scientific boundary",
    "registered_source_candidates": [],
    "required_elements": [],
    "required_media": [
     "sediment"
    ],
    "scope_key": "global",
    "status": "pending",
    "task_id": "8cb529835e61c11e",
    "task_kind": "spatial_dimension_gap",
    "view_id": "medium:sediment"
   },
   "type": "Feature"
  },
  {
   "geometry": {
    "coordinates": [
     [
      [
       -180.0,
       -90.0
      ],
      [
       180.0,
       -90.0
      ],
      [
       180.0,
       90.0
      ],
      [
       -180.0,
       90.0
      ],
      [
       -180.0,
       -90.0
      ]
     ]
    ],
    "type": "Polygon"
   },
   "properties": {
    "country_iso_a3": "BRA",
    "country_name": "Brazil",
    "discovery_platform_sequence": [
     "registered_source_catalog",
     "national_geological_or_environmental_survey",
     "GEMStat",
     "PANGAEA",
     "Zenodo",
     "Figshare",
     "publisher_supplementary_data"
    ],
    "gap_kind": "coverage_repair_task",
    "macroregion": "South America",
    "observed_canonical_grid_cells": 401,
    "observed_canonical_unique_samples": 13408,
    "preferred_repair_mode": "requery_selected_source",
    "priority": 1120,
    "reason_codes": [
     "land_macroregion_coverage_debt"
    ],
    "recommended_action": "targeted source discovery or new sampling inside bbox; bbox is a search scope, not an administrative or scientific boundary",
    "registered_source_candidates": [],
    "required_elements": [],
    "required_media": [
     "water"
    ],
    "scope_key": "global",
    "status": "pending",
    "task_id": "7e80b02bb01afc8d",
    "task_kind": "spatial_dimension_gap",
    "view_id": "medium:water"
   },
   "type": "Feature"
  },
  {
   "geometry": {
    "coordinates": [
     [
      [
       -180.0,
       -90.0
      ],
      [
       180.0,
       -90.0
      ],
      [
       180.0,
       90.0
      ],
      [
       -180.0,
       90.0
      ],
      [
       -180.0,
       -90.0
      ]
     ]
    ],
    "type": "Polygon"
   },
   "properties": {
    "country_iso_a3": "RUS",
    "country_name": "Russia",
    "discovery_platform_sequence": [
     "registered_source_catalog",
     "national_geological_or_environmental_survey",
     "GEMStat",
     "PANGAEA",
     "Zenodo",
     "Figshare",
     "publisher_supplementary_data"
    ],
    "gap_kind": "coverage_repair_task",
    "macroregion": "Europe",
    "observed_canonical_grid_cells": 401,
    "observed_canonical_unique_samples": 13408,
    "preferred_repair_mode": "requery_selected_source",
    "priority": 1121,
    "reason_codes": [
     "land_macroregion_coverage_debt"
    ],
    "recommended_action": "targeted source discovery or new sampling inside bbox; bbox is a search scope, not an administrative or scientific boundary",
    "registered_source_candidates": [],
    "required_elements": [],
    "required_media": [
     "water"
    ],
    "scope_key": "global",
    "status": "pending",
    "task_id": "214bcb7028984d11",
    "task_kind": "spatial_dimension_gap",
    "view_id": "medium:water"
   },
   "type": "Feature"
  },
  {
   "geometry": {
    "coordinates": [
     [
      [
       -180.0,
       -90.0
      ],
      [
       180.0,
       -90.0
      ],
      [
       180.0,
       90.0
      ],
      [
       -180.0,
       90.0
      ],
      [
       -180.0,
       -90.0
      ]
     ]
    ],
    "type": "Polygon"
   },
   "properties": {
    "country_iso_a3": "CAN",
    "country_name": "Canada",
    "discovery_platform_sequence": [
     "registered_source_catalog",
     "national_geological_or_environmental_survey",
     "GEMStat",
     "PANGAEA",
     "Zenodo",
     "Figshare",
     "publisher_supplementary_data"
    ],
    "gap_kind": "coverage_repair_task",
    "macroregion": "North America",
    "observed_canonical_grid_cells": 401,
    "observed_canonical_unique_samples": 13408,
    "preferred_repair_mode": "requery_selected_source",
    "priority": 1122,
    "reason_codes": [
     "land_macroregion_coverage_debt"
    ],
    "recommended_action": "targeted source discovery or new sampling inside bbox; bbox is a search scope, not an administrative or scientific boundary",
    "registered_source_candidates": [],
    "required_elements": [],
    "required_media": [
     "water"
    ],
    "scope_key": "global",
    "status": "pending",
    "task_id": "92f05837431a5926",
    "task_kind": "spatial_dimension_gap",
    "view_id": "medium:water"
   },
   "type": "Feature"
  },
  {
   "geometry": {
    "coordinates": [
     [
      [
       -180.0,
       -90.0
      ],
      [
       180.0,
       -90.0
      ],
      [
       180.0,
       90.0
      ],
      [
       -180.0,
       90.0
      ],
      [
       -180.0,
       -90.0
      ]
     ]
    ],
    "type": "Polygon"
   },
   "properties": {
    "country_iso_a3": "USA",
    "country_name": "United States of America",
    "discovery_platform_sequence": [
     "registered_source_catalog",
     "national_geological_or_environmental_survey",
     "GEMStat",
     "PANGAEA",
     "Zenodo",
     "Figshare",
     "publisher_supplementary_data"
    ],
    "gap_kind": "coverage_repair_task",
    "macroregion": "North America",
    "observed_canonical_grid_cells": 401,
    "observed_canonical_unique_samples": 13408,
    "preferred_repair_mode": "requery_selected_source",
    "priority": 1123,
    "reason_codes": [
     "land_macroregion_coverage_debt"
    ],
    "recommended_action": "targeted source discovery or new sampling inside bbox; bbox is a search scope, not an administrative or scientific boundary",
    "registered_source_candidates": [],
    "required_elements": [],
    "required_media": [
     "water"
    ],
    "scope_key": "global",
    "status": "pending",
    "task_id": "9908d4a20ebbf534",
    "task_kind": "spatial_dimension_gap",
    "view_id": "medium:water"
   },
   "type": "Feature"
  },
  {
   "geometry": {
    "coordinates": [
     [
      [
       -180.0,
       -90.0
      ],
      [
       180.0,
       -90.0
      ],
      [
       180.0,
       90.0
      ],
      [
       -180.0,
       90.0
      ],
      [
       -180.0,
       -90.0
      ]
     ]
    ],
    "type": "Polygon"
   },
   "properties": {
    "country_iso_a3": "CHN",
    "country_name": "China",
    "discovery_platform_sequence": [
     "registered_source_catalog",
     "national_geological_or_environmental_survey",
     "GEMStat",
     "PANGAEA",
     "Zenodo",
     "Figshare",
     "publisher_supplementary_data"
    ],
    "gap_kind": "coverage_repair_task",
    "macroregion": "Asia",
    "observed_canonical_grid_cells": 401,
    "observed_canonical_unique_samples": 13408,
    "preferred_repair_mode": "requery_selected_source",
    "priority": 1124,
    "reason_codes": [
     "land_macroregion_coverage_debt"
    ],
    "recommended_action": "targeted source discovery or new sampling inside bbox; bbox is a search scope, not an administrative or scientific boundary",
    "registered_source_candidates": [],
    "required_elements": [],
    "required_media": [
     "water"
    ],
    "scope_key": "global",
    "status": "pending",
    "task_id": "bee34f8f2038b1de",
    "task_kind": "spatial_dimension_gap",
    "view_id": "medium:water"
   },
   "type": "Feature"
  },
  {
   "geometry": {
    "coordinates": [
     [
      [
       -180.0,
       -90.0
      ],
      [
       180.0,
       -90.0
      ],
      [
       180.0,
       90.0
      ],
      [
       -180.0,
       90.0
      ],
      [
       -180.0,
       -90.0
      ]
     ]
    ],
    "type": "Polygon"
   },
   "properties": {
    "country_iso_a3": "AUS",
    "country_name": "Australia",
    "discovery_platform_sequence": [
     "registered_source_catalog",
     "national_geological_or_environmental_survey",
     "GEMStat",
     "PANGAEA",
     "Zenodo",
     "Figshare",
     "publisher_supplementary_data"
    ],
    "gap_kind": "coverage_repair_task",
    "macroregion": "Oceania",
    "observed_canonical_grid_cells": 401,
    "observed_canonical_unique_samples": 13408,
    "preferred_repair_mode": "requery_selected_source",
    "priority": 1125,
    "reason_codes": [
     "land_macroregion_coverage_debt"
    ],
    "recommended_action": "targeted source discovery or new sampling inside bbox; bbox is a search scope, not an administrative or scientific boundary",
    "registered_source_candidates": [],
    "required_elements": [],
    "required_media": [
     "water"
    ],
    "scope_key": "global",
    "status": "pending",
    "task_id": "645bf2c28780629e",
    "task_kind": "spatial_dimension_gap",
    "view_id": "medium:water"
   },
   "type": "Feature"
  },
  {
   "geometry": {
    "coordinates": [
     [
      [
       -180.0,
       -90.0
      ],
      [
       180.0,
       -90.0
      ],
      [
       180.0,
       90.0
      ],
      [
       -180.0,
       90.0
      ],
      [
       -180.0,
       -90.0
      ]
     ]
    ],
    "type": "Polygon"
   },
   "properties": {
    "country_iso_a3": "COD",
    "country_name": "Democratic Republic of the Congo",
    "discovery_platform_sequence": [
     "registered_source_catalog",
     "national_geological_or_environmental_survey",
     "GEOROC",
     "EarthChem",
     "Zenodo",
     "Figshare",
     "publisher_supplementary_data"
    ],
    "gap_kind": "coverage_repair_task",
    "macroregion": "Africa",
    "observed_canonical_grid_cells": 0,
    "observed_canonical_unique_samples": 0,
    "preferred_repair_mode": "targeted_source_discovery",
    "priority": 1140,
    "reason_codes": [
     "canonical_sample_shortfall",
     "canonical_cell_shortfall",
     "canonical_coverage_zone_shortfall",
     "land_macroregion_coverage_debt"
    ],
    "recommended_action": "targeted source discovery or new sampling inside bbox; bbox is a search scope, not an administrative or scientific boundary",
    "registered_source_candidates": [],
    "required_elements": [
     "As"
    ],
    "required_media": [
     "rock"
    ],
    "scope_key": "global",
    "status": "pending",
    "task_id": "246b21887db8d8e5",
    "task_kind": "spatial_dimension_gap",
    "view_id": "element_medium:As|rock"
   },
   "type": "Feature"
  },
  {
   "geometry": {
    "coordinates": [
     [
      [
       -180.0,
       -90.0
      ],
      [
       180.0,
       -90.0
      ],
      [
       180.0,
       90.0
      ],
      [
       -180.0,
       90.0
      ],
      [
       -180.0,
       -90.0
      ]
     ]
    ],
    "type": "Polygon"
   },
   "properties": {
    "country_iso_a3": "CHN",
    "country_name": "China",
    "discovery_platform_sequence": [
     "registered_source_catalog",
     "national_geological_or_environmental_survey",
     "GEOROC",
     "EarthChem",
     "Zenodo",
     "Figshare",
     "publisher_supplementary_data"
    ],
    "gap_kind": "coverage_repair_task",
    "macroregion": "Asia",
    "observed_canonical_grid_cells": 0,
    "observed_canonical_unique_samples": 0,
    "preferred_repair_mode": "targeted_source_discovery",
    "priority": 1141,
    "reason_codes": [
     "canonical_sample_shortfall",
     "canonical_cell_shortfall",
     "canonical_coverage_zone_shortfall",
     "land_macroregion_coverage_debt"
    ],
    "recommended_action": "targeted source discovery or new sampling inside bbox; bbox is a search scope, not an administrative or scientific boundary",
    "registered_source_candidates": [],
    "required_elements": [
     "As"
    ],
    "required_media": [
     "rock"
    ],
    "scope_key": "global",
    "status": "pending",
    "task_id": "7a33ed59436fbc5d",
    "task_kind": "spatial_dimension_gap",
    "view_id": "element_medium:As|rock"
   },
   "type": "Feature"
  },
  {
   "geometry": {
    "coordinates": [
     [
      [
       -180.0,
       -90.0
      ],
      [
       180.0,
       -90.0
      ],
      [
       180.0,
       90.0
      ],
      [
       -180.0,
       90.0
      ],
      [
       -180.0,
       -90.0
      ]
     ]
    ],
    "type": "Polygon"
   },
   "properties": {
    "country_iso_a3": "RUS",
    "country_name": "Russia",
    "discovery_platform_sequence": [
     "registered_source_catalog",
     "national_geological_or_environmental_survey",
     "GEOROC",
     "EarthChem",
     "Zenodo",
     "Figshare",
     "publisher_supplementary_data"
    ],
    "gap_kind": "coverage_repair_task",
    "macroregion": "Europe",
    "observed_canonical_grid_cells": 0,
    "observed_canonical_unique_samples": 0,
    "preferred_repair_mode": "targeted_source_discovery",
    "priority": 1142,
    "reason_codes": [
     "canonical_sample_shortfall",
     "canonical_cell_shortfall",
     "canonical_coverage_zone_shortfall",
     "land_macroregion_coverage_debt"
    ],
    "recommended_action": "targeted source discovery or new sampling inside bbox; bbox is a search scope, not an administrative or scientific boundary",
    "registered_source_candidates": [],
    "required_elements": [
     "As"
    ],
    "required_media": [
     "rock"
    ],
    "scope_key": "global",
    "status": "pending",
    "task_id": "9bfa15c23761ebe6",
    "task_kind": "spatial_dimension_gap",
    "view_id": "element_medium:As|rock"
   },
   "type": "Feature"
  },
  {
   "geometry": {
    "coordinates": [
     [
      [
       -180.0,
       -90.0
      ],
      [
       180.0,
       -90.0
      ],
      [
       180.0,
       90.0
      ],
      [
       -180.0,
       90.0
      ],
      [
       -180.0,
       -90.0
      ]
     ]
    ],
    "type": "Polygon"
   },
   "properties": {
    "country_iso_a3": "CAN",
    "country_name": "Canada",
    "discovery_platform_sequence": [
     "registered_source_catalog",
     "national_geological_or_environmental_survey",
     "GEOROC",
     "EarthChem",
     "Zenodo",
     "Figshare",
     "publisher_supplementary_data"
    ],
    "gap_kind": "coverage_repair_task",
    "macroregion": "North America",
    "observed_canonical_grid_cells": 0,
    "observed_canonical_unique_samples": 0,
    "preferred_repair_mode": "targeted_source_discovery",
    "priority": 1143,
    "reason_codes": [
     "canonical_sample_shortfall",
     "canonical_cell_shortfall",
     "canonical_coverage_zone_shortfall",
     "land_macroregion_coverage_debt"
    ],
    "recommended_action": "targeted source discovery or new sampling inside bbox; bbox is a search scope, not an administrative or scientific boundary",
    "registered_source_candidates": [],
    "required_elements": [
     "As"
    ],
    "required_media": [
     "rock"
    ],
    "scope_key": "global",
    "status": "pending",
    "task_id": "801b14c2305412f5",
    "task_kind": "spatial_dimension_gap",
    "view_id": "element_medium:As|rock"
   },
   "type": "Feature"
  },
  {
   "geometry": {
    "coordinates": [
     [
      [
       -180.0,
       -90.0
      ],
      [
       180.0,
       -90.0
      ],
      [
       180.0,
       90.0
      ],
      [
       -180.0,
       90.0
      ],
      [
       -180.0,
       -90.0
      ]
     ]
    ],
    "type": "Polygon"
   },
   "properties": {
    "country_iso_a3": "AUS",
    "country_name": "Australia",
    "discovery_platform_sequence": [
     "registered_source_catalog",
     "national_geological_or_environmental_survey",
     "GEOROC",
     "EarthChem",
     "Zenodo",
     "Figshare",
     "publisher_supplementary_data"
    ],
    "gap_kind": "coverage_repair_task",
    "macroregion": "Oceania",
    "observed_canonical_grid_cells": 0,
    "observed_canonical_unique_samples": 0,
    "preferred_repair_mode": "implement_catalog_candidate",
    "priority": 1144,
    "reason_codes": [
     "canonical_sample_shortfall",
     "canonical_cell_shortfall",
     "canonical_coverage_zone_shortfall",
     "land_macroregion_coverage_debt"
    ],
    "recommended_action": "targeted source discovery or new sampling inside bbox; bbox is a search scope, not an administrative or scientific boundary",
    "registered_source_candidates": [],
    "required_elements": [
     "As"
    ],
    "required_media": [
     "rock"
    ],
    "scope_key": "global",
    "status": "pending",
    "task_id": "74d3566f4219f46a",
    "task_kind": "spatial_dimension_gap",
    "view_id": "element_medium:As|rock"
   },
   "type": "Feature"
  },
  {
   "geometry": {
    "coordinates": [
     [
      [
       -180.0,
       -90.0
      ],
      [
       180.0,
       -90.0
      ],
      [
       180.0,
       90.0
      ],
      [
       -180.0,
       90.0
      ],
      [
       -180.0,
       -90.0
      ]
     ]
    ],
    "type": "Polygon"
   },
   "properties": {
    "country_iso_a3": "BRA",
    "country_name": "Brazil",
    "discovery_platform_sequence": [
     "registered_source_catalog",
     "national_geological_or_environmental_survey",
     "GEOROC",
     "EarthChem",
     "Zenodo",
     "Figshare",
     "publisher_supplementary_data"
    ],
    "gap_kind": "coverage_repair_task",
    "macroregion": "South America",
    "observed_canonical_grid_cells": 0,
    "observed_canonical_unique_samples": 0,
    "preferred_repair_mode": "implement_catalog_candidate",
    "priority": 1145,
    "reason_codes": [
     "canonical_sample_shortfall",
     "canonical_cell_shortfall",
     "canonical_coverage_zone_shortfall",
     "land_macroregion_coverage_debt"
    ],
    "recommended_action": "targeted source discovery or new sampling inside bbox; bbox is a search scope, not an administrative or scientific boundary",
    "registered_source_candidates": [],
    "required_elements": [
     "As"
    ],
    "required_media": [
     "rock"
    ],
    "scope_key": "global",
    "status": "pending",
    "task_id": "6b0e8a6173adece5",
    "task_kind": "spatial_dimension_gap",
    "view_id": "element_medium:As|rock"
   },
   "type": "Feature"
  },
  {
   "geometry": {
    "coordinates": [
     [
      [
       -180.0,
       -90.0
      ],
      [
       180.0,
       -90.0
      ],
      [
       180.0,
       90.0
      ],
      [
       -180.0,
       90.0
      ],
      [
       -180.0,
       -90.0
      ]
     ]
    ],
    "type": "Polygon"
   },
   "properties": {
    "country_iso_a3": "AUS",
    "country_name": "Australia",
    "discovery_platform_sequence": [
     "registered_source_catalog",
     "national_geological_or_environmental_survey",
     "PANGAEA",
     "EarthChem",
     "Zenodo",
     "Figshare",
     "publisher_supplementary_data"
    ],
    "gap_kind": "coverage_repair_task",
    "macroregion": "Oceania",
    "observed_canonical_grid_cells": 110,
    "observed_canonical_unique_samples": 6160,
    "preferred_repair_mode": "targeted_source_discovery",
    "priority": 1160,
    "reason_codes": [
     "land_macroregion_coverage_debt"
    ],
    "recommended_action": "targeted source discovery or new sampling inside bbox; bbox is a search scope, not an administrative or scientific boundary",
    "registered_source_candidates": [],
    "required_elements": [
     "As"
    ],
    "required_media": [
     "soil"
    ],
    "scope_key": "global",
    "status": "pending",
    "task_id": "0c9a5f7039343609",
    "task_kind": "spatial_dimension_gap",
    "view_id": "element_medium:As|soil"
   },
   "type": "Feature"
  },
  {
   "geometry": {
    "coordinates": [
     [
      [
       -180.0,
       -90.0
      ],
      [
       180.0,
       -90.0
      ],
      [
       180.0,
       90.0
      ],
      [
       -180.0,
       90.0
      ],
      [
       -180.0,
       -90.0
      ]
     ]
    ],
    "type": "Polygon"
   },
   "properties": {
    "country_iso_a3": "RUS",
    "country_name": "Russia",
    "discovery_platform_sequence": [
     "registered_source_catalog",
     "national_geological_or_environmental_survey",
     "PANGAEA",
     "EarthChem",
     "Zenodo",
     "Figshare",
     "publisher_supplementary_data"
    ],
    "gap_kind": "coverage_repair_task",
    "macroregion": "Europe",
    "observed_canonical_grid_cells": 110,
    "observed_canonical_unique_samples": 6160,
    "preferred_repair_mode": "requery_selected_source",
    "priority": 1161,
    "reason_codes": [
     "land_macroregion_coverage_debt"
    ],
    "recommended_action": "targeted source discovery or new sampling inside bbox; bbox is a search scope, not an administrative or scientific boundary",
    "registered_source_candidates": [],
    "required_elements": [
     "As"
    ],
    "required_media": [
     "soil"
    ],
    "scope_key": "global",
    "status": "pending",
    "task_id": "181c3f38c6e3c769",
    "task_kind": "spatial_dimension_gap",
    "view_id": "element_medium:As|soil"
   },
   "type": "Feature"
  },
  {
   "geometry": {
    "coordinates": [
     [
      [
       -180.0,
       -90.0
      ],
      [
       180.0,
       -90.0
      ],
      [
       180.0,
       90.0
      ],
      [
       -180.0,
       90.0
      ],
      [
       -180.0,
       -90.0
      ]
     ]
    ],
    "type": "Polygon"
   },
   "properties": {
    "country_iso_a3": "CAN",
    "country_name": "Canada",
    "discovery_platform_sequence": [
     "registered_source_catalog",
     "national_geological_or_environmental_survey",
     "PANGAEA",
     "EarthChem",
     "Zenodo",
     "Figshare",
     "publisher_supplementary_data"
    ],
    "gap_kind": "coverage_repair_task",
    "macroregion": "North America",
    "observed_canonical_grid_cells": 110,
    "observed_canonical_unique_samples": 6160,
    "preferred_repair_mode": "targeted_source_discovery",
    "priority": 1162,
    "reason_codes": [
     "land_macroregion_coverage_debt"
    ],
    "recommended_action": "targeted source discovery or new sampling inside bbox; bbox is a search scope, not an administrative or scientific boundary",
    "registered_source_candidates": [],
    "required_elements": [
     "As"
    ],
    "required_media": [
     "soil"
    ],
    "scope_key": "global",
    "status": "pending",
    "task_id": "74f28413453dbcb8",
    "task_kind": "spatial_dimension_gap",
    "view_id": "element_medium:As|soil"
   },
   "type": "Feature"
  },
  {
   "geometry": {
    "coordinates": [
     [
      [
       -180.0,
       -90.0
      ],
      [
       180.0,
       -90.0
      ],
      [
       180.0,
       90.0
      ],
      [
       -180.0,
       90.0
      ],
      [
       -180.0,
       -90.0
      ]
     ]
    ],
    "type": "Polygon"
   },
   "properties": {
    "country_iso_a3": "USA",
    "country_name": "United States of America",
    "discovery_platform_sequence": [
     "registered_source_catalog",
     "national_geological_or_environmental_survey",
     "PANGAEA",
     "EarthChem",
     "Zenodo",
     "Figshare",
     "publisher_supplementary_data"
    ],
    "gap_kind": "coverage_repair_task",
    "macroregion": "North America",
    "observed_canonical_grid_cells": 110,
    "observed_canonical_unique_samples": 6160,
    "preferred_repair_mode": "requery_selected_source",
    "priority": 1163,
    "reason_codes": [
     "land_macroregion_coverage_debt"
    ],
    "recommended_action": "targeted source discovery or new sampling inside bbox; bbox is a search scope, not an administrative or scientific boundary",
    "registered_source_candidates": [],
    "required_elements": [
     "As"
    ],
    "required_media": [
     "soil"
    ],
    "scope_key": "global",
    "status": "pending",
    "task_id": "ac7982a2f6fcb5d3",
    "task_kind": "spatial_dimension_gap",
    "view_id": "element_medium:As|soil"
   },
   "type": "Feature"
  },
  {
   "geometry": {
    "coordinates": [
     [
      [
       -180.0,
       -90.0
      ],
      [
       180.0,
       -90.0
      ],
      [
       180.0,
       90.0
      ],
      [
       -180.0,
       90.0
      ],
      [
       -180.0,
       -90.0
      ]
     ]
    ],
    "type": "Polygon"
   },
   "properties": {
    "country_iso_a3": "CHN",
    "country_name": "China",
    "discovery_platform_sequence": [
     "registered_source_catalog",
     "national_geological_or_environmental_survey",
     "PANGAEA",
     "EarthChem",
     "Zenodo",
     "Figshare",
     "publisher_supplementary_data"
    ],
    "gap_kind": "coverage_repair_task",
    "macroregion": "Asia",
    "observed_canonical_grid_cells": 110,
    "observed_canonical_unique_samples": 6160,
    "preferred_repair_mode": "requery_selected_source",
    "priority": 1164,
    "reason_codes": [
     "land_macroregion_coverage_debt"
    ],
    "recommended_action": "targeted source discovery or new sampling inside bbox; bbox is a search scope, not an administrative or scientific boundary",
    "registered_source_candidates": [],
    "required_elements": [
     "As"
    ],
    "required_media": [
     "soil"
    ],
    "scope_key": "global",
    "status": "pending",
    "task_id": "5bbbf2f876dae728",
    "task_kind": "spatial_dimension_gap",
    "view_id": "element_medium:As|soil"
   },
   "type": "Feature"
  },
  {
   "geometry": {
    "coordinates": [
     [
      [
       -180.0,
       -90.0
      ],
      [
       180.0,
       -90.0
      ],
      [
       180.0,
       90.0
      ],
      [
       -180.0,
       90.0
      ],
      [
       -180.0,
       -90.0
      ]
     ]
    ],
    "type": "Polygon"
   },
   "properties": {
    "country_iso_a3": "BRA",
    "country_name": "Brazil",
    "discovery_platform_sequence": [
     "registered_source_catalog",
     "national_geological_or_environmental_survey",
     "PANGAEA",
     "EarthChem",
     "Zenodo",
     "Figshare",
     "publisher_supplementary_data"
    ],
    "gap_kind": "coverage_repair_task",
    "macroregion": "South America",
    "observed_canonical_grid_cells": 110,
    "observed_canonical_unique_samples": 6160,
    "preferred_repair_mode": "requery_selected_source",
    "priority": 1165,
    "reason_codes": [
     "land_macroregion_coverage_debt"
    ],
    "recommended_action": "targeted source discovery or new sampling inside bbox; bbox is a search scope, not an administrative or scientific boundary",
    "registered_source_candidates": [],
    "required_elements": [
     "As"
    ],
    "required_media": [
     "soil"
    ],
    "scope_key": "global",
    "status": "pending",
    "task_id": "415ec3bd2f1bfdc8",
    "task_kind": "spatial_dimension_gap",
    "view_id": "element_medium:As|soil"
   },
   "type": "Feature"
  },
  {
   "geometry": {
    "coordinates": [
     [
      [
       -180.0,
       -90.0
      ],
      [
       180.0,
       -90.0
      ],
      [
       180.0,
       90.0
      ],
      [
       -180.0,
       90.0
      ],
      [
       -180.0,
       -90.0
      ]
     ]
    ],
    "type": "Polygon"
   },
   "properties": {
    "country_iso_a3": "COD",
    "country_name": "Democratic Republic of the Congo",
    "discovery_platform_sequence": [
     "registered_source_catalog",
     "national_geological_or_environmental_survey",
     "PANGAEA",
     "EarthChem",
     "Zenodo",
     "Figshare",
     "publisher_supplementary_data"
    ],
    "gap_kind": "coverage_repair_task",
    "macroregion": "Africa",
    "observed_canonical_grid_cells": 108,
    "observed_canonical_unique_samples": 6896,
    "preferred_repair_mode": "targeted_source_discovery",
    "priority": 1180,
    "reason_codes": [
     "land_macroregion_coverage_debt"
    ],
    "recommended_action": "targeted source discovery or new sampling inside bbox; bbox is a search scope, not an administrative or scientific boundary",
    "registered_source_candidates": [],
    "required_elements": [
     "As"
    ],
    "required_media": [
     "sediment"
    ],
    "scope_key": "global",
    "status": "pending",
    "task_id": "f2d7ee3853a6951b",
    "task_kind": "spatial_dimension_gap",
    "view_id": "element_medium:As|sediment"
   },
   "type": "Feature"
  },
  {
   "geometry": {
    "coordinates": [
     [
      [
       -180.0,
       -90.0
      ],
      [
       180.0,
       -90.0
      ],
      [
       180.0,
       90.0
      ],
      [
       -180.0,
       90.0
      ],
      [
       -180.0,
       -90.0
      ]
     ]
    ],
    "type": "Polygon"
   },
   "properties": {
    "country_iso_a3": "CAN",
    "country_name": "Canada",
    "discovery_platform_sequence": [
     "registered_source_catalog",
     "national_geological_or_environmental_survey",
     "PANGAEA",
     "EarthChem",
     "Zenodo",
     "Figshare",
     "publisher_supplementary_data"
    ],
    "gap_kind": "coverage_repair_task",
    "macroregion": "North America",
    "observed_canonical_grid_cells": 108,
    "observed_canonical_unique_samples": 6896,
    "preferred_repair_mode": "implement_catalog_candidate",
    "priority": 1181,
    "reason_codes": [
     "land_macroregion_coverage_debt"
    ],
    "recommended_action": "targeted source discovery or new sampling inside bbox; bbox is a search scope, not an administrative or scientific boundary",
    "registered_source_candidates": [],
    "required_elements": [
     "As"
    ],
    "required_media": [
     "sediment"
    ],
    "scope_key": "global",
    "status": "pending",
    "task_id": "02c9d063b6cecaf2",
    "task_kind": "spatial_dimension_gap",
    "view_id": "element_medium:As|sediment"
   },
   "type": "Feature"
  },
  {
   "geometry": {
    "coordinates": [
     [
      [
       -180.0,
       -90.0
      ],
      [
       180.0,
       -90.0
      ],
      [
       180.0,
       90.0
      ],
      [
       -180.0,
       90.0
      ],
      [
       -180.0,
       -90.0
      ]
     ]
    ],
    "type": "Polygon"
   },
   "properties": {
    "country_iso_a3": "BRA",
    "country_name": "Brazil",
    "discovery_platform_sequence": [
     "registered_source_catalog",
     "national_geological_or_environmental_survey",
     "PANGAEA",
     "EarthChem",
     "Zenodo",
     "Figshare",
     "publisher_supplementary_data"
    ],
    "gap_kind": "coverage_repair_task",
    "macroregion": "South America",
    "observed_canonical_grid_cells": 108,
    "observed_canonical_unique_samples": 6896,
    "preferred_repair_mode": "implement_catalog_candidate",
    "priority": 1182,
    "reason_codes": [
     "land_macroregion_coverage_debt"
    ],
    "recommended_action": "targeted source discovery or new sampling inside bbox; bbox is a search scope, not an administrative or scientific boundary",
    "registered_source_candidates": [],
    "required_elements": [
     "As"
    ],
    "required_media": [
     "sediment"
    ],
    "scope_key": "global",
    "status": "pending",
    "task_id": "92f6c8c40c0e749a",
    "task_kind": "spatial_dimension_gap",
    "view_id": "element_medium:As|sediment"
   },
   "type": "Feature"
  },
  {
   "geometry": {
    "coordinates": [
     [
      [
       -180.0,
       -90.0
      ],
      [
       180.0,
       -90.0
      ],
      [
       180.0,
       90.0
      ],
      [
       -180.0,
       90.0
      ],
      [
       -180.0,
       -90.0
      ]
     ]
    ],
    "type": "Polygon"
   },
   "properties": {
    "country_iso_a3": "RUS",
    "country_name": "Russia",
    "discovery_platform_sequence": [
     "registered_source_catalog",
     "national_geological_or_environmental_survey",
     "PANGAEA",
     "EarthChem",
     "Zenodo",
     "Figshare",
     "publisher_supplementary_data"
    ],
    "gap_kind": "coverage_repair_task",
    "macroregion": "Europe",
    "observed_canonical_grid_cells": 108,
    "observed_canonical_unique_samples": 6896,
    "preferred_repair_mode": "requery_selected_source",
    "priority": 1183,
    "reason_codes": [
     "land_macroregion_coverage_debt"
    ],
    "recommended_action": "targeted source discovery or new sampling inside bbox; bbox is a search scope, not an administrative or scientific boundary",
    "registered_source_candidates": [],
    "required_elements": [
     "As"
    ],
    "required_media": [
     "sediment"
    ],
    "scope_key": "global",
    "status": "pending",
    "task_id": "09bd18862970297d",
    "task_kind": "spatial_dimension_gap",
    "view_id": "element_medium:As|sediment"
   },
   "type": "Feature"
  },
  {
   "geometry": {
    "coordinates": [
     [
      [
       -180.0,
       -90.0
      ],
      [
       180.0,
       -90.0
      ],
      [
       180.0,
       90.0
      ],
      [
       -180.0,
       90.0
      ],
      [
       -180.0,
       -90.0
      ]
     ]
    ],
    "type": "Polygon"
   },
   "properties": {
    "country_iso_a3": "USA",
    "country_name": "United States of America",
    "discovery_platform_sequence": [
     "registered_source_catalog",
     "national_geological_or_environmental_survey",
     "PANGAEA",
     "EarthChem",
     "Zenodo",
     "Figshare",
     "publisher_supplementary_data"
    ],
    "gap_kind": "coverage_repair_task",
    "macroregion": "North America",
    "observed_canonical_grid_cells": 108,
    "observed_canonical_unique_samples": 6896,
    "preferred_repair_mode": "implement_catalog_candidate",
    "priority": 1184,
    "reason_codes": [
     "land_macroregion_coverage_debt"
    ],
    "recommended_action": "targeted source discovery or new sampling inside bbox; bbox is a search scope, not an administrative or scientific boundary",
    "registered_source_candidates": [],
    "required_elements": [
     "As"
    ],
    "required_media": [
     "sediment"
    ],
    "scope_key": "global",
    "status": "pending",
    "task_id": "2ce3084188cc1bfd",
    "task_kind": "spatial_dimension_gap",
    "view_id": "element_medium:As|sediment"
   },
   "type": "Feature"
  },
  {
   "geometry": {
    "coordinates": [
     [
      [
       -180.0,
       -90.0
      ],
      [
       180.0,
       -90.0
      ],
      [
       180.0,
       90.0
      ],
      [
       -180.0,
       90.0
      ],
      [
       -180.0,
       -90.0
      ]
     ]
    ],
    "type": "Polygon"
   },
   "properties": {
    "country_iso_a3": "CHN",
    "country_name": "China",
    "discovery_platform_sequence": [
     "registered_source_catalog",
     "national_geological_or_environmental_survey",
     "PANGAEA",
     "EarthChem",
     "Zenodo",
     "Figshare",
     "publisher_supplementary_data"
    ],
    "gap_kind": "coverage_repair_task",
    "macroregion": "Asia",
    "observed_canonical_grid_cells": 108,
    "observed_canonical_unique_samples": 6896,
    "preferred_repair_mode": "requery_selected_source",
    "priority": 1185,
    "reason_codes": [
     "land_macroregion_coverage_debt"
    ],
    "recommended_action": "targeted source discovery or new sampling inside bbox; bbox is a search scope, not an administrative or scientific boundary",
    "registered_source_candidates": [],
    "required_elements": [
     "As"
    ],
    "required_media": [
     "sediment"
    ],
    "scope_key": "global",
    "status": "pending",
    "task_id": "d94235e423eb2ba6",
    "task_kind": "spatial_dimension_gap",
    "view_id": "element_medium:As|sediment"
   },
   "type": "Feature"
  },
  {
   "geometry": {
    "coordinates": [
     [
      [
       -180.0,
       -90.0
      ],
      [
       180.0,
       -90.0
      ],
      [
       180.0,
       90.0
      ],
      [
       -180.0,
       90.0
      ],
      [
       -180.0,
       -90.0
      ]
     ]
    ],
    "type": "Polygon"
   },
   "properties": {
    "country_iso_a3": "COD",
    "country_name": "Democratic Republic of the Congo",
    "discovery_platform_sequence": [
     "registered_source_catalog",
     "national_geological_or_environmental_survey",
     "GEMStat",
     "PANGAEA",
     "Zenodo",
     "Figshare",
     "publisher_supplementary_data"
    ],
    "gap_kind": "coverage_repair_task",
    "macroregion": "Africa",
    "observed_canonical_grid_cells": 53,
    "observed_canonical_unique_samples": 1870,
    "preferred_repair_mode": "targeted_source_discovery",
    "priority": 1200,
    "reason_codes": [
     "land_macroregion_coverage_debt"
    ],
    "recommended_action": "targeted source discovery or new sampling inside bbox; bbox is a search scope, not an administrative or scientific boundary",
    "registered_source_candidates": [],
    "required_elements": [
     "As"
    ],
    "required_media": [
     "water"
    ],
    "scope_key": "global",
    "status": "pending",
    "task_id": "292af3bac17759cd",
    "task_kind": "spatial_dimension_gap",
    "view_id": "element_medium:As|water"
   },
   "type": "Feature"
  },
  {
   "geometry": {
    "coordinates": [
     [
      [
       -180.0,
       -90.0
      ],
      [
       180.0,
       -90.0
      ],
      [
       180.0,
       90.0
      ],
      [
       -180.0,
       90.0
      ],
      [
       -180.0,
       -90.0
      ]
     ]
    ],
    "type": "Polygon"
   },
   "properties": {
    "country_iso_a3": "CHN",
    "country_name": "China",
    "discovery_platform_sequence": [
     "registered_source_catalog",
     "national_geological_or_environmental_survey",
     "GEMStat",
     "PANGAEA",
     "Zenodo",
     "Figshare",
     "publisher_supplementary_data"
    ],
    "gap_kind": "coverage_repair_task",
    "macroregion": "Asia",
    "observed_canonical_grid_cells": 53,
    "observed_canonical_unique_samples": 1870,
    "preferred_repair_mode": "targeted_source_discovery",
    "priority": 1201,
    "reason_codes": [
     "land_macroregion_coverage_debt"
    ],
    "recommended_action": "targeted source discovery or new sampling inside bbox; bbox is a search scope, not an administrative or scientific boundary",
    "registered_source_candidates": [],
    "required_elements": [
     "As"
    ],
    "required_media": [
     "water"
    ],
    "scope_key": "global",
    "status": "pending",
    "task_id": "2a81c0b2801b5f32",
    "task_kind": "spatial_dimension_gap",
    "view_id": "element_medium:As|water"
   },
   "type": "Feature"
  },
  {
   "geometry": {
    "coordinates": [
     [
      [
       -180.0,
       -90.0
      ],
      [
       180.0,
       -90.0
      ],
      [
       180.0,
       90.0
      ],
      [
       -180.0,
       90.0
      ],
      [
       -180.0,
       -90.0
      ]
     ]
    ],
    "type": "Polygon"
   },
   "properties": {
    "country_iso_a3": "AUS",
    "country_name": "Australia",
    "discovery_platform_sequence": [
     "registered_source_catalog",
     "national_geological_or_environmental_survey",
     "GEMStat",
     "PANGAEA",
     "Zenodo",
     "Figshare",
     "publisher_supplementary_data"
    ],
    "gap_kind": "coverage_repair_task",
    "macroregion": "Oceania",
    "observed_canonical_grid_cells": 53,
    "observed_canonical_unique_samples": 1870,
    "preferred_repair_mode": "targeted_source_discovery",
    "priority": 1202,
    "reason_codes": [
     "land_macroregion_coverage_debt"
    ],
    "recommended_action": "targeted source discovery or new sampling inside bbox; bbox is a search scope, not an administrative or scientific boundary",
    "registered_source_candidates": [],
    "required_elements": [
     "As"
    ],
    "required_media": [
     "water"
    ],
    "scope_key": "global",
    "status": "pending",
    "task_id": "8afb51f4bb7af5e9",
    "task_kind": "spatial_dimension_gap",
    "view_id": "element_medium:As|water"
   },
   "type": "Feature"
  },
  {
   "geometry": {
    "coordinates": [
     [
      [
       -180.0,
       -90.0
      ],
      [
       180.0,
       -90.0
      ],
      [
       180.0,
       90.0
      ],
      [
       -180.0,
       90.0
      ],
      [
       -180.0,
       -90.0
      ]
     ]
    ],
    "type": "Polygon"
   },
   "properties": {
    "country_iso_a3": "BRA",
    "country_name": "Brazil",
    "discovery_platform_sequence": [
     "registered_source_catalog",
     "national_geological_or_environmental_survey",
     "GEMStat",
     "PANGAEA",
     "Zenodo",
     "Figshare",
     "publisher_supplementary_data"
    ],
    "gap_kind": "coverage_repair_task",
    "macroregion": "South America",
    "observed_canonical_grid_cells": 53,
    "observed_canonical_unique_samples": 1870,
    "preferred_repair_mode": "implement_catalog_candidate",
    "priority": 1203,
    "reason_codes": [
     "land_macroregion_coverage_debt"
    ],
    "recommended_action": "targeted source discovery or new sampling inside bbox; bbox is a search scope, not an administrative or scientific boundary",
    "registered_source_candidates": [],
    "required_elements": [
     "As"
    ],
    "required_media": [
     "water"
    ],
    "scope_key": "global",
    "status": "pending",
    "task_id": "8f33c6cc2caa960d",
    "task_kind": "spatial_dimension_gap",
    "view_id": "element_medium:As|water"
   },
   "type": "Feature"
  },
  {
   "geometry": {
    "coordinates": [
     [
      [
       -180.0,
       -90.0
      ],
      [
       180.0,
       -90.0
      ],
      [
       180.0,
       90.0
      ],
      [
       -180.0,
       90.0
      ],
      [
       -180.0,
       -90.0
      ]
     ]
    ],
    "type": "Polygon"
   },
   "properties": {
    "country_iso_a3": "RUS",
    "country_name": "Russia",
    "discovery_platform_sequence": [
     "registered_source_catalog",
     "national_geological_or_environmental_survey",
     "GEMStat",
     "PANGAEA",
     "Zenodo",
     "Figshare",
     "publisher_supplementary_data"
    ],
    "gap_kind": "coverage_repair_task",
    "macroregion": "Europe",
    "observed_canonical_grid_cells": 53,
    "observed_canonical_unique_samples": 1870,
    "preferred_repair_mode": "targeted_source_discovery",
    "priority": 1204,
    "reason_codes": [
     "land_macroregion_coverage_debt"
    ],
    "recommended_action": "targeted source discovery or new sampling inside bbox; bbox is a search scope, not an administrative or scientific boundary",
    "registered_source_candidates": [],
    "required_elements": [
     "As"
    ],
    "required_media": [
     "water"
    ],
    "scope_key": "global",
    "status": "pending",
    "task_id": "cf6f7d1f178b1f68",
    "task_kind": "spatial_dimension_gap",
    "view_id": "element_medium:As|water"
   },
   "type": "Feature"
  },
  {
   "geometry": {
    "coordinates": [
     [
      [
       -180.0,
       -90.0
      ],
      [
       180.0,
       -90.0
      ],
      [
       180.0,
       90.0
      ],
      [
       -180.0,
       90.0
      ],
      [
       -180.0,
       -90.0
      ]
     ]
    ],
    "type": "Polygon"
   },
   "properties": {
    "country_iso_a3": "CAN",
    "country_name": "Canada",
    "discovery_platform_sequence": [
     "registered_source_catalog",
     "national_geological_or_environmental_survey",
     "GEMStat",
     "PANGAEA",
     "Zenodo",
     "Figshare",
     "publisher_supplementary_data"
    ],
    "gap_kind": "coverage_repair_task",
    "macroregion": "North America",
    "observed_canonical_grid_cells": 53,
    "observed_canonical_unique_samples": 1870,
    "preferred_repair_mode": "requery_selected_source",
    "priority": 1205,
    "reason_codes": [
     "land_macroregion_coverage_debt"
    ],
    "recommended_action": "targeted source discovery or new sampling inside bbox; bbox is a search scope, not an administrative or scientific boundary",
    "registered_source_candidates": [],
    "required_elements": [
     "As"
    ],
    "required_media": [
     "water"
    ],
    "scope_key": "global",
    "status": "pending",
    "task_id": "dcc38099c91efd7b",
    "task_kind": "spatial_dimension_gap",
    "view_id": "element_medium:As|water"
   },
   "type": "Feature"
  },
  {
   "geometry": {
    "coordinates": [
     [
      [
       -180.0,
       -90.0
      ],
      [
       180.0,
       -90.0
      ],
      [
       180.0,
       90.0
      ],
      [
       -180.0,
       90.0
      ],
      [
       -180.0,
       -90.0
      ]
     ]
    ],
    "type": "Polygon"
   },
   "properties": {
    "country_iso_a3": "COD",
    "country_name": "Democratic Republic of the Congo",
    "discovery_platform_sequence": [
     "registered_source_catalog",
     "national_geological_or_environmental_survey",
     "GEOROC",
     "EarthChem",
     "Zenodo",
     "Figshare",
     "publisher_supplementary_data"
    ],
    "gap_kind": "coverage_repair_task",
    "macroregion": "Africa",
    "observed_canonical_grid_cells": 0,
    "observed_canonical_unique_samples": 0,
    "preferred_repair_mode": "targeted_source_discovery",
    "priority": 1220,
    "reason_codes": [
     "canonical_sample_shortfall",
     "canonical_cell_shortfall",
     "canonical_coverage_zone_shortfall",
     "land_macroregion_coverage_debt"
    ],
    "recommended_action": "targeted source discovery or new sampling inside bbox; bbox is a search scope, not an administrative or scientific boundary",
    "registered_source_candidates": [],
    "required_elements": [
     "Cr"
    ],
    "required_media": [
     "rock"
    ],
    "scope_key": "global",
    "status": "pending",
    "task_id": "136073408a2d51c2",
    "task_kind": "spatial_dimension_gap",
    "view_id": "element_medium:Cr|rock"
   },
   "type": "Feature"
  },
  {
   "geometry": {
    "coordinates": [
     [
      [
       -180.0,
       -90.0
      ],
      [
       180.0,
       -90.0
      ],
      [
       180.0,
       90.0
      ],
      [
       -180.0,
       90.0
      ],
      [
       -180.0,
       -90.0
      ]
     ]
    ],
    "type": "Polygon"
   },
   "properties": {
    "country_iso_a3": "CHN",
    "country_name": "China",
    "discovery_platform_sequence": [
     "registered_source_catalog",
     "national_geological_or_environmental_survey",
     "GEOROC",
     "EarthChem",
     "Zenodo",
     "Figshare",
     "publisher_supplementary_data"
    ],
    "gap_kind": "coverage_repair_task",
    "macroregion": "Asia",
    "observed_canonical_grid_cells": 0,
    "observed_canonical_unique_samples": 0,
    "preferred_repair_mode": "targeted_source_discovery",
    "priority": 1221,
    "reason_codes": [
     "canonical_sample_shortfall",
     "canonical_cell_shortfall",
     "canonical_coverage_zone_shortfall",
     "land_macroregion_coverage_debt"
    ],
    "recommended_action": "targeted source discovery or new sampling inside bbox; bbox is a search scope, not an administrative or scientific boundary",
    "registered_source_candidates": [],
    "required_elements": [
     "Cr"
    ],
    "required_media": [
     "rock"
    ],
    "scope_key": "global",
    "status": "pending",
    "task_id": "d7ed9cc2a7126d93",
    "task_kind": "spatial_dimension_gap",
    "view_id": "element_medium:Cr|rock"
   },
   "type": "Feature"
  },
  {
   "geometry": {
    "coordinates": [
     [
      [
       -180.0,
       -90.0
      ],
      [
       180.0,
       -90.0
      ],
      [
       180.0,
       90.0
      ],
      [
       -180.0,
       90.0
      ],
      [
       -180.0,
       -90.0
      ]
     ]
    ],
    "type": "Polygon"
   },
   "properties": {
    "country_iso_a3": "RUS",
    "country_name": "Russia",
    "discovery_platform_sequence": [
     "registered_source_catalog",
     "national_geological_or_environmental_survey",
     "GEOROC",
     "EarthChem",
     "Zenodo",
     "Figshare",
     "publisher_supplementary_data"
    ],
    "gap_kind": "coverage_repair_task",
    "macroregion": "Europe",
    "observed_canonical_grid_cells": 0,
    "observed_canonical_unique_samples": 0,
    "preferred_repair_mode": "targeted_source_discovery",
    "priority": 1222,
    "reason_codes": [
     "canonical_sample_shortfall",
     "canonical_cell_shortfall",
     "canonical_coverage_zone_shortfall",
     "land_macroregion_coverage_debt"
    ],
    "recommended_action": "targeted source discovery or new sampling inside bbox; bbox is a search scope, not an administrative or scientific boundary",
    "registered_source_candidates": [],
    "required_elements": [
     "Cr"
    ],
    "required_media": [
     "rock"
    ],
    "scope_key": "global",
    "status": "pending",
    "task_id": "1d170ff49478b3ab",
    "task_kind": "spatial_dimension_gap",
    "view_id": "element_medium:Cr|rock"
   },
   "type": "Feature"
  },
  {
   "geometry": {
    "coordinates": [
     [
      [
       -180.0,
       -90.0
      ],
      [
       180.0,
       -90.0
      ],
      [
       180.0,
       90.0
      ],
      [
       -180.0,
       90.0
      ],
      [
       -180.0,
       -90.0
      ]
     ]
    ],
    "type": "Polygon"
   },
   "properties": {
    "country_iso_a3": "CAN",
    "country_name": "Canada",
    "discovery_platform_sequence": [
     "registered_source_catalog",
     "national_geological_or_environmental_survey",
     "GEOROC",
     "EarthChem",
     "Zenodo",
     "Figshare",
     "publisher_supplementary_data"
    ],
    "gap_kind": "coverage_repair_task",
    "macroregion": "North America",
    "observed_canonical_grid_cells": 0,
    "observed_canonical_unique_samples": 0,
    "preferred_repair_mode": "targeted_source_discovery",
    "priority": 1223,
    "reason_codes": [
     "canonical_sample_shortfall",
     "canonical_cell_shortfall",
     "canonical_coverage_zone_shortfall",
     "land_macroregion_coverage_debt"
    ],
    "recommended_action": "targeted source discovery or new sampling inside bbox; bbox is a search scope, not an administrative or scientific boundary",
    "registered_source_candidates": [],
    "required_elements": [
     "Cr"
    ],
    "required_media": [
     "rock"
    ],
    "scope_key": "global",
    "status": "pending",
    "task_id": "138b4d15f07edfeb",
    "task_kind": "spatial_dimension_gap",
    "view_id": "element_medium:Cr|rock"
   },
   "type": "Feature"
  },
  {
   "geometry": {
    "coordinates": [
     [
      [
       -180.0,
       -90.0
      ],
      [
       180.0,
       -90.0
      ],
      [
       180.0,
       90.0
      ],
      [
       -180.0,
       90.0
      ],
      [
       -180.0,
       -90.0
      ]
     ]
    ],
    "type": "Polygon"
   },
   "properties": {
    "country_iso_a3": "AUS",
    "country_name": "Australia",
    "discovery_platform_sequence": [
     "registered_source_catalog",
     "national_geological_or_environmental_survey",
     "GEOROC",
     "EarthChem",
     "Zenodo",
     "Figshare",
     "publisher_supplementary_data"
    ],
    "gap_kind": "coverage_repair_task",
    "macroregion": "Oceania",
    "observed_canonical_grid_cells": 0,
    "observed_canonical_unique_samples": 0,
    "preferred_repair_mode": "implement_catalog_candidate",
    "priority": 1224,
    "reason_codes": [
     "canonical_sample_shortfall",
     "canonical_cell_shortfall",
     "canonical_coverage_zone_shortfall",
     "land_macroregion_coverage_debt"
    ],
    "recommended_action": "targeted source discovery or new sampling inside bbox; bbox is a search scope, not an administrative or scientific boundary",
    "registered_source_candidates": [],
    "required_elements": [
     "Cr"
    ],
    "required_media": [
     "rock"
    ],
    "scope_key": "global",
    "status": "pending",
    "task_id": "6f19a7803159d521",
    "task_kind": "spatial_dimension_gap",
    "view_id": "element_medium:Cr|rock"
   },
   "type": "Feature"
  },
  {
   "geometry": {
    "coordinates": [
     [
      [
       -180.0,
       -90.0
      ],
      [
       180.0,
       -90.0
      ],
      [
       180.0,
       90.0
      ],
      [
       -180.0,
       90.0
      ],
      [
       -180.0,
       -90.0
      ]
     ]
    ],
    "type": "Polygon"
   },
   "properties": {
    "country_iso_a3": "BRA",
    "country_name": "Brazil",
    "discovery_platform_sequence": [
     "registered_source_catalog",
     "national_geological_or_environmental_survey",
     "GEOROC",
     "EarthChem",
     "Zenodo",
     "Figshare",
     "publisher_supplementary_data"
    ],
    "gap_kind": "coverage_repair_task",
    "macroregion": "South America",
    "observed_canonical_grid_cells": 0,
    "observed_canonical_unique_samples": 0,
    "preferred_repair_mode": "implement_catalog_candidate",
    "priority": 1225,
    "reason_codes": [
     "canonical_sample_shortfall",
     "canonical_cell_shortfall",
     "canonical_coverage_zone_shortfall",
     "land_macroregion_coverage_debt"
    ],
    "recommended_action": "targeted source discovery or new sampling inside bbox; bbox is a search scope, not an administrative or scientific boundary",
    "registered_source_candidates": [],
    "required_elements": [
     "Cr"
    ],
    "required_media": [
     "rock"
    ],
    "scope_key": "global",
    "status": "pending",
    "task_id": "27062aa69bcfca7f",
    "task_kind": "spatial_dimension_gap",
    "view_id": "element_medium:Cr|rock"
   },
   "type": "Feature"
  },
  {
   "geometry": {
    "coordinates": [
     [
      [
       -180.0,
       -90.0
      ],
      [
       180.0,
       -90.0
      ],
      [
       180.0,
       90.0
      ],
      [
       -180.0,
       90.0
      ],
      [
       -180.0,
       -90.0
      ]
     ]
    ],
    "type": "Polygon"
   },
   "properties": {
    "country_iso_a3": "COD",
    "country_name": "Democratic Republic of the Congo",
    "discovery_platform_sequence": [
     "registered_source_catalog",
     "national_geological_or_environmental_survey",
     "PANGAEA",
     "EarthChem",
     "Zenodo",
     "Figshare",
     "publisher_supplementary_data"
    ],
    "gap_kind": "coverage_repair_task",
    "macroregion": "Africa",
    "observed_canonical_grid_cells": 75,
    "observed_canonical_unique_samples": 3539,
    "preferred_repair_mode": "targeted_source_discovery",
    "priority": 1240,
    "reason_codes": [
     "land_macroregion_coverage_debt"
    ],
    "recommended_action": "targeted source discovery or new sampling inside bbox; bbox is a search scope, not an administrative or scientific boundary",
    "registered_source_candidates": [],
    "required_elements": [
     "Cr"
    ],
    "required_media": [
     "soil"
    ],
    "scope_key": "global",
    "status": "pending",
    "task_id": "d261f7b16603ab35",
    "task_kind": "spatial_dimension_gap",
    "view_id": "element_medium:Cr|soil"
   },
   "type": "Feature"
  },
  {
   "geometry": {
    "coordinates": [
     [
      [
       -180.0,
       -90.0
      ],
      [
       180.0,
       -90.0
      ],
      [
       180.0,
       90.0
      ],
      [
       -180.0,
       90.0
      ],
      [
       -180.0,
       -90.0
      ]
     ]
    ],
    "type": "Polygon"
   },
   "properties": {
    "country_iso_a3": "CAN",
    "country_name": "Canada",
    "discovery_platform_sequence": [
     "registered_source_catalog",
     "national_geological_or_environmental_survey",
     "PANGAEA",
     "EarthChem",
     "Zenodo",
     "Figshare",
     "publisher_supplementary_data"
    ],
    "gap_kind": "coverage_repair_task",
    "macroregion": "North America",
    "observed_canonical_grid_cells": 75,
    "observed_canonical_unique_samples": 3539,
    "preferred_repair_mode": "targeted_source_discovery",
    "priority": 1241,
    "reason_codes": [
     "land_macroregion_coverage_debt"
    ],
    "recommended_action": "targeted source discovery or new sampling inside bbox; bbox is a search scope, not an administrative or scientific boundary",
    "registered_source_candidates": [],
    "required_elements": [
     "Cr"
    ],
    "required_media": [
     "soil"
    ],
    "scope_key": "global",
    "status": "pending",
    "task_id": "856afb74ec7a9c2f",
    "task_kind": "spatial_dimension_gap",
    "view_id": "element_medium:Cr|soil"
   },
   "type": "Feature"
  },
  {
   "geometry": {
    "coordinates": [
     [
      [
       -180.0,
       -90.0
      ],
      [
       180.0,
       -90.0
      ],
      [
       180.0,
       90.0
      ],
      [
       -180.0,
       90.0
      ],
      [
       -180.0,
       -90.0
      ]
     ]
    ],
    "type": "Polygon"
   },
   "properties": {
    "country_iso_a3": "AUS",
    "country_name": "Australia",
    "discovery_platform_sequence": [
     "registered_source_catalog",
     "national_geological_or_environmental_survey",
     "PANGAEA",
     "EarthChem",
     "Zenodo",
     "Figshare",
     "publisher_supplementary_data"
    ],
    "gap_kind": "coverage_repair_task",
    "macroregion": "Oceania",
    "observed_canonical_grid_cells": 75,
    "observed_canonical_unique_samples": 3539,
    "preferred_repair_mode": "targeted_source_discovery",
    "priority": 1242,
    "reason_codes": [
     "land_macroregion_coverage_debt"
    ],
    "recommended_action": "targeted source discovery or new sampling inside bbox; bbox is a search scope, not an administrative or scientific boundary",
    "registered_source_candidates": [],
    "required_elements": [
     "Cr"
    ],
    "required_media": [
     "soil"
    ],
    "scope_key": "global",
    "status": "pending",
    "task_id": "135baed3a024ab11",
    "task_kind": "spatial_dimension_gap",
    "view_id": "element_medium:Cr|soil"
   },
   "type": "Feature"
  },
  {
   "geometry": {
    "coordinates": [
     [
      [
       -180.0,
       -90.0
      ],
      [
       180.0,
       -90.0
      ],
      [
       180.0,
       90.0
      ],
      [
       -180.0,
       90.0
      ],
      [
       -180.0,
       -90.0
      ]
     ]
    ],
    "type": "Polygon"
   },
   "properties": {
    "country_iso_a3": "RUS",
    "country_name": "Russia",
    "discovery_platform_sequence": [
     "registered_source_catalog",
     "national_geological_or_environmental_survey",
     "PANGAEA",
     "EarthChem",
     "Zenodo",
     "Figshare",
     "publisher_supplementary_data"
    ],
    "gap_kind": "coverage_repair_task",
    "macroregion": "Europe",
    "observed_canonical_grid_cells": 75,
    "observed_canonical_unique_samples": 3539,
    "preferred_repair_mode": "targeted_source_discovery",
    "priority": 1243,
    "reason_codes": [
     "land_macroregion_coverage_debt"
    ],
    "recommended_action": "targeted source discovery or new sampling inside bbox; bbox is a search scope, not an administrative or scientific boundary",
    "registered_source_candidates": [],
    "required_elements": [
     "Cr"
    ],
    "required_media": [
     "soil"
    ],
    "scope_key": "global",
    "status": "pending",
    "task_id": "314c135fc089203e",
    "task_kind": "spatial_dimension_gap",
    "view_id": "element_medium:Cr|soil"
   },
   "type": "Feature"
  },
  {
   "geometry": {
    "coordinates": [
     [
      [
       -180.0,
       -90.0
      ],
      [
       180.0,
       -90.0
      ],
      [
       180.0,
       90.0
      ],
      [
       -180.0,
       90.0
      ],
      [
       -180.0,
       -90.0
      ]
     ]
    ],
    "type": "Polygon"
   },
   "properties": {
    "country_iso_a3": "USA",
    "country_name": "United States of America",
    "discovery_platform_sequence": [
     "registered_source_catalog",
     "national_geological_or_environmental_survey",
     "PANGAEA",
     "EarthChem",
     "Zenodo",
     "Figshare",
     "publisher_supplementary_data"
    ],
    "gap_kind": "coverage_repair_task",
    "macroregion": "North America",
    "observed_canonical_grid_cells": 75,
    "observed_canonical_unique_samples": 3539,
    "preferred_repair_mode": "requery_selected_source",
    "priority": 1244,
    "reason_codes": [
     "land_macroregion_coverage_debt"
    ],
    "recommended_action": "targeted source discovery or new sampling inside bbox; bbox is a search scope, not an administrative or scientific boundary",
    "registered_source_candidates": [],
    "required_elements": [
     "Cr"
    ],
    "required_media": [
     "soil"
    ],
    "scope_key": "global",
    "status": "pending",
    "task_id": "448e3db3055af579",
    "task_kind": "spatial_dimension_gap",
    "view_id": "element_medium:Cr|soil"
   },
   "type": "Feature"
  },
  {
   "geometry": {
    "coordinates": [
     [
      [
       -180.0,
       -90.0
      ],
      [
       180.0,
       -90.0
      ],
      [
       180.0,
       90.0
      ],
      [
       -180.0,
       90.0
      ],
      [
       -180.0,
       -90.0
      ]
     ]
    ],
    "type": "Polygon"
   },
   "properties": {
    "country_iso_a3": "CHN",
    "country_name": "China",
    "discovery_platform_sequence": [
     "registered_source_catalog",
     "national_geological_or_environmental_survey",
     "PANGAEA",
     "EarthChem",
     "Zenodo",
     "Figshare",
     "publisher_supplementary_data"
    ],
    "gap_kind": "coverage_repair_task",
    "macroregion": "Asia",
    "observed_canonical_grid_cells": 75,
    "observed_canonical_unique_samples": 3539,
    "preferred_repair_mode": "requery_selected_source",
    "priority": 1245,
    "reason_codes": [
     "land_macroregion_coverage_debt"
    ],
    "recommended_action": "targeted source discovery or new sampling inside bbox; bbox is a search scope, not an administrative or scientific boundary",
    "registered_source_candidates": [],
    "required_elements": [
     "Cr"
    ],
    "required_media": [
     "soil"
    ],
    "scope_key": "global",
    "status": "pending",
    "task_id": "2cdbc352e911a143",
    "task_kind": "spatial_dimension_gap",
    "view_id": "element_medium:Cr|soil"
   },
   "type": "Feature"
  },
  {
   "geometry": {
    "coordinates": [
     [
      [
       -180.0,
       -90.0
      ],
      [
       180.0,
       -90.0
      ],
      [
       180.0,
       90.0
      ],
      [
       -180.0,
       90.0
      ],
      [
       -180.0,
       -90.0
      ]
     ]
    ],
    "type": "Polygon"
   },
   "properties": {
    "country_iso_a3": "COD",
    "country_name": "Democratic Republic of the Congo",
    "discovery_platform_sequence": [
     "registered_source_catalog",
     "national_geological_or_environmental_survey",
     "PANGAEA",
     "EarthChem",
     "Zenodo",
     "Figshare",
     "publisher_supplementary_data"
    ],
    "gap_kind": "coverage_repair_task",
    "macroregion": "Africa",
    "observed_canonical_grid_cells": 60,
    "observed_canonical_unique_samples": 4027,
    "preferred_repair_mode": "targeted_source_discovery",
    "priority": 1260,
    "reason_codes": [
     "land_macroregion_coverage_debt"
    ],
    "recommended_action": "targeted source discovery or new sampling inside bbox; bbox is a search scope, not an administrative or scientific boundary",
    "registered_source_candidates": [],
    "required_elements": [
     "Cr"
    ],
    "required_media": [
     "sediment"
    ],
    "scope_key": "global",
    "status": "pending",
    "task_id": "4569d32ba7e774db",
    "task_kind": "spatial_dimension_gap",
    "view_id": "element_medium:Cr|sediment"
   },
   "type": "Feature"
  },
  {
   "geometry": {
    "coordinates": [
     [
      [
       -180.0,
       -90.0
      ],
      [
       180.0,
       -90.0
      ],
      [
       180.0,
       90.0
      ],
      [
       -180.0,
       90.0
      ],
      [
       -180.0,
       -90.0
      ]
     ]
    ],
    "type": "Polygon"
   },
   "properties": {
    "country_iso_a3": "CAN",
    "country_name": "Canada",
    "discovery_platform_sequence": [
     "registered_source_catalog",
     "national_geological_or_environmental_survey",
     "PANGAEA",
     "EarthChem",
     "Zenodo",
     "Figshare",
     "publisher_supplementary_data"
    ],
    "gap_kind": "coverage_repair_task",
    "macroregion": "North America",
    "observed_canonical_grid_cells": 60,
    "observed_canonical_unique_samples": 4027,
    "preferred_repair_mode": "implement_catalog_candidate",
    "priority": 1261,
    "reason_codes": [
     "land_macroregion_coverage_debt"
    ],
    "recommended_action": "targeted source discovery or new sampling inside bbox; bbox is a search scope, not an administrative or scientific boundary",
    "registered_source_candidates": [],
    "required_elements": [
     "Cr"
    ],
    "required_media": [
     "sediment"
    ],
    "scope_key": "global",
    "status": "pending",
    "task_id": "84bd1787664d02cf",
    "task_kind": "spatial_dimension_gap",
    "view_id": "element_medium:Cr|sediment"
   },
   "type": "Feature"
  },
  {
   "geometry": {
    "coordinates": [
     [
      [
       -180.0,
       -90.0
      ],
      [
       180.0,
       -90.0
      ],
      [
       180.0,
       90.0
      ],
      [
       -180.0,
       90.0
      ],
      [
       -180.0,
       -90.0
      ]
     ]
    ],
    "type": "Polygon"
   },
   "properties": {
    "country_iso_a3": "AUS",
    "country_name": "Australia",
    "discovery_platform_sequence": [
     "registered_source_catalog",
     "national_geological_or_environmental_survey",
     "PANGAEA",
     "EarthChem",
     "Zenodo",
     "Figshare",
     "publisher_supplementary_data"
    ],
    "gap_kind": "coverage_repair_task",
    "macroregion": "Oceania",
    "observed_canonical_grid_cells": 60,
    "observed_canonical_unique_samples": 4027,
    "preferred_repair_mode": "implement_catalog_candidate",
    "priority": 1262,
    "reason_codes": [
     "land_macroregion_coverage_debt"
    ],
    "recommended_action": "targeted source discovery or new sampling inside bbox; bbox is a search scope, not an administrative or scientific boundary",
    "registered_source_candidates": [],
    "required_elements": [
     "Cr"
    ],
    "required_media": [
     "sediment"
    ],
    "scope_key": "global",
    "status": "pending",
    "task_id": "88ece16879f04bbb",
    "task_kind": "spatial_dimension_gap",
    "view_id": "element_medium:Cr|sediment"
   },
   "type": "Feature"
  },
  {
   "geometry": {
    "coordinates": [
     [
      [
       -180.0,
       -90.0
      ],
      [
       180.0,
       -90.0
      ],
      [
       180.0,
       90.0
      ],
      [
       -180.0,
       90.0
      ],
      [
       -180.0,
       -90.0
      ]
     ]
    ],
    "type": "Polygon"
   },
   "properties": {
    "country_iso_a3": "BRA",
    "country_name": "Brazil",
    "discovery_platform_sequence": [
     "registered_source_catalog",
     "national_geological_or_environmental_survey",
     "PANGAEA",
     "EarthChem",
     "Zenodo",
     "Figshare",
     "publisher_supplementary_data"
    ],
    "gap_kind": "coverage_repair_task",
    "macroregion": "South America",
    "observed_canonical_grid_cells": 60,
    "observed_canonical_unique_samples": 4027,
    "preferred_repair_mode": "implement_catalog_candidate",
    "priority": 1263,
    "reason_codes": [
     "land_macroregion_coverage_debt"
    ],
    "recommended_action": "targeted source discovery or new sampling inside bbox; bbox is a search scope, not an administrative or scientific boundary",
    "registered_source_candidates": [],
    "required_elements": [
     "Cr"
    ],
    "required_media": [
     "sediment"
    ],
    "scope_key": "global",
    "status": "pending",
    "task_id": "ecc958c295f65000",
    "task_kind": "spatial_dimension_gap",
    "view_id": "element_medium:Cr|sediment"
   },
   "type": "Feature"
  },
  {
   "geometry": {
    "coordinates": [
     [
      [
       -180.0,
       -90.0
      ],
      [
       180.0,
       -90.0
      ],
      [
       180.0,
       90.0
      ],
      [
       -180.0,
       90.0
      ],
      [
       -180.0,
       -90.0
      ]
     ]
    ],
    "type": "Polygon"
   },
   "properties": {
    "country_iso_a3": "RUS",
    "country_name": "Russia",
    "discovery_platform_sequence": [
     "registered_source_catalog",
     "national_geological_or_environmental_survey",
     "PANGAEA",
     "EarthChem",
     "Zenodo",
     "Figshare",
     "publisher_supplementary_data"
    ],
    "gap_kind": "coverage_repair_task",
    "macroregion": "Europe",
    "observed_canonical_grid_cells": 60,
    "observed_canonical_unique_samples": 4027,
    "preferred_repair_mode": "targeted_source_discovery",
    "priority": 1264,
    "reason_codes": [
     "land_macroregion_coverage_debt"
    ],
    "recommended_action": "targeted source discovery or new sampling inside bbox; bbox is a search scope, not an administrative or scientific boundary",
    "registered_source_candidates": [],
    "required_elements": [
     "Cr"
    ],
    "required_media": [
     "sediment"
    ],
    "scope_key": "global",
    "status": "pending",
    "task_id": "a75f800d0dc48392",
    "task_kind": "spatial_dimension_gap",
    "view_id": "element_medium:Cr|sediment"
   },
   "type": "Feature"
  },
  {
   "geometry": {
    "coordinates": [
     [
      [
       -180.0,
       -90.0
      ],
      [
       180.0,
       -90.0
      ],
      [
       180.0,
       90.0
      ],
      [
       -180.0,
       90.0
      ],
      [
       -180.0,
       -90.0
      ]
     ]
    ],
    "type": "Polygon"
   },
   "properties": {
    "country_iso_a3": "USA",
    "country_name": "United States of America",
    "discovery_platform_sequence": [
     "registered_source_catalog",
     "national_geological_or_environmental_survey",
     "PANGAEA",
     "EarthChem",
     "Zenodo",
     "Figshare",
     "publisher_supplementary_data"
    ],
    "gap_kind": "coverage_repair_task",
    "macroregion": "North America",
    "observed_canonical_grid_cells": 60,
    "observed_canonical_unique_samples": 4027,
    "preferred_repair_mode": "implement_catalog_candidate",
    "priority": 1265,
    "reason_codes": [
     "land_macroregion_coverage_debt"
    ],
    "recommended_action": "targeted source discovery or new sampling inside bbox; bbox is a search scope, not an administrative or scientific boundary",
    "registered_source_candidates": [],
    "required_elements": [
     "Cr"
    ],
    "required_media": [
     "sediment"
    ],
    "scope_key": "global",
    "status": "pending",
    "task_id": "f0f2267eee9e5f8c",
    "task_kind": "spatial_dimension_gap",
    "view_id": "element_medium:Cr|sediment"
   },
   "type": "Feature"
  },
  {
   "geometry": {
    "coordinates": [
     [
      [
       -180.0,
       -90.0
      ],
      [
       180.0,
       -90.0
      ],
      [
       180.0,
       90.0
      ],
      [
       -180.0,
       90.0
      ],
      [
       -180.0,
       -90.0
      ]
     ]
    ],
    "type": "Polygon"
   },
   "properties": {
    "country_iso_a3": "COD",
    "country_name": "Democratic Republic of the Congo",
    "discovery_platform_sequence": [
     "registered_source_catalog",
     "national_geological_or_environmental_survey",
     "GEMStat",
     "PANGAEA",
     "Zenodo",
     "Figshare",
     "publisher_supplementary_data"
    ],
    "gap_kind": "coverage_repair_task",
    "macroregion": "Africa",
    "observed_canonical_grid_cells": 52,
    "observed_canonical_unique_samples": 1748,
    "preferred_repair_mode": "targeted_source_discovery",
    "priority": 1280,
    "reason_codes": [
     "land_macroregion_coverage_debt"
    ],
    "recommended_action": "targeted source discovery or new sampling inside bbox; bbox is a search scope, not an administrative or scientific boundary",
    "registered_source_candidates": [],
    "required_elements": [
     "Cr"
    ],
    "required_media": [
     "water"
    ],
    "scope_key": "global",
    "status": "pending",
    "task_id": "ace92cc73be89b22",
    "task_kind": "spatial_dimension_gap",
    "view_id": "element_medium:Cr|water"
   },
   "type": "Feature"
  },
  {
   "geometry": {
    "coordinates": [
     [
      [
       -180.0,
       -90.0
      ],
      [
       180.0,
       -90.0
      ],
      [
       180.0,
       90.0
      ],
      [
       -180.0,
       90.0
      ],
      [
       -180.0,
       -90.0
      ]
     ]
    ],
    "type": "Polygon"
   },
   "properties": {
    "country_iso_a3": "CHN",
    "country_name": "China",
    "discovery_platform_sequence": [
     "registered_source_catalog",
     "national_geological_or_environmental_survey",
     "GEMStat",
     "PANGAEA",
     "Zenodo",
     "Figshare",
     "publisher_supplementary_data"
    ],
    "gap_kind": "coverage_repair_task",
    "macroregion": "Asia",
    "observed_canonical_grid_cells": 52,
    "observed_canonical_unique_samples": 1748,
    "preferred_repair_mode": "targeted_source_discovery",
    "priority": 1281,
    "reason_codes": [
     "land_macroregion_coverage_debt"
    ],
    "recommended_action": "targeted source discovery or new sampling inside bbox; bbox is a search scope, not an administrative or scientific boundary",
    "registered_source_candidates": [],
    "required_elements": [
     "Cr"
    ],
    "required_media": [
     "water"
    ],
    "scope_key": "global",
    "status": "pending",
    "task_id": "b3dea42d5ec85d9e",
    "task_kind": "spatial_dimension_gap",
    "view_id": "element_medium:Cr|water"
   },
   "type": "Feature"
  },
  {
   "geometry": {
    "coordinates": [
     [
      [
       -180.0,
       -90.0
      ],
      [
       180.0,
       -90.0
      ],
      [
       180.0,
       90.0
      ],
      [
       -180.0,
       90.0
      ],
      [
       -180.0,
       -90.0
      ]
     ]
    ],
    "type": "Polygon"
   },
   "properties": {
    "country_iso_a3": "AUS",
    "country_name": "Australia",
    "discovery_platform_sequence": [
     "registered_source_catalog",
     "national_geological_or_environmental_survey",
     "GEMStat",
     "PANGAEA",
     "Zenodo",
     "Figshare",
     "publisher_supplementary_data"
    ],
    "gap_kind": "coverage_repair_task",
    "macroregion": "Oceania",
    "observed_canonical_grid_cells": 52,
    "observed_canonical_unique_samples": 1748,
    "preferred_repair_mode": "targeted_source_discovery",
    "priority": 1282,
    "reason_codes": [
     "land_macroregion_coverage_debt"
    ],
    "recommended_action": "targeted source discovery or new sampling inside bbox; bbox is a search scope, not an administrative or scientific boundary",
    "registered_source_candidates": [],
    "required_elements": [
     "Cr"
    ],
    "required_media": [
     "water"
    ],
    "scope_key": "global",
    "status": "pending",
    "task_id": "873b7df1db30df09",
    "task_kind": "spatial_dimension_gap",
    "view_id": "element_medium:Cr|water"
   },
   "type": "Feature"
  },
  {
   "geometry": {
    "coordinates": [
     [
      [
       -180.0,
       -90.0
      ],
      [
       180.0,
       -90.0
      ],
      [
       180.0,
       90.0
      ],
      [
       -180.0,
       90.0
      ],
      [
       -180.0,
       -90.0
      ]
     ]
    ],
    "type": "Polygon"
   },
   "properties": {
    "country_iso_a3": "BRA",
    "country_name": "Brazil",
    "discovery_platform_sequence": [
     "registered_source_catalog",
     "national_geological_or_environmental_survey",
     "GEMStat",
     "PANGAEA",
     "Zenodo",
     "Figshare",
     "publisher_supplementary_data"
    ],
    "gap_kind": "coverage_repair_task",
    "macroregion": "South America",
    "observed_canonical_grid_cells": 52,
    "observed_canonical_unique_samples": 1748,
    "preferred_repair_mode": "implement_catalog_candidate",
    "priority": 1283,
    "reason_codes": [
     "land_macroregion_coverage_debt"
    ],
    "recommended_action": "targeted source discovery or new sampling inside bbox; bbox is a search scope, not an administrative or scientific boundary",
    "registered_source_candidates": [],
    "required_elements": [
     "Cr"
    ],
    "required_media": [
     "water"
    ],
    "scope_key": "global",
    "status": "pending",
    "task_id": "d44181ec576917d3",
    "task_kind": "spatial_dimension_gap",
    "view_id": "element_medium:Cr|water"
   },
   "type": "Feature"
  },
  {
   "geometry": {
    "coordinates": [
     [
      [
       -180.0,
       -90.0
      ],
      [
       180.0,
       -90.0
      ],
      [
       180.0,
       90.0
      ],
      [
       -180.0,
       90.0
      ],
      [
       -180.0,
       -90.0
      ]
     ]
    ],
    "type": "Polygon"
   },
   "properties": {
    "country_iso_a3": "RUS",
    "country_name": "Russia",
    "discovery_platform_sequence": [
     "registered_source_catalog",
     "national_geological_or_environmental_survey",
     "GEMStat",
     "PANGAEA",
     "Zenodo",
     "Figshare",
     "publisher_supplementary_data"
    ],
    "gap_kind": "coverage_repair_task",
    "macroregion": "Europe",
    "observed_canonical_grid_cells": 52,
    "observed_canonical_unique_samples": 1748,
    "preferred_repair_mode": "targeted_source_discovery",
    "priority": 1284,
    "reason_codes": [
     "land_macroregion_coverage_debt"
    ],
    "recommended_action": "targeted source discovery or new sampling inside bbox; bbox is a search scope, not an administrative or scientific boundary",
    "registered_source_candidates": [],
    "required_elements": [
     "Cr"
    ],
    "required_media": [
     "water"
    ],
    "scope_key": "global",
    "status": "pending",
    "task_id": "83e305e097f56529",
    "task_kind": "spatial_dimension_gap",
    "view_id": "element_medium:Cr|water"
   },
   "type": "Feature"
  },
  {
   "geometry": {
    "coordinates": [
     [
      [
       -180.0,
       -90.0
      ],
      [
       180.0,
       -90.0
      ],
      [
       180.0,
       90.0
      ],
      [
       -180.0,
       90.0
      ],
      [
       -180.0,
       -90.0
      ]
     ]
    ],
    "type": "Polygon"
   },
   "properties": {
    "country_iso_a3": "CAN",
    "country_name": "Canada",
    "discovery_platform_sequence": [
     "registered_source_catalog",
     "national_geological_or_environmental_survey",
     "GEMStat",
     "PANGAEA",
     "Zenodo",
     "Figshare",
     "publisher_supplementary_data"
    ],
    "gap_kind": "coverage_repair_task",
    "macroregion": "North America",
    "observed_canonical_grid_cells": 52,
    "observed_canonical_unique_samples": 1748,
    "preferred_repair_mode": "requery_selected_source",
    "priority": 1285,
    "reason_codes": [
     "land_macroregion_coverage_debt"
    ],
    "recommended_action": "targeted source discovery or new sampling inside bbox; bbox is a search scope, not an administrative or scientific boundary",
    "registered_source_candidates": [],
    "required_elements": [
     "Cr"
    ],
    "required_media": [
     "water"
    ],
    "scope_key": "global",
    "status": "pending",
    "task_id": "edf53bcdbf984878",
    "task_kind": "spatial_dimension_gap",
    "view_id": "element_medium:Cr|water"
   },
   "type": "Feature"
  },
  {
   "geometry": {
    "coordinates": [
     [
      [
       -180.0,
       -90.0
      ],
      [
       180.0,
       -90.0
      ],
      [
       180.0,
       90.0
      ],
      [
       -180.0,
       90.0
      ],
      [
       -180.0,
       -90.0
      ]
     ]
    ],
    "type": "Polygon"
   },
   "properties": {
    "country_iso_a3": "COD",
    "country_name": "Democratic Republic of the Congo",
    "discovery_platform_sequence": [
     "registered_source_catalog",
     "national_geological_or_environmental_survey",
     "GEOROC",
     "EarthChem",
     "Zenodo",
     "Figshare",
     "publisher_supplementary_data"
    ],
    "gap_kind": "coverage_repair_task",
    "macroregion": "Africa",
    "observed_canonical_grid_cells": 0,
    "observed_canonical_unique_samples": 0,
    "preferred_repair_mode": "targeted_source_discovery",
    "priority": 1300,
    "reason_codes": [
     "canonical_sample_shortfall",
     "canonical_cell_shortfall",
     "canonical_coverage_zone_shortfall",
     "land_macroregion_coverage_debt"
    ],
    "recommended_action": "targeted source discovery or new sampling inside bbox; bbox is a search scope, not an administrative or scientific boundary",
    "registered_source_candidates": [],
    "required_elements": [
     "Cu"
    ],
    "required_media": [
     "rock"
    ],
    "scope_key": "global",
    "status": "pending",
    "task_id": "94f9e65cc8ec4a13",
    "task_kind": "spatial_dimension_gap",
    "view_id": "element_medium:Cu|rock"
   },
   "type": "Feature"
  },
  {
   "geometry": {
    "coordinates": [
     [
      [
       -180.0,
       -90.0
      ],
      [
       180.0,
       -90.0
      ],
      [
       180.0,
       90.0
      ],
      [
       -180.0,
       90.0
      ],
      [
       -180.0,
       -90.0
      ]
     ]
    ],
    "type": "Polygon"
   },
   "properties": {
    "country_iso_a3": "CHN",
    "country_name": "China",
    "discovery_platform_sequence": [
     "registered_source_catalog",
     "national_geological_or_environmental_survey",
     "GEOROC",
     "EarthChem",
     "Zenodo",
     "Figshare",
     "publisher_supplementary_data"
    ],
    "gap_kind": "coverage_repair_task",
    "macroregion": "Asia",
    "observed_canonical_grid_cells": 0,
    "observed_canonical_unique_samples": 0,
    "preferred_repair_mode": "targeted_source_discovery",
    "priority": 1301,
    "reason_codes": [
     "canonical_sample_shortfall",
     "canonical_cell_shortfall",
     "canonical_coverage_zone_shortfall",
     "land_macroregion_coverage_debt"
    ],
    "recommended_action": "targeted source discovery or new sampling inside bbox; bbox is a search scope, not an administrative or scientific boundary",
    "registered_source_candidates": [],
    "required_elements": [
     "Cu"
    ],
    "required_media": [
     "rock"
    ],
    "scope_key": "global",
    "status": "pending",
    "task_id": "99217f2699d14bc8",
    "task_kind": "spatial_dimension_gap",
    "view_id": "element_medium:Cu|rock"
   },
   "type": "Feature"
  },
  {
   "geometry": {
    "coordinates": [
     [
      [
       -180.0,
       -90.0
      ],
      [
       180.0,
       -90.0
      ],
      [
       180.0,
       90.0
      ],
      [
       -180.0,
       90.0
      ],
      [
       -180.0,
       -90.0
      ]
     ]
    ],
    "type": "Polygon"
   },
   "properties": {
    "country_iso_a3": "RUS",
    "country_name": "Russia",
    "discovery_platform_sequence": [
     "registered_source_catalog",
     "national_geological_or_environmental_survey",
     "GEOROC",
     "EarthChem",
     "Zenodo",
     "Figshare",
     "publisher_supplementary_data"
    ],
    "gap_kind": "coverage_repair_task",
    "macroregion": "Europe",
    "observed_canonical_grid_cells": 0,
    "observed_canonical_unique_samples": 0,
    "preferred_repair_mode": "targeted_source_discovery",
    "priority": 1302,
    "reason_codes": [
     "canonical_sample_shortfall",
     "canonical_cell_shortfall",
     "canonical_coverage_zone_shortfall",
     "land_macroregion_coverage_debt"
    ],
    "recommended_action": "targeted source discovery or new sampling inside bbox; bbox is a search scope, not an administrative or scientific boundary",
    "registered_source_candidates": [],
    "required_elements": [
     "Cu"
    ],
    "required_media": [
     "rock"
    ],
    "scope_key": "global",
    "status": "pending",
    "task_id": "1b80d97f629ede11",
    "task_kind": "spatial_dimension_gap",
    "view_id": "element_medium:Cu|rock"
   },
   "type": "Feature"
  },
  {
   "geometry": {
    "coordinates": [
     [
      [
       -180.0,
       -90.0
      ],
      [
       180.0,
       -90.0
      ],
      [
       180.0,
       90.0
      ],
      [
       -180.0,
       90.0
      ],
      [
       -180.0,
       -90.0
      ]
     ]
    ],
    "type": "Polygon"
   },
   "properties": {
    "country_iso_a3": "CAN",
    "country_name": "Canada",
    "discovery_platform_sequence": [
     "registered_source_catalog",
     "national_geological_or_environmental_survey",
     "GEOROC",
     "EarthChem",
     "Zenodo",
     "Figshare",
     "publisher_supplementary_data"
    ],
    "gap_kind": "coverage_repair_task",
    "macroregion": "North America",
    "observed_canonical_grid_cells": 0,
    "observed_canonical_unique_samples": 0,
    "preferred_repair_mode": "targeted_source_discovery",
    "priority": 1303,
    "reason_codes": [
     "canonical_sample_shortfall",
     "canonical_cell_shortfall",
     "canonical_coverage_zone_shortfall",
     "land_macroregion_coverage_debt"
    ],
    "recommended_action": "targeted source discovery or new sampling inside bbox; bbox is a search scope, not an administrative or scientific boundary",
    "registered_source_candidates": [],
    "required_elements": [
     "Cu"
    ],
    "required_media": [
     "rock"
    ],
    "scope_key": "global",
    "status": "pending",
    "task_id": "8eceefed54abfd78",
    "task_kind": "spatial_dimension_gap",
    "view_id": "element_medium:Cu|rock"
   },
   "type": "Feature"
  },
  {
   "geometry": {
    "coordinates": [
     [
      [
       -180.0,
       -90.0
      ],
      [
       180.0,
       -90.0
      ],
      [
       180.0,
       90.0
      ],
      [
       -180.0,
       90.0
      ],
      [
       -180.0,
       -90.0
      ]
     ]
    ],
    "type": "Polygon"
   },
   "properties": {
    "country_iso_a3": "AUS",
    "country_name": "Australia",
    "discovery_platform_sequence": [
     "registered_source_catalog",
     "national_geological_or_environmental_survey",
     "GEOROC",
     "EarthChem",
     "Zenodo",
     "Figshare",
     "publisher_supplementary_data"
    ],
    "gap_kind": "coverage_repair_task",
    "macroregion": "Oceania",
    "observed_canonical_grid_cells": 0,
    "observed_canonical_unique_samples": 0,
    "preferred_repair_mode": "implement_catalog_candidate",
    "priority": 1304,
    "reason_codes": [
     "canonical_sample_shortfall",
     "canonical_cell_shortfall",
     "canonical_coverage_zone_shortfall",
     "land_macroregion_coverage_debt"
    ],
    "recommended_action": "targeted source discovery or new sampling inside bbox; bbox is a search scope, not an administrative or scientific boundary",
    "registered_source_candidates": [],
    "required_elements": [
     "Cu"
    ],
    "required_media": [
     "rock"
    ],
    "scope_key": "global",
    "status": "pending",
    "task_id": "0c083048d7031771",
    "task_kind": "spatial_dimension_gap",
    "view_id": "element_medium:Cu|rock"
   },
   "type": "Feature"
  },
  {
   "geometry": {
    "coordinates": [
     [
      [
       -180.0,
       -90.0
      ],
      [
       180.0,
       -90.0
      ],
      [
       180.0,
       90.0
      ],
      [
       -180.0,
       90.0
      ],
      [
       -180.0,
       -90.0
      ]
     ]
    ],
    "type": "Polygon"
   },
   "properties": {
    "country_iso_a3": "BRA",
    "country_name": "Brazil",
    "discovery_platform_sequence": [
     "registered_source_catalog",
     "national_geological_or_environmental_survey",
     "GEOROC",
     "EarthChem",
     "Zenodo",
     "Figshare",
     "publisher_supplementary_data"
    ],
    "gap_kind": "coverage_repair_task",
    "macroregion": "South America",
    "observed_canonical_grid_cells": 0,
    "observed_canonical_unique_samples": 0,
    "preferred_repair_mode": "implement_catalog_candidate",
    "priority": 1305,
    "reason_codes": [
     "canonical_sample_shortfall",
     "canonical_cell_shortfall",
     "canonical_coverage_zone_shortfall",
     "land_macroregion_coverage_debt"
    ],
    "recommended_action": "targeted source discovery or new sampling inside bbox; bbox is a search scope, not an administrative or scientific boundary",
    "registered_source_candidates": [],
    "required_elements": [
     "Cu"
    ],
    "required_media": [
     "rock"
    ],
    "scope_key": "global",
    "status": "pending",
    "task_id": "d89a5039aec0d291",
    "task_kind": "spatial_dimension_gap",
    "view_id": "element_medium:Cu|rock"
   },
   "type": "Feature"
  },
  {
   "geometry": {
    "coordinates": [
     [
      [
       -180.0,
       -90.0
      ],
      [
       180.0,
       -90.0
      ],
      [
       180.0,
       90.0
      ],
      [
       -180.0,
       90.0
      ],
      [
       -180.0,
       -90.0
      ]
     ]
    ],
    "type": "Polygon"
   },
   "properties": {
    "country_iso_a3": "AUS",
    "country_name": "Australia",
    "discovery_platform_sequence": [
     "registered_source_catalog",
     "national_geological_or_environmental_survey",
     "PANGAEA",
     "EarthChem",
     "Zenodo",
     "Figshare",
     "publisher_supplementary_data"
    ],
    "gap_kind": "coverage_repair_task",
    "macroregion": "Oceania",
    "observed_canonical_grid_cells": 111,
    "observed_canonical_unique_samples": 6564,
    "preferred_repair_mode": "targeted_source_discovery",
    "priority": 1320,
    "reason_codes": [
     "land_macroregion_coverage_debt"
    ],
    "recommended_action": "targeted source discovery or new sampling inside bbox; bbox is a search scope, not an administrative or scientific boundary",
    "registered_source_candidates": [],
    "required_elements": [
     "Cu"
    ],
    "required_media": [
     "soil"
    ],
    "scope_key": "global",
    "status": "pending",
    "task_id": "47c2addfcd27bb45",
    "task_kind": "spatial_dimension_gap",
    "view_id": "element_medium:Cu|soil"
   },
   "type": "Feature"
  },
  {
   "geometry": {
    "coordinates": [
     [
      [
       -180.0,
       -90.0
      ],
      [
       180.0,
       -90.0
      ],
      [
       180.0,
       90.0
      ],
      [
       -180.0,
       90.0
      ],
      [
       -180.0,
       -90.0
      ]
     ]
    ],
    "type": "Polygon"
   },
   "properties": {
    "country_iso_a3": "RUS",
    "country_name": "Russia",
    "discovery_platform_sequence": [
     "registered_source_catalog",
     "national_geological_or_environmental_survey",
     "PANGAEA",
     "EarthChem",
     "Zenodo",
     "Figshare",
     "publisher_supplementary_data"
    ],
    "gap_kind": "coverage_repair_task",
    "macroregion": "Europe",
    "observed_canonical_grid_cells": 111,
    "observed_canonical_unique_samples": 6564,
    "preferred_repair_mode": "requery_selected_source",
    "priority": 1321,
    "reason_codes": [
     "land_macroregion_coverage_debt"
    ],
    "recommended_action": "targeted source discovery or new sampling inside bbox; bbox is a search scope, not an administrative or scientific boundary",
    "registered_source_candidates": [],
    "required_elements": [
     "Cu"
    ],
    "required_media": [
     "soil"
    ],
    "scope_key": "global",
    "status": "pending",
    "task_id": "f396a8038dc3bed6",
    "task_kind": "spatial_dimension_gap",
    "view_id": "element_medium:Cu|soil"
   },
   "type": "Feature"
  },
  {
   "geometry": {
    "coordinates": [
     [
      [
       -180.0,
       -90.0
      ],
      [
       180.0,
       -90.0
      ],
      [
       180.0,
       90.0
      ],
      [
       -180.0,
       90.0
      ],
      [
       -180.0,
       -90.0
      ]
     ]
    ],
    "type": "Polygon"
   },
   "properties": {
    "country_iso_a3": "CAN",
    "country_name": "Canada",
    "discovery_platform_sequence": [
     "registered_source_catalog",
     "national_geological_or_environmental_survey",
     "PANGAEA",
     "EarthChem",
     "Zenodo",
     "Figshare",
     "publisher_supplementary_data"
    ],
    "gap_kind": "coverage_repair_task",
    "macroregion": "North America",
    "observed_canonical_grid_cells": 111,
    "observed_canonical_unique_samples": 6564,
    "preferred_repair_mode": "targeted_source_discovery",
    "priority": 1322,
    "reason_codes": [
     "land_macroregion_coverage_debt"
    ],
    "recommended_action": "targeted source discovery or new sampling inside bbox; bbox is a search scope, not an administrative or scientific boundary",
    "registered_source_candidates": [],
    "required_elements": [
     "Cu"
    ],
    "required_media": [
     "soil"
    ],
    "scope_key": "global",
    "status": "pending",
    "task_id": "a91a27ad00917cc8",
    "task_kind": "spatial_dimension_gap",
    "view_id": "element_medium:Cu|soil"
   },
   "type": "Feature"
  },
  {
   "geometry": {
    "coordinates": [
     [
      [
       -180.0,
       -90.0
      ],
      [
       180.0,
       -90.0
      ],
      [
       180.0,
       90.0
      ],
      [
       -180.0,
       90.0
      ],
      [
       -180.0,
       -90.0
      ]
     ]
    ],
    "type": "Polygon"
   },
   "properties": {
    "country_iso_a3": "USA",
    "country_name": "United States of America",
    "discovery_platform_sequence": [
     "registered_source_catalog",
     "national_geological_or_environmental_survey",
     "PANGAEA",
     "EarthChem",
     "Zenodo",
     "Figshare",
     "publisher_supplementary_data"
    ],
    "gap_kind": "coverage_repair_task",
    "macroregion": "North America",
    "observed_canonical_grid_cells": 111,
    "observed_canonical_unique_samples": 6564,
    "preferred_repair_mode": "requery_selected_source",
    "priority": 1323,
    "reason_codes": [
     "land_macroregion_coverage_debt"
    ],
    "recommended_action": "targeted source discovery or new sampling inside bbox; bbox is a search scope, not an administrative or scientific boundary",
    "registered_source_candidates": [],
    "required_elements": [
     "Cu"
    ],
    "required_media": [
     "soil"
    ],
    "scope_key": "global",
    "status": "pending",
    "task_id": "cce76ce4dcb15915",
    "task_kind": "spatial_dimension_gap",
    "view_id": "element_medium:Cu|soil"
   },
   "type": "Feature"
  },
  {
   "geometry": {
    "coordinates": [
     [
      [
       -180.0,
       -90.0
      ],
      [
       180.0,
       -90.0
      ],
      [
       180.0,
       90.0
      ],
      [
       -180.0,
       90.0
      ],
      [
       -180.0,
       -90.0
      ]
     ]
    ],
    "type": "Polygon"
   },
   "properties": {
    "country_iso_a3": "CHN",
    "country_name": "China",
    "discovery_platform_sequence": [
     "registered_source_catalog",
     "national_geological_or_environmental_survey",
     "PANGAEA",
     "EarthChem",
     "Zenodo",
     "Figshare",
     "publisher_supplementary_data"
    ],
    "gap_kind": "coverage_repair_task",
    "macroregion": "Asia",
    "observed_canonical_grid_cells": 111,
    "observed_canonical_unique_samples": 6564,
    "preferred_repair_mode": "requery_selected_source",
    "priority": 1324,
    "reason_codes": [
     "land_macroregion_coverage_debt"
    ],
    "recommended_action": "targeted source discovery or new sampling inside bbox; bbox is a search scope, not an administrative or scientific boundary",
    "registered_source_candidates": [],
    "required_elements": [
     "Cu"
    ],
    "required_media": [
     "soil"
    ],
    "scope_key": "global",
    "status": "pending",
    "task_id": "19b28f502822eb8c",
    "task_kind": "spatial_dimension_gap",
    "view_id": "element_medium:Cu|soil"
   },
   "type": "Feature"
  },
  {
   "geometry": {
    "coordinates": [
     [
      [
       -180.0,
       -90.0
      ],
      [
       180.0,
       -90.0
      ],
      [
       180.0,
       90.0
      ],
      [
       -180.0,
       90.0
      ],
      [
       -180.0,
       -90.0
      ]
     ]
    ],
    "type": "Polygon"
   },
   "properties": {
    "country_iso_a3": "BRA",
    "country_name": "Brazil",
    "discovery_platform_sequence": [
     "registered_source_catalog",
     "national_geological_or_environmental_survey",
     "PANGAEA",
     "EarthChem",
     "Zenodo",
     "Figshare",
     "publisher_supplementary_data"
    ],
    "gap_kind": "coverage_repair_task",
    "macroregion": "South America",
    "observed_canonical_grid_cells": 111,
    "observed_canonical_unique_samples": 6564,
    "preferred_repair_mode": "requery_selected_source",
    "priority": 1325,
    "reason_codes": [
     "land_macroregion_coverage_debt"
    ],
    "recommended_action": "targeted source discovery or new sampling inside bbox; bbox is a search scope, not an administrative or scientific boundary",
    "registered_source_candidates": [],
    "required_elements": [
     "Cu"
    ],
    "required_media": [
     "soil"
    ],
    "scope_key": "global",
    "status": "pending",
    "task_id": "be6afd8189e61e9c",
    "task_kind": "spatial_dimension_gap",
    "view_id": "element_medium:Cu|soil"
   },
   "type": "Feature"
  },
  {
   "geometry": {
    "coordinates": [
     [
      [
       -180.0,
       -90.0
      ],
      [
       180.0,
       -90.0
      ],
      [
       180.0,
       90.0
      ],
      [
       -180.0,
       90.0
      ],
      [
       -180.0,
       -90.0
      ]
     ]
    ],
    "type": "Polygon"
   },
   "properties": {
    "country_iso_a3": "COD",
    "country_name": "Democratic Republic of the Congo",
    "discovery_platform_sequence": [
     "registered_source_catalog",
     "national_geological_or_environmental_survey",
     "PANGAEA",
     "EarthChem",
     "Zenodo",
     "Figshare",
     "publisher_supplementary_data"
    ],
    "gap_kind": "coverage_repair_task",
    "macroregion": "Africa",
    "observed_canonical_grid_cells": 125,
    "observed_canonical_unique_samples": 7038,
    "preferred_repair_mode": "targeted_source_discovery",
    "priority": 1340,
    "reason_codes": [
     "land_macroregion_coverage_debt"
    ],
    "recommended_action": "targeted source discovery or new sampling inside bbox; bbox is a search scope, not an administrative or scientific boundary",
    "registered_source_candidates": [],
    "required_elements": [
     "Cu"
    ],
    "required_media": [
     "sediment"
    ],
    "scope_key": "global",
    "status": "pending",
    "task_id": "ca16c1fe0ec8b81b",
    "task_kind": "spatial_dimension_gap",
    "view_id": "element_medium:Cu|sediment"
   },
   "type": "Feature"
  },
  {
   "geometry": {
    "coordinates": [
     [
      [
       -180.0,
       -90.0
      ],
      [
       180.0,
       -90.0
      ],
      [
       180.0,
       90.0
      ],
      [
       -180.0,
       90.0
      ],
      [
       -180.0,
       -90.0
      ]
     ]
    ],
    "type": "Polygon"
   },
   "properties": {
    "country_iso_a3": "CAN",
    "country_name": "Canada",
    "discovery_platform_sequence": [
     "registered_source_catalog",
     "national_geological_or_environmental_survey",
     "PANGAEA",
     "EarthChem",
     "Zenodo",
     "Figshare",
     "publisher_supplementary_data"
    ],
    "gap_kind": "coverage_repair_task",
    "macroregion": "North America",
    "observed_canonical_grid_cells": 125,
    "observed_canonical_unique_samples": 7038,
    "preferred_repair_mode": "implement_catalog_candidate",
    "priority": 1341,
    "reason_codes": [
     "land_macroregion_coverage_debt"
    ],
    "recommended_action": "targeted source discovery or new sampling inside bbox; bbox is a search scope, not an administrative or scientific boundary",
    "registered_source_candidates": [],
    "required_elements": [
     "Cu"
    ],
    "required_media": [
     "sediment"
    ],
    "scope_key": "global",
    "status": "pending",
    "task_id": "3c0b6367dcc56139",
    "task_kind": "spatial_dimension_gap",
    "view_id": "element_medium:Cu|sediment"
   },
   "type": "Feature"
  },
  {
   "geometry": {
    "coordinates": [
     [
      [
       -180.0,
       -90.0
      ],
      [
       180.0,
       -90.0
      ],
      [
       180.0,
       90.0
      ],
      [
       -180.0,
       90.0
      ],
      [
       -180.0,
       -90.0
      ]
     ]
    ],
    "type": "Polygon"
   },
   "properties": {
    "country_iso_a3": "BRA",
    "country_name": "Brazil",
    "discovery_platform_sequence": [
     "registered_source_catalog",
     "national_geological_or_environmental_survey",
     "PANGAEA",
     "EarthChem",
     "Zenodo",
     "Figshare",
     "publisher_supplementary_data"
    ],
    "gap_kind": "coverage_repair_task",
    "macroregion": "South America",
    "observed_canonical_grid_cells": 125,
    "observed_canonical_unique_samples": 7038,
    "preferred_repair_mode": "implement_catalog_candidate",
    "priority": 1342,
    "reason_codes": [
     "land_macroregion_coverage_debt"
    ],
    "recommended_action": "targeted source discovery or new sampling inside bbox; bbox is a search scope, not an administrative or scientific boundary",
    "registered_source_candidates": [],
    "required_elements": [
     "Cu"
    ],
    "required_media": [
     "sediment"
    ],
    "scope_key": "global",
    "status": "pending",
    "task_id": "e2897a8c8a843208",
    "task_kind": "spatial_dimension_gap",
    "view_id": "element_medium:Cu|sediment"
   },
   "type": "Feature"
  },
  {
   "geometry": {
    "coordinates": [
     [
      [
       -180.0,
       -90.0
      ],
      [
       180.0,
       -90.0
      ],
      [
       180.0,
       90.0
      ],
      [
       -180.0,
       90.0
      ],
      [
       -180.0,
       -90.0
      ]
     ]
    ],
    "type": "Polygon"
   },
   "properties": {
    "country_iso_a3": "RUS",
    "country_name": "Russia",
    "discovery_platform_sequence": [
     "registered_source_catalog",
     "national_geological_or_environmental_survey",
     "PANGAEA",
     "EarthChem",
     "Zenodo",
     "Figshare",
     "publisher_supplementary_data"
    ],
    "gap_kind": "coverage_repair_task",
    "macroregion": "Europe",
    "observed_canonical_grid_cells": 125,
    "observed_canonical_unique_samples": 7038,
    "preferred_repair_mode": "requery_selected_source",
    "priority": 1343,
    "reason_codes": [
     "land_macroregion_coverage_debt"
    ],
    "recommended_action": "targeted source discovery or new sampling inside bbox; bbox is a search scope, not an administrative or scientific boundary",
    "registered_source_candidates": [],
    "required_elements": [
     "Cu"
    ],
    "required_media": [
     "sediment"
    ],
    "scope_key": "global",
    "status": "pending",
    "task_id": "6badefebe46fcbff",
    "task_kind": "spatial_dimension_gap",
    "view_id": "element_medium:Cu|sediment"
   },
   "type": "Feature"
  },
  {
   "geometry": {
    "coordinates": [
     [
      [
       -180.0,
       -90.0
      ],
      [
       180.0,
       -90.0
      ],
      [
       180.0,
       90.0
      ],
      [
       -180.0,
       90.0
      ],
      [
       -180.0,
       -90.0
      ]
     ]
    ],
    "type": "Polygon"
   },
   "properties": {
    "country_iso_a3": "USA",
    "country_name": "United States of America",
    "discovery_platform_sequence": [
     "registered_source_catalog",
     "national_geological_or_environmental_survey",
     "PANGAEA",
     "EarthChem",
     "Zenodo",
     "Figshare",
     "publisher_supplementary_data"
    ],
    "gap_kind": "coverage_repair_task",
    "macroregion": "North America",
    "observed_canonical_grid_cells": 125,
    "observed_canonical_unique_samples": 7038,
    "preferred_repair_mode": "implement_catalog_candidate",
    "priority": 1344,
    "reason_codes": [
     "land_macroregion_coverage_debt"
    ],
    "recommended_action": "targeted source discovery or new sampling inside bbox; bbox is a search scope, not an administrative or scientific boundary",
    "registered_source_candidates": [],
    "required_elements": [
     "Cu"
    ],
    "required_media": [
     "sediment"
    ],
    "scope_key": "global",
    "status": "pending",
    "task_id": "7566a0f2fb54b73b",
    "task_kind": "spatial_dimension_gap",
    "view_id": "element_medium:Cu|sediment"
   },
   "type": "Feature"
  },
  {
   "geometry": {
    "coordinates": [
     [
      [
       -180.0,
       -90.0
      ],
      [
       180.0,
       -90.0
      ],
      [
       180.0,
       90.0
      ],
      [
       -180.0,
       90.0
      ],
      [
       -180.0,
       -90.0
      ]
     ]
    ],
    "type": "Polygon"
   },
   "properties": {
    "country_iso_a3": "CHN",
    "country_name": "China",
    "discovery_platform_sequence": [
     "registered_source_catalog",
     "national_geological_or_environmental_survey",
     "PANGAEA",
     "EarthChem",
     "Zenodo",
     "Figshare",
     "publisher_supplementary_data"
    ],
    "gap_kind": "coverage_repair_task",
    "macroregion": "Asia",
    "observed_canonical_grid_cells": 125,
    "observed_canonical_unique_samples": 7038,
    "preferred_repair_mode": "requery_selected_source",
    "priority": 1345,
    "reason_codes": [
     "land_macroregion_coverage_debt"
    ],
    "recommended_action": "targeted source discovery or new sampling inside bbox; bbox is a search scope, not an administrative or scientific boundary",
    "registered_source_candidates": [],
    "required_elements": [
     "Cu"
    ],
    "required_media": [
     "sediment"
    ],
    "scope_key": "global",
    "status": "pending",
    "task_id": "a1260de3df2070c9",
    "task_kind": "spatial_dimension_gap",
    "view_id": "element_medium:Cu|sediment"
   },
   "type": "Feature"
  },
  {
   "geometry": {
    "coordinates": [
     [
      [
       -180.0,
       -90.0
      ],
      [
       180.0,
       -90.0
      ],
      [
       180.0,
       90.0
      ],
      [
       -180.0,
       90.0
      ],
      [
       -180.0,
       -90.0
      ]
     ]
    ],
    "type": "Polygon"
   },
   "properties": {
    "country_iso_a3": "CHN",
    "country_name": "China",
    "discovery_platform_sequence": [
     "registered_source_catalog",
     "national_geological_or_environmental_survey",
     "GEMStat",
     "PANGAEA",
     "Zenodo",
     "Figshare",
     "publisher_supplementary_data"
    ],
    "gap_kind": "coverage_repair_task",
    "macroregion": "Asia",
    "observed_canonical_grid_cells": 234,
    "observed_canonical_unique_samples": 7670,
    "preferred_repair_mode": "requery_selected_source",
    "priority": 1360,
    "reason_codes": [
     "land_macroregion_coverage_debt"
    ],
    "recommended_action": "targeted source discovery or new sampling inside bbox; bbox is a search scope, not an administrative or scientific boundary",
    "registered_source_candidates": [],
    "required_elements": [
     "Cu"
    ],
    "required_media": [
     "water"
    ],
    "scope_key": "global",
    "status": "pending",
    "task_id": "7194492a7f8abda3",
    "task_kind": "spatial_dimension_gap",
    "view_id": "element_medium:Cu|water"
   },
   "type": "Feature"
  },
  {
   "geometry": {
    "coordinates": [
     [
      [
       -180.0,
       -90.0
      ],
      [
       180.0,
       -90.0
      ],
      [
       180.0,
       90.0
      ],
      [
       -180.0,
       90.0
      ],
      [
       -180.0,
       -90.0
      ]
     ]
    ],
    "type": "Polygon"
   },
   "properties": {
    "country_iso_a3": "AUS",
    "country_name": "Australia",
    "discovery_platform_sequence": [
     "registered_source_catalog",
     "national_geological_or_environmental_survey",
     "GEMStat",
     "PANGAEA",
     "Zenodo",
     "Figshare",
     "publisher_supplementary_data"
    ],
    "gap_kind": "coverage_repair_task",
    "macroregion": "Oceania",
    "observed_canonical_grid_cells": 234,
    "observed_canonical_unique_samples": 7670,
    "preferred_repair_mode": "requery_selected_source",
    "priority": 1361,
    "reason_codes": [
     "land_macroregion_coverage_debt"
    ],
    "recommended_action": "targeted source discovery or new sampling inside bbox; bbox is a search scope, not an administrative or scientific boundary",
    "registered_source_candidates": [],
    "required_elements": [
     "Cu"
    ],
    "required_media": [
     "water"
    ],
    "scope_key": "global",
    "status": "pending",
    "task_id": "67ee20d430c369b4",
    "task_kind": "spatial_dimension_gap",
    "view_id": "element_medium:Cu|water"
   },
   "type": "Feature"
  },
  {
   "geometry": {
    "coordinates": [
     [
      [
       -180.0,
       -90.0
      ],
      [
       180.0,
       -90.0
      ],
      [
       180.0,
       90.0
      ],
      [
       -180.0,
       90.0
      ],
      [
       -180.0,
       -90.0
      ]
     ]
    ],
    "type": "Polygon"
   },
   "properties": {
    "country_iso_a3": "BRA",
    "country_name": "Brazil",
    "discovery_platform_sequence": [
     "registered_source_catalog",
     "national_geological_or_environmental_survey",
     "GEMStat",
     "PANGAEA",
     "Zenodo",
     "Figshare",
     "publisher_supplementary_data"
    ],
    "gap_kind": "coverage_repair_task",
    "macroregion": "South America",
    "observed_canonical_grid_cells": 234,
    "observed_canonical_unique_samples": 7670,
    "preferred_repair_mode": "requery_selected_source",
    "priority": 1362,
    "reason_codes": [
     "land_macroregion_coverage_debt"
    ],
    "recommended_action": "targeted source discovery or new sampling inside bbox; bbox is a search scope, not an administrative or scientific boundary",
    "registered_source_candidates": [],
    "required_elements": [
     "Cu"
    ],
    "required_media": [
     "water"
    ],
    "scope_key": "global",
    "status": "pending",
    "task_id": "b9219efa69510b52",
    "task_kind": "spatial_dimension_gap",
    "view_id": "element_medium:Cu|water"
   },
   "type": "Feature"
  },
  {
   "geometry": {
    "coordinates": [
     [
      [
       -180.0,
       -90.0
      ],
      [
       180.0,
       -90.0
      ],
      [
       180.0,
       90.0
      ],
      [
       -180.0,
       90.0
      ],
      [
       -180.0,
       -90.0
      ]
     ]
    ],
    "type": "Polygon"
   },
   "properties": {
    "country_iso_a3": "RUS",
    "country_name": "Russia",
    "discovery_platform_sequence": [
     "registered_source_catalog",
     "national_geological_or_environmental_survey",
     "GEMStat",
     "PANGAEA",
     "Zenodo",
     "Figshare",
     "publisher_supplementary_data"
    ],
    "gap_kind": "coverage_repair_task",
    "macroregion": "Europe",
    "observed_canonical_grid_cells": 234,
    "observed_canonical_unique_samples": 7670,
    "preferred_repair_mode": "requery_selected_source",
    "priority": 1363,
    "reason_codes": [
     "land_macroregion_coverage_debt"
    ],
    "recommended_action": "targeted source discovery or new sampling inside bbox; bbox is a search scope, not an administrative or scientific boundary",
    "registered_source_candidates": [],
    "required_elements": [
     "Cu"
    ],
    "required_media": [
     "water"
    ],
    "scope_key": "global",
    "status": "pending",
    "task_id": "a307f43c286908a4",
    "task_kind": "spatial_dimension_gap",
    "view_id": "element_medium:Cu|water"
   },
   "type": "Feature"
  },
  {
   "geometry": {
    "coordinates": [
     [
      [
       -180.0,
       -90.0
      ],
      [
       180.0,
       -90.0
      ],
      [
       180.0,
       90.0
      ],
      [
       -180.0,
       90.0
      ],
      [
       -180.0,
       -90.0
      ]
     ]
    ],
    "type": "Polygon"
   },
   "properties": {
    "country_iso_a3": "CAN",
    "country_name": "Canada",
    "discovery_platform_sequence": [
     "registered_source_catalog",
     "national_geological_or_environmental_survey",
     "GEMStat",
     "PANGAEA",
     "Zenodo",
     "Figshare",
     "publisher_supplementary_data"
    ],
    "gap_kind": "coverage_repair_task",
    "macroregion": "North America",
    "observed_canonical_grid_cells": 234,
    "observed_canonical_unique_samples": 7670,
    "preferred_repair_mode": "requery_selected_source",
    "priority": 1364,
    "reason_codes": [
     "land_macroregion_coverage_debt"
    ],
    "recommended_action": "targeted source discovery or new sampling inside bbox; bbox is a search scope, not an administrative or scientific boundary",
    "registered_source_candidates": [],
    "required_elements": [
     "Cu"
    ],
    "required_media": [
     "water"
    ],
    "scope_key": "global",
    "status": "pending",
    "task_id": "613ae0f5a4f22e04",
    "task_kind": "spatial_dimension_gap",
    "view_id": "element_medium:Cu|water"
   },
   "type": "Feature"
  },
  {
   "geometry": {
    "coordinates": [
     [
      [
       -180.0,
       -90.0
      ],
      [
       180.0,
       -90.0
      ],
      [
       180.0,
       90.0
      ],
      [
       -180.0,
       90.0
      ],
      [
       -180.0,
       -90.0
      ]
     ]
    ],
    "type": "Polygon"
   },
   "properties": {
    "country_iso_a3": "USA",
    "country_name": "United States of America",
    "discovery_platform_sequence": [
     "registered_source_catalog",
     "national_geological_or_environmental_survey",
     "GEMStat",
     "PANGAEA",
     "Zenodo",
     "Figshare",
     "publisher_supplementary_data"
    ],
    "gap_kind": "coverage_repair_task",
    "macroregion": "North America",
    "observed_canonical_grid_cells": 234,
    "observed_canonical_unique_samples": 7670,
    "preferred_repair_mode": "requery_selected_source",
    "priority": 1365,
    "reason_codes": [
     "land_macroregion_coverage_debt"
    ],
    "recommended_action": "targeted source discovery or new sampling inside bbox; bbox is a search scope, not an administrative or scientific boundary",
    "registered_source_candidates": [],
    "required_elements": [
     "Cu"
    ],
    "required_media": [
     "water"
    ],
    "scope_key": "global",
    "status": "pending",
    "task_id": "94f96edf88d63875",
    "task_kind": "spatial_dimension_gap",
    "view_id": "element_medium:Cu|water"
   },
   "type": "Feature"
  },
  {
   "geometry": {
    "coordinates": [
     [
      [
       -180.0,
       -90.0
      ],
      [
       180.0,
       -90.0
      ],
      [
       180.0,
       90.0
      ],
      [
       -180.0,
       90.0
      ],
      [
       -180.0,
       -90.0
      ]
     ]
    ],
    "type": "Polygon"
   },
   "properties": {
    "country_iso_a3": "COD",
    "country_name": "Democratic Republic of the Congo",
    "discovery_platform_sequence": [
     "registered_source_catalog",
     "national_geological_or_environmental_survey",
     "GEOROC",
     "EarthChem",
     "Zenodo",
     "Figshare",
     "publisher_supplementary_data"
    ],
    "gap_kind": "coverage_repair_task",
    "macroregion": "Africa",
    "observed_canonical_grid_cells": 0,
    "observed_canonical_unique_samples": 0,
    "preferred_repair_mode": "targeted_source_discovery",
    "priority": 1380,
    "reason_codes": [
     "canonical_sample_shortfall",
     "canonical_cell_shortfall",
     "canonical_coverage_zone_shortfall",
     "land_macroregion_coverage_debt"
    ],
    "recommended_action": "targeted source discovery or new sampling inside bbox; bbox is a search scope, not an administrative or scientific boundary",
    "registered_source_candidates": [],
    "required_elements": [
     "Hg"
    ],
    "required_media": [
     "rock"
    ],
    "scope_key": "global",
    "status": "pending",
    "task_id": "5cb7e57a78d97e58",
    "task_kind": "spatial_dimension_gap",
    "view_id": "element_medium:Hg|rock"
   },
   "type": "Feature"
  },
  {
   "geometry": {
    "coordinates": [
     [
      [
       -180.0,
       -90.0
      ],
      [
       180.0,
       -90.0
      ],
      [
       180.0,
       90.0
      ],
      [
       -180.0,
       90.0
      ],
      [
       -180.0,
       -90.0
      ]
     ]
    ],
    "type": "Polygon"
   },
   "properties": {
    "country_iso_a3": "CHN",
    "country_name": "China",
    "discovery_platform_sequence": [
     "registered_source_catalog",
     "national_geological_or_environmental_survey",
     "GEOROC",
     "EarthChem",
     "Zenodo",
     "Figshare",
     "publisher_supplementary_data"
    ],
    "gap_kind": "coverage_repair_task",
    "macroregion": "Asia",
    "observed_canonical_grid_cells": 0,
    "observed_canonical_unique_samples": 0,
    "preferred_repair_mode": "targeted_source_discovery",
    "priority": 1381,
    "reason_codes": [
     "canonical_sample_shortfall",
     "canonical_cell_shortfall",
     "canonical_coverage_zone_shortfall",
     "land_macroregion_coverage_debt"
    ],
    "recommended_action": "targeted source discovery or new sampling inside bbox; bbox is a search scope, not an administrative or scientific boundary",
    "registered_source_candidates": [],
    "required_elements": [
     "Hg"
    ],
    "required_media": [
     "rock"
    ],
    "scope_key": "global",
    "status": "pending",
    "task_id": "f18e6f37eaf4a8b7",
    "task_kind": "spatial_dimension_gap",
    "view_id": "element_medium:Hg|rock"
   },
   "type": "Feature"
  },
  {
   "geometry": {
    "coordinates": [
     [
      [
       -180.0,
       -90.0
      ],
      [
       180.0,
       -90.0
      ],
      [
       180.0,
       90.0
      ],
      [
       -180.0,
       90.0
      ],
      [
       -180.0,
       -90.0
      ]
     ]
    ],
    "type": "Polygon"
   },
   "properties": {
    "country_iso_a3": "RUS",
    "country_name": "Russia",
    "discovery_platform_sequence": [
     "registered_source_catalog",
     "national_geological_or_environmental_survey",
     "GEOROC",
     "EarthChem",
     "Zenodo",
     "Figshare",
     "publisher_supplementary_data"
    ],
    "gap_kind": "coverage_repair_task",
    "macroregion": "Europe",
    "observed_canonical_grid_cells": 0,
    "observed_canonical_unique_samples": 0,
    "preferred_repair_mode": "targeted_source_discovery",
    "priority": 1382,
    "reason_codes": [
     "canonical_sample_shortfall",
     "canonical_cell_shortfall",
     "canonical_coverage_zone_shortfall",
     "land_macroregion_coverage_debt"
    ],
    "recommended_action": "targeted source discovery or new sampling inside bbox; bbox is a search scope, not an administrative or scientific boundary",
    "registered_source_candidates": [],
    "required_elements": [
     "Hg"
    ],
    "required_media": [
     "rock"
    ],
    "scope_key": "global",
    "status": "pending",
    "task_id": "c1ee5df8c5aae659",
    "task_kind": "spatial_dimension_gap",
    "view_id": "element_medium:Hg|rock"
   },
   "type": "Feature"
  },
  {
   "geometry": {
    "coordinates": [
     [
      [
       -180.0,
       -90.0
      ],
      [
       180.0,
       -90.0
      ],
      [
       180.0,
       90.0
      ],
      [
       -180.0,
       90.0
      ],
      [
       -180.0,
       -90.0
      ]
     ]
    ],
    "type": "Polygon"
   },
   "properties": {
    "country_iso_a3": "CAN",
    "country_name": "Canada",
    "discovery_platform_sequence": [
     "registered_source_catalog",
     "national_geological_or_environmental_survey",
     "GEOROC",
     "EarthChem",
     "Zenodo",
     "Figshare",
     "publisher_supplementary_data"
    ],
    "gap_kind": "coverage_repair_task",
    "macroregion": "North America",
    "observed_canonical_grid_cells": 0,
    "observed_canonical_unique_samples": 0,
    "preferred_repair_mode": "targeted_source_discovery",
    "priority": 1383,
    "reason_codes": [
     "canonical_sample_shortfall",
     "canonical_cell_shortfall",
     "canonical_coverage_zone_shortfall",
     "land_macroregion_coverage_debt"
    ],
    "recommended_action": "targeted source discovery or new sampling inside bbox; bbox is a search scope, not an administrative or scientific boundary",
    "registered_source_candidates": [],
    "required_elements": [
     "Hg"
    ],
    "required_media": [
     "rock"
    ],
    "scope_key": "global",
    "status": "pending",
    "task_id": "0fa0dcc33e8ac79c",
    "task_kind": "spatial_dimension_gap",
    "view_id": "element_medium:Hg|rock"
   },
   "type": "Feature"
  },
  {
   "geometry": {
    "coordinates": [
     [
      [
       -180.0,
       -90.0
      ],
      [
       180.0,
       -90.0
      ],
      [
       180.0,
       90.0
      ],
      [
       -180.0,
       90.0
      ],
      [
       -180.0,
       -90.0
      ]
     ]
    ],
    "type": "Polygon"
   },
   "properties": {
    "country_iso_a3": "AUS",
    "country_name": "Australia",
    "discovery_platform_sequence": [
     "registered_source_catalog",
     "national_geological_or_environmental_survey",
     "GEOROC",
     "EarthChem",
     "Zenodo",
     "Figshare",
     "publisher_supplementary_data"
    ],
    "gap_kind": "coverage_repair_task",
    "macroregion": "Oceania",
    "observed_canonical_grid_cells": 0,
    "observed_canonical_unique_samples": 0,
    "preferred_repair_mode": "implement_catalog_candidate",
    "priority": 1384,
    "reason_codes": [
     "canonical_sample_shortfall",
     "canonical_cell_shortfall",
     "canonical_coverage_zone_shortfall",
     "land_macroregion_coverage_debt"
    ],
    "recommended_action": "targeted source discovery or new sampling inside bbox; bbox is a search scope, not an administrative or scientific boundary",
    "registered_source_candidates": [],
    "required_elements": [
     "Hg"
    ],
    "required_media": [
     "rock"
    ],
    "scope_key": "global",
    "status": "pending",
    "task_id": "0003b9b456c6b5a9",
    "task_kind": "spatial_dimension_gap",
    "view_id": "element_medium:Hg|rock"
   },
   "type": "Feature"
  },
  {
   "geometry": {
    "coordinates": [
     [
      [
       -180.0,
       -90.0
      ],
      [
       180.0,
       -90.0
      ],
      [
       180.0,
       90.0
      ],
      [
       -180.0,
       90.0
      ],
      [
       -180.0,
       -90.0
      ]
     ]
    ],
    "type": "Polygon"
   },
   "properties": {
    "country_iso_a3": "BRA",
    "country_name": "Brazil",
    "discovery_platform_sequence": [
     "registered_source_catalog",
     "national_geological_or_environmental_survey",
     "GEOROC",
     "EarthChem",
     "Zenodo",
     "Figshare",
     "publisher_supplementary_data"
    ],
    "gap_kind": "coverage_repair_task",
    "macroregion": "South America",
    "observed_canonical_grid_cells": 0,
    "observed_canonical_unique_samples": 0,
    "preferred_repair_mode": "implement_catalog_candidate",
    "priority": 1385,
    "reason_codes": [
     "canonical_sample_shortfall",
     "canonical_cell_shortfall",
     "canonical_coverage_zone_shortfall",
     "land_macroregion_coverage_debt"
    ],
    "recommended_action": "targeted source discovery or new sampling inside bbox; bbox is a search scope, not an administrative or scientific boundary",
    "registered_source_candidates": [],
    "required_elements": [
     "Hg"
    ],
    "required_media": [
     "rock"
    ],
    "scope_key": "global",
    "status": "pending",
    "task_id": "d1b8bc8f7ecba7cf",
    "task_kind": "spatial_dimension_gap",
    "view_id": "element_medium:Hg|rock"
   },
   "type": "Feature"
  },
  {
   "geometry": {
    "coordinates": [
     [
      [
       -180.0,
       -90.0
      ],
      [
       180.0,
       -90.0
      ],
      [
       180.0,
       90.0
      ],
      [
       -180.0,
       90.0
      ],
      [
       -180.0,
       -90.0
      ]
     ]
    ],
    "type": "Polygon"
   },
   "properties": {
    "country_iso_a3": "COD",
    "country_name": "Democratic Republic of the Congo",
    "discovery_platform_sequence": [
     "registered_source_catalog",
     "national_geological_or_environmental_survey",
     "PANGAEA",
     "EarthChem",
     "Zenodo",
     "Figshare",
     "publisher_supplementary_data"
    ],
    "gap_kind": "coverage_repair_task",
    "macroregion": "Africa",
    "observed_canonical_grid_cells": 65,
    "observed_canonical_unique_samples": 3621,
    "preferred_repair_mode": "targeted_source_discovery",
    "priority": 1400,
    "reason_codes": [
     "land_macroregion_coverage_debt"
    ],
    "recommended_action": "targeted source discovery or new sampling inside bbox; bbox is a search scope, not an administrative or scientific boundary",
    "registered_source_candidates": [],
    "required_elements": [
     "Hg"
    ],
    "required_media": [
     "soil"
    ],
    "scope_key": "global",
    "status": "pending",
    "task_id": "754eeaaa6f32a924",
    "task_kind": "spatial_dimension_gap",
    "view_id": "element_medium:Hg|soil"
   },
   "type": "Feature"
  },
  {
   "geometry": {
    "coordinates": [
     [
      [
       -180.0,
       -90.0
      ],
      [
       180.0,
       -90.0
      ],
      [
       180.0,
       90.0
      ],
      [
       -180.0,
       90.0
      ],
      [
       -180.0,
       -90.0
      ]
     ]
    ],
    "type": "Polygon"
   },
   "properties": {
    "country_iso_a3": "CAN",
    "country_name": "Canada",
    "discovery_platform_sequence": [
     "registered_source_catalog",
     "national_geological_or_environmental_survey",
     "PANGAEA",
     "EarthChem",
     "Zenodo",
     "Figshare",
     "publisher_supplementary_data"
    ],
    "gap_kind": "coverage_repair_task",
    "macroregion": "North America",
    "observed_canonical_grid_cells": 65,
    "observed_canonical_unique_samples": 3621,
    "preferred_repair_mode": "targeted_source_discovery",
    "priority": 1401,
    "reason_codes": [
     "land_macroregion_coverage_debt"
    ],
    "recommended_action": "targeted source discovery or new sampling inside bbox; bbox is a search scope, not an administrative or scientific boundary",
    "registered_source_candidates": [],
    "required_elements": [
     "Hg"
    ],
    "required_media": [
     "soil"
    ],
    "scope_key": "global",
    "status": "pending",
    "task_id": "14fb7ef606b27faa",
    "task_kind": "spatial_dimension_gap",
    "view_id": "element_medium:Hg|soil"
   },
   "type": "Feature"
  },
  {
   "geometry": {
    "coordinates": [
     [
      [
       -180.0,
       -90.0
      ],
      [
       180.0,
       -90.0
      ],
      [
       180.0,
       90.0
      ],
      [
       -180.0,
       90.0
      ],
      [
       -180.0,
       -90.0
      ]
     ]
    ],
    "type": "Polygon"
   },
   "properties": {
    "country_iso_a3": "AUS",
    "country_name": "Australia",
    "discovery_platform_sequence": [
     "registered_source_catalog",
     "national_geological_or_environmental_survey",
     "PANGAEA",
     "EarthChem",
     "Zenodo",
     "Figshare",
     "publisher_supplementary_data"
    ],
    "gap_kind": "coverage_repair_task",
    "macroregion": "Oceania",
    "observed_canonical_grid_cells": 65,
    "observed_canonical_unique_samples": 3621,
    "preferred_repair_mode": "targeted_source_discovery",
    "priority": 1402,
    "reason_codes": [
     "land_macroregion_coverage_debt"
    ],
    "recommended_action": "targeted source discovery or new sampling inside bbox; bbox is a search scope, not an administrative or scientific boundary",
    "registered_source_candidates": [],
    "required_elements": [
     "Hg"
    ],
    "required_media": [
     "soil"
    ],
    "scope_key": "global",
    "status": "pending",
    "task_id": "c69ab8bd58269af5",
    "task_kind": "spatial_dimension_gap",
    "view_id": "element_medium:Hg|soil"
   },
   "type": "Feature"
  },
  {
   "geometry": {
    "coordinates": [
     [
      [
       -180.0,
       -90.0
      ],
      [
       180.0,
       -90.0
      ],
      [
       180.0,
       90.0
      ],
      [
       -180.0,
       90.0
      ],
      [
       -180.0,
       -90.0
      ]
     ]
    ],
    "type": "Polygon"
   },
   "properties": {
    "country_iso_a3": "RUS",
    "country_name": "Russia",
    "discovery_platform_sequence": [
     "registered_source_catalog",
     "national_geological_or_environmental_survey",
     "PANGAEA",
     "EarthChem",
     "Zenodo",
     "Figshare",
     "publisher_supplementary_data"
    ],
    "gap_kind": "coverage_repair_task",
    "macroregion": "Europe",
    "observed_canonical_grid_cells": 65,
    "observed_canonical_unique_samples": 3621,
    "preferred_repair_mode": "targeted_source_discovery",
    "priority": 1403,
    "reason_codes": [
     "land_macroregion_coverage_debt"
    ],
    "recommended_action": "targeted source discovery or new sampling inside bbox; bbox is a search scope, not an administrative or scientific boundary",
    "registered_source_candidates": [],
    "required_elements": [
     "Hg"
    ],
    "required_media": [
     "soil"
    ],
    "scope_key": "global",
    "status": "pending",
    "task_id": "b9c6a4f13064deb5",
    "task_kind": "spatial_dimension_gap",
    "view_id": "element_medium:Hg|soil"
   },
   "type": "Feature"
  },
  {
   "geometry": {
    "coordinates": [
     [
      [
       -180.0,
       -90.0
      ],
      [
       180.0,
       -90.0
      ],
      [
       180.0,
       90.0
      ],
      [
       -180.0,
       90.0
      ],
      [
       -180.0,
       -90.0
      ]
     ]
    ],
    "type": "Polygon"
   },
   "properties": {
    "country_iso_a3": "USA",
    "country_name": "United States of America",
    "discovery_platform_sequence": [
     "registered_source_catalog",
     "national_geological_or_environmental_survey",
     "PANGAEA",
     "EarthChem",
     "Zenodo",
     "Figshare",
     "publisher_supplementary_data"
    ],
    "gap_kind": "coverage_repair_task",
    "macroregion": "North America",
    "observed_canonical_grid_cells": 65,
    "observed_canonical_unique_samples": 3621,
    "preferred_repair_mode": "requery_selected_source",
    "priority": 1404,
    "reason_codes": [
     "land_macroregion_coverage_debt"
    ],
    "recommended_action": "targeted source discovery or new sampling inside bbox; bbox is a search scope, not an administrative or scientific boundary",
    "registered_source_candidates": [],
    "required_elements": [
     "Hg"
    ],
    "required_media": [
     "soil"
    ],
    "scope_key": "global",
    "status": "pending",
    "task_id": "2f25d9538ae24143",
    "task_kind": "spatial_dimension_gap",
    "view_id": "element_medium:Hg|soil"
   },
   "type": "Feature"
  },
  {
   "geometry": {
    "coordinates": [
     [
      [
       -180.0,
       -90.0
      ],
      [
       180.0,
       -90.0
      ],
      [
       180.0,
       90.0
      ],
      [
       -180.0,
       90.0
      ],
      [
       -180.0,
       -90.0
      ]
     ]
    ],
    "type": "Polygon"
   },
   "properties": {
    "country_iso_a3": "CHN",
    "country_name": "China",
    "discovery_platform_sequence": [
     "registered_source_catalog",
     "national_geological_or_environmental_survey",
     "PANGAEA",
     "EarthChem",
     "Zenodo",
     "Figshare",
     "publisher_supplementary_data"
    ],
    "gap_kind": "coverage_repair_task",
    "macroregion": "Asia",
    "observed_canonical_grid_cells": 65,
    "observed_canonical_unique_samples": 3621,
    "preferred_repair_mode": "requery_selected_source",
    "priority": 1405,
    "reason_codes": [
     "land_macroregion_coverage_debt"
    ],
    "recommended_action": "targeted source discovery or new sampling inside bbox; bbox is a search scope, not an administrative or scientific boundary",
    "registered_source_candidates": [],
    "required_elements": [
     "Hg"
    ],
    "required_media": [
     "soil"
    ],
    "scope_key": "global",
    "status": "pending",
    "task_id": "ad5ba9745c21d080",
    "task_kind": "spatial_dimension_gap",
    "view_id": "element_medium:Hg|soil"
   },
   "type": "Feature"
  },
  {
   "geometry": {
    "coordinates": [
     [
      [
       -180.0,
       -90.0
      ],
      [
       180.0,
       -90.0
      ],
      [
       180.0,
       90.0
      ],
      [
       -180.0,
       90.0
      ],
      [
       -180.0,
       -90.0
      ]
     ]
    ],
    "type": "Polygon"
   },
   "properties": {
    "country_iso_a3": "COD",
    "country_name": "Democratic Republic of the Congo",
    "discovery_platform_sequence": [
     "registered_source_catalog",
     "national_geological_or_environmental_survey",
     "PANGAEA",
     "EarthChem",
     "Zenodo",
     "Figshare",
     "publisher_supplementary_data"
    ],
    "gap_kind": "coverage_repair_task",
    "macroregion": "Africa",
    "observed_canonical_grid_cells": 57,
    "observed_canonical_unique_samples": 3902,
    "preferred_repair_mode": "targeted_source_discovery",
    "priority": 1420,
    "reason_codes": [
     "land_macroregion_coverage_debt"
    ],
    "recommended_action": "targeted source discovery or new sampling inside bbox; bbox is a search scope, not an administrative or scientific boundary",
    "registered_source_candidates": [],
    "required_elements": [
     "Hg"
    ],
    "required_media": [
     "sediment"
    ],
    "scope_key": "global",
    "status": "pending",
    "task_id": "eb1011fa8b2c92f8",
    "task_kind": "spatial_dimension_gap",
    "view_id": "element_medium:Hg|sediment"
   },
   "type": "Feature"
  },
  {
   "geometry": {
    "coordinates": [
     [
      [
       -180.0,
       -90.0
      ],
      [
       180.0,
       -90.0
      ],
      [
       180.0,
       90.0
      ],
      [
       -180.0,
       90.0
      ],
      [
       -180.0,
       -90.0
      ]
     ]
    ],
    "type": "Polygon"
   },
   "properties": {
    "country_iso_a3": "CAN",
    "country_name": "Canada",
    "discovery_platform_sequence": [
     "registered_source_catalog",
     "national_geological_or_environmental_survey",
     "PANGAEA",
     "EarthChem",
     "Zenodo",
     "Figshare",
     "publisher_supplementary_data"
    ],
    "gap_kind": "coverage_repair_task",
    "macroregion": "North America",
    "observed_canonical_grid_cells": 57,
    "observed_canonical_unique_samples": 3902,
    "preferred_repair_mode": "implement_catalog_candidate",
    "priority": 1421,
    "reason_codes": [
     "land_macroregion_coverage_debt"
    ],
    "recommended_action": "targeted source discovery or new sampling inside bbox; bbox is a search scope, not an administrative or scientific boundary",
    "registered_source_candidates": [],
    "required_elements": [
     "Hg"
    ],
    "required_media": [
     "sediment"
    ],
    "scope_key": "global",
    "status": "pending",
    "task_id": "7bd0e50b8be07032",
    "task_kind": "spatial_dimension_gap",
    "view_id": "element_medium:Hg|sediment"
   },
   "type": "Feature"
  },
  {
   "geometry": {
    "coordinates": [
     [
      [
       -180.0,
       -90.0
      ],
      [
       180.0,
       -90.0
      ],
      [
       180.0,
       90.0
      ],
      [
       -180.0,
       90.0
      ],
      [
       -180.0,
       -90.0
      ]
     ]
    ],
    "type": "Polygon"
   },
   "properties": {
    "country_iso_a3": "BRA",
    "country_name": "Brazil",
    "discovery_platform_sequence": [
     "registered_source_catalog",
     "national_geological_or_environmental_survey",
     "PANGAEA",
     "EarthChem",
     "Zenodo",
     "Figshare",
     "publisher_supplementary_data"
    ],
    "gap_kind": "coverage_repair_task",
    "macroregion": "South America",
    "observed_canonical_grid_cells": 57,
    "observed_canonical_unique_samples": 3902,
    "preferred_repair_mode": "implement_catalog_candidate",
    "priority": 1422,
    "reason_codes": [
     "land_macroregion_coverage_debt"
    ],
    "recommended_action": "targeted source discovery or new sampling inside bbox; bbox is a search scope, not an administrative or scientific boundary",
    "registered_source_candidates": [],
    "required_elements": [
     "Hg"
    ],
    "required_media": [
     "sediment"
    ],
    "scope_key": "global",
    "status": "pending",
    "task_id": "356e2d9a73f7fece",
    "task_kind": "spatial_dimension_gap",
    "view_id": "element_medium:Hg|sediment"
   },
   "type": "Feature"
  },
  {
   "geometry": {
    "coordinates": [
     [
      [
       -180.0,
       -90.0
      ],
      [
       180.0,
       -90.0
      ],
      [
       180.0,
       90.0
      ],
      [
       -180.0,
       90.0
      ],
      [
       -180.0,
       -90.0
      ]
     ]
    ],
    "type": "Polygon"
   },
   "properties": {
    "country_iso_a3": "RUS",
    "country_name": "Russia",
    "discovery_platform_sequence": [
     "registered_source_catalog",
     "national_geological_or_environmental_survey",
     "PANGAEA",
     "EarthChem",
     "Zenodo",
     "Figshare",
     "publisher_supplementary_data"
    ],
    "gap_kind": "coverage_repair_task",
    "macroregion": "Europe",
    "observed_canonical_grid_cells": 57,
    "observed_canonical_unique_samples": 3902,
    "preferred_repair_mode": "targeted_source_discovery",
    "priority": 1423,
    "reason_codes": [
     "land_macroregion_coverage_debt"
    ],
    "recommended_action": "targeted source discovery or new sampling inside bbox; bbox is a search scope, not an administrative or scientific boundary",
    "registered_source_candidates": [],
    "required_elements": [
     "Hg"
    ],
    "required_media": [
     "sediment"
    ],
    "scope_key": "global",
    "status": "pending",
    "task_id": "a4462a12189a2355",
    "task_kind": "spatial_dimension_gap",
    "view_id": "element_medium:Hg|sediment"
   },
   "type": "Feature"
  },
  {
   "geometry": {
    "coordinates": [
     [
      [
       -180.0,
       -90.0
      ],
      [
       180.0,
       -90.0
      ],
      [
       180.0,
       90.0
      ],
      [
       -180.0,
       90.0
      ],
      [
       -180.0,
       -90.0
      ]
     ]
    ],
    "type": "Polygon"
   },
   "properties": {
    "country_iso_a3": "USA",
    "country_name": "United States of America",
    "discovery_platform_sequence": [
     "registered_source_catalog",
     "national_geological_or_environmental_survey",
     "PANGAEA",
     "EarthChem",
     "Zenodo",
     "Figshare",
     "publisher_supplementary_data"
    ],
    "gap_kind": "coverage_repair_task",
    "macroregion": "North America",
    "observed_canonical_grid_cells": 57,
    "observed_canonical_unique_samples": 3902,
    "preferred_repair_mode": "implement_catalog_candidate",
    "priority": 1424,
    "reason_codes": [
     "land_macroregion_coverage_debt"
    ],
    "recommended_action": "targeted source discovery or new sampling inside bbox; bbox is a search scope, not an administrative or scientific boundary",
    "registered_source_candidates": [],
    "required_elements": [
     "Hg"
    ],
    "required_media": [
     "sediment"
    ],
    "scope_key": "global",
    "status": "pending",
    "task_id": "f495ec56d08772aa",
    "task_kind": "spatial_dimension_gap",
    "view_id": "element_medium:Hg|sediment"
   },
   "type": "Feature"
  },
  {
   "geometry": {
    "coordinates": [
     [
      [
       -180.0,
       -90.0
      ],
      [
       180.0,
       -90.0
      ],
      [
       180.0,
       90.0
      ],
      [
       -180.0,
       90.0
      ],
      [
       -180.0,
       -90.0
      ]
     ]
    ],
    "type": "Polygon"
   },
   "properties": {
    "country_iso_a3": "CHN",
    "country_name": "China",
    "discovery_platform_sequence": [
     "registered_source_catalog",
     "national_geological_or_environmental_survey",
     "PANGAEA",
     "EarthChem",
     "Zenodo",
     "Figshare",
     "publisher_supplementary_data"
    ],
    "gap_kind": "coverage_repair_task",
    "macroregion": "Asia",
    "observed_canonical_grid_cells": 57,
    "observed_canonical_unique_samples": 3902,
    "preferred_repair_mode": "targeted_source_discovery",
    "priority": 1425,
    "reason_codes": [
     "land_macroregion_coverage_debt"
    ],
    "recommended_action": "targeted source discovery or new sampling inside bbox; bbox is a search scope, not an administrative or scientific boundary",
    "registered_source_candidates": [],
    "required_elements": [
     "Hg"
    ],
    "required_media": [
     "sediment"
    ],
    "scope_key": "global",
    "status": "pending",
    "task_id": "6c363d41468e11a3",
    "task_kind": "spatial_dimension_gap",
    "view_id": "element_medium:Hg|sediment"
   },
   "type": "Feature"
  },
  {
   "geometry": {
    "coordinates": [
     [
      [
       -180.0,
       -90.0
      ],
      [
       180.0,
       -90.0
      ],
      [
       180.0,
       90.0
      ],
      [
       -180.0,
       90.0
      ],
      [
       -180.0,
       -90.0
      ]
     ]
    ],
    "type": "Polygon"
   },
   "properties": {
    "country_iso_a3": "COD",
    "country_name": "Democratic Republic of the Congo",
    "discovery_platform_sequence": [
     "registered_source_catalog",
     "national_geological_or_environmental_survey",
     "GEMStat",
     "PANGAEA",
     "Zenodo",
     "Figshare",
     "publisher_supplementary_data"
    ],
    "gap_kind": "coverage_repair_task",
    "macroregion": "Africa",
    "observed_canonical_grid_cells": 11,
    "observed_canonical_unique_samples": 727,
    "preferred_repair_mode": "targeted_source_discovery",
    "priority": 1440,
    "reason_codes": [
     "canonical_cell_shortfall",
     "land_macroregion_coverage_debt"
    ],
    "recommended_action": "targeted source discovery or new sampling inside bbox; bbox is a search scope, not an administrative or scientific boundary",
    "registered_source_candidates": [],
    "required_elements": [
     "Hg"
    ],
    "required_media": [
     "water"
    ],
    "scope_key": "global",
    "status": "pending",
    "task_id": "4dfc2b89d7348d81",
    "task_kind": "spatial_dimension_gap",
    "view_id": "element_medium:Hg|water"
   },
   "type": "Feature"
  },
  {
   "geometry": {
    "coordinates": [
     [
      [
       -180.0,
       -90.0
      ],
      [
       180.0,
       -90.0
      ],
      [
       180.0,
       90.0
      ],
      [
       -180.0,
       90.0
      ],
      [
       -180.0,
       -90.0
      ]
     ]
    ],
    "type": "Polygon"
   },
   "properties": {
    "country_iso_a3": "CHN",
    "country_name": "China",
    "discovery_platform_sequence": [
     "registered_source_catalog",
     "national_geological_or_environmental_survey",
     "GEMStat",
     "PANGAEA",
     "Zenodo",
     "Figshare",
     "publisher_supplementary_data"
    ],
    "gap_kind": "coverage_repair_task",
    "macroregion": "Asia",
    "observed_canonical_grid_cells": 11,
    "observed_canonical_unique_samples": 727,
    "preferred_repair_mode": "targeted_source_discovery",
    "priority": 1441,
    "reason_codes": [
     "canonical_cell_shortfall",
     "land_macroregion_coverage_debt"
    ],
    "recommended_action": "targeted source discovery or new sampling inside bbox; bbox is a search scope, not an administrative or scientific boundary",
    "registered_source_candidates": [],
    "required_elements": [
     "Hg"
    ],
    "required_media": [
     "water"
    ],
    "scope_key": "global",
    "status": "pending",
    "task_id": "97ae333bd52d3704",
    "task_kind": "spatial_dimension_gap",
    "view_id": "element_medium:Hg|water"
   },
   "type": "Feature"
  },
  {
   "geometry": {
    "coordinates": [
     [
      [
       -180.0,
       -90.0
      ],
      [
       180.0,
       -90.0
      ],
      [
       180.0,
       90.0
      ],
      [
       -180.0,
       90.0
      ],
      [
       -180.0,
       -90.0
      ]
     ]
    ],
    "type": "Polygon"
   },
   "properties": {
    "country_iso_a3": "RUS",
    "country_name": "Russia",
    "discovery_platform_sequence": [
     "registered_source_catalog",
     "national_geological_or_environmental_survey",
     "GEMStat",
     "PANGAEA",
     "Zenodo",
     "Figshare",
     "publisher_supplementary_data"
    ],
    "gap_kind": "coverage_repair_task",
    "macroregion": "Europe",
    "observed_canonical_grid_cells": 11,
    "observed_canonical_unique_samples": 727,
    "preferred_repair_mode": "targeted_source_discovery",
    "priority": 1442,
    "reason_codes": [
     "canonical_cell_shortfall",
     "land_macroregion_coverage_debt"
    ],
    "recommended_action": "targeted source discovery or new sampling inside bbox; bbox is a search scope, not an administrative or scientific boundary",
    "registered_source_candidates": [],
    "required_elements": [
     "Hg"
    ],
    "required_media": [
     "water"
    ],
    "scope_key": "global",
    "status": "pending",
    "task_id": "e4acc91b7c4d6af2",
    "task_kind": "spatial_dimension_gap",
    "view_id": "element_medium:Hg|water"
   },
   "type": "Feature"
  },
  {
   "geometry": {
    "coordinates": [
     [
      [
       -180.0,
       -90.0
      ],
      [
       180.0,
       -90.0
      ],
      [
       180.0,
       90.0
      ],
      [
       -180.0,
       90.0
      ],
      [
       -180.0,
       -90.0
      ]
     ]
    ],
    "type": "Polygon"
   },
   "properties": {
    "country_iso_a3": "AUS",
    "country_name": "Australia",
    "discovery_platform_sequence": [
     "registered_source_catalog",
     "national_geological_or_environmental_survey",
     "GEMStat",
     "PANGAEA",
     "Zenodo",
     "Figshare",
     "publisher_supplementary_data"
    ],
    "gap_kind": "coverage_repair_task",
    "macroregion": "Oceania",
    "observed_canonical_grid_cells": 11,
    "observed_canonical_unique_samples": 727,
    "preferred_repair_mode": "targeted_source_discovery",
    "priority": 1443,
    "reason_codes": [
     "canonical_cell_shortfall",
     "land_macroregion_coverage_debt"
    ],
    "recommended_action": "targeted source discovery or new sampling inside bbox; bbox is a search scope, not an administrative or scientific boundary",
    "registered_source_candidates": [],
    "required_elements": [
     "Hg"
    ],
    "required_media": [
     "water"
    ],
    "scope_key": "global",
    "status": "pending",
    "task_id": "e868d895f0e605c9",
    "task_kind": "spatial_dimension_gap",
    "view_id": "element_medium:Hg|water"
   },
   "type": "Feature"
  },
  {
   "geometry": {
    "coordinates": [
     [
      [
       -180.0,
       -90.0
      ],
      [
       180.0,
       -90.0
      ],
      [
       180.0,
       90.0
      ],
      [
       -180.0,
       90.0
      ],
      [
       -180.0,
       -90.0
      ]
     ]
    ],
    "type": "Polygon"
   },
   "properties": {
    "country_iso_a3": "BRA",
    "country_name": "Brazil",
    "discovery_platform_sequence": [
     "registered_source_catalog",
     "national_geological_or_environmental_survey",
     "GEMStat",
     "PANGAEA",
     "Zenodo",
     "Figshare",
     "publisher_supplementary_data"
    ],
    "gap_kind": "coverage_repair_task",
    "macroregion": "South America",
    "observed_canonical_grid_cells": 11,
    "observed_canonical_unique_samples": 727,
    "preferred_repair_mode": "implement_catalog_candidate",
    "priority": 1444,
    "reason_codes": [
     "canonical_cell_shortfall",
     "land_macroregion_coverage_debt"
    ],
    "recommended_action": "targeted source discovery or new sampling inside bbox; bbox is a search scope, not an administrative or scientific boundary",
    "registered_source_candidates": [],
    "required_elements": [
     "Hg"
    ],
    "required_media": [
     "water"
    ],
    "scope_key": "global",
    "status": "pending",
    "task_id": "1b2a9c1db4b8ed06",
    "task_kind": "spatial_dimension_gap",
    "view_id": "element_medium:Hg|water"
   },
   "type": "Feature"
  },
  {
   "geometry": {
    "coordinates": [
     [
      [
       -180.0,
       -90.0
      ],
      [
       180.0,
       -90.0
      ],
      [
       180.0,
       90.0
      ],
      [
       -180.0,
       90.0
      ],
      [
       -180.0,
       -90.0
      ]
     ]
    ],
    "type": "Polygon"
   },
   "properties": {
    "country_iso_a3": "CAN",
    "country_name": "Canada",
    "discovery_platform_sequence": [
     "registered_source_catalog",
     "national_geological_or_environmental_survey",
     "GEMStat",
     "PANGAEA",
     "Zenodo",
     "Figshare",
     "publisher_supplementary_data"
    ],
    "gap_kind": "coverage_repair_task",
    "macroregion": "North America",
    "observed_canonical_grid_cells": 11,
    "observed_canonical_unique_samples": 727,
    "preferred_repair_mode": "requery_selected_source",
    "priority": 1445,
    "reason_codes": [
     "canonical_cell_shortfall",
     "land_macroregion_coverage_debt"
    ],
    "recommended_action": "targeted source discovery or new sampling inside bbox; bbox is a search scope, not an administrative or scientific boundary",
    "registered_source_candidates": [],
    "required_elements": [
     "Hg"
    ],
    "required_media": [
     "water"
    ],
    "scope_key": "global",
    "status": "pending",
    "task_id": "659a2df2475fad7e",
    "task_kind": "spatial_dimension_gap",
    "view_id": "element_medium:Hg|water"
   },
   "type": "Feature"
  },
  {
   "geometry": {
    "coordinates": [
     [
      [
       -180.0,
       -90.0
      ],
      [
       180.0,
       -90.0
      ],
      [
       180.0,
       90.0
      ],
      [
       -180.0,
       90.0
      ],
      [
       -180.0,
       -90.0
      ]
     ]
    ],
    "type": "Polygon"
   },
   "properties": {
    "country_iso_a3": "COD",
    "country_name": "Democratic Republic of the Congo",
    "discovery_platform_sequence": [
     "registered_source_catalog",
     "national_geological_or_environmental_survey",
     "GEOROC",
     "EarthChem",
     "Zenodo",
     "Figshare",
     "publisher_supplementary_data"
    ],
    "gap_kind": "coverage_repair_task",
    "macroregion": "Africa",
    "observed_canonical_grid_cells": 0,
    "observed_canonical_unique_samples": 0,
    "preferred_repair_mode": "targeted_source_discovery",
    "priority": 1460,
    "reason_codes": [
     "canonical_sample_shortfall",
     "canonical_cell_shortfall",
     "canonical_coverage_zone_shortfall",
     "land_macroregion_coverage_debt"
    ],
    "recommended_action": "targeted source discovery or new sampling inside bbox; bbox is a search scope, not an administrative or scientific boundary",
    "registered_source_candidates": [],
    "required_elements": [
     "Ni"
    ],
    "required_media": [
     "rock"
    ],
    "scope_key": "global",
    "status": "pending",
    "task_id": "5a4ed5a95451589f",
    "task_kind": "spatial_dimension_gap",
    "view_id": "element_medium:Ni|rock"
   },
   "type": "Feature"
  },
  {
   "geometry": {
    "coordinates": [
     [
      [
       -180.0,
       -90.0
      ],
      [
       180.0,
       -90.0
      ],
      [
       180.0,
       90.0
      ],
      [
       -180.0,
       90.0
      ],
      [
       -180.0,
       -90.0
      ]
     ]
    ],
    "type": "Polygon"
   },
   "properties": {
    "country_iso_a3": "CHN",
    "country_name": "China",
    "discovery_platform_sequence": [
     "registered_source_catalog",
     "national_geological_or_environmental_survey",
     "GEOROC",
     "EarthChem",
     "Zenodo",
     "Figshare",
     "publisher_supplementary_data"
    ],
    "gap_kind": "coverage_repair_task",
    "macroregion": "Asia",
    "observed_canonical_grid_cells": 0,
    "observed_canonical_unique_samples": 0,
    "preferred_repair_mode": "targeted_source_discovery",
    "priority": 1461,
    "reason_codes": [
     "canonical_sample_shortfall",
     "canonical_cell_shortfall",
     "canonical_coverage_zone_shortfall",
     "land_macroregion_coverage_debt"
    ],
    "recommended_action": "targeted source discovery or new sampling inside bbox; bbox is a search scope, not an administrative or scientific boundary",
    "registered_source_candidates": [],
    "required_elements": [
     "Ni"
    ],
    "required_media": [
     "rock"
    ],
    "scope_key": "global",
    "status": "pending",
    "task_id": "0ce7c4b9294bdcb4",
    "task_kind": "spatial_dimension_gap",
    "view_id": "element_medium:Ni|rock"
   },
   "type": "Feature"
  },
  {
   "geometry": {
    "coordinates": [
     [
      [
       -180.0,
       -90.0
      ],
      [
       180.0,
       -90.0
      ],
      [
       180.0,
       90.0
      ],
      [
       -180.0,
       90.0
      ],
      [
       -180.0,
       -90.0
      ]
     ]
    ],
    "type": "Polygon"
   },
   "properties": {
    "country_iso_a3": "RUS",
    "country_name": "Russia",
    "discovery_platform_sequence": [
     "registered_source_catalog",
     "national_geological_or_environmental_survey",
     "GEOROC",
     "EarthChem",
     "Zenodo",
     "Figshare",
     "publisher_supplementary_data"
    ],
    "gap_kind": "coverage_repair_task",
    "macroregion": "Europe",
    "observed_canonical_grid_cells": 0,
    "observed_canonical_unique_samples": 0,
    "preferred_repair_mode": "targeted_source_discovery",
    "priority": 1462,
    "reason_codes": [
     "canonical_sample_shortfall",
     "canonical_cell_shortfall",
     "canonical_coverage_zone_shortfall",
     "land_macroregion_coverage_debt"
    ],
    "recommended_action": "targeted source discovery or new sampling inside bbox; bbox is a search scope, not an administrative or scientific boundary",
    "registered_source_candidates": [],
    "required_elements": [
     "Ni"
    ],
    "required_media": [
     "rock"
    ],
    "scope_key": "global",
    "status": "pending",
    "task_id": "5c9d3a0d6f39f270",
    "task_kind": "spatial_dimension_gap",
    "view_id": "element_medium:Ni|rock"
   },
   "type": "Feature"
  },
  {
   "geometry": {
    "coordinates": [
     [
      [
       -180.0,
       -90.0
      ],
      [
       180.0,
       -90.0
      ],
      [
       180.0,
       90.0
      ],
      [
       -180.0,
       90.0
      ],
      [
       -180.0,
       -90.0
      ]
     ]
    ],
    "type": "Polygon"
   },
   "properties": {
    "country_iso_a3": "CAN",
    "country_name": "Canada",
    "discovery_platform_sequence": [
     "registered_source_catalog",
     "national_geological_or_environmental_survey",
     "GEOROC",
     "EarthChem",
     "Zenodo",
     "Figshare",
     "publisher_supplementary_data"
    ],
    "gap_kind": "coverage_repair_task",
    "macroregion": "North America",
    "observed_canonical_grid_cells": 0,
    "observed_canonical_unique_samples": 0,
    "preferred_repair_mode": "targeted_source_discovery",
    "priority": 1463,
    "reason_codes": [
     "canonical_sample_shortfall",
     "canonical_cell_shortfall",
     "canonical_coverage_zone_shortfall",
     "land_macroregion_coverage_debt"
    ],
    "recommended_action": "targeted source discovery or new sampling inside bbox; bbox is a search scope, not an administrative or scientific boundary",
    "registered_source_candidates": [],
    "required_elements": [
     "Ni"
    ],
    "required_media": [
     "rock"
    ],
    "scope_key": "global",
    "status": "pending",
    "task_id": "2a29f87d021f2dc1",
    "task_kind": "spatial_dimension_gap",
    "view_id": "element_medium:Ni|rock"
   },
   "type": "Feature"
  },
  {
   "geometry": {
    "coordinates": [
     [
      [
       -180.0,
       -90.0
      ],
      [
       180.0,
       -90.0
      ],
      [
       180.0,
       90.0
      ],
      [
       -180.0,
       90.0
      ],
      [
       -180.0,
       -90.0
      ]
     ]
    ],
    "type": "Polygon"
   },
   "properties": {
    "country_iso_a3": "AUS",
    "country_name": "Australia",
    "discovery_platform_sequence": [
     "registered_source_catalog",
     "national_geological_or_environmental_survey",
     "GEOROC",
     "EarthChem",
     "Zenodo",
     "Figshare",
     "publisher_supplementary_data"
    ],
    "gap_kind": "coverage_repair_task",
    "macroregion": "Oceania",
    "observed_canonical_grid_cells": 0,
    "observed_canonical_unique_samples": 0,
    "preferred_repair_mode": "implement_catalog_candidate",
    "priority": 1464,
    "reason_codes": [
     "canonical_sample_shortfall",
     "canonical_cell_shortfall",
     "canonical_coverage_zone_shortfall",
     "land_macroregion_coverage_debt"
    ],
    "recommended_action": "targeted source discovery or new sampling inside bbox; bbox is a search scope, not an administrative or scientific boundary",
    "registered_source_candidates": [],
    "required_elements": [
     "Ni"
    ],
    "required_media": [
     "rock"
    ],
    "scope_key": "global",
    "status": "pending",
    "task_id": "a4108ca1663db38a",
    "task_kind": "spatial_dimension_gap",
    "view_id": "element_medium:Ni|rock"
   },
   "type": "Feature"
  },
  {
   "geometry": {
    "coordinates": [
     [
      [
       -180.0,
       -90.0
      ],
      [
       180.0,
       -90.0
      ],
      [
       180.0,
       90.0
      ],
      [
       -180.0,
       90.0
      ],
      [
       -180.0,
       -90.0
      ]
     ]
    ],
    "type": "Polygon"
   },
   "properties": {
    "country_iso_a3": "BRA",
    "country_name": "Brazil",
    "discovery_platform_sequence": [
     "registered_source_catalog",
     "national_geological_or_environmental_survey",
     "GEOROC",
     "EarthChem",
     "Zenodo",
     "Figshare",
     "publisher_supplementary_data"
    ],
    "gap_kind": "coverage_repair_task",
    "macroregion": "South America",
    "observed_canonical_grid_cells": 0,
    "observed_canonical_unique_samples": 0,
    "preferred_repair_mode": "implement_catalog_candidate",
    "priority": 1465,
    "reason_codes": [
     "canonical_sample_shortfall",
     "canonical_cell_shortfall",
     "canonical_coverage_zone_shortfall",
     "land_macroregion_coverage_debt"
    ],
    "recommended_action": "targeted source discovery or new sampling inside bbox; bbox is a search scope, not an administrative or scientific boundary",
    "registered_source_candidates": [],
    "required_elements": [
     "Ni"
    ],
    "required_media": [
     "rock"
    ],
    "scope_key": "global",
    "status": "pending",
    "task_id": "c3717a5c8eaff913",
    "task_kind": "spatial_dimension_gap",
    "view_id": "element_medium:Ni|rock"
   },
   "type": "Feature"
  },
  {
   "geometry": {
    "coordinates": [
     [
      [
       -180.0,
       -90.0
      ],
      [
       180.0,
       -90.0
      ],
      [
       180.0,
       90.0
      ],
      [
       -180.0,
       90.0
      ],
      [
       -180.0,
       -90.0
      ]
     ]
    ],
    "type": "Polygon"
   },
   "properties": {
    "country_iso_a3": "AUS",
    "country_name": "Australia",
    "discovery_platform_sequence": [
     "registered_source_catalog",
     "national_geological_or_environmental_survey",
     "PANGAEA",
     "EarthChem",
     "Zenodo",
     "Figshare",
     "publisher_supplementary_data"
    ],
    "gap_kind": "coverage_repair_task",
    "macroregion": "Oceania",
    "observed_canonical_grid_cells": 109,
    "observed_canonical_unique_samples": 5925,
    "preferred_repair_mode": "targeted_source_discovery",
    "priority": 1480,
    "reason_codes": [
     "land_macroregion_coverage_debt"
    ],
    "recommended_action": "targeted source discovery or new sampling inside bbox; bbox is a search scope, not an administrative or scientific boundary",
    "registered_source_candidates": [],
    "required_elements": [
     "Ni"
    ],
    "required_media": [
     "soil"
    ],
    "scope_key": "global",
    "status": "pending",
    "task_id": "e05ea1c649ee8108",
    "task_kind": "spatial_dimension_gap",
    "view_id": "element_medium:Ni|soil"
   },
   "type": "Feature"
  },
  {
   "geometry": {
    "coordinates": [
     [
      [
       -180.0,
       -90.0
      ],
      [
       180.0,
       -90.0
      ],
      [
       180.0,
       90.0
      ],
      [
       -180.0,
       90.0
      ],
      [
       -180.0,
       -90.0
      ]
     ]
    ],
    "type": "Polygon"
   },
   "properties": {
    "country_iso_a3": "RUS",
    "country_name": "Russia",
    "discovery_platform_sequence": [
     "registered_source_catalog",
     "national_geological_or_environmental_survey",
     "PANGAEA",
     "EarthChem",
     "Zenodo",
     "Figshare",
     "publisher_supplementary_data"
    ],
    "gap_kind": "coverage_repair_task",
    "macroregion": "Europe",
    "observed_canonical_grid_cells": 109,
    "observed_canonical_unique_samples": 5925,
    "preferred_repair_mode": "targeted_source_discovery",
    "priority": 1481,
    "reason_codes": [
     "land_macroregion_coverage_debt"
    ],
    "recommended_action": "targeted source discovery or new sampling inside bbox; bbox is a search scope, not an administrative or scientific boundary",
    "registered_source_candidates": [],
    "required_elements": [
     "Ni"
    ],
    "required_media": [
     "soil"
    ],
    "scope_key": "global",
    "status": "pending",
    "task_id": "ad453796d4837181",
    "task_kind": "spatial_dimension_gap",
    "view_id": "element_medium:Ni|soil"
   },
   "type": "Feature"
  },
  {
   "geometry": {
    "coordinates": [
     [
      [
       -180.0,
       -90.0
      ],
      [
       180.0,
       -90.0
      ],
      [
       180.0,
       90.0
      ],
      [
       -180.0,
       90.0
      ],
      [
       -180.0,
       -90.0
      ]
     ]
    ],
    "type": "Polygon"
   },
   "properties": {
    "country_iso_a3": "CAN",
    "country_name": "Canada",
    "discovery_platform_sequence": [
     "registered_source_catalog",
     "national_geological_or_environmental_survey",
     "PANGAEA",
     "EarthChem",
     "Zenodo",
     "Figshare",
     "publisher_supplementary_data"
    ],
    "gap_kind": "coverage_repair_task",
    "macroregion": "North America",
    "observed_canonical_grid_cells": 109,
    "observed_canonical_unique_samples": 5925,
    "preferred_repair_mode": "targeted_source_discovery",
    "priority": 1482,
    "reason_codes": [
     "land_macroregion_coverage_debt"
    ],
    "recommended_action": "targeted source discovery or new sampling inside bbox; bbox is a search scope, not an administrative or scientific boundary",
    "registered_source_candidates": [],
    "required_elements": [
     "Ni"
    ],
    "required_media": [
     "soil"
    ],
    "scope_key": "global",
    "status": "pending",
    "task_id": "934f4efc2233dec5",
    "task_kind": "spatial_dimension_gap",
    "view_id": "element_medium:Ni|soil"
   },
   "type": "Feature"
  },
  {
   "geometry": {
    "coordinates": [
     [
      [
       -180.0,
       -90.0
      ],
      [
       180.0,
       -90.0
      ],
      [
       180.0,
       90.0
      ],
      [
       -180.0,
       90.0
      ],
      [
       -180.0,
       -90.0
      ]
     ]
    ],
    "type": "Polygon"
   },
   "properties": {
    "country_iso_a3": "USA",
    "country_name": "United States of America",
    "discovery_platform_sequence": [
     "registered_source_catalog",
     "national_geological_or_environmental_survey",
     "PANGAEA",
     "EarthChem",
     "Zenodo",
     "Figshare",
     "publisher_supplementary_data"
    ],
    "gap_kind": "coverage_repair_task",
    "macroregion": "North America",
    "observed_canonical_grid_cells": 109,
    "observed_canonical_unique_samples": 5925,
    "preferred_repair_mode": "requery_selected_source",
    "priority": 1483,
    "reason_codes": [
     "land_macroregion_coverage_debt"
    ],
    "recommended_action": "targeted source discovery or new sampling inside bbox; bbox is a search scope, not an administrative or scientific boundary",
    "registered_source_candidates": [],
    "required_elements": [
     "Ni"
    ],
    "required_media": [
     "soil"
    ],
    "scope_key": "global",
    "status": "pending",
    "task_id": "6f4ae704c73153be",
    "task_kind": "spatial_dimension_gap",
    "view_id": "element_medium:Ni|soil"
   },
   "type": "Feature"
  },
  {
   "geometry": {
    "coordinates": [
     [
      [
       -180.0,
       -90.0
      ],
      [
       180.0,
       -90.0
      ],
      [
       180.0,
       90.0
      ],
      [
       -180.0,
       90.0
      ],
      [
       -180.0,
       -90.0
      ]
     ]
    ],
    "type": "Polygon"
   },
   "properties": {
    "country_iso_a3": "CHN",
    "country_name": "China",
    "discovery_platform_sequence": [
     "registered_source_catalog",
     "national_geological_or_environmental_survey",
     "PANGAEA",
     "EarthChem",
     "Zenodo",
     "Figshare",
     "publisher_supplementary_data"
    ],
    "gap_kind": "coverage_repair_task",
    "macroregion": "Asia",
    "observed_canonical_grid_cells": 109,
    "observed_canonical_unique_samples": 5925,
    "preferred_repair_mode": "requery_selected_source",
    "priority": 1484,
    "reason_codes": [
     "land_macroregion_coverage_debt"
    ],
    "recommended_action": "targeted source discovery or new sampling inside bbox; bbox is a search scope, not an administrative or scientific boundary",
    "registered_source_candidates": [],
    "required_elements": [
     "Ni"
    ],
    "required_media": [
     "soil"
    ],
    "scope_key": "global",
    "status": "pending",
    "task_id": "c3927e36621221c6",
    "task_kind": "spatial_dimension_gap",
    "view_id": "element_medium:Ni|soil"
   },
   "type": "Feature"
  },
  {
   "geometry": {
    "coordinates": [
     [
      [
       -180.0,
       -90.0
      ],
      [
       180.0,
       -90.0
      ],
      [
       180.0,
       90.0
      ],
      [
       -180.0,
       90.0
      ],
      [
       -180.0,
       -90.0
      ]
     ]
    ],
    "type": "Polygon"
   },
   "properties": {
    "country_iso_a3": "BRA",
    "country_name": "Brazil",
    "discovery_platform_sequence": [
     "registered_source_catalog",
     "national_geological_or_environmental_survey",
     "PANGAEA",
     "EarthChem",
     "Zenodo",
     "Figshare",
     "publisher_supplementary_data"
    ],
    "gap_kind": "coverage_repair_task",
    "macroregion": "South America",
    "observed_canonical_grid_cells": 109,
    "observed_canonical_unique_samples": 5925,
    "preferred_repair_mode": "requery_selected_source",
    "priority": 1485,
    "reason_codes": [
     "land_macroregion_coverage_debt"
    ],
    "recommended_action": "targeted source discovery or new sampling inside bbox; bbox is a search scope, not an administrative or scientific boundary",
    "registered_source_candidates": [],
    "required_elements": [
     "Ni"
    ],
    "required_media": [
     "soil"
    ],
    "scope_key": "global",
    "status": "pending",
    "task_id": "10f2aa7913560d25",
    "task_kind": "spatial_dimension_gap",
    "view_id": "element_medium:Ni|soil"
   },
   "type": "Feature"
  },
  {
   "geometry": {
    "coordinates": [
     [
      [
       -180.0,
       -90.0
      ],
      [
       180.0,
       -90.0
      ],
      [
       180.0,
       90.0
      ],
      [
       -180.0,
       90.0
      ],
      [
       -180.0,
       -90.0
      ]
     ]
    ],
    "type": "Polygon"
   },
   "properties": {
    "country_iso_a3": "COD",
    "country_name": "Democratic Republic of the Congo",
    "discovery_platform_sequence": [
     "registered_source_catalog",
     "national_geological_or_environmental_survey",
     "PANGAEA",
     "EarthChem",
     "Zenodo",
     "Figshare",
     "publisher_supplementary_data"
    ],
    "gap_kind": "coverage_repair_task",
    "macroregion": "Africa",
    "observed_canonical_grid_cells": 79,
    "observed_canonical_unique_samples": 4809,
    "preferred_repair_mode": "targeted_source_discovery",
    "priority": 1500,
    "reason_codes": [
     "land_macroregion_coverage_debt"
    ],
    "recommended_action": "targeted source discovery or new sampling inside bbox; bbox is a search scope, not an administrative or scientific boundary",
    "registered_source_candidates": [],
    "required_elements": [
     "Ni"
    ],
    "required_media": [
     "sediment"
    ],
    "scope_key": "global",
    "status": "pending",
    "task_id": "04481f79812c5d23",
    "task_kind": "spatial_dimension_gap",
    "view_id": "element_medium:Ni|sediment"
   },
   "type": "Feature"
  },
  {
   "geometry": {
    "coordinates": [
     [
      [
       -180.0,
       -90.0
      ],
      [
       180.0,
       -90.0
      ],
      [
       180.0,
       90.0
      ],
      [
       -180.0,
       90.0
      ],
      [
       -180.0,
       -90.0
      ]
     ]
    ],
    "type": "Polygon"
   },
   "properties": {
    "country_iso_a3": null,
    "country_name": null,
    "discovery_platform_sequence": [
     "registered_source_catalog",
     "national_geological_or_environmental_survey",
     "PANGAEA",
     "EarthChem",
     "Zenodo",
     "Figshare",
     "publisher_supplementary_data"
    ],
    "gap_kind": "coverage_repair_task",
    "macroregion": null,
    "observed_canonical_grid_cells": null,
    "observed_canonical_unique_samples": null,
    "preferred_repair_mode": "requery_selected_source",
    "priority": 1500,
    "reason_codes": [
     "analytical_method_evidence_shortfall"
    ],
    "recommended_action": "targeted source discovery or new sampling inside bbox; bbox is a search scope, not an administrative or scientific boundary",
    "registered_source_candidates": [],
    "required_elements": [
     "As",
     "Cr",
     "Cu",
     "Hg",
     "Ni",
     "Pb",
     "Zn"
    ],
    "required_media": [
     "sediment"
    ],
    "scope_key": "global",
    "status": "pending",
    "task_id": "5a1b88ce99df1e93",
    "task_kind": "metadata_evidence_gap",
    "view_id": "medium:sediment"
   },
   "type": "Feature"
  },
  {
   "geometry": {
    "coordinates": [
     [
      [
       -180.0,
       -90.0
      ],
      [
       180.0,
       -90.0
      ],
      [
       180.0,
       90.0
      ],
      [
       -180.0,
       90.0
      ],
      [
       -180.0,
       -90.0
      ]
     ]
    ],
    "type": "Polygon"
   },
   "properties": {
    "country_iso_a3": "CAN",
    "country_name": "Canada",
    "discovery_platform_sequence": [
     "registered_source_catalog",
     "national_geological_or_environmental_survey",
     "PANGAEA",
     "EarthChem",
     "Zenodo",
     "Figshare",
     "publisher_supplementary_data"
    ],
    "gap_kind": "coverage_repair_task",
    "macroregion": "North America",
    "observed_canonical_grid_cells": 79,
    "observed_canonical_unique_samples": 4809,
    "preferred_repair_mode": "implement_catalog_candidate",
    "priority": 1501,
    "reason_codes": [
     "land_macroregion_coverage_debt"
    ],
    "recommended_action": "targeted source discovery or new sampling inside bbox; bbox is a search scope, not an administrative or scientific boundary",
    "registered_source_candidates": [],
    "required_elements": [
     "Ni"
    ],
    "required_media": [
     "sediment"
    ],
    "scope_key": "global",
    "status": "pending",
    "task_id": "dee521a8dd09ff8d",
    "task_kind": "spatial_dimension_gap",
    "view_id": "element_medium:Ni|sediment"
   },
   "type": "Feature"
  },
  {
   "geometry": {
    "coordinates": [
     [
      [
       -180.0,
       -90.0
      ],
      [
       180.0,
       -90.0
      ],
      [
       180.0,
       90.0
      ],
      [
       -180.0,
       90.0
      ],
      [
       -180.0,
       -90.0
      ]
     ]
    ],
    "type": "Polygon"
   },
   "properties": {
    "country_iso_a3": null,
    "country_name": null,
    "discovery_platform_sequence": [
     "registered_source_catalog",
     "national_geological_or_environmental_survey",
     "GEMStat",
     "PANGAEA",
     "Zenodo",
     "Figshare",
     "publisher_supplementary_data"
    ],
    "gap_kind": "coverage_repair_task",
    "macroregion": null,
    "observed_canonical_grid_cells": null,
    "observed_canonical_unique_samples": null,
    "preferred_repair_mode": "requery_selected_source",
    "priority": 1501,
    "reason_codes": [
     "analytical_method_evidence_shortfall"
    ],
    "recommended_action": "targeted source discovery or new sampling inside bbox; bbox is a search scope, not an administrative or scientific boundary",
    "registered_source_candidates": [],
    "required_elements": [
     "As",
     "Cr",
     "Cu",
     "Hg",
     "Ni",
     "Pb",
     "Zn"
    ],
    "required_media": [
     "water"
    ],
    "scope_key": "global",
    "status": "pending",
    "task_id": "e7606e9bb000b882",
    "task_kind": "metadata_evidence_gap",
    "view_id": "medium:water"
   },
   "type": "Feature"
  },
  {
   "geometry": {
    "coordinates": [
     [
      [
       -180.0,
       -90.0
      ],
      [
       180.0,
       -90.0
      ],
      [
       180.0,
       90.0
      ],
      [
       -180.0,
       90.0
      ],
      [
       -180.0,
       -90.0
      ]
     ]
    ],
    "type": "Polygon"
   },
   "properties": {
    "country_iso_a3": "AUS",
    "country_name": "Australia",
    "discovery_platform_sequence": [
     "registered_source_catalog",
     "national_geological_or_environmental_survey",
     "PANGAEA",
     "EarthChem",
     "Zenodo",
     "Figshare",
     "publisher_supplementary_data"
    ],
    "gap_kind": "coverage_repair_task",
    "macroregion": "Oceania",
    "observed_canonical_grid_cells": 79,
    "observed_canonical_unique_samples": 4809,
    "preferred_repair_mode": "implement_catalog_candidate",
    "priority": 1502,
    "reason_codes": [
     "land_macroregion_coverage_debt"
    ],
    "recommended_action": "targeted source discovery or new sampling inside bbox; bbox is a search scope, not an administrative or scientific boundary",
    "registered_source_candidates": [],
    "required_elements": [
     "Ni"
    ],
    "required_media": [
     "sediment"
    ],
    "scope_key": "global",
    "status": "pending",
    "task_id": "b994444c4deb1aa2",
    "task_kind": "spatial_dimension_gap",
    "view_id": "element_medium:Ni|sediment"
   },
   "type": "Feature"
  },
  {
   "geometry": {
    "coordinates": [
     [
      [
       -180.0,
       -90.0
      ],
      [
       180.0,
       -90.0
      ],
      [
       180.0,
       90.0
      ],
      [
       -180.0,
       90.0
      ],
      [
       -180.0,
       -90.0
      ]
     ]
    ],
    "type": "Polygon"
   },
   "properties": {
    "country_iso_a3": "BRA",
    "country_name": "Brazil",
    "discovery_platform_sequence": [
     "registered_source_catalog",
     "national_geological_or_environmental_survey",
     "PANGAEA",
     "EarthChem",
     "Zenodo",
     "Figshare",
     "publisher_supplementary_data"
    ],
    "gap_kind": "coverage_repair_task",
    "macroregion": "South America",
    "observed_canonical_grid_cells": 79,
    "observed_canonical_unique_samples": 4809,
    "preferred_repair_mode": "implement_catalog_candidate",
    "priority": 1503,
    "reason_codes": [
     "land_macroregion_coverage_debt"
    ],
    "recommended_action": "targeted source discovery or new sampling inside bbox; bbox is a search scope, not an administrative or scientific boundary",
    "registered_source_candidates": [],
    "required_elements": [
     "Ni"
    ],
    "required_media": [
     "sediment"
    ],
    "scope_key": "global",
    "status": "pending",
    "task_id": "190fb0473d12b334",
    "task_kind": "spatial_dimension_gap",
    "view_id": "element_medium:Ni|sediment"
   },
   "type": "Feature"
  },
  {
   "geometry": {
    "coordinates": [
     [
      [
       -180.0,
       -90.0
      ],
      [
       180.0,
       -90.0
      ],
      [
       180.0,
       90.0
      ],
      [
       -180.0,
       90.0
      ],
      [
       -180.0,
       -90.0
      ]
     ]
    ],
    "type": "Polygon"
   },
   "properties": {
    "country_iso_a3": "RUS",
    "country_name": "Russia",
    "discovery_platform_sequence": [
     "registered_source_catalog",
     "national_geological_or_environmental_survey",
     "PANGAEA",
     "EarthChem",
     "Zenodo",
     "Figshare",
     "publisher_supplementary_data"
    ],
    "gap_kind": "coverage_repair_task",
    "macroregion": "Europe",
    "observed_canonical_grid_cells": 79,
    "observed_canonical_unique_samples": 4809,
    "preferred_repair_mode": "requery_selected_source",
    "priority": 1504,
    "reason_codes": [
     "land_macroregion_coverage_debt"
    ],
    "recommended_action": "targeted source discovery or new sampling inside bbox; bbox is a search scope, not an administrative or scientific boundary",
    "registered_source_candidates": [],
    "required_elements": [
     "Ni"
    ],
    "required_media": [
     "sediment"
    ],
    "scope_key": "global",
    "status": "pending",
    "task_id": "d49ecfe4f6739bdc",
    "task_kind": "spatial_dimension_gap",
    "view_id": "element_medium:Ni|sediment"
   },
   "type": "Feature"
  },
  {
   "geometry": {
    "coordinates": [
     [
      [
       -180.0,
       -90.0
      ],
      [
       180.0,
       -90.0
      ],
      [
       180.0,
       90.0
      ],
      [
       -180.0,
       90.0
      ],
      [
       -180.0,
       -90.0
      ]
     ]
    ],
    "type": "Polygon"
   },
   "properties": {
    "country_iso_a3": "USA",
    "country_name": "United States of America",
    "discovery_platform_sequence": [
     "registered_source_catalog",
     "national_geological_or_environmental_survey",
     "PANGAEA",
     "EarthChem",
     "Zenodo",
     "Figshare",
     "publisher_supplementary_data"
    ],
    "gap_kind": "coverage_repair_task",
    "macroregion": "North America",
    "observed_canonical_grid_cells": 79,
    "observed_canonical_unique_samples": 4809,
    "preferred_repair_mode": "implement_catalog_candidate",
    "priority": 1505,
    "reason_codes": [
     "land_macroregion_coverage_debt"
    ],
    "recommended_action": "targeted source discovery or new sampling inside bbox; bbox is a search scope, not an administrative or scientific boundary",
    "registered_source_candidates": [],
    "required_elements": [
     "Ni"
    ],
    "required_media": [
     "sediment"
    ],
    "scope_key": "global",
    "status": "pending",
    "task_id": "0752ad4729a57a48",
    "task_kind": "spatial_dimension_gap",
    "view_id": "element_medium:Ni|sediment"
   },
   "type": "Feature"
  },
  {
   "geometry": {
    "coordinates": [
     [
      [
       -180.0,
       -90.0
      ],
      [
       180.0,
       -90.0
      ],
      [
       180.0,
       90.0
      ],
      [
       -180.0,
       90.0
      ],
      [
       -180.0,
       -90.0
      ]
     ]
    ],
    "type": "Polygon"
   },
   "properties": {
    "country_iso_a3": "BRA",
    "country_name": "Brazil",
    "discovery_platform_sequence": [
     "registered_source_catalog",
     "national_geological_or_environmental_survey",
     "GEMStat",
     "PANGAEA",
     "Zenodo",
     "Figshare",
     "publisher_supplementary_data"
    ],
    "gap_kind": "coverage_repair_task",
    "macroregion": "South America",
    "observed_canonical_grid_cells": 309,
    "observed_canonical_unique_samples": 7915,
    "preferred_repair_mode": "requery_selected_source",
    "priority": 1520,
    "reason_codes": [
     "land_macroregion_coverage_debt"
    ],
    "recommended_action": "targeted source discovery or new sampling inside bbox; bbox is a search scope, not an administrative or scientific boundary",
    "registered_source_candidates": [],
    "required_elements": [
     "Ni"
    ],
    "required_media": [
     "water"
    ],
    "scope_key": "global",
    "status": "pending",
    "task_id": "b2209aa77d1ad5b7",
    "task_kind": "spatial_dimension_gap",
    "view_id": "element_medium:Ni|water"
   },
   "type": "Feature"
  },
  {
   "geometry": {
    "coordinates": [
     [
      [
       -180.0,
       -90.0
      ],
      [
       180.0,
       -90.0
      ],
      [
       180.0,
       90.0
      ],
      [
       -180.0,
       90.0
      ],
      [
       -180.0,
       -90.0
      ]
     ]
    ],
    "type": "Polygon"
   },
   "properties": {
    "country_iso_a3": "RUS",
    "country_name": "Russia",
    "discovery_platform_sequence": [
     "registered_source_catalog",
     "national_geological_or_environmental_survey",
     "GEMStat",
     "PANGAEA",
     "Zenodo",
     "Figshare",
     "publisher_supplementary_data"
    ],
    "gap_kind": "coverage_repair_task",
    "macroregion": "Europe",
    "observed_canonical_grid_cells": 309,
    "observed_canonical_unique_samples": 7915,
    "preferred_repair_mode": "requery_selected_source",
    "priority": 1521,
    "reason_codes": [
     "land_macroregion_coverage_debt"
    ],
    "recommended_action": "targeted source discovery or new sampling inside bbox; bbox is a search scope, not an administrative or scientific boundary",
    "registered_source_candidates": [],
    "required_elements": [
     "Ni"
    ],
    "required_media": [
     "water"
    ],
    "scope_key": "global",
    "status": "pending",
    "task_id": "82ebd466d2deb2fb",
    "task_kind": "spatial_dimension_gap",
    "view_id": "element_medium:Ni|water"
   },
   "type": "Feature"
  },
  {
   "geometry": {
    "coordinates": [
     [
      [
       -180.0,
       -90.0
      ],
      [
       180.0,
       -90.0
      ],
      [
       180.0,
       90.0
      ],
      [
       -180.0,
       90.0
      ],
      [
       -180.0,
       -90.0
      ]
     ]
    ],
    "type": "Polygon"
   },
   "properties": {
    "country_iso_a3": "CAN",
    "country_name": "Canada",
    "discovery_platform_sequence": [
     "registered_source_catalog",
     "national_geological_or_environmental_survey",
     "GEMStat",
     "PANGAEA",
     "Zenodo",
     "Figshare",
     "publisher_supplementary_data"
    ],
    "gap_kind": "coverage_repair_task",
    "macroregion": "North America",
    "observed_canonical_grid_cells": 309,
    "observed_canonical_unique_samples": 7915,
    "preferred_repair_mode": "requery_selected_source",
    "priority": 1522,
    "reason_codes": [
     "land_macroregion_coverage_debt"
    ],
    "recommended_action": "targeted source discovery or new sampling inside bbox; bbox is a search scope, not an administrative or scientific boundary",
    "registered_source_candidates": [],
    "required_elements": [
     "Ni"
    ],
    "required_media": [
     "water"
    ],
    "scope_key": "global",
    "status": "pending",
    "task_id": "2c160519527fc6d3",
    "task_kind": "spatial_dimension_gap",
    "view_id": "element_medium:Ni|water"
   },
   "type": "Feature"
  },
  {
   "geometry": {
    "coordinates": [
     [
      [
       -180.0,
       -90.0
      ],
      [
       180.0,
       -90.0
      ],
      [
       180.0,
       90.0
      ],
      [
       -180.0,
       90.0
      ],
      [
       -180.0,
       -90.0
      ]
     ]
    ],
    "type": "Polygon"
   },
   "properties": {
    "country_iso_a3": "USA",
    "country_name": "United States of America",
    "discovery_platform_sequence": [
     "registered_source_catalog",
     "national_geological_or_environmental_survey",
     "GEMStat",
     "PANGAEA",
     "Zenodo",
     "Figshare",
     "publisher_supplementary_data"
    ],
    "gap_kind": "coverage_repair_task",
    "macroregion": "North America",
    "observed_canonical_grid_cells": 309,
    "observed_canonical_unique_samples": 7915,
    "preferred_repair_mode": "requery_selected_source",
    "priority": 1523,
    "reason_codes": [
     "land_macroregion_coverage_debt"
    ],
    "recommended_action": "targeted source discovery or new sampling inside bbox; bbox is a search scope, not an administrative or scientific boundary",
    "registered_source_candidates": [],
    "required_elements": [
     "Ni"
    ],
    "required_media": [
     "water"
    ],
    "scope_key": "global",
    "status": "pending",
    "task_id": "d23cc67a9c677330",
    "task_kind": "spatial_dimension_gap",
    "view_id": "element_medium:Ni|water"
   },
   "type": "Feature"
  },
  {
   "geometry": {
    "coordinates": [
     [
      [
       -180.0,
       -90.0
      ],
      [
       180.0,
       -90.0
      ],
      [
       180.0,
       90.0
      ],
      [
       -180.0,
       90.0
      ],
      [
       -180.0,
       -90.0
      ]
     ]
    ],
    "type": "Polygon"
   },
   "properties": {
    "country_iso_a3": "CHN",
    "country_name": "China",
    "discovery_platform_sequence": [
     "registered_source_catalog",
     "national_geological_or_environmental_survey",
     "GEMStat",
     "PANGAEA",
     "Zenodo",
     "Figshare",
     "publisher_supplementary_data"
    ],
    "gap_kind": "coverage_repair_task",
    "macroregion": "Asia",
    "observed_canonical_grid_cells": 309,
    "observed_canonical_unique_samples": 7915,
    "preferred_repair_mode": "requery_selected_source",
    "priority": 1524,
    "reason_codes": [
     "land_macroregion_coverage_debt"
    ],
    "recommended_action": "targeted source discovery or new sampling inside bbox; bbox is a search scope, not an administrative or scientific boundary",
    "registered_source_candidates": [],
    "required_elements": [
     "Ni"
    ],
    "required_media": [
     "water"
    ],
    "scope_key": "global",
    "status": "pending",
    "task_id": "a1abea5b5b89a6c0",
    "task_kind": "spatial_dimension_gap",
    "view_id": "element_medium:Ni|water"
   },
   "type": "Feature"
  },
  {
   "geometry": {
    "coordinates": [
     [
      [
       -180.0,
       -90.0
      ],
      [
       180.0,
       -90.0
      ],
      [
       180.0,
       90.0
      ],
      [
       -180.0,
       90.0
      ],
      [
       -180.0,
       -90.0
      ]
     ]
    ],
    "type": "Polygon"
   },
   "properties": {
    "country_iso_a3": "AUS",
    "country_name": "Australia",
    "discovery_platform_sequence": [
     "registered_source_catalog",
     "national_geological_or_environmental_survey",
     "GEMStat",
     "PANGAEA",
     "Zenodo",
     "Figshare",
     "publisher_supplementary_data"
    ],
    "gap_kind": "coverage_repair_task",
    "macroregion": "Oceania",
    "observed_canonical_grid_cells": 309,
    "observed_canonical_unique_samples": 7915,
    "preferred_repair_mode": "requery_selected_source",
    "priority": 1525,
    "reason_codes": [
     "land_macroregion_coverage_debt"
    ],
    "recommended_action": "targeted source discovery or new sampling inside bbox; bbox is a search scope, not an administrative or scientific boundary",
    "registered_source_candidates": [],
    "required_elements": [
     "Ni"
    ],
    "required_media": [
     "water"
    ],
    "scope_key": "global",
    "status": "pending",
    "task_id": "170182d254be51aa",
    "task_kind": "spatial_dimension_gap",
    "view_id": "element_medium:Ni|water"
   },
   "type": "Feature"
  },
  {
   "geometry": {
    "coordinates": [
     [
      [
       -180.0,
       -90.0
      ],
      [
       180.0,
       -90.0
      ],
      [
       180.0,
       90.0
      ],
      [
       -180.0,
       90.0
      ],
      [
       -180.0,
       -90.0
      ]
     ]
    ],
    "type": "Polygon"
   },
   "properties": {
    "country_iso_a3": "COD",
    "country_name": "Democratic Republic of the Congo",
    "discovery_platform_sequence": [
     "registered_source_catalog",
     "national_geological_or_environmental_survey",
     "GEOROC",
     "EarthChem",
     "Zenodo",
     "Figshare",
     "publisher_supplementary_data"
    ],
    "gap_kind": "coverage_repair_task",
    "macroregion": "Africa",
    "observed_canonical_grid_cells": 0,
    "observed_canonical_unique_samples": 0,
    "preferred_repair_mode": "targeted_source_discovery",
    "priority": 1540,
    "reason_codes": [
     "canonical_sample_shortfall",
     "canonical_cell_shortfall",
     "canonical_coverage_zone_shortfall",
     "land_macroregion_coverage_debt"
    ],
    "recommended_action": "targeted source discovery or new sampling inside bbox; bbox is a search scope, not an administrative or scientific boundary",
    "registered_source_candidates": [],
    "required_elements": [
     "Pb"
    ],
    "required_media": [
     "rock"
    ],
    "scope_key": "global",
    "status": "pending",
    "task_id": "1f06964d8e908746",
    "task_kind": "spatial_dimension_gap",
    "view_id": "element_medium:Pb|rock"
   },
   "type": "Feature"
  },
  {
   "geometry": {
    "coordinates": [
     [
      [
       -180.0,
       -90.0
      ],
      [
       180.0,
       -90.0
      ],
      [
       180.0,
       90.0
      ],
      [
       -180.0,
       90.0
      ],
      [
       -180.0,
       -90.0
      ]
     ]
    ],
    "type": "Polygon"
   },
   "properties": {
    "country_iso_a3": "CHN",
    "country_name": "China",
    "discovery_platform_sequence": [
     "registered_source_catalog",
     "national_geological_or_environmental_survey",
     "GEOROC",
     "EarthChem",
     "Zenodo",
     "Figshare",
     "publisher_supplementary_data"
    ],
    "gap_kind": "coverage_repair_task",
    "macroregion": "Asia",
    "observed_canonical_grid_cells": 0,
    "observed_canonical_unique_samples": 0,
    "preferred_repair_mode": "targeted_source_discovery",
    "priority": 1541,
    "reason_codes": [
     "canonical_sample_shortfall",
     "canonical_cell_shortfall",
     "canonical_coverage_zone_shortfall",
     "land_macroregion_coverage_debt"
    ],
    "recommended_action": "targeted source discovery or new sampling inside bbox; bbox is a search scope, not an administrative or scientific boundary",
    "registered_source_candidates": [],
    "required_elements": [
     "Pb"
    ],
    "required_media": [
     "rock"
    ],
    "scope_key": "global",
    "status": "pending",
    "task_id": "1d9e26a611cb9fb4",
    "task_kind": "spatial_dimension_gap",
    "view_id": "element_medium:Pb|rock"
   },
   "type": "Feature"
  },
  {
   "geometry": {
    "coordinates": [
     [
      [
       -180.0,
       -90.0
      ],
      [
       180.0,
       -90.0
      ],
      [
       180.0,
       90.0
      ],
      [
       -180.0,
       90.0
      ],
      [
       -180.0,
       -90.0
      ]
     ]
    ],
    "type": "Polygon"
   },
   "properties": {
    "country_iso_a3": "RUS",
    "country_name": "Russia",
    "discovery_platform_sequence": [
     "registered_source_catalog",
     "national_geological_or_environmental_survey",
     "GEOROC",
     "EarthChem",
     "Zenodo",
     "Figshare",
     "publisher_supplementary_data"
    ],
    "gap_kind": "coverage_repair_task",
    "macroregion": "Europe",
    "observed_canonical_grid_cells": 0,
    "observed_canonical_unique_samples": 0,
    "preferred_repair_mode": "targeted_source_discovery",
    "priority": 1542,
    "reason_codes": [
     "canonical_sample_shortfall",
     "canonical_cell_shortfall",
     "canonical_coverage_zone_shortfall",
     "land_macroregion_coverage_debt"
    ],
    "recommended_action": "targeted source discovery or new sampling inside bbox; bbox is a search scope, not an administrative or scientific boundary",
    "registered_source_candidates": [],
    "required_elements": [
     "Pb"
    ],
    "required_media": [
     "rock"
    ],
    "scope_key": "global",
    "status": "pending",
    "task_id": "acaa472fc48bab74",
    "task_kind": "spatial_dimension_gap",
    "view_id": "element_medium:Pb|rock"
   },
   "type": "Feature"
  },
  {
   "geometry": {
    "coordinates": [
     [
      [
       -180.0,
       -90.0
      ],
      [
       180.0,
       -90.0
      ],
      [
       180.0,
       90.0
      ],
      [
       -180.0,
       90.0
      ],
      [
       -180.0,
       -90.0
      ]
     ]
    ],
    "type": "Polygon"
   },
   "properties": {
    "country_iso_a3": "CAN",
    "country_name": "Canada",
    "discovery_platform_sequence": [
     "registered_source_catalog",
     "national_geological_or_environmental_survey",
     "GEOROC",
     "EarthChem",
     "Zenodo",
     "Figshare",
     "publisher_supplementary_data"
    ],
    "gap_kind": "coverage_repair_task",
    "macroregion": "North America",
    "observed_canonical_grid_cells": 0,
    "observed_canonical_unique_samples": 0,
    "preferred_repair_mode": "targeted_source_discovery",
    "priority": 1543,
    "reason_codes": [
     "canonical_sample_shortfall",
     "canonical_cell_shortfall",
     "canonical_coverage_zone_shortfall",
     "land_macroregion_coverage_debt"
    ],
    "recommended_action": "targeted source discovery or new sampling inside bbox; bbox is a search scope, not an administrative or scientific boundary",
    "registered_source_candidates": [],
    "required_elements": [
     "Pb"
    ],
    "required_media": [
     "rock"
    ],
    "scope_key": "global",
    "status": "pending",
    "task_id": "6f75aae3d0ab7b5b",
    "task_kind": "spatial_dimension_gap",
    "view_id": "element_medium:Pb|rock"
   },
   "type": "Feature"
  },
  {
   "geometry": {
    "coordinates": [
     [
      [
       -180.0,
       -90.0
      ],
      [
       180.0,
       -90.0
      ],
      [
       180.0,
       90.0
      ],
      [
       -180.0,
       90.0
      ],
      [
       -180.0,
       -90.0
      ]
     ]
    ],
    "type": "Polygon"
   },
   "properties": {
    "country_iso_a3": "AUS",
    "country_name": "Australia",
    "discovery_platform_sequence": [
     "registered_source_catalog",
     "national_geological_or_environmental_survey",
     "GEOROC",
     "EarthChem",
     "Zenodo",
     "Figshare",
     "publisher_supplementary_data"
    ],
    "gap_kind": "coverage_repair_task",
    "macroregion": "Oceania",
    "observed_canonical_grid_cells": 0,
    "observed_canonical_unique_samples": 0,
    "preferred_repair_mode": "implement_catalog_candidate",
    "priority": 1544,
    "reason_codes": [
     "canonical_sample_shortfall",
     "canonical_cell_shortfall",
     "canonical_coverage_zone_shortfall",
     "land_macroregion_coverage_debt"
    ],
    "recommended_action": "targeted source discovery or new sampling inside bbox; bbox is a search scope, not an administrative or scientific boundary",
    "registered_source_candidates": [],
    "required_elements": [
     "Pb"
    ],
    "required_media": [
     "rock"
    ],
    "scope_key": "global",
    "status": "pending",
    "task_id": "d817b25d93f99cce",
    "task_kind": "spatial_dimension_gap",
    "view_id": "element_medium:Pb|rock"
   },
   "type": "Feature"
  },
  {
   "geometry": {
    "coordinates": [
     [
      [
       -180.0,
       -90.0
      ],
      [
       180.0,
       -90.0
      ],
      [
       180.0,
       90.0
      ],
      [
       -180.0,
       90.0
      ],
      [
       -180.0,
       -90.0
      ]
     ]
    ],
    "type": "Polygon"
   },
   "properties": {
    "country_iso_a3": "BRA",
    "country_name": "Brazil",
    "discovery_platform_sequence": [
     "registered_source_catalog",
     "national_geological_or_environmental_survey",
     "GEOROC",
     "EarthChem",
     "Zenodo",
     "Figshare",
     "publisher_supplementary_data"
    ],
    "gap_kind": "coverage_repair_task",
    "macroregion": "South America",
    "observed_canonical_grid_cells": 0,
    "observed_canonical_unique_samples": 0,
    "preferred_repair_mode": "implement_catalog_candidate",
    "priority": 1545,
    "reason_codes": [
     "canonical_sample_shortfall",
     "canonical_cell_shortfall",
     "canonical_coverage_zone_shortfall",
     "land_macroregion_coverage_debt"
    ],
    "recommended_action": "targeted source discovery or new sampling inside bbox; bbox is a search scope, not an administrative or scientific boundary",
    "registered_source_candidates": [],
    "required_elements": [
     "Pb"
    ],
    "required_media": [
     "rock"
    ],
    "scope_key": "global",
    "status": "pending",
    "task_id": "7b1eb1f3ca63ecc4",
    "task_kind": "spatial_dimension_gap",
    "view_id": "element_medium:Pb|rock"
   },
   "type": "Feature"
  },
  {
   "geometry": {
    "coordinates": [
     [
      [
       -180.0,
       -90.0
      ],
      [
       180.0,
       -90.0
      ],
      [
       180.0,
       90.0
      ],
      [
       -180.0,
       90.0
      ],
      [
       -180.0,
       -90.0
      ]
     ]
    ],
    "type": "Polygon"
   },
   "properties": {
    "country_iso_a3": "COD",
    "country_name": "Democratic Republic of the Congo",
    "discovery_platform_sequence": [
     "registered_source_catalog",
     "national_geological_or_environmental_survey",
     "PANGAEA",
     "EarthChem",
     "Zenodo",
     "Figshare",
     "publisher_supplementary_data"
    ],
    "gap_kind": "coverage_repair_task",
    "macroregion": "Africa",
    "observed_canonical_grid_cells": 77,
    "observed_canonical_unique_samples": 4534,
    "preferred_repair_mode": "targeted_source_discovery",
    "priority": 1560,
    "reason_codes": [
     "land_macroregion_coverage_debt"
    ],
    "recommended_action": "targeted source discovery or new sampling inside bbox; bbox is a search scope, not an administrative or scientific boundary",
    "registered_source_candidates": [],
    "required_elements": [
     "Pb"
    ],
    "required_media": [
     "soil"
    ],
    "scope_key": "global",
    "status": "pending",
    "task_id": "dbd3c44c7de5d0a3",
    "task_kind": "spatial_dimension_gap",
    "view_id": "element_medium:Pb|soil"
   },
   "type": "Feature"
  },
  {
   "geometry": {
    "coordinates": [
     [
      [
       -180.0,
       -90.0
      ],
      [
       180.0,
       -90.0
      ],
      [
       180.0,
       90.0
      ],
      [
       -180.0,
       90.0
      ],
      [
       -180.0,
       -90.0
      ]
     ]
    ],
    "type": "Polygon"
   },
   "properties": {
    "country_iso_a3": "CAN",
    "country_name": "Canada",
    "discovery_platform_sequence": [
     "registered_source_catalog",
     "national_geological_or_environmental_survey",
     "PANGAEA",
     "EarthChem",
     "Zenodo",
     "Figshare",
     "publisher_supplementary_data"
    ],
    "gap_kind": "coverage_repair_task",
    "macroregion": "North America",
    "observed_canonical_grid_cells": 77,
    "observed_canonical_unique_samples": 4534,
    "preferred_repair_mode": "targeted_source_discovery",
    "priority": 1561,
    "reason_codes": [
     "land_macroregion_coverage_debt"
    ],
    "recommended_action": "targeted source discovery or new sampling inside bbox; bbox is a search scope, not an administrative or scientific boundary",
    "registered_source_candidates": [],
    "required_elements": [
     "Pb"
    ],
    "required_media": [
     "soil"
    ],
    "scope_key": "global",
    "status": "pending",
    "task_id": "7e877a9a35521b47",
    "task_kind": "spatial_dimension_gap",
    "view_id": "element_medium:Pb|soil"
   },
   "type": "Feature"
  },
  {
   "geometry": {
    "coordinates": [
     [
      [
       -180.0,
       -90.0
      ],
      [
       180.0,
       -90.0
      ],
      [
       180.0,
       90.0
      ],
      [
       -180.0,
       90.0
      ],
      [
       -180.0,
       -90.0
      ]
     ]
    ],
    "type": "Polygon"
   },
   "properties": {
    "country_iso_a3": "AUS",
    "country_name": "Australia",
    "discovery_platform_sequence": [
     "registered_source_catalog",
     "national_geological_or_environmental_survey",
     "PANGAEA",
     "EarthChem",
     "Zenodo",
     "Figshare",
     "publisher_supplementary_data"
    ],
    "gap_kind": "coverage_repair_task",
    "macroregion": "Oceania",
    "observed_canonical_grid_cells": 77,
    "observed_canonical_unique_samples": 4534,
    "preferred_repair_mode": "targeted_source_discovery",
    "priority": 1562,
    "reason_codes": [
     "land_macroregion_coverage_debt"
    ],
    "recommended_action": "targeted source discovery or new sampling inside bbox; bbox is a search scope, not an administrative or scientific boundary",
    "registered_source_candidates": [],
    "required_elements": [
     "Pb"
    ],
    "required_media": [
     "soil"
    ],
    "scope_key": "global",
    "status": "pending",
    "task_id": "dba64933deca8e0d",
    "task_kind": "spatial_dimension_gap",
    "view_id": "element_medium:Pb|soil"
   },
   "type": "Feature"
  },
  {
   "geometry": {
    "coordinates": [
     [
      [
       -180.0,
       -90.0
      ],
      [
       180.0,
       -90.0
      ],
      [
       180.0,
       90.0
      ],
      [
       -180.0,
       90.0
      ],
      [
       -180.0,
       -90.0
      ]
     ]
    ],
    "type": "Polygon"
   },
   "properties": {
    "country_iso_a3": "RUS",
    "country_name": "Russia",
    "discovery_platform_sequence": [
     "registered_source_catalog",
     "national_geological_or_environmental_survey",
     "PANGAEA",
     "EarthChem",
     "Zenodo",
     "Figshare",
     "publisher_supplementary_data"
    ],
    "gap_kind": "coverage_repair_task",
    "macroregion": "Europe",
    "observed_canonical_grid_cells": 77,
    "observed_canonical_unique_samples": 4534,
    "preferred_repair_mode": "requery_selected_source",
    "priority": 1563,
    "reason_codes": [
     "land_macroregion_coverage_debt"
    ],
    "recommended_action": "targeted source discovery or new sampling inside bbox; bbox is a search scope, not an administrative or scientific boundary",
    "registered_source_candidates": [],
    "required_elements": [
     "Pb"
    ],
    "required_media": [
     "soil"
    ],
    "scope_key": "global",
    "status": "pending",
    "task_id": "91e284e086db9d60",
    "task_kind": "spatial_dimension_gap",
    "view_id": "element_medium:Pb|soil"
   },
   "type": "Feature"
  },
  {
   "geometry": {
    "coordinates": [
     [
      [
       -180.0,
       -90.0
      ],
      [
       180.0,
       -90.0
      ],
      [
       180.0,
       90.0
      ],
      [
       -180.0,
       90.0
      ],
      [
       -180.0,
       -90.0
      ]
     ]
    ],
    "type": "Polygon"
   },
   "properties": {
    "country_iso_a3": "USA",
    "country_name": "United States of America",
    "discovery_platform_sequence": [
     "registered_source_catalog",
     "national_geological_or_environmental_survey",
     "PANGAEA",
     "EarthChem",
     "Zenodo",
     "Figshare",
     "publisher_supplementary_data"
    ],
    "gap_kind": "coverage_repair_task",
    "macroregion": "North America",
    "observed_canonical_grid_cells": 77,
    "observed_canonical_unique_samples": 4534,
    "preferred_repair_mode": "requery_selected_source",
    "priority": 1564,
    "reason_codes": [
     "land_macroregion_coverage_debt"
    ],
    "recommended_action": "targeted source discovery or new sampling inside bbox; bbox is a search scope, not an administrative or scientific boundary",
    "registered_source_candidates": [],
    "required_elements": [
     "Pb"
    ],
    "required_media": [
     "soil"
    ],
    "scope_key": "global",
    "status": "pending",
    "task_id": "33206f15584443c5",
    "task_kind": "spatial_dimension_gap",
    "view_id": "element_medium:Pb|soil"
   },
   "type": "Feature"
  },
  {
   "geometry": {
    "coordinates": [
     [
      [
       -180.0,
       -90.0
      ],
      [
       180.0,
       -90.0
      ],
      [
       180.0,
       90.0
      ],
      [
       -180.0,
       90.0
      ],
      [
       -180.0,
       -90.0
      ]
     ]
    ],
    "type": "Polygon"
   },
   "properties": {
    "country_iso_a3": "CHN",
    "country_name": "China",
    "discovery_platform_sequence": [
     "registered_source_catalog",
     "national_geological_or_environmental_survey",
     "PANGAEA",
     "EarthChem",
     "Zenodo",
     "Figshare",
     "publisher_supplementary_data"
    ],
    "gap_kind": "coverage_repair_task",
    "macroregion": "Asia",
    "observed_canonical_grid_cells": 77,
    "observed_canonical_unique_samples": 4534,
    "preferred_repair_mode": "requery_selected_source",
    "priority": 1565,
    "reason_codes": [
     "land_macroregion_coverage_debt"
    ],
    "recommended_action": "targeted source discovery or new sampling inside bbox; bbox is a search scope, not an administrative or scientific boundary",
    "registered_source_candidates": [],
    "required_elements": [
     "Pb"
    ],
    "required_media": [
     "soil"
    ],
    "scope_key": "global",
    "status": "pending",
    "task_id": "78a249613e30902d",
    "task_kind": "spatial_dimension_gap",
    "view_id": "element_medium:Pb|soil"
   },
   "type": "Feature"
  },
  {
   "geometry": {
    "coordinates": [
     [
      [
       -180.0,
       -90.0
      ],
      [
       180.0,
       -90.0
      ],
      [
       180.0,
       90.0
      ],
      [
       -180.0,
       90.0
      ],
      [
       -180.0,
       -90.0
      ]
     ]
    ],
    "type": "Polygon"
   },
   "properties": {
    "country_iso_a3": "COD",
    "country_name": "Democratic Republic of the Congo",
    "discovery_platform_sequence": [
     "registered_source_catalog",
     "national_geological_or_environmental_survey",
     "PANGAEA",
     "EarthChem",
     "Zenodo",
     "Figshare",
     "publisher_supplementary_data"
    ],
    "gap_kind": "coverage_repair_task",
    "macroregion": "Africa",
    "observed_canonical_grid_cells": 102,
    "observed_canonical_unique_samples": 6158,
    "preferred_repair_mode": "targeted_source_discovery",
    "priority": 1580,
    "reason_codes": [
     "land_macroregion_coverage_debt"
    ],
    "recommended_action": "targeted source discovery or new sampling inside bbox; bbox is a search scope, not an administrative or scientific boundary",
    "registered_source_candidates": [],
    "required_elements": [
     "Pb"
    ],
    "required_media": [
     "sediment"
    ],
    "scope_key": "global",
    "status": "pending",
    "task_id": "c852e43ebd852bdf",
    "task_kind": "spatial_dimension_gap",
    "view_id": "element_medium:Pb|sediment"
   },
   "type": "Feature"
  },
  {
   "geometry": {
    "coordinates": [
     [
      [
       -180.0,
       -90.0
      ],
      [
       180.0,
       -90.0
      ],
      [
       180.0,
       90.0
      ],
      [
       -180.0,
       90.0
      ],
      [
       -180.0,
       -90.0
      ]
     ]
    ],
    "type": "Polygon"
   },
   "properties": {
    "country_iso_a3": "CAN",
    "country_name": "Canada",
    "discovery_platform_sequence": [
     "registered_source_catalog",
     "national_geological_or_environmental_survey",
     "PANGAEA",
     "EarthChem",
     "Zenodo",
     "Figshare",
     "publisher_supplementary_data"
    ],
    "gap_kind": "coverage_repair_task",
    "macroregion": "North America",
    "observed_canonical_grid_cells": 102,
    "observed_canonical_unique_samples": 6158,
    "preferred_repair_mode": "implement_catalog_candidate",
    "priority": 1581,
    "reason_codes": [
     "land_macroregion_coverage_debt"
    ],
    "recommended_action": "targeted source discovery or new sampling inside bbox; bbox is a search scope, not an administrative or scientific boundary",
    "registered_source_candidates": [],
    "required_elements": [
     "Pb"
    ],
    "required_media": [
     "sediment"
    ],
    "scope_key": "global",
    "status": "pending",
    "task_id": "c672d926e0d792de",
    "task_kind": "spatial_dimension_gap",
    "view_id": "element_medium:Pb|sediment"
   },
   "type": "Feature"
  },
  {
   "geometry": {
    "coordinates": [
     [
      [
       -180.0,
       -90.0
      ],
      [
       180.0,
       -90.0
      ],
      [
       180.0,
       90.0
      ],
      [
       -180.0,
       90.0
      ],
      [
       -180.0,
       -90.0
      ]
     ]
    ],
    "type": "Polygon"
   },
   "properties": {
    "country_iso_a3": "BRA",
    "country_name": "Brazil",
    "discovery_platform_sequence": [
     "registered_source_catalog",
     "national_geological_or_environmental_survey",
     "PANGAEA",
     "EarthChem",
     "Zenodo",
     "Figshare",
     "publisher_supplementary_data"
    ],
    "gap_kind": "coverage_repair_task",
    "macroregion": "South America",
    "observed_canonical_grid_cells": 102,
    "observed_canonical_unique_samples": 6158,
    "preferred_repair_mode": "implement_catalog_candidate",
    "priority": 1582,
    "reason_codes": [
     "land_macroregion_coverage_debt"
    ],
    "recommended_action": "targeted source discovery or new sampling inside bbox; bbox is a search scope, not an administrative or scientific boundary",
    "registered_source_candidates": [],
    "required_elements": [
     "Pb"
    ],
    "required_media": [
     "sediment"
    ],
    "scope_key": "global",
    "status": "pending",
    "task_id": "91ef2dd33fae887b",
    "task_kind": "spatial_dimension_gap",
    "view_id": "element_medium:Pb|sediment"
   },
   "type": "Feature"
  },
  {
   "geometry": {
    "coordinates": [
     [
      [
       -180.0,
       -90.0
      ],
      [
       180.0,
       -90.0
      ],
      [
       180.0,
       90.0
      ],
      [
       -180.0,
       90.0
      ],
      [
       -180.0,
       -90.0
      ]
     ]
    ],
    "type": "Polygon"
   },
   "properties": {
    "country_iso_a3": "RUS",
    "country_name": "Russia",
    "discovery_platform_sequence": [
     "registered_source_catalog",
     "national_geological_or_environmental_survey",
     "PANGAEA",
     "EarthChem",
     "Zenodo",
     "Figshare",
     "publisher_supplementary_data"
    ],
    "gap_kind": "coverage_repair_task",
    "macroregion": "Europe",
    "observed_canonical_grid_cells": 102,
    "observed_canonical_unique_samples": 6158,
    "preferred_repair_mode": "targeted_source_discovery",
    "priority": 1583,
    "reason_codes": [
     "land_macroregion_coverage_debt"
    ],
    "recommended_action": "targeted source discovery or new sampling inside bbox; bbox is a search scope, not an administrative or scientific boundary",
    "registered_source_candidates": [],
    "required_elements": [
     "Pb"
    ],
    "required_media": [
     "sediment"
    ],
    "scope_key": "global",
    "status": "pending",
    "task_id": "a578004db20bce34",
    "task_kind": "spatial_dimension_gap",
    "view_id": "element_medium:Pb|sediment"
   },
   "type": "Feature"
  },
  {
   "geometry": {
    "coordinates": [
     [
      [
       -180.0,
       -90.0
      ],
      [
       180.0,
       -90.0
      ],
      [
       180.0,
       90.0
      ],
      [
       -180.0,
       90.0
      ],
      [
       -180.0,
       -90.0
      ]
     ]
    ],
    "type": "Polygon"
   },
   "properties": {
    "country_iso_a3": "USA",
    "country_name": "United States of America",
    "discovery_platform_sequence": [
     "registered_source_catalog",
     "national_geological_or_environmental_survey",
     "PANGAEA",
     "EarthChem",
     "Zenodo",
     "Figshare",
     "publisher_supplementary_data"
    ],
    "gap_kind": "coverage_repair_task",
    "macroregion": "North America",
    "observed_canonical_grid_cells": 102,
    "observed_canonical_unique_samples": 6158,
    "preferred_repair_mode": "implement_catalog_candidate",
    "priority": 1584,
    "reason_codes": [
     "land_macroregion_coverage_debt"
    ],
    "recommended_action": "targeted source discovery or new sampling inside bbox; bbox is a search scope, not an administrative or scientific boundary",
    "registered_source_candidates": [],
    "required_elements": [
     "Pb"
    ],
    "required_media": [
     "sediment"
    ],
    "scope_key": "global",
    "status": "pending",
    "task_id": "95a04d707d16d8ea",
    "task_kind": "spatial_dimension_gap",
    "view_id": "element_medium:Pb|sediment"
   },
   "type": "Feature"
  },
  {
   "geometry": {
    "coordinates": [
     [
      [
       -180.0,
       -90.0
      ],
      [
       180.0,
       -90.0
      ],
      [
       180.0,
       90.0
      ],
      [
       -180.0,
       90.0
      ],
      [
       -180.0,
       -90.0
      ]
     ]
    ],
    "type": "Polygon"
   },
   "properties": {
    "country_iso_a3": "CHN",
    "country_name": "China",
    "discovery_platform_sequence": [
     "registered_source_catalog",
     "national_geological_or_environmental_survey",
     "PANGAEA",
     "EarthChem",
     "Zenodo",
     "Figshare",
     "publisher_supplementary_data"
    ],
    "gap_kind": "coverage_repair_task",
    "macroregion": "Asia",
    "observed_canonical_grid_cells": 102,
    "observed_canonical_unique_samples": 6158,
    "preferred_repair_mode": "requery_selected_source",
    "priority": 1585,
    "reason_codes": [
     "land_macroregion_coverage_debt"
    ],
    "recommended_action": "targeted source discovery or new sampling inside bbox; bbox is a search scope, not an administrative or scientific boundary",
    "registered_source_candidates": [],
    "required_elements": [
     "Pb"
    ],
    "required_media": [
     "sediment"
    ],
    "scope_key": "global",
    "status": "pending",
    "task_id": "5cd7ee8197a5fe11",
    "task_kind": "spatial_dimension_gap",
    "view_id": "element_medium:Pb|sediment"
   },
   "type": "Feature"
  },
  {
   "geometry": {
    "coordinates": [
     [
      [
       -180.0,
       -90.0
      ],
      [
       180.0,
       -90.0
      ],
      [
       180.0,
       90.0
      ],
      [
       -180.0,
       90.0
      ],
      [
       -180.0,
       -90.0
      ]
     ]
    ],
    "type": "Polygon"
   },
   "properties": {
    "country_iso_a3": "COD",
    "country_name": "Democratic Republic of the Congo",
    "discovery_platform_sequence": [
     "registered_source_catalog",
     "national_geological_or_environmental_survey",
     "GEMStat",
     "PANGAEA",
     "Zenodo",
     "Figshare",
     "publisher_supplementary_data"
    ],
    "gap_kind": "coverage_repair_task",
    "macroregion": "Africa",
    "observed_canonical_grid_cells": 53,
    "observed_canonical_unique_samples": 1750,
    "preferred_repair_mode": "targeted_source_discovery",
    "priority": 1600,
    "reason_codes": [
     "land_macroregion_coverage_debt"
    ],
    "recommended_action": "targeted source discovery or new sampling inside bbox; bbox is a search scope, not an administrative or scientific boundary",
    "registered_source_candidates": [],
    "required_elements": [
     "Pb"
    ],
    "required_media": [
     "water"
    ],
    "scope_key": "global",
    "status": "pending",
    "task_id": "716cd11d0fe79c98",
    "task_kind": "spatial_dimension_gap",
    "view_id": "element_medium:Pb|water"
   },
   "type": "Feature"
  },
  {
   "geometry": {
    "coordinates": [
     [
      [
       -180.0,
       -90.0
      ],
      [
       180.0,
       -90.0
      ],
      [
       180.0,
       90.0
      ],
      [
       -180.0,
       90.0
      ],
      [
       -180.0,
       -90.0
      ]
     ]
    ],
    "type": "Polygon"
   },
   "properties": {
    "country_iso_a3": "CHN",
    "country_name": "China",
    "discovery_platform_sequence": [
     "registered_source_catalog",
     "national_geological_or_environmental_survey",
     "GEMStat",
     "PANGAEA",
     "Zenodo",
     "Figshare",
     "publisher_supplementary_data"
    ],
    "gap_kind": "coverage_repair_task",
    "macroregion": "Asia",
    "observed_canonical_grid_cells": 53,
    "observed_canonical_unique_samples": 1750,
    "preferred_repair_mode": "targeted_source_discovery",
    "priority": 1601,
    "reason_codes": [
     "land_macroregion_coverage_debt"
    ],
    "recommended_action": "targeted source discovery or new sampling inside bbox; bbox is a search scope, not an administrative or scientific boundary",
    "registered_source_candidates": [],
    "required_elements": [
     "Pb"
    ],
    "required_media": [
     "water"
    ],
    "scope_key": "global",
    "status": "pending",
    "task_id": "7bff290bd4a02599",
    "task_kind": "spatial_dimension_gap",
    "view_id": "element_medium:Pb|water"
   },
   "type": "Feature"
  },
  {
   "geometry": {
    "coordinates": [
     [
      [
       -180.0,
       -90.0
      ],
      [
       180.0,
       -90.0
      ],
      [
       180.0,
       90.0
      ],
      [
       -180.0,
       90.0
      ],
      [
       -180.0,
       -90.0
      ]
     ]
    ],
    "type": "Polygon"
   },
   "properties": {
    "country_iso_a3": "AUS",
    "country_name": "Australia",
    "discovery_platform_sequence": [
     "registered_source_catalog",
     "national_geological_or_environmental_survey",
     "GEMStat",
     "PANGAEA",
     "Zenodo",
     "Figshare",
     "publisher_supplementary_data"
    ],
    "gap_kind": "coverage_repair_task",
    "macroregion": "Oceania",
    "observed_canonical_grid_cells": 53,
    "observed_canonical_unique_samples": 1750,
    "preferred_repair_mode": "targeted_source_discovery",
    "priority": 1602,
    "reason_codes": [
     "land_macroregion_coverage_debt"
    ],
    "recommended_action": "targeted source discovery or new sampling inside bbox; bbox is a search scope, not an administrative or scientific boundary",
    "registered_source_candidates": [],
    "required_elements": [
     "Pb"
    ],
    "required_media": [
     "water"
    ],
    "scope_key": "global",
    "status": "pending",
    "task_id": "ed269aeb7206eefc",
    "task_kind": "spatial_dimension_gap",
    "view_id": "element_medium:Pb|water"
   },
   "type": "Feature"
  },
  {
   "geometry": {
    "coordinates": [
     [
      [
       -180.0,
       -90.0
      ],
      [
       180.0,
       -90.0
      ],
      [
       180.0,
       90.0
      ],
      [
       -180.0,
       90.0
      ],
      [
       -180.0,
       -90.0
      ]
     ]
    ],
    "type": "Polygon"
   },
   "properties": {
    "country_iso_a3": "BRA",
    "country_name": "Brazil",
    "discovery_platform_sequence": [
     "registered_source_catalog",
     "national_geological_or_environmental_survey",
     "GEMStat",
     "PANGAEA",
     "Zenodo",
     "Figshare",
     "publisher_supplementary_data"
    ],
    "gap_kind": "coverage_repair_task",
    "macroregion": "South America",
    "observed_canonical_grid_cells": 53,
    "observed_canonical_unique_samples": 1750,
    "preferred_repair_mode": "implement_catalog_candidate",
    "priority": 1603,
    "reason_codes": [
     "land_macroregion_coverage_debt"
    ],
    "recommended_action": "targeted source discovery or new sampling inside bbox; bbox is a search scope, not an administrative or scientific boundary",
    "registered_source_candidates": [],
    "required_elements": [
     "Pb"
    ],
    "required_media": [
     "water"
    ],
    "scope_key": "global",
    "status": "pending",
    "task_id": "c1ce56e3c226cba2",
    "task_kind": "spatial_dimension_gap",
    "view_id": "element_medium:Pb|water"
   },
   "type": "Feature"
  },
  {
   "geometry": {
    "coordinates": [
     [
      [
       -180.0,
       -90.0
      ],
      [
       180.0,
       -90.0
      ],
      [
       180.0,
       90.0
      ],
      [
       -180.0,
       90.0
      ],
      [
       -180.0,
       -90.0
      ]
     ]
    ],
    "type": "Polygon"
   },
   "properties": {
    "country_iso_a3": "RUS",
    "country_name": "Russia",
    "discovery_platform_sequence": [
     "registered_source_catalog",
     "national_geological_or_environmental_survey",
     "GEMStat",
     "PANGAEA",
     "Zenodo",
     "Figshare",
     "publisher_supplementary_data"
    ],
    "gap_kind": "coverage_repair_task",
    "macroregion": "Europe",
    "observed_canonical_grid_cells": 53,
    "observed_canonical_unique_samples": 1750,
    "preferred_repair_mode": "targeted_source_discovery",
    "priority": 1604,
    "reason_codes": [
     "land_macroregion_coverage_debt"
    ],
    "recommended_action": "targeted source discovery or new sampling inside bbox; bbox is a search scope, not an administrative or scientific boundary",
    "registered_source_candidates": [],
    "required_elements": [
     "Pb"
    ],
    "required_media": [
     "water"
    ],
    "scope_key": "global",
    "status": "pending",
    "task_id": "cca3213bd4e74188",
    "task_kind": "spatial_dimension_gap",
    "view_id": "element_medium:Pb|water"
   },
   "type": "Feature"
  },
  {
   "geometry": {
    "coordinates": [
     [
      [
       -180.0,
       -90.0
      ],
      [
       180.0,
       -90.0
      ],
      [
       180.0,
       90.0
      ],
      [
       -180.0,
       90.0
      ],
      [
       -180.0,
       -90.0
      ]
     ]
    ],
    "type": "Polygon"
   },
   "properties": {
    "country_iso_a3": "CAN",
    "country_name": "Canada",
    "discovery_platform_sequence": [
     "registered_source_catalog",
     "national_geological_or_environmental_survey",
     "GEMStat",
     "PANGAEA",
     "Zenodo",
     "Figshare",
     "publisher_supplementary_data"
    ],
    "gap_kind": "coverage_repair_task",
    "macroregion": "North America",
    "observed_canonical_grid_cells": 53,
    "observed_canonical_unique_samples": 1750,
    "preferred_repair_mode": "requery_selected_source",
    "priority": 1605,
    "reason_codes": [
     "land_macroregion_coverage_debt"
    ],
    "recommended_action": "targeted source discovery or new sampling inside bbox; bbox is a search scope, not an administrative or scientific boundary",
    "registered_source_candidates": [],
    "required_elements": [
     "Pb"
    ],
    "required_media": [
     "water"
    ],
    "scope_key": "global",
    "status": "pending",
    "task_id": "16de24834bd6d7a5",
    "task_kind": "spatial_dimension_gap",
    "view_id": "element_medium:Pb|water"
   },
   "type": "Feature"
  },
  {
   "geometry": {
    "coordinates": [
     [
      [
       -180.0,
       -90.0
      ],
      [
       180.0,
       -90.0
      ],
      [
       180.0,
       90.0
      ],
      [
       -180.0,
       90.0
      ],
      [
       -180.0,
       -90.0
      ]
     ]
    ],
    "type": "Polygon"
   },
   "properties": {
    "country_iso_a3": "COD",
    "country_name": "Democratic Republic of the Congo",
    "discovery_platform_sequence": [
     "registered_source_catalog",
     "national_geological_or_environmental_survey",
     "GEOROC",
     "EarthChem",
     "Zenodo",
     "Figshare",
     "publisher_supplementary_data"
    ],
    "gap_kind": "coverage_repair_task",
    "macroregion": "Africa",
    "observed_canonical_grid_cells": 0,
    "observed_canonical_unique_samples": 0,
    "preferred_repair_mode": "targeted_source_discovery",
    "priority": 1620,
    "reason_codes": [
     "canonical_sample_shortfall",
     "canonical_cell_shortfall",
     "canonical_coverage_zone_shortfall",
     "land_macroregion_coverage_debt"
    ],
    "recommended_action": "targeted source discovery or new sampling inside bbox; bbox is a search scope, not an administrative or scientific boundary",
    "registered_source_candidates": [],
    "required_elements": [
     "Zn"
    ],
    "required_media": [
     "rock"
    ],
    "scope_key": "global",
    "status": "pending",
    "task_id": "6b11e75673385a12",
    "task_kind": "spatial_dimension_gap",
    "view_id": "element_medium:Zn|rock"
   },
   "type": "Feature"
  },
  {
   "geometry": {
    "coordinates": [
     [
      [
       -180.0,
       -90.0
      ],
      [
       180.0,
       -90.0
      ],
      [
       180.0,
       90.0
      ],
      [
       -180.0,
       90.0
      ],
      [
       -180.0,
       -90.0
      ]
     ]
    ],
    "type": "Polygon"
   },
   "properties": {
    "country_iso_a3": "CHN",
    "country_name": "China",
    "discovery_platform_sequence": [
     "registered_source_catalog",
     "national_geological_or_environmental_survey",
     "GEOROC",
     "EarthChem",
     "Zenodo",
     "Figshare",
     "publisher_supplementary_data"
    ],
    "gap_kind": "coverage_repair_task",
    "macroregion": "Asia",
    "observed_canonical_grid_cells": 0,
    "observed_canonical_unique_samples": 0,
    "preferred_repair_mode": "targeted_source_discovery",
    "priority": 1621,
    "reason_codes": [
     "canonical_sample_shortfall",
     "canonical_cell_shortfall",
     "canonical_coverage_zone_shortfall",
     "land_macroregion_coverage_debt"
    ],
    "recommended_action": "targeted source discovery or new sampling inside bbox; bbox is a search scope, not an administrative or scientific boundary",
    "registered_source_candidates": [],
    "required_elements": [
     "Zn"
    ],
    "required_media": [
     "rock"
    ],
    "scope_key": "global",
    "status": "pending",
    "task_id": "02465d6007b45063",
    "task_kind": "spatial_dimension_gap",
    "view_id": "element_medium:Zn|rock"
   },
   "type": "Feature"
  },
  {
   "geometry": {
    "coordinates": [
     [
      [
       -180.0,
       -90.0
      ],
      [
       180.0,
       -90.0
      ],
      [
       180.0,
       90.0
      ],
      [
       -180.0,
       90.0
      ],
      [
       -180.0,
       -90.0
      ]
     ]
    ],
    "type": "Polygon"
   },
   "properties": {
    "country_iso_a3": "RUS",
    "country_name": "Russia",
    "discovery_platform_sequence": [
     "registered_source_catalog",
     "national_geological_or_environmental_survey",
     "GEOROC",
     "EarthChem",
     "Zenodo",
     "Figshare",
     "publisher_supplementary_data"
    ],
    "gap_kind": "coverage_repair_task",
    "macroregion": "Europe",
    "observed_canonical_grid_cells": 0,
    "observed_canonical_unique_samples": 0,
    "preferred_repair_mode": "targeted_source_discovery",
    "priority": 1622,
    "reason_codes": [
     "canonical_sample_shortfall",
     "canonical_cell_shortfall",
     "canonical_coverage_zone_shortfall",
     "land_macroregion_coverage_debt"
    ],
    "recommended_action": "targeted source discovery or new sampling inside bbox; bbox is a search scope, not an administrative or scientific boundary",
    "registered_source_candidates": [],
    "required_elements": [
     "Zn"
    ],
    "required_media": [
     "rock"
    ],
    "scope_key": "global",
    "status": "pending",
    "task_id": "360edc492da3ea8c",
    "task_kind": "spatial_dimension_gap",
    "view_id": "element_medium:Zn|rock"
   },
   "type": "Feature"
  },
  {
   "geometry": {
    "coordinates": [
     [
      [
       -180.0,
       -90.0
      ],
      [
       180.0,
       -90.0
      ],
      [
       180.0,
       90.0
      ],
      [
       -180.0,
       90.0
      ],
      [
       -180.0,
       -90.0
      ]
     ]
    ],
    "type": "Polygon"
   },
   "properties": {
    "country_iso_a3": "CAN",
    "country_name": "Canada",
    "discovery_platform_sequence": [
     "registered_source_catalog",
     "national_geological_or_environmental_survey",
     "GEOROC",
     "EarthChem",
     "Zenodo",
     "Figshare",
     "publisher_supplementary_data"
    ],
    "gap_kind": "coverage_repair_task",
    "macroregion": "North America",
    "observed_canonical_grid_cells": 0,
    "observed_canonical_unique_samples": 0,
    "preferred_repair_mode": "targeted_source_discovery",
    "priority": 1623,
    "reason_codes": [
     "canonical_sample_shortfall",
     "canonical_cell_shortfall",
     "canonical_coverage_zone_shortfall",
     "land_macroregion_coverage_debt"
    ],
    "recommended_action": "targeted source discovery or new sampling inside bbox; bbox is a search scope, not an administrative or scientific boundary",
    "registered_source_candidates": [],
    "required_elements": [
     "Zn"
    ],
    "required_media": [
     "rock"
    ],
    "scope_key": "global",
    "status": "pending",
    "task_id": "67a3b033d97d574d",
    "task_kind": "spatial_dimension_gap",
    "view_id": "element_medium:Zn|rock"
   },
   "type": "Feature"
  },
  {
   "geometry": {
    "coordinates": [
     [
      [
       -180.0,
       -90.0
      ],
      [
       180.0,
       -90.0
      ],
      [
       180.0,
       90.0
      ],
      [
       -180.0,
       90.0
      ],
      [
       -180.0,
       -90.0
      ]
     ]
    ],
    "type": "Polygon"
   },
   "properties": {
    "country_iso_a3": "AUS",
    "country_name": "Australia",
    "discovery_platform_sequence": [
     "registered_source_catalog",
     "national_geological_or_environmental_survey",
     "GEOROC",
     "EarthChem",
     "Zenodo",
     "Figshare",
     "publisher_supplementary_data"
    ],
    "gap_kind": "coverage_repair_task",
    "macroregion": "Oceania",
    "observed_canonical_grid_cells": 0,
    "observed_canonical_unique_samples": 0,
    "preferred_repair_mode": "implement_catalog_candidate",
    "priority": 1624,
    "reason_codes": [
     "canonical_sample_shortfall",
     "canonical_cell_shortfall",
     "canonical_coverage_zone_shortfall",
     "land_macroregion_coverage_debt"
    ],
    "recommended_action": "targeted source discovery or new sampling inside bbox; bbox is a search scope, not an administrative or scientific boundary",
    "registered_source_candidates": [],
    "required_elements": [
     "Zn"
    ],
    "required_media": [
     "rock"
    ],
    "scope_key": "global",
    "status": "pending",
    "task_id": "bd4ebc2f658f9a1e",
    "task_kind": "spatial_dimension_gap",
    "view_id": "element_medium:Zn|rock"
   },
   "type": "Feature"
  },
  {
   "geometry": {
    "coordinates": [
     [
      [
       -180.0,
       -90.0
      ],
      [
       180.0,
       -90.0
      ],
      [
       180.0,
       90.0
      ],
      [
       -180.0,
       90.0
      ],
      [
       -180.0,
       -90.0
      ]
     ]
    ],
    "type": "Polygon"
   },
   "properties": {
    "country_iso_a3": "BRA",
    "country_name": "Brazil",
    "discovery_platform_sequence": [
     "registered_source_catalog",
     "national_geological_or_environmental_survey",
     "GEOROC",
     "EarthChem",
     "Zenodo",
     "Figshare",
     "publisher_supplementary_data"
    ],
    "gap_kind": "coverage_repair_task",
    "macroregion": "South America",
    "observed_canonical_grid_cells": 0,
    "observed_canonical_unique_samples": 0,
    "preferred_repair_mode": "implement_catalog_candidate",
    "priority": 1625,
    "reason_codes": [
     "canonical_sample_shortfall",
     "canonical_cell_shortfall",
     "canonical_coverage_zone_shortfall",
     "land_macroregion_coverage_debt"
    ],
    "recommended_action": "targeted source discovery or new sampling inside bbox; bbox is a search scope, not an administrative or scientific boundary",
    "registered_source_candidates": [],
    "required_elements": [
     "Zn"
    ],
    "required_media": [
     "rock"
    ],
    "scope_key": "global",
    "status": "pending",
    "task_id": "c92d5f4380d8eeea",
    "task_kind": "spatial_dimension_gap",
    "view_id": "element_medium:Zn|rock"
   },
   "type": "Feature"
  },
  {
   "geometry": {
    "coordinates": [
     [
      [
       -180.0,
       -90.0
      ],
      [
       180.0,
       -90.0
      ],
      [
       180.0,
       90.0
      ],
      [
       -180.0,
       90.0
      ],
      [
       -180.0,
       -90.0
      ]
     ]
    ],
    "type": "Polygon"
   },
   "properties": {
    "country_iso_a3": "AUS",
    "country_name": "Australia",
    "discovery_platform_sequence": [
     "registered_source_catalog",
     "national_geological_or_environmental_survey",
     "PANGAEA",
     "EarthChem",
     "Zenodo",
     "Figshare",
     "publisher_supplementary_data"
    ],
    "gap_kind": "coverage_repair_task",
    "macroregion": "Oceania",
    "observed_canonical_grid_cells": 111,
    "observed_canonical_unique_samples": 6566,
    "preferred_repair_mode": "targeted_source_discovery",
    "priority": 1640,
    "reason_codes": [
     "land_macroregion_coverage_debt"
    ],
    "recommended_action": "targeted source discovery or new sampling inside bbox; bbox is a search scope, not an administrative or scientific boundary",
    "registered_source_candidates": [],
    "required_elements": [
     "Zn"
    ],
    "required_media": [
     "soil"
    ],
    "scope_key": "global",
    "status": "pending",
    "task_id": "478014d13276ceac",
    "task_kind": "spatial_dimension_gap",
    "view_id": "element_medium:Zn|soil"
   },
   "type": "Feature"
  },
  {
   "geometry": {
    "coordinates": [
     [
      [
       -180.0,
       -90.0
      ],
      [
       180.0,
       -90.0
      ],
      [
       180.0,
       90.0
      ],
      [
       -180.0,
       90.0
      ],
      [
       -180.0,
       -90.0
      ]
     ]
    ],
    "type": "Polygon"
   },
   "properties": {
    "country_iso_a3": "RUS",
    "country_name": "Russia",
    "discovery_platform_sequence": [
     "registered_source_catalog",
     "national_geological_or_environmental_survey",
     "PANGAEA",
     "EarthChem",
     "Zenodo",
     "Figshare",
     "publisher_supplementary_data"
    ],
    "gap_kind": "coverage_repair_task",
    "macroregion": "Europe",
    "observed_canonical_grid_cells": 111,
    "observed_canonical_unique_samples": 6566,
    "preferred_repair_mode": "requery_selected_source",
    "priority": 1641,
    "reason_codes": [
     "land_macroregion_coverage_debt"
    ],
    "recommended_action": "targeted source discovery or new sampling inside bbox; bbox is a search scope, not an administrative or scientific boundary",
    "registered_source_candidates": [],
    "required_elements": [
     "Zn"
    ],
    "required_media": [
     "soil"
    ],
    "scope_key": "global",
    "status": "pending",
    "task_id": "b9dce8ca1e1683a2",
    "task_kind": "spatial_dimension_gap",
    "view_id": "element_medium:Zn|soil"
   },
   "type": "Feature"
  },
  {
   "geometry": {
    "coordinates": [
     [
      [
       -180.0,
       -90.0
      ],
      [
       180.0,
       -90.0
      ],
      [
       180.0,
       90.0
      ],
      [
       -180.0,
       90.0
      ],
      [
       -180.0,
       -90.0
      ]
     ]
    ],
    "type": "Polygon"
   },
   "properties": {
    "country_iso_a3": "CAN",
    "country_name": "Canada",
    "discovery_platform_sequence": [
     "registered_source_catalog",
     "national_geological_or_environmental_survey",
     "PANGAEA",
     "EarthChem",
     "Zenodo",
     "Figshare",
     "publisher_supplementary_data"
    ],
    "gap_kind": "coverage_repair_task",
    "macroregion": "North America",
    "observed_canonical_grid_cells": 111,
    "observed_canonical_unique_samples": 6566,
    "preferred_repair_mode": "targeted_source_discovery",
    "priority": 1642,
    "reason_codes": [
     "land_macroregion_coverage_debt"
    ],
    "recommended_action": "targeted source discovery or new sampling inside bbox; bbox is a search scope, not an administrative or scientific boundary",
    "registered_source_candidates": [],
    "required_elements": [
     "Zn"
    ],
    "required_media": [
     "soil"
    ],
    "scope_key": "global",
    "status": "pending",
    "task_id": "2b63d8aa9cabe267",
    "task_kind": "spatial_dimension_gap",
    "view_id": "element_medium:Zn|soil"
   },
   "type": "Feature"
  },
  {
   "geometry": {
    "coordinates": [
     [
      [
       -180.0,
       -90.0
      ],
      [
       180.0,
       -90.0
      ],
      [
       180.0,
       90.0
      ],
      [
       -180.0,
       90.0
      ],
      [
       -180.0,
       -90.0
      ]
     ]
    ],
    "type": "Polygon"
   },
   "properties": {
    "country_iso_a3": "USA",
    "country_name": "United States of America",
    "discovery_platform_sequence": [
     "registered_source_catalog",
     "national_geological_or_environmental_survey",
     "PANGAEA",
     "EarthChem",
     "Zenodo",
     "Figshare",
     "publisher_supplementary_data"
    ],
    "gap_kind": "coverage_repair_task",
    "macroregion": "North America",
    "observed_canonical_grid_cells": 111,
    "observed_canonical_unique_samples": 6566,
    "preferred_repair_mode": "requery_selected_source",
    "priority": 1643,
    "reason_codes": [
     "land_macroregion_coverage_debt"
    ],
    "recommended_action": "targeted source discovery or new sampling inside bbox; bbox is a search scope, not an administrative or scientific boundary",
    "registered_source_candidates": [],
    "required_elements": [
     "Zn"
    ],
    "required_media": [
     "soil"
    ],
    "scope_key": "global",
    "status": "pending",
    "task_id": "8469b31c85b3d1f5",
    "task_kind": "spatial_dimension_gap",
    "view_id": "element_medium:Zn|soil"
   },
   "type": "Feature"
  },
  {
   "geometry": {
    "coordinates": [
     [
      [
       -180.0,
       -90.0
      ],
      [
       180.0,
       -90.0
      ],
      [
       180.0,
       90.0
      ],
      [
       -180.0,
       90.0
      ],
      [
       -180.0,
       -90.0
      ]
     ]
    ],
    "type": "Polygon"
   },
   "properties": {
    "country_iso_a3": "CHN",
    "country_name": "China",
    "discovery_platform_sequence": [
     "registered_source_catalog",
     "national_geological_or_environmental_survey",
     "PANGAEA",
     "EarthChem",
     "Zenodo",
     "Figshare",
     "publisher_supplementary_data"
    ],
    "gap_kind": "coverage_repair_task",
    "macroregion": "Asia",
    "observed_canonical_grid_cells": 111,
    "observed_canonical_unique_samples": 6566,
    "preferred_repair_mode": "requery_selected_source",
    "priority": 1644,
    "reason_codes": [
     "land_macroregion_coverage_debt"
    ],
    "recommended_action": "targeted source discovery or new sampling inside bbox; bbox is a search scope, not an administrative or scientific boundary",
    "registered_source_candidates": [],
    "required_elements": [
     "Zn"
    ],
    "required_media": [
     "soil"
    ],
    "scope_key": "global",
    "status": "pending",
    "task_id": "899e301650da09e0",
    "task_kind": "spatial_dimension_gap",
    "view_id": "element_medium:Zn|soil"
   },
   "type": "Feature"
  },
  {
   "geometry": {
    "coordinates": [
     [
      [
       -180.0,
       -90.0
      ],
      [
       180.0,
       -90.0
      ],
      [
       180.0,
       90.0
      ],
      [
       -180.0,
       90.0
      ],
      [
       -180.0,
       -90.0
      ]
     ]
    ],
    "type": "Polygon"
   },
   "properties": {
    "country_iso_a3": "BRA",
    "country_name": "Brazil",
    "discovery_platform_sequence": [
     "registered_source_catalog",
     "national_geological_or_environmental_survey",
     "PANGAEA",
     "EarthChem",
     "Zenodo",
     "Figshare",
     "publisher_supplementary_data"
    ],
    "gap_kind": "coverage_repair_task",
    "macroregion": "South America",
    "observed_canonical_grid_cells": 111,
    "observed_canonical_unique_samples": 6566,
    "preferred_repair_mode": "requery_selected_source",
    "priority": 1645,
    "reason_codes": [
     "land_macroregion_coverage_debt"
    ],
    "recommended_action": "targeted source discovery or new sampling inside bbox; bbox is a search scope, not an administrative or scientific boundary",
    "registered_source_candidates": [],
    "required_elements": [
     "Zn"
    ],
    "required_media": [
     "soil"
    ],
    "scope_key": "global",
    "status": "pending",
    "task_id": "efd87674a6268375",
    "task_kind": "spatial_dimension_gap",
    "view_id": "element_medium:Zn|soil"
   },
   "type": "Feature"
  },
  {
   "geometry": {
    "coordinates": [
     [
      [
       -180.0,
       -90.0
      ],
      [
       180.0,
       -90.0
      ],
      [
       180.0,
       90.0
      ],
      [
       -180.0,
       90.0
      ],
      [
       -180.0,
       -90.0
      ]
     ]
    ],
    "type": "Polygon"
   },
   "properties": {
    "country_iso_a3": "COD",
    "country_name": "Democratic Republic of the Congo",
    "discovery_platform_sequence": [
     "registered_source_catalog",
     "national_geological_or_environmental_survey",
     "PANGAEA",
     "EarthChem",
     "Zenodo",
     "Figshare",
     "publisher_supplementary_data"
    ],
    "gap_kind": "coverage_repair_task",
    "macroregion": "Africa",
    "observed_canonical_grid_cells": 125,
    "observed_canonical_unique_samples": 7038,
    "preferred_repair_mode": "targeted_source_discovery",
    "priority": 1660,
    "reason_codes": [
     "land_macroregion_coverage_debt"
    ],
    "recommended_action": "targeted source discovery or new sampling inside bbox; bbox is a search scope, not an administrative or scientific boundary",
    "registered_source_candidates": [],
    "required_elements": [
     "Zn"
    ],
    "required_media": [
     "sediment"
    ],
    "scope_key": "global",
    "status": "pending",
    "task_id": "5ff19f4e43856a8a",
    "task_kind": "spatial_dimension_gap",
    "view_id": "element_medium:Zn|sediment"
   },
   "type": "Feature"
  },
  {
   "geometry": {
    "coordinates": [
     [
      [
       -180.0,
       -90.0
      ],
      [
       180.0,
       -90.0
      ],
      [
       180.0,
       90.0
      ],
      [
       -180.0,
       90.0
      ],
      [
       -180.0,
       -90.0
      ]
     ]
    ],
    "type": "Polygon"
   },
   "properties": {
    "country_iso_a3": "CAN",
    "country_name": "Canada",
    "discovery_platform_sequence": [
     "registered_source_catalog",
     "national_geological_or_environmental_survey",
     "PANGAEA",
     "EarthChem",
     "Zenodo",
     "Figshare",
     "publisher_supplementary_data"
    ],
    "gap_kind": "coverage_repair_task",
    "macroregion": "North America",
    "observed_canonical_grid_cells": 125,
    "observed_canonical_unique_samples": 7038,
    "preferred_repair_mode": "implement_catalog_candidate",
    "priority": 1661,
    "reason_codes": [
     "land_macroregion_coverage_debt"
    ],
    "recommended_action": "targeted source discovery or new sampling inside bbox; bbox is a search scope, not an administrative or scientific boundary",
    "registered_source_candidates": [],
    "required_elements": [
     "Zn"
    ],
    "required_media": [
     "sediment"
    ],
    "scope_key": "global",
    "status": "pending",
    "task_id": "ca1eed5ab9814578",
    "task_kind": "spatial_dimension_gap",
    "view_id": "element_medium:Zn|sediment"
   },
   "type": "Feature"
  },
  {
   "geometry": {
    "coordinates": [
     [
      [
       -180.0,
       -90.0
      ],
      [
       180.0,
       -90.0
      ],
      [
       180.0,
       90.0
      ],
      [
       -180.0,
       90.0
      ],
      [
       -180.0,
       -90.0
      ]
     ]
    ],
    "type": "Polygon"
   },
   "properties": {
    "country_iso_a3": "BRA",
    "country_name": "Brazil",
    "discovery_platform_sequence": [
     "registered_source_catalog",
     "national_geological_or_environmental_survey",
     "PANGAEA",
     "EarthChem",
     "Zenodo",
     "Figshare",
     "publisher_supplementary_data"
    ],
    "gap_kind": "coverage_repair_task",
    "macroregion": "South America",
    "observed_canonical_grid_cells": 125,
    "observed_canonical_unique_samples": 7038,
    "preferred_repair_mode": "implement_catalog_candidate",
    "priority": 1662,
    "reason_codes": [
     "land_macroregion_coverage_debt"
    ],
    "recommended_action": "targeted source discovery or new sampling inside bbox; bbox is a search scope, not an administrative or scientific boundary",
    "registered_source_candidates": [],
    "required_elements": [
     "Zn"
    ],
    "required_media": [
     "sediment"
    ],
    "scope_key": "global",
    "status": "pending",
    "task_id": "b5a3fed7185c8016",
    "task_kind": "spatial_dimension_gap",
    "view_id": "element_medium:Zn|sediment"
   },
   "type": "Feature"
  },
  {
   "geometry": {
    "coordinates": [
     [
      [
       -180.0,
       -90.0
      ],
      [
       180.0,
       -90.0
      ],
      [
       180.0,
       90.0
      ],
      [
       -180.0,
       90.0
      ],
      [
       -180.0,
       -90.0
      ]
     ]
    ],
    "type": "Polygon"
   },
   "properties": {
    "country_iso_a3": "RUS",
    "country_name": "Russia",
    "discovery_platform_sequence": [
     "registered_source_catalog",
     "national_geological_or_environmental_survey",
     "PANGAEA",
     "EarthChem",
     "Zenodo",
     "Figshare",
     "publisher_supplementary_data"
    ],
    "gap_kind": "coverage_repair_task",
    "macroregion": "Europe",
    "observed_canonical_grid_cells": 125,
    "observed_canonical_unique_samples": 7038,
    "preferred_repair_mode": "requery_selected_source",
    "priority": 1663,
    "reason_codes": [
     "land_macroregion_coverage_debt"
    ],
    "recommended_action": "targeted source discovery or new sampling inside bbox; bbox is a search scope, not an administrative or scientific boundary",
    "registered_source_candidates": [],
    "required_elements": [
     "Zn"
    ],
    "required_media": [
     "sediment"
    ],
    "scope_key": "global",
    "status": "pending",
    "task_id": "ac99f0e9c6c623f2",
    "task_kind": "spatial_dimension_gap",
    "view_id": "element_medium:Zn|sediment"
   },
   "type": "Feature"
  },
  {
   "geometry": {
    "coordinates": [
     [
      [
       -180.0,
       -90.0
      ],
      [
       180.0,
       -90.0
      ],
      [
       180.0,
       90.0
      ],
      [
       -180.0,
       90.0
      ],
      [
       -180.0,
       -90.0
      ]
     ]
    ],
    "type": "Polygon"
   },
   "properties": {
    "country_iso_a3": "USA",
    "country_name": "United States of America",
    "discovery_platform_sequence": [
     "registered_source_catalog",
     "national_geological_or_environmental_survey",
     "PANGAEA",
     "EarthChem",
     "Zenodo",
     "Figshare",
     "publisher_supplementary_data"
    ],
    "gap_kind": "coverage_repair_task",
    "macroregion": "North America",
    "observed_canonical_grid_cells": 125,
    "observed_canonical_unique_samples": 7038,
    "preferred_repair_mode": "implement_catalog_candidate",
    "priority": 1664,
    "reason_codes": [
     "land_macroregion_coverage_debt"
    ],
    "recommended_action": "targeted source discovery or new sampling inside bbox; bbox is a search scope, not an administrative or scientific boundary",
    "registered_source_candidates": [],
    "required_elements": [
     "Zn"
    ],
    "required_media": [
     "sediment"
    ],
    "scope_key": "global",
    "status": "pending",
    "task_id": "62ff1cce58a4141d",
    "task_kind": "spatial_dimension_gap",
    "view_id": "element_medium:Zn|sediment"
   },
   "type": "Feature"
  },
  {
   "geometry": {
    "coordinates": [
     [
      [
       -180.0,
       -90.0
      ],
      [
       180.0,
       -90.0
      ],
      [
       180.0,
       90.0
      ],
      [
       -180.0,
       90.0
      ],
      [
       -180.0,
       -90.0
      ]
     ]
    ],
    "type": "Polygon"
   },
   "properties": {
    "country_iso_a3": "CHN",
    "country_name": "China",
    "discovery_platform_sequence": [
     "registered_source_catalog",
     "national_geological_or_environmental_survey",
     "PANGAEA",
     "EarthChem",
     "Zenodo",
     "Figshare",
     "publisher_supplementary_data"
    ],
    "gap_kind": "coverage_repair_task",
    "macroregion": "Asia",
    "observed_canonical_grid_cells": 125,
    "observed_canonical_unique_samples": 7038,
    "preferred_repair_mode": "requery_selected_source",
    "priority": 1665,
    "reason_codes": [
     "land_macroregion_coverage_debt"
    ],
    "recommended_action": "targeted source discovery or new sampling inside bbox; bbox is a search scope, not an administrative or scientific boundary",
    "registered_source_candidates": [],
    "required_elements": [
     "Zn"
    ],
    "required_media": [
     "sediment"
    ],
    "scope_key": "global",
    "status": "pending",
    "task_id": "ddf4078a4567a8f5",
    "task_kind": "spatial_dimension_gap",
    "view_id": "element_medium:Zn|sediment"
   },
   "type": "Feature"
  },
  {
   "geometry": {
    "coordinates": [
     [
      [
       -180.0,
       -90.0
      ],
      [
       180.0,
       -90.0
      ],
      [
       180.0,
       90.0
      ],
      [
       -180.0,
       90.0
      ],
      [
       -180.0,
       -90.0
      ]
     ]
    ],
    "type": "Polygon"
   },
   "properties": {
    "country_iso_a3": "BRA",
    "country_name": "Brazil",
    "discovery_platform_sequence": [
     "registered_source_catalog",
     "national_geological_or_environmental_survey",
     "GEMStat",
     "PANGAEA",
     "Zenodo",
     "Figshare",
     "publisher_supplementary_data"
    ],
    "gap_kind": "coverage_repair_task",
    "macroregion": "South America",
    "observed_canonical_grid_cells": 306,
    "observed_canonical_unique_samples": 7877,
    "preferred_repair_mode": "requery_selected_source",
    "priority": 1680,
    "reason_codes": [
     "land_macroregion_coverage_debt"
    ],
    "recommended_action": "targeted source discovery or new sampling inside bbox; bbox is a search scope, not an administrative or scientific boundary",
    "registered_source_candidates": [],
    "required_elements": [
     "Zn"
    ],
    "required_media": [
     "water"
    ],
    "scope_key": "global",
    "status": "pending",
    "task_id": "fbc923d1dd4e1499",
    "task_kind": "spatial_dimension_gap",
    "view_id": "element_medium:Zn|water"
   },
   "type": "Feature"
  },
  {
   "geometry": {
    "coordinates": [
     [
      [
       -180.0,
       -90.0
      ],
      [
       180.0,
       -90.0
      ],
      [
       180.0,
       90.0
      ],
      [
       -180.0,
       90.0
      ],
      [
       -180.0,
       -90.0
      ]
     ]
    ],
    "type": "Polygon"
   },
   "properties": {
    "country_iso_a3": "RUS",
    "country_name": "Russia",
    "discovery_platform_sequence": [
     "registered_source_catalog",
     "national_geological_or_environmental_survey",
     "GEMStat",
     "PANGAEA",
     "Zenodo",
     "Figshare",
     "publisher_supplementary_data"
    ],
    "gap_kind": "coverage_repair_task",
    "macroregion": "Europe",
    "observed_canonical_grid_cells": 306,
    "observed_canonical_unique_samples": 7877,
    "preferred_repair_mode": "requery_selected_source",
    "priority": 1681,
    "reason_codes": [
     "land_macroregion_coverage_debt"
    ],
    "recommended_action": "targeted source discovery or new sampling inside bbox; bbox is a search scope, not an administrative or scientific boundary",
    "registered_source_candidates": [],
    "required_elements": [
     "Zn"
    ],
    "required_media": [
     "water"
    ],
    "scope_key": "global",
    "status": "pending",
    "task_id": "d71603ec6bcc8d88",
    "task_kind": "spatial_dimension_gap",
    "view_id": "element_medium:Zn|water"
   },
   "type": "Feature"
  },
  {
   "geometry": {
    "coordinates": [
     [
      [
       -180.0,
       -90.0
      ],
      [
       180.0,
       -90.0
      ],
      [
       180.0,
       90.0
      ],
      [
       -180.0,
       90.0
      ],
      [
       -180.0,
       -90.0
      ]
     ]
    ],
    "type": "Polygon"
   },
   "properties": {
    "country_iso_a3": "CAN",
    "country_name": "Canada",
    "discovery_platform_sequence": [
     "registered_source_catalog",
     "national_geological_or_environmental_survey",
     "GEMStat",
     "PANGAEA",
     "Zenodo",
     "Figshare",
     "publisher_supplementary_data"
    ],
    "gap_kind": "coverage_repair_task",
    "macroregion": "North America",
    "observed_canonical_grid_cells": 306,
    "observed_canonical_unique_samples": 7877,
    "preferred_repair_mode": "requery_selected_source",
    "priority": 1682,
    "reason_codes": [
     "land_macroregion_coverage_debt"
    ],
    "recommended_action": "targeted source discovery or new sampling inside bbox; bbox is a search scope, not an administrative or scientific boundary",
    "registered_source_candidates": [],
    "required_elements": [
     "Zn"
    ],
    "required_media": [
     "water"
    ],
    "scope_key": "global",
    "status": "pending",
    "task_id": "7a07d552f6ac8506",
    "task_kind": "spatial_dimension_gap",
    "view_id": "element_medium:Zn|water"
   },
   "type": "Feature"
  },
  {
   "geometry": {
    "coordinates": [
     [
      [
       -180.0,
       -90.0
      ],
      [
       180.0,
       -90.0
      ],
      [
       180.0,
       90.0
      ],
      [
       -180.0,
       90.0
      ],
      [
       -180.0,
       -90.0
      ]
     ]
    ],
    "type": "Polygon"
   },
   "properties": {
    "country_iso_a3": "USA",
    "country_name": "United States of America",
    "discovery_platform_sequence": [
     "registered_source_catalog",
     "national_geological_or_environmental_survey",
     "GEMStat",
     "PANGAEA",
     "Zenodo",
     "Figshare",
     "publisher_supplementary_data"
    ],
    "gap_kind": "coverage_repair_task",
    "macroregion": "North America",
    "observed_canonical_grid_cells": 306,
    "observed_canonical_unique_samples": 7877,
    "preferred_repair_mode": "requery_selected_source",
    "priority": 1683,
    "reason_codes": [
     "land_macroregion_coverage_debt"
    ],
    "recommended_action": "targeted source discovery or new sampling inside bbox; bbox is a search scope, not an administrative or scientific boundary",
    "registered_source_candidates": [],
    "required_elements": [
     "Zn"
    ],
    "required_media": [
     "water"
    ],
    "scope_key": "global",
    "status": "pending",
    "task_id": "381ca75ca8c61c17",
    "task_kind": "spatial_dimension_gap",
    "view_id": "element_medium:Zn|water"
   },
   "type": "Feature"
  },
  {
   "geometry": {
    "coordinates": [
     [
      [
       -180.0,
       -90.0
      ],
      [
       180.0,
       -90.0
      ],
      [
       180.0,
       90.0
      ],
      [
       -180.0,
       90.0
      ],
      [
       -180.0,
       -90.0
      ]
     ]
    ],
    "type": "Polygon"
   },
   "properties": {
    "country_iso_a3": "CHN",
    "country_name": "China",
    "discovery_platform_sequence": [
     "registered_source_catalog",
     "national_geological_or_environmental_survey",
     "GEMStat",
     "PANGAEA",
     "Zenodo",
     "Figshare",
     "publisher_supplementary_data"
    ],
    "gap_kind": "coverage_repair_task",
    "macroregion": "Asia",
    "observed_canonical_grid_cells": 306,
    "observed_canonical_unique_samples": 7877,
    "preferred_repair_mode": "requery_selected_source",
    "priority": 1684,
    "reason_codes": [
     "land_macroregion_coverage_debt"
    ],
    "recommended_action": "targeted source discovery or new sampling inside bbox; bbox is a search scope, not an administrative or scientific boundary",
    "registered_source_candidates": [],
    "required_elements": [
     "Zn"
    ],
    "required_media": [
     "water"
    ],
    "scope_key": "global",
    "status": "pending",
    "task_id": "c3ba43c21b5eef40",
    "task_kind": "spatial_dimension_gap",
    "view_id": "element_medium:Zn|water"
   },
   "type": "Feature"
  },
  {
   "geometry": {
    "coordinates": [
     [
      [
       -180.0,
       -90.0
      ],
      [
       180.0,
       -90.0
      ],
      [
       180.0,
       90.0
      ],
      [
       -180.0,
       90.0
      ],
      [
       -180.0,
       -90.0
      ]
     ]
    ],
    "type": "Polygon"
   },
   "properties": {
    "country_iso_a3": "AUS",
    "country_name": "Australia",
    "discovery_platform_sequence": [
     "registered_source_catalog",
     "national_geological_or_environmental_survey",
     "GEMStat",
     "PANGAEA",
     "Zenodo",
     "Figshare",
     "publisher_supplementary_data"
    ],
    "gap_kind": "coverage_repair_task",
    "macroregion": "Oceania",
    "observed_canonical_grid_cells": 306,
    "observed_canonical_unique_samples": 7877,
    "preferred_repair_mode": "requery_selected_source",
    "priority": 1685,
    "reason_codes": [
     "land_macroregion_coverage_debt"
    ],
    "recommended_action": "targeted source discovery or new sampling inside bbox; bbox is a search scope, not an administrative or scientific boundary",
    "registered_source_candidates": [],
    "required_elements": [
     "Zn"
    ],
    "required_media": [
     "water"
    ],
    "scope_key": "global",
    "status": "pending",
    "task_id": "212f569065ec4d93",
    "task_kind": "spatial_dimension_gap",
    "view_id": "element_medium:Zn|water"
   },
   "type": "Feature"
  },
  {
   "geometry": null,
   "properties": {
    "country_iso_a3": "RUS",
    "country_name": "Russia",
    "discovery_platform_sequence": [
     "registered_source_catalog",
     "national_geological_or_environmental_survey",
     "GEOROC",
     "EarthChem",
     "PANGAEA",
     "GEMStat",
     "Zenodo",
     "Figshare",
     "publisher_supplementary_data"
    ],
    "gap_kind": "coverage_repair_task",
    "macroregion": "Europe",
    "observed_canonical_grid_cells": 5,
    "observed_canonical_unique_samples": 315,
    "preferred_repair_mode": "requery_selected_source",
    "priority": 2000,
    "reason_codes": [
     "canonical_cell_shortfall"
    ],
    "recommended_action": "targeted source discovery or new sampling inside bbox; bbox is a search scope, not an administrative or scientific boundary",
    "registered_source_candidates": [],
    "required_elements": [
     "As",
     "Cr",
     "Cu",
     "Hg",
     "Ni",
     "Pb",
     "Zn"
    ],
    "required_media": [
     "rock",
     "soil",
     "sediment",
     "water"
    ],
    "scope_key": "global",
    "status": "pending",
    "task_id": "9a72f10f0855c9df",
    "task_kind": "global_geographic_gap",
    "view_id": "overall"
   },
   "type": "Feature"
  },
  {
   "geometry": null,
   "properties": {
    "country_iso_a3": "CHN",
    "country_name": "China",
    "discovery_platform_sequence": [
     "registered_source_catalog",
     "national_geological_or_environmental_survey",
     "GEOROC",
     "EarthChem",
     "PANGAEA",
     "GEMStat",
     "Zenodo",
     "Figshare",
     "publisher_supplementary_data"
    ],
    "gap_kind": "coverage_repair_task",
    "macroregion": "Asia",
    "observed_canonical_grid_cells": 2,
    "observed_canonical_unique_samples": 16,
    "preferred_repair_mode": "repair_coordinate_evidence",
    "priority": 2001,
    "reason_codes": [
     "canonical_sample_shortfall",
     "canonical_cell_shortfall",
     "reported_only_coordinate_evidence"
    ],
    "recommended_action": "targeted source discovery or new sampling inside bbox; bbox is a search scope, not an administrative or scientific boundary",
    "registered_source_candidates": [],
    "required_elements": [
     "As",
     "Cr",
     "Cu",
     "Hg",
     "Ni",
     "Pb",
     "Zn"
    ],
    "required_media": [
     "rock",
     "soil",
     "sediment",
     "water"
    ],
    "scope_key": "global",
    "status": "pending",
    "task_id": "4d75b9e09055ee7e",
    "task_kind": "global_geographic_gap",
    "view_id": "overall"
   },
   "type": "Feature"
  },
  {
   "geometry": null,
   "properties": {
    "country_iso_a3": "IND",
    "country_name": "India",
    "discovery_platform_sequence": [
     "registered_source_catalog",
     "national_geological_or_environmental_survey",
     "GEOROC",
     "EarthChem",
     "PANGAEA",
     "GEMStat",
     "Zenodo",
     "Figshare",
     "publisher_supplementary_data"
    ],
    "gap_kind": "coverage_repair_task",
    "macroregion": "Asia",
    "observed_canonical_grid_cells": 0,
    "observed_canonical_unique_samples": 0,
    "preferred_repair_mode": "requery_selected_source",
    "priority": 2002,
    "reason_codes": [
     "canonical_sample_shortfall",
     "canonical_cell_shortfall"
    ],
    "recommended_action": "targeted source discovery or new sampling inside bbox; bbox is a search scope, not an administrative or scientific boundary",
    "registered_source_candidates": [],
    "required_elements": [
     "As",
     "Cr",
     "Cu",
     "Hg",
     "Ni",
     "Pb",
     "Zn"
    ],
    "required_media": [
     "rock",
     "soil",
     "sediment",
     "water"
    ],
    "scope_key": "global",
    "status": "pending",
    "task_id": "9b50286245ceb19e",
    "task_kind": "global_geographic_gap",
    "view_id": "overall"
   },
   "type": "Feature"
  },
  {
   "geometry": null,
   "properties": {
    "country_iso_a3": "KAZ",
    "country_name": "Kazakhstan",
    "discovery_platform_sequence": [
     "registered_source_catalog",
     "national_geological_or_environmental_survey",
     "GEOROC",
     "EarthChem",
     "PANGAEA",
     "GEMStat",
     "Zenodo",
     "Figshare",
     "publisher_supplementary_data"
    ],
    "gap_kind": "coverage_repair_task",
    "macroregion": "Asia",
    "observed_canonical_grid_cells": 0,
    "observed_canonical_unique_samples": 0,
    "preferred_repair_mode": "requery_selected_source",
    "priority": 2003,
    "reason_codes": [
     "canonical_sample_shortfall",
     "canonical_cell_shortfall"
    ],
    "recommended_action": "targeted source discovery or new sampling inside bbox; bbox is a search scope, not an administrative or scientific boundary",
    "registered_source_candidates": [],
    "required_elements": [
     "As",
     "Cr",
     "Cu",
     "Hg",
     "Ni",
     "Pb",
     "Zn"
    ],
    "required_media": [
     "rock",
     "soil",
     "sediment",
     "water"
    ],
    "scope_key": "global",
    "status": "pending",
    "task_id": "49a352c3c7012b7e",
    "task_kind": "global_geographic_gap",
    "view_id": "overall"
   },
   "type": "Feature"
  },
  {
   "geometry": null,
   "properties": {
    "country_iso_a3": "ARG",
    "country_name": "Argentina",
    "discovery_platform_sequence": [
     "registered_source_catalog",
     "national_geological_or_environmental_survey",
     "GEOROC",
     "EarthChem",
     "PANGAEA",
     "GEMStat",
     "Zenodo",
     "Figshare",
     "publisher_supplementary_data"
    ],
    "gap_kind": "coverage_repair_task",
    "macroregion": "South America",
    "observed_canonical_grid_cells": 0,
    "observed_canonical_unique_samples": 0,
    "preferred_repair_mode": "requery_selected_source",
    "priority": 2004,
    "reason_codes": [
     "canonical_sample_shortfall",
     "canonical_cell_shortfall"
    ],
    "recommended_action": "targeted source discovery or new sampling inside bbox; bbox is a search scope, not an administrative or scientific boundary",
    "registered_source_candidates": [],
    "required_elements": [
     "As",
     "Cr",
     "Cu",
     "Hg",
     "Ni",
     "Pb",
     "Zn"
    ],
    "required_media": [
     "rock",
     "soil",
     "sediment",
     "water"
    ],
    "scope_key": "global",
    "status": "pending",
    "task_id": "313c5ebb47212f9b",
    "task_kind": "global_geographic_gap",
    "view_id": "overall"
   },
   "type": "Feature"
  },
  {
   "geometry": null,
   "properties": {
    "country_iso_a3": "COD",
    "country_name": "Democratic Republic of the Congo",
    "discovery_platform_sequence": [
     "registered_source_catalog",
     "national_geological_or_environmental_survey",
     "GEOROC",
     "EarthChem",
     "PANGAEA",
     "GEMStat",
     "Zenodo",
     "Figshare",
     "publisher_supplementary_data"
    ],
    "gap_kind": "coverage_repair_task",
    "macroregion": "Africa",
    "observed_canonical_grid_cells": 0,
    "observed_canonical_unique_samples": 0,
    "preferred_repair_mode": "requery_selected_source",
    "priority": 2005,
    "reason_codes": [
     "canonical_sample_shortfall",
     "canonical_cell_shortfall"
    ],
    "recommended_action": "targeted source discovery or new sampling inside bbox; bbox is a search scope, not an administrative or scientific boundary",
    "registered_source_candidates": [],
    "required_elements": [
     "As",
     "Cr",
     "Cu",
     "Hg",
     "Ni",
     "Pb",
     "Zn"
    ],
    "required_media": [
     "rock",
     "soil",
     "sediment",
     "water"
    ],
    "scope_key": "global",
    "status": "pending",
    "task_id": "93640a86a61b9801",
    "task_kind": "global_geographic_gap",
    "view_id": "overall"
   },
   "type": "Feature"
  },
  {
   "geometry": null,
   "properties": {
    "country_iso_a3": "DZA",
    "country_name": "Algeria",
    "discovery_platform_sequence": [
     "registered_source_catalog",
     "national_geological_or_environmental_survey",
     "GEOROC",
     "EarthChem",
     "PANGAEA",
     "GEMStat",
     "Zenodo",
     "Figshare",
     "publisher_supplementary_data"
    ],
    "gap_kind": "coverage_repair_task",
    "macroregion": "Africa",
    "observed_canonical_grid_cells": 4,
    "observed_canonical_unique_samples": 10,
    "preferred_repair_mode": "requery_selected_source",
    "priority": 2006,
    "reason_codes": [
     "canonical_sample_shortfall"
    ],
    "recommended_action": "targeted source discovery or new sampling inside bbox; bbox is a search scope, not an administrative or scientific boundary",
    "registered_source_candidates": [],
    "required_elements": [
     "As",
     "Cr",
     "Cu",
     "Hg",
     "Ni",
     "Pb",
     "Zn"
    ],
    "required_media": [
     "rock",
     "soil",
     "sediment",
     "water"
    ],
    "scope_key": "global",
    "status": "pending",
    "task_id": "4757ec84e82f522c",
    "task_kind": "global_geographic_gap",
    "view_id": "overall"
   },
   "type": "Feature"
  },
  {
   "geometry": null,
   "properties": {
    "country_iso_a3": "MNG",
    "country_name": "Mongolia",
    "discovery_platform_sequence": [
     "registered_source_catalog",
     "national_geological_or_environmental_survey",
     "GEOROC",
     "EarthChem",
     "PANGAEA",
     "GEMStat",
     "Zenodo",
     "Figshare",
     "publisher_supplementary_data"
    ],
    "gap_kind": "coverage_repair_task",
    "macroregion": "Asia",
    "observed_canonical_grid_cells": 0,
    "observed_canonical_unique_samples": 0,
    "preferred_repair_mode": "requery_selected_source",
    "priority": 2007,
    "reason_codes": [
     "canonical_sample_shortfall",
     "canonical_cell_shortfall"
    ],
    "recommended_action": "targeted source discovery or new sampling inside bbox; bbox is a search scope, not an administrative or scientific boundary",
    "registered_source_candidates": [],
    "required_elements": [
     "As",
     "Cr",
     "Cu",
     "Hg",
     "Ni",
     "Pb",
     "Zn"
    ],
    "required_media": [
     "rock",
     "soil",
     "sediment",
     "water"
    ],
    "scope_key": "global",
    "status": "pending",
    "task_id": "0ce0c5d0067e33d7",
    "task_kind": "global_geographic_gap",
    "view_id": "overall"
   },
   "type": "Feature"
  },
  {
   "geometry": null,
   "properties": {
    "country_iso_a3": "SAU",
    "country_name": "Saudi Arabia",
    "discovery_platform_sequence": [
     "registered_source_catalog",
     "national_geological_or_environmental_survey",
     "GEOROC",
     "EarthChem",
     "PANGAEA",
     "GEMStat",
     "Zenodo",
     "Figshare",
     "publisher_supplementary_data"
    ],
    "gap_kind": "coverage_repair_task",
    "macroregion": "Asia",
    "observed_canonical_grid_cells": 0,
    "observed_canonical_unique_samples": 0,
    "preferred_repair_mode": "requery_selected_source",
    "priority": 2008,
    "reason_codes": [
     "canonical_sample_shortfall",
     "canonical_cell_shortfall"
    ],
    "recommended_action": "targeted source discovery or new sampling inside bbox; bbox is a search scope, not an administrative or scientific boundary",
    "registered_source_candidates": [],
    "required_elements": [
     "As",
     "Cr",
     "Cu",
     "Hg",
     "Ni",
     "Pb",
     "Zn"
    ],
    "required_media": [
     "rock",
     "soil",
     "sediment",
     "water"
    ],
    "scope_key": "global",
    "status": "pending",
    "task_id": "6bfa8292ed42e9c3",
    "task_kind": "global_geographic_gap",
    "view_id": "overall"
   },
   "type": "Feature"
  },
  {
   "geometry": null,
   "properties": {
    "country_iso_a3": "IRN",
    "country_name": "Iran",
    "discovery_platform_sequence": [
     "registered_source_catalog",
     "national_geological_or_environmental_survey",
     "GEOROC",
     "EarthChem",
     "PANGAEA",
     "GEMStat",
     "Zenodo",
     "Figshare",
     "publisher_supplementary_data"
    ],
    "gap_kind": "coverage_repair_task",
    "macroregion": "Asia",
    "observed_canonical_grid_cells": 0,
    "observed_canonical_unique_samples": 0,
    "preferred_repair_mode": "requery_selected_source",
    "priority": 2009,
    "reason_codes": [
     "canonical_sample_shortfall",
     "canonical_cell_shortfall"
    ],
    "recommended_action": "targeted source discovery or new sampling inside bbox; bbox is a search scope, not an administrative or scientific boundary",
    "registered_source_candidates": [],
    "required_elements": [
     "As",
     "Cr",
     "Cu",
     "Hg",
     "Ni",
     "Pb",
     "Zn"
    ],
    "required_media": [
     "rock",
     "soil",
     "sediment",
     "water"
    ],
    "scope_key": "global",
    "status": "pending",
    "task_id": "e5964ac316ffbe39",
    "task_kind": "global_geographic_gap",
    "view_id": "overall"
   },
   "type": "Feature"
  },
  {
   "geometry": null,
   "properties": {
    "country_iso_a3": "IDN",
    "country_name": "Indonesia",
    "discovery_platform_sequence": [
     "registered_source_catalog",
     "national_geological_or_environmental_survey",
     "GEOROC",
     "EarthChem",
     "PANGAEA",
     "GEMStat",
     "Zenodo",
     "Figshare",
     "publisher_supplementary_data"
    ],
    "gap_kind": "coverage_repair_task",
    "macroregion": "Asia",
    "observed_canonical_grid_cells": 0,
    "observed_canonical_unique_samples": 0,
    "preferred_repair_mode": "requery_selected_source",
    "priority": 2010,
    "reason_codes": [
     "canonical_sample_shortfall",
     "canonical_cell_shortfall"
    ],
    "recommended_action": "targeted source discovery or new sampling inside bbox; bbox is a search scope, not an administrative or scientific boundary",
    "registered_source_candidates": [],
    "required_elements": [
     "As",
     "Cr",
     "Cu",
     "Hg",
     "Ni",
     "Pb",
     "Zn"
    ],
    "required_media": [
     "rock",
     "soil",
     "sediment",
     "water"
    ],
    "scope_key": "global",
    "status": "pending",
    "task_id": "0b62378b089040f6",
    "task_kind": "global_geographic_gap",
    "view_id": "overall"
   },
   "type": "Feature"
  },
  {
   "geometry": null,
   "properties": {
    "country_iso_a3": "LBY",
    "country_name": "Libya",
    "discovery_platform_sequence": [
     "registered_source_catalog",
     "national_geological_or_environmental_survey",
     "GEOROC",
     "EarthChem",
     "PANGAEA",
     "GEMStat",
     "Zenodo",
     "Figshare",
     "publisher_supplementary_data"
    ],
    "gap_kind": "coverage_repair_task",
    "macroregion": "Africa",
    "observed_canonical_grid_cells": 3,
    "observed_canonical_unique_samples": 7,
    "preferred_repair_mode": "requery_selected_source",
    "priority": 2011,
    "reason_codes": [
     "canonical_sample_shortfall"
    ],
    "recommended_action": "targeted source discovery or new sampling inside bbox; bbox is a search scope, not an administrative or scientific boundary",
    "registered_source_candidates": [],
    "required_elements": [
     "As",
     "Cr",
     "Cu",
     "Hg",
     "Ni",
     "Pb",
     "Zn"
    ],
    "required_media": [
     "rock",
     "soil",
     "sediment",
     "water"
    ],
    "scope_key": "global",
    "status": "pending",
    "task_id": "361dd1a0c21763eb",
    "task_kind": "global_geographic_gap",
    "view_id": "overall"
   },
   "type": "Feature"
  },
  {
   "geometry": null,
   "properties": {
    "country_iso_a3": "MEX",
    "country_name": "Mexico",
    "discovery_platform_sequence": [
     "registered_source_catalog",
     "national_geological_or_environmental_survey",
     "GEOROC",
     "EarthChem",
     "PANGAEA",
     "GEMStat",
     "Zenodo",
     "Figshare",
     "publisher_supplementary_data"
    ],
    "gap_kind": "coverage_repair_task",
    "macroregion": "North America",
    "observed_canonical_grid_cells": 0,
    "observed_canonical_unique_samples": 0,
    "preferred_repair_mode": "requery_selected_source",
    "priority": 2012,
    "reason_codes": [
     "canonical_sample_shortfall",
     "canonical_cell_shortfall"
    ],
    "recommended_action": "targeted source discovery or new sampling inside bbox; bbox is a search scope, not an administrative or scientific boundary",
    "registered_source_candidates": [],
    "required_elements": [
     "As",
     "Cr",
     "Cu",
     "Hg",
     "Ni",
     "Pb",
     "Zn"
    ],
    "required_media": [
     "rock",
     "soil",
     "sediment",
     "water"
    ],
    "scope_key": "global",
    "status": "pending",
    "task_id": "6de33a4e5bda0760",
    "task_kind": "global_geographic_gap",
    "view_id": "overall"
   },
   "type": "Feature"
  },
  {
   "geometry": null,
   "properties": {
    "country_iso_a3": "SDN",
    "country_name": "Sudan",
    "discovery_platform_sequence": [
     "registered_source_catalog",
     "national_geological_or_environmental_survey",
     "GEOROC",
     "EarthChem",
     "PANGAEA",
     "GEMStat",
     "Zenodo",
     "Figshare",
     "publisher_supplementary_data"
    ],
    "gap_kind": "coverage_repair_task",
    "macroregion": "Africa",
    "observed_canonical_grid_cells": 0,
    "observed_canonical_unique_samples": 0,
    "preferred_repair_mode": "requery_selected_source",
    "priority": 2013,
    "reason_codes": [
     "canonical_sample_shortfall",
     "canonical_cell_shortfall"
    ],
    "recommended_action": "targeted source discovery or new sampling inside bbox; bbox is a search scope, not an administrative or scientific boundary",
    "registered_source_candidates": [],
    "required_elements": [
     "As",
     "Cr",
     "Cu",
     "Hg",
     "Ni",
     "Pb",
     "Zn"
    ],
    "required_media": [
     "rock",
     "soil",
     "sediment",
     "water"
    ],
    "scope_key": "global",
    "status": "pending",
    "task_id": "3b21331af1dc80b3",
    "task_kind": "global_geographic_gap",
    "view_id": "overall"
   },
   "type": "Feature"
  },
  {
   "geometry": null,
   "properties": {
    "country_iso_a3": "COL",
    "country_name": "Colombia",
    "discovery_platform_sequence": [
     "registered_source_catalog",
     "national_geological_or_environmental_survey",
     "GEOROC",
     "EarthChem",
     "PANGAEA",
     "GEMStat",
     "Zenodo",
     "Figshare",
     "publisher_supplementary_data"
    ],
    "gap_kind": "coverage_repair_task",
    "macroregion": "South America",
    "observed_canonical_grid_cells": 0,
    "observed_canonical_unique_samples": 0,
    "preferred_repair_mode": "requery_selected_source",
    "priority": 2014,
    "reason_codes": [
     "canonical_sample_shortfall",
     "canonical_cell_shortfall"
    ],
    "recommended_action": "targeted source discovery or new sampling inside bbox; bbox is a search scope, not an administrative or scientific boundary",
    "registered_source_candidates": [],
    "required_elements": [
     "As",
     "Cr",
     "Cu",
     "Hg",
     "Ni",
     "Pb",
     "Zn"
    ],
    "required_media": [
     "rock",
     "soil",
     "sediment",
     "water"
    ],
    "scope_key": "global",
    "status": "pending",
    "task_id": "3174e9ccfb7b28bc",
    "task_kind": "global_geographic_gap",
    "view_id": "overall"
   },
   "type": "Feature"
  },
  {
   "geometry": null,
   "properties": {
    "country_iso_a3": "ZAF",
    "country_name": "South Africa",
    "discovery_platform_sequence": [
     "registered_source_catalog",
     "national_geological_or_environmental_survey",
     "GEOROC",
     "EarthChem",
     "PANGAEA",
     "GEMStat",
     "Zenodo",
     "Figshare",
     "publisher_supplementary_data"
    ],
    "gap_kind": "coverage_repair_task",
    "macroregion": "Africa",
    "observed_canonical_grid_cells": 0,
    "observed_canonical_unique_samples": 0,
    "preferred_repair_mode": "repair_coordinate_evidence",
    "priority": 2015,
    "reason_codes": [
     "canonical_sample_shortfall",
     "canonical_cell_shortfall",
     "reported_only_coordinate_evidence"
    ],
    "recommended_action": "targeted source discovery or new sampling inside bbox; bbox is a search scope, not an administrative or scientific boundary",
    "registered_source_candidates": [],
    "required_elements": [
     "As",
     "Cr",
     "Cu",
     "Hg",
     "Ni",
     "Pb",
     "Zn"
    ],
    "required_media": [
     "rock",
     "soil",
     "sediment",
     "water"
    ],
    "scope_key": "global",
    "status": "pending",
    "task_id": "cfbe45365392b1bd",
    "task_kind": "global_geographic_gap",
    "view_id": "overall"
   },
   "type": "Feature"
  },
  {
   "geometry": null,
   "properties": {
    "country_iso_a3": "BOL",
    "country_name": "Bolivia",
    "discovery_platform_sequence": [
     "registered_source_catalog",
     "national_geological_or_environmental_survey",
     "GEOROC",
     "EarthChem",
     "PANGAEA",
     "GEMStat",
     "Zenodo",
     "Figshare",
     "publisher_supplementary_data"
    ],
    "gap_kind": "coverage_repair_task",
    "macroregion": "South America",
    "observed_canonical_grid_cells": 0,
    "observed_canonical_unique_samples": 0,
    "preferred_repair_mode": "requery_selected_source",
    "priority": 2016,
    "reason_codes": [
     "canonical_sample_shortfall",
     "canonical_cell_shortfall"
    ],
    "recommended_action": "targeted source discovery or new sampling inside bbox; bbox is a search scope, not an administrative or scientific boundary",
    "registered_source_candidates": [],
    "required_elements": [
     "As",
     "Cr",
     "Cu",
     "Hg",
     "Ni",
     "Pb",
     "Zn"
    ],
    "required_media": [
     "rock",
     "soil",
     "sediment",
     "water"
    ],
    "scope_key": "global",
    "status": "pending",
    "task_id": "8d823147d6acefcf",
    "task_kind": "global_geographic_gap",
    "view_id": "overall"
   },
   "type": "Feature"
  },
  {
   "geometry": null,
   "properties": {
    "country_iso_a3": "CHL",
    "country_name": "Chile",
    "discovery_platform_sequence": [
     "registered_source_catalog",
     "national_geological_or_environmental_survey",
     "GEOROC",
     "EarthChem",
     "PANGAEA",
     "GEMStat",
     "Zenodo",
     "Figshare",
     "publisher_supplementary_data"
    ],
    "gap_kind": "coverage_repair_task",
    "macroregion": "South America",
    "observed_canonical_grid_cells": 0,
    "observed_canonical_unique_samples": 0,
    "preferred_repair_mode": "requery_selected_source",
    "priority": 2017,
    "reason_codes": [
     "canonical_sample_shortfall",
     "canonical_cell_shortfall"
    ],
    "recommended_action": "targeted source discovery or new sampling inside bbox; bbox is a search scope, not an administrative or scientific boundary",
    "registered_source_candidates": [],
    "required_elements": [
     "As",
     "Cr",
     "Cu",
     "Hg",
     "Ni",
     "Pb",
     "Zn"
    ],
    "required_media": [
     "rock",
     "soil",
     "sediment",
     "water"
    ],
    "scope_key": "global",
    "status": "pending",
    "task_id": "296287187d807786",
    "task_kind": "global_geographic_gap",
    "view_id": "overall"
   },
   "type": "Feature"
  },
  {
   "geometry": null,
   "properties": {
    "country_iso_a3": "EGY",
    "country_name": "Egypt",
    "discovery_platform_sequence": [
     "registered_source_catalog",
     "national_geological_or_environmental_survey",
     "GEOROC",
     "EarthChem",
     "PANGAEA",
     "GEMStat",
     "Zenodo",
     "Figshare",
     "publisher_supplementary_data"
    ],
    "gap_kind": "coverage_repair_task",
    "macroregion": "Africa",
    "observed_canonical_grid_cells": 3,
    "observed_canonical_unique_samples": 3,
    "preferred_repair_mode": "requery_selected_source",
    "priority": 2018,
    "reason_codes": [
     "canonical_sample_shortfall"
    ],
    "recommended_action": "targeted source discovery or new sampling inside bbox; bbox is a search scope, not an administrative or scientific boundary",
    "registered_source_candidates": [],
    "required_elements": [
     "As",
     "Cr",
     "Cu",
     "Hg",
     "Ni",
     "Pb",
     "Zn"
    ],
    "required_media": [
     "rock",
     "soil",
     "sediment",
     "water"
    ],
    "scope_key": "global",
    "status": "pending",
    "task_id": "aeb50ea1494769d0",
    "task_kind": "global_geographic_gap",
    "view_id": "overall"
   },
   "type": "Feature"
  },
  {
   "geometry": null,
   "properties": {
    "country_iso_a3": "MLI",
    "country_name": "Mali",
    "discovery_platform_sequence": [
     "registered_source_catalog",
     "national_geological_or_environmental_survey",
     "GEOROC",
     "EarthChem",
     "PANGAEA",
     "GEMStat",
     "Zenodo",
     "Figshare",
     "publisher_supplementary_data"
    ],
    "gap_kind": "coverage_repair_task",
    "macroregion": "Africa",
    "observed_canonical_grid_cells": 3,
    "observed_canonical_unique_samples": 5,
    "preferred_repair_mode": "repair_coordinate_evidence",
    "priority": 2019,
    "reason_codes": [
     "canonical_sample_shortfall",
     "reported_only_coordinate_evidence"
    ],
    "recommended_action": "targeted source discovery or new sampling inside bbox; bbox is a search scope, not an administrative or scientific boundary",
    "registered_source_candidates": [],
    "required_elements": [
     "As",
     "Cr",
     "Cu",
     "Hg",
     "Ni",
     "Pb",
     "Zn"
    ],
    "required_media": [
     "rock",
     "soil",
     "sediment",
     "water"
    ],
    "scope_key": "global",
    "status": "pending",
    "task_id": "b99695c6293b051c",
    "task_kind": "global_geographic_gap",
    "view_id": "overall"
   },
   "type": "Feature"
  },
  {
   "geometry": null,
   "properties": {
    "country_iso_a3": "MRT",
    "country_name": "Mauritania",
    "discovery_platform_sequence": [
     "registered_source_catalog",
     "national_geological_or_environmental_survey",
     "GEOROC",
     "EarthChem",
     "PANGAEA",
     "GEMStat",
     "Zenodo",
     "Figshare",
     "publisher_supplementary_data"
    ],
    "gap_kind": "coverage_repair_task",
    "macroregion": "Africa",
    "observed_canonical_grid_cells": 0,
    "observed_canonical_unique_samples": 0,
    "preferred_repair_mode": "requery_selected_source",
    "priority": 2020,
    "reason_codes": [
     "canonical_sample_shortfall",
     "canonical_cell_shortfall"
    ],
    "recommended_action": "targeted source discovery or new sampling inside bbox; bbox is a search scope, not an administrative or scientific boundary",
    "registered_source_candidates": [],
    "required_elements": [
     "As",
     "Cr",
     "Cu",
     "Hg",
     "Ni",
     "Pb",
     "Zn"
    ],
    "required_media": [
     "rock",
     "soil",
     "sediment",
     "water"
    ],
    "scope_key": "global",
    "status": "pending",
    "task_id": "6aee8bc592966473",
    "task_kind": "global_geographic_gap",
    "view_id": "overall"
   },
   "type": "Feature"
  },
  {
   "geometry": null,
   "properties": {
    "country_iso_a3": "NAM",
    "country_name": "Namibia",
    "discovery_platform_sequence": [
     "registered_source_catalog",
     "national_geological_or_environmental_survey",
     "GEOROC",
     "EarthChem",
     "PANGAEA",
     "GEMStat",
     "Zenodo",
     "Figshare",
     "publisher_supplementary_data"
    ],
    "gap_kind": "coverage_repair_task",
    "macroregion": "Africa",
    "observed_canonical_grid_cells": 0,
    "observed_canonical_unique_samples": 0,
    "preferred_repair_mode": "requery_selected_source",
    "priority": 2021,
    "reason_codes": [
     "canonical_sample_shortfall",
     "canonical_cell_shortfall"
    ],
    "recommended_action": "targeted source discovery or new sampling inside bbox; bbox is a search scope, not an administrative or scientific boundary",
    "registered_source_candidates": [],
    "required_elements": [
     "As",
     "Cr",
     "Cu",
     "Hg",
     "Ni",
     "Pb",
     "Zn"
    ],
    "required_media": [
     "rock",
     "soil",
     "sediment",
     "water"
    ],
    "scope_key": "global",
    "status": "pending",
    "task_id": "e144669bc09d8a59",
    "task_kind": "global_geographic_gap",
    "view_id": "overall"
   },
   "type": "Feature"
  },
  {
   "geometry": null,
   "properties": {
    "country_iso_a3": "NER",
    "country_name": "Niger",
    "discovery_platform_sequence": [
     "registered_source_catalog",
     "national_geological_or_environmental_survey",
     "GEOROC",
     "EarthChem",
     "PANGAEA",
     "GEMStat",
     "Zenodo",
     "Figshare",
     "publisher_supplementary_data"
    ],
    "gap_kind": "coverage_repair_task",
    "macroregion": "Africa",
    "observed_canonical_grid_cells": 3,
    "observed_canonical_unique_samples": 7,
    "preferred_repair_mode": "repair_coordinate_evidence",
    "priority": 2022,
    "reason_codes": [
     "canonical_sample_shortfall",
     "reported_only_coordinate_evidence"
    ],
    "recommended_action": "targeted source discovery or new sampling inside bbox; bbox is a search scope, not an administrative or scientific boundary",
    "registered_source_candidates": [],
    "required_elements": [
     "As",
     "Cr",
     "Cu",
     "Hg",
     "Ni",
     "Pb",
     "Zn"
    ],
    "required_media": [
     "rock",
     "soil",
     "sediment",
     "water"
    ],
    "scope_key": "global",
    "status": "pending",
    "task_id": "0462dc30fd07db6a",
    "task_kind": "global_geographic_gap",
    "view_id": "overall"
   },
   "type": "Feature"
  },
  {
   "geometry": null,
   "properties": {
    "country_iso_a3": "TCD",
    "country_name": "Chad",
    "discovery_platform_sequence": [
     "registered_source_catalog",
     "national_geological_or_environmental_survey",
     "GEOROC",
     "EarthChem",
     "PANGAEA",
     "GEMStat",
     "Zenodo",
     "Figshare",
     "publisher_supplementary_data"
    ],
    "gap_kind": "coverage_repair_task",
    "macroregion": "Africa",
    "observed_canonical_grid_cells": 1,
    "observed_canonical_unique_samples": 2,
    "preferred_repair_mode": "requery_selected_source",
    "priority": 2023,
    "reason_codes": [
     "canonical_sample_shortfall",
     "canonical_cell_shortfall"
    ],
    "recommended_action": "targeted source discovery or new sampling inside bbox; bbox is a search scope, not an administrative or scientific boundary",
    "registered_source_candidates": [],
    "required_elements": [
     "As",
     "Cr",
     "Cu",
     "Hg",
     "Ni",
     "Pb",
     "Zn"
    ],
    "required_media": [
     "rock",
     "soil",
     "sediment",
     "water"
    ],
    "scope_key": "global",
    "status": "pending",
    "task_id": "c9a14bfd2f09c4c0",
    "task_kind": "global_geographic_gap",
    "view_id": "overall"
   },
   "type": "Feature"
  },
  {
   "geometry": null,
   "properties": {
    "country_iso_a3": "TUR",
    "country_name": "Turkey",
    "discovery_platform_sequence": [
     "registered_source_catalog",
     "national_geological_or_environmental_survey",
     "GEOROC",
     "EarthChem",
     "PANGAEA",
     "GEMStat",
     "Zenodo",
     "Figshare",
     "publisher_supplementary_data"
    ],
    "gap_kind": "coverage_repair_task",
    "macroregion": "Asia",
    "observed_canonical_grid_cells": 0,
    "observed_canonical_unique_samples": 0,
    "preferred_repair_mode": "requery_selected_source",
    "priority": 2024,
    "reason_codes": [
     "canonical_sample_shortfall",
     "canonical_cell_shortfall"
    ],
    "recommended_action": "targeted source discovery or new sampling inside bbox; bbox is a search scope, not an administrative or scientific boundary",
    "registered_source_candidates": [],
    "required_elements": [
     "As",
     "Cr",
     "Cu",
     "Hg",
     "Ni",
     "Pb",
     "Zn"
    ],
    "required_media": [
     "rock",
     "soil",
     "sediment",
     "water"
    ],
    "scope_key": "global",
    "status": "pending",
    "task_id": "77d94f7fd2042023",
    "task_kind": "global_geographic_gap",
    "view_id": "overall"
   },
   "type": "Feature"
  },
  {
   "geometry": {
    "coordinates": [
     [
      [
       -180.0,
       -90.0
      ],
      [
       180.0,
       -90.0
      ],
      [
       180.0,
       90.0
      ],
      [
       -180.0,
       90.0
      ],
      [
       -180.0,
       -90.0
      ]
     ]
    ],
    "type": "Polygon"
   },
   "properties": {
    "country_iso_a3": null,
    "country_name": null,
    "discovery_platform_sequence": [
     "registered_source_catalog",
     "national_geological_or_environmental_survey",
     "GEOROC",
     "EarthChem",
     "Zenodo",
     "Figshare",
     "publisher_supplementary_data"
    ],
    "gap_kind": "coverage_repair_task",
    "macroregion": null,
    "observed_canonical_grid_cells": null,
    "observed_canonical_unique_samples": null,
    "preferred_repair_mode": "requery_selected_source",
    "priority": 4100,
    "reason_codes": [
     "medium_lineage_shortfall"
    ],
    "recommended_action": "targeted source discovery or new sampling inside bbox; bbox is a search scope, not an administrative or scientific boundary",
    "registered_source_candidates": [],
    "required_elements": [
     "As",
     "Cr",
     "Cu",
     "Hg",
     "Ni",
     "Pb",
     "Zn"
    ],
    "required_media": [
     "rock"
    ],
    "scope_key": "global",
    "status": "pending",
    "task_id": "251f964bf9f8c3dc",
    "task_kind": "medium_lineage_gap",
    "view_id": "medium:rock"
   },
   "type": "Feature"
  },
  {
   "geometry": {
    "coordinates": [
     [
      [
       -178.503006,
       -77.7015
      ],
      [
       177.524002,
       -77.7015
      ],
      [
       177.524002,
       55.77
      ],
      [
       -178.503006,
       55.77
      ],
      [
       -178.503006,
       -77.7015
      ]
     ]
    ],
    "type": "Polygon"
   },
   "properties": {
    "cohort_id": "cohort-001cde72840f",
    "dominant_source_id": "geotraces-idp2025",
    "dominant_source_share": 1.0,
    "element_or_analyte": "Cu",
    "gap_kind": "single_source_dominated_cohort",
    "medium": "water",
    "method_family": "",
    "n_quantified_samples": 1719,
    "recommended_action": "acquire an independent source lineage for this cohort instead of re-sampling the same footprint",
    "sample_type": "water_seawater",
    "unit_layer": "nmol/kg"
   },
   "type": "Feature"
  },
  {
   "geometry": {
    "coordinates": [
     [
      [
       -8.74,
       35.5
      ],
      [
       31.22,
       35.5
      ],
      [
       31.22,
       70.16
      ],
      [
       -8.74,
       70.16
      ],
      [
       -8.74,
       35.5
      ]
     ]
    ],
    "type": "Polygon"
   },
   "properties": {
    "cohort_id": "cohort-0188c09e0690",
    "dominant_source_id": "foregs-stream-water",
    "dominant_source_share": 1.0,
    "element_or_analyte": "Zn",
    "gap_kind": "single_source_dominated_cohort",
    "medium": "water",
    "method_family": "other_icp_qms_for_published_trace_metals",
    "n_quantified_samples": 797,
    "recommended_action": "acquire an independent source lineage for this cohort instead of re-sampling the same footprint",
    "sample_type": "water_stream",
    "unit_layer": "ug/L"
   },
   "type": "Feature"
  },
  {
   "geometry": {
    "coordinates": [
     [
      [
       -8.62,
       35.04
      ],
      [
       26.32,
       35.04
      ],
      [
       26.32,
       51.0
      ],
      [
       -8.62,
       51.0
      ],
      [
       -8.62,
       35.04
      ]
     ]
    ],
    "type": "Polygon"
   },
   "properties": {
    "cohort_id": "cohort-028c440752a6",
    "dominant_source_id": "foregs-subsoil",
    "dominant_source_share": 1.0,
    "element_or_analyte": "Cu",
    "gap_kind": "single_source_dominated_cohort",
    "medium": "soil",
    "method_family": "icp_oes",
    "n_quantified_samples": 419,
    "recommended_action": "acquire an independent source lineage for this cohort instead of re-sampling the same footprint",
    "sample_type": "soil_subsoil",
    "unit_layer": "mg/kg"
   },
   "type": "Feature"
  },
  {
   "geometry": {
    "coordinates": [
     [
      [
       -139.78,
       51.21
      ],
      [
       -117.7,
       51.21
      ],
      [
       -117.7,
       67.58
      ],
      [
       -139.78,
       67.58
      ],
      [
       -139.78,
       51.21
      ]
     ]
    ],
    "type": "Polygon"
   },
   "properties": {
    "cohort_id": "cohort-02b90b16f580",
    "dominant_source_id": "gemstat-open-archive",
    "dominant_source_share": 1.0,
    "element_or_analyte": "Cu",
    "gap_kind": "single_source_dominated_cohort",
    "medium": "water",
    "method_family": "other_total_metals_by_inductively_coupled_argon_plasma_emission_spectrometry_with_external_nebulizer",
    "n_quantified_samples": 133,
    "recommended_action": "acquire an independent source lineage for this cohort instead of re-sampling the same footprint",
    "sample_type": "water_river",
    "unit_layer": "ug/L"
   },
   "type": "Feature"
  },
  {
   "geometry": {
    "coordinates": [
     [
      [
       127.6799,
       26.1292
      ],
      [
       145.7221,
       26.1292
      ],
      [
       145.7221,
       45.4518
      ],
      [
       127.6799,
       45.4518
      ],
      [
       127.6799,
       26.1292
      ]
     ]
    ],
    "type": "Polygon"
   },
   "properties": {
    "cohort_id": "cohort-02f38acfbb7c",
    "dominant_source_id": "japan-gsj-geochemical-map",
    "dominant_source_share": 1.0,
    "element_or_analyte": "Pb",
    "gap_kind": "single_source_dominated_cohort",
    "medium": "sediment",
    "method_family": "",
    "n_quantified_samples": 3024,
    "recommended_action": "acquire an independent source lineage for this cohort instead of re-sampling the same footprint",
    "sample_type": "sediment_stream",
    "unit_layer": "mg/kg"
   },
   "type": "Feature"
  },
  {
   "geometry": {
    "coordinates": [
     [
      [
       -9.5724,
       35.3114
      ],
      [
       31.9145,
       35.3114
      ],
      [
       31.9145,
       69.4542
      ],
      [
       -9.5724,
       69.4542
      ],
      [
       -9.5724,
       35.3114
      ]
     ]
    ],
    "type": "Polygon"
   },
   "properties": {
    "cohort_id": "cohort-04d8a61527d6",
    "dominant_source_id": "gemas-europe",
    "dominant_source_share": 1.0,
    "element_or_analyte": "Zn",
    "gap_kind": "single_source_dominated_cohort",
    "medium": "soil",
    "method_family": "xrf",
    "n_quantified_samples": 116,
    "recommended_action": "acquire an independent source lineage for this cohort instead of re-sampling the same footprint",
    "sample_type": "soil_grazing_land",
    "unit_layer": "mg/kg"
   },
   "type": "Feature"
  },
  {
   "geometry": {
    "coordinates": [
     [
      [
       -64.171906,
       29.7001
      ],
      [
       -56.816895,
       29.7001
      ],
      [
       -56.816895,
       31.749399
      ],
      [
       -64.171906,
       31.749399
      ],
      [
       -64.171906,
       29.7001
      ]
     ]
    ],
    "type": "Polygon"
   },
   "properties": {
    "cohort_id": "cohort-08b5f8681cdb",
    "dominant_source_id": "geotraces-idp2025",
    "dominant_source_share": 1.0,
    "element_or_analyte": "Cu",
    "gap_kind": "single_source_dominated_cohort",
    "medium": "water",
    "method_family": "other_bodc_originator_and_methods_record_326861",
    "n_quantified_samples": 47,
    "recommended_action": "acquire an independent source lineage for this cohort instead of re-sampling the same footprint",
    "sample_type": "water_seawater",
    "unit_layer": "nmol/kg"
   },
   "type": "Feature"
  },
  {
   "geometry": {
    "coordinates": [
     [
      [
       -63.2342,
       52.728934
      ],
      [
       -59.8736,
       52.728934
      ],
      [
       -59.8736,
       53.7381
      ],
      [
       -63.2342,
       53.7381
      ],
      [
       -63.2342,
       52.728934
      ]
     ]
    ],
    "type": "Polygon"
   },
   "properties": {
    "cohort_id": "cohort-09cd5dea5553",
    "dominant_source_id": "gemstat-open-archive",
    "dominant_source_share": 1.0,
    "element_or_analyte": "Hg",
    "gap_kind": "single_source_dominated_cohort",
    "medium": "water",
    "method_family": "other_mercury_by_cold_vapor_atomic_fluorescence_detector_with_concentration_by_an_inline_gold_trap",
    "n_quantified_samples": 71,
    "recommended_action": "acquire an independent source lineage for this cohort instead of re-sampling the same footprint",
    "sample_type": "water_river",
    "unit_layer": "ug/L"
   },
   "type": "Feature"
  },
  {
   "geometry": {
    "coordinates": [
     [
      [
       -15.5660882,
       27.96442015
      ],
      [
       26.319878791,
       27.96442015
      ],
      [
       26.319878791,
       50.8575
      ],
      [
       -15.5660882,
       50.8575
      ],
      [
       -15.5660882,
       27.96442015
      ]
     ]
    ],
    "type": "Polygon"
   },
   "properties": {
    "cohort_id": "cohort-0ccebb12c24a",
    "dominant_source_id": "foregs-topsoil",
    "dominant_source_share": 1.0,
    "element_or_analyte": "Hg",
    "gap_kind": "single_source_dominated_cohort",
    "medium": "soil",
    "method_family": "aas",
    "n_quantified_samples": 439,
    "recommended_action": "acquire an independent source lineage for this cohort instead of re-sampling the same footprint",
    "sample_type": "soil_topsoil",
    "unit_layer": "mg/kg"
   },
   "type": "Feature"
  },
  {
   "geometry": {
    "coordinates": [
     [
      [
       -15.5555631,
       27.92424718
      ],
      [
       26.334653006,
       27.92424718
      ],
      [
       26.334653006,
       50.85749
      ],
      [
       -15.5555631,
       50.85749
      ],
      [
       -15.5555631,
       27.92424718
      ]
     ]
    ],
    "type": "Polygon"
   },
   "properties": {
    "cohort_id": "cohort-0cd3dff6cabd",
    "dominant_source_id": "foregs-stream-sediment",
    "dominant_source_share": 1.0,
    "element_or_analyte": "Zn",
    "gap_kind": "single_source_dominated_cohort",
    "medium": "sediment",
    "method_family": "icp_oes",
    "n_quantified_samples": 456,
    "recommended_action": "acquire an independent source lineage for this cohort instead of re-sampling the same footprint",
    "sample_type": "sediment_stream",
    "unit_layer": "mg/kg"
   },
   "type": "Feature"
  },
  {
   "geometry": {
    "coordinates": [
     [
      [
       117.71,
       24.188
      ],
      [
       126.912,
       24.188
      ],
      [
       126.912,
       31.87
      ],
      [
       117.71,
       31.87
      ],
      [
       117.71,
       24.188
      ]
     ]
    ],
    "type": "Polygon"
   },
   "properties": {
    "cohort_id": "cohort-0d70b75372e7",
    "dominant_source_id": "pangaea-east-china-sea-clay",
    "dominant_source_share": 1.0,
    "element_or_analyte": "Pb",
    "gap_kind": "single_source_dominated_cohort",
    "medium": "sediment",
    "method_family": "other_x_ray_diffraction_xrd_per_publisher_parameter_labels",
    "n_quantified_samples": 49,
    "recommended_action": "acquire an independent source lineage for this cohort instead of re-sampling the same footprint",
    "sample_type": "sediment_clay_fraction_leach_residue",
    "unit_layer": "mg/kg"
   },
   "type": "Feature"
  },
  {
   "geometry": {
    "coordinates": [
     [
      [
       -171.5,
       -15.0
      ],
      [
       -160.770004,
       -15.0
      ],
      [
       -160.770004,
       -3.5
      ],
      [
       -171.5,
       -3.5
      ],
      [
       -171.5,
       -15.0
      ]
     ]
    ],
    "type": "Polygon"
   },
   "properties": {
    "cohort_id": "cohort-0e337574a109",
    "dominant_source_id": "geotraces-idp2025",
    "dominant_source_share": 1.0,
    "element_or_analyte": "Ni",
    "gap_kind": "single_source_dominated_cohort",
    "medium": "water",
    "method_family": "other_bodc_originator_and_methods_record_584489",
    "n_quantified_samples": 114,
    "recommended_action": "acquire an independent source lineage for this cohort instead of re-sampling the same footprint",
    "sample_type": "water_seawater",
    "unit_layer": "nmol/kg"
   },
   "type": "Feature"
  },
  {
   "geometry": {
    "coordinates": [
     [
      [
       -139.78,
       51.21
      ],
      [
       -117.7,
       51.21
      ],
      [
       -117.7,
       67.58
      ],
      [
       -139.78,
       67.58
      ],
      [
       -139.78,
       51.21
      ]
     ]
    ],
    "type": "Polygon"
   },
   "properties": {
    "cohort_id": "cohort-1015e1deb364",
    "dominant_source_id": "gemstat-open-archive",
    "dominant_source_share": 1.0,
    "element_or_analyte": "Cu",
    "gap_kind": "single_source_dominated_cohort",
    "medium": "water",
    "method_family": "icp_ms",
    "n_quantified_samples": 276,
    "recommended_action": "acquire an independent source lineage for this cohort instead of re-sampling the same footprint",
    "sample_type": "water_river",
    "unit_layer": "ug/L"
   },
   "type": "Feature"
  },
  {
   "geometry": {
    "coordinates": [
     [
      [
       30.0,
       -58.515999
      ],
      [
       30.257999,
       -58.515999
      ],
      [
       30.257999,
       -41.004002
      ],
      [
       30.0,
       -41.004002
      ],
      [
       30.0,
       -58.515999
      ]
     ]
    ],
    "type": "Polygon"
   },
   "properties": {
    "cohort_id": "cohort-103ad634f2dc",
    "dominant_source_id": "geotraces-idp2025",
    "dominant_source_share": 1.0,
    "element_or_analyte": "Ni",
    "gap_kind": "single_source_dominated_cohort",
    "medium": "water",
    "method_family": "other_bodc_originator_and_methods_record_591909",
    "n_quantified_samples": 132,
    "recommended_action": "acquire an independent source lineage for this cohort instead of re-sampling the same footprint",
    "sample_type": "water_seawater",
    "unit_layer": "nmol/kg"
   },
   "type": "Feature"
  },
  {
   "geometry": {
    "coordinates": [
     [
      [
       105.2847,
       4.0725
      ],
      [
       120.155,
       4.0725
      ],
      [
       120.155,
       20.6
      ],
      [
       105.2847,
       20.6
      ],
      [
       105.2847,
       4.0725
      ]
     ]
    ],
    "type": "Polygon"
   },
   "properties": {
    "cohort_id": "cohort-108458252986",
    "dominant_source_id": "pangaea-south-china-sea-sediment",
    "dominant_source_share": 1.0,
    "element_or_analyte": "Ni",
    "gap_kind": "single_source_dominated_cohort",
    "medium": "sediment",
    "method_family": "icp_ms",
    "n_quantified_samples": 44,
    "recommended_action": "acquire an independent source lineage for this cohort instead of re-sampling the same footprint",
    "sample_type": "sediment_marine_surface",
    "unit_layer": "mg/kg"
   },
   "type": "Feature"
  },
  {
   "geometry": {
    "coordinates": [
     [
      [
       -139.78,
       51.21
      ],
      [
       -117.7,
       51.21
      ],
      [
       -117.7,
       67.58
      ],
      [
       -139.78,
       67.58
      ],
      [
       -139.78,
       51.21
      ]
     ]
    ],
    "type": "Polygon"
   },
   "properties": {
    "cohort_id": "cohort-10970ff7a085",
    "dominant_source_id": "gemstat-open-archive",
    "dominant_source_share": 1.0,
    "element_or_analyte": "Cr",
    "gap_kind": "single_source_dominated_cohort",
    "medium": "water",
    "method_family": "other_total_metals_with_in_bottle_digestion_and_inductively_coupled_plasma_sector_field_mass_spectrometer",
    "n_quantified_samples": 300,
    "recommended_action": "acquire an independent source lineage for this cohort instead of re-sampling the same footprint",
    "sample_type": "water_river",
    "unit_layer": "ug/L"
   },
   "type": "Feature"
  },
  {
   "geometry": {
    "coordinates": [
     [
      [
       -155.735992,
       -74.1763
      ],
      [
       -112.134995,
       -74.1763
      ],
      [
       -112.134995,
       -50.999802
      ],
      [
       -155.735992,
       -50.999802
      ],
      [
       -155.735992,
       -74.1763
      ]
     ]
    ],
    "type": "Polygon"
   },
   "properties": {
    "cohort_id": "cohort-11d4615529dd",
    "dominant_source_id": "geotraces-idp2025",
    "dominant_source_share": 1.0,
    "element_or_analyte": "Cu",
    "gap_kind": "single_source_dominated_cohort",
    "medium": "water",
    "method_family": "other_bodc_originator_and_methods_record_675923",
    "n_quantified_samples": 229,
    "recommended_action": "acquire an independent source lineage for this cohort instead of re-sampling the same footprint",
    "sample_type": "water_seawater",
    "unit_layer": "nmol/kg"
   },
   "type": "Feature"
  },
  {
   "geometry": {
    "coordinates": [
     [
      [
       -91.43916667,
       38.71
      ],
      [
       -74.77833333,
       38.71
      ],
      [
       -74.77833333,
       40.22166667
      ],
      [
       -91.43916667,
       40.22166667
      ],
      [
       -91.43916667,
       38.71
      ]
     ]
    ],
    "type": "Polygon"
   },
   "properties": {
    "cohort_id": "cohort-13759d9da1e8",
    "dominant_source_id": "gemstat-open-archive",
    "dominant_source_share": 1.0,
    "element_or_analyte": "As",
    "gap_kind": "single_source_dominated_cohort",
    "medium": "water",
    "method_family": "other_silver_diethyldithiocarbamate_method_with_hno3_digestion",
    "n_quantified_samples": 42,
    "recommended_action": "acquire an independent source lineage for this cohort instead of re-sampling the same footprint",
    "sample_type": "water_river",
    "unit_layer": "ug/L"
   },
   "type": "Feature"
  },
  {
   "geometry": {
    "coordinates": [
     [
      [
       -124.132,
       30.4554
      ],
      [
       -85.0352,
       30.4554
      ],
      [
       -85.0352,
       41.9863
      ],
      [
       -124.132,
       41.9863
      ],
      [
       -124.132,
       30.4554
      ]
     ]
    ],
    "type": "Polygon"
   },
   "properties": {
    "cohort_id": "cohort-14133628227c",
    "dominant_source_id": "usgs-conus-soil",
    "dominant_source_share": 1.0,
    "element_or_analyte": "Ni",
    "gap_kind": "single_source_dominated_cohort",
    "medium": "soil",
    "method_family": "icp_oes",
    "n_quantified_samples": 661,
    "recommended_action": "acquire an independent source lineage for this cohort instead of re-sampling the same footprint",
    "sample_type": "soil_topsoil",
    "unit_layer": "mg/kg"
   },
   "type": "Feature"
  },
  {
   "geometry": {
    "coordinates": [
     [
      [
       -8.62,
       35.04
      ],
      [
       26.32,
       35.04
      ],
      [
       26.32,
       51.0
      ],
      [
       -8.62,
       51.0
      ],
      [
       -8.62,
       35.04
      ]
     ]
    ],
    "type": "Polygon"
   },
   "properties": {
    "cohort_id": "cohort-14f6c930e7e3",
    "dominant_source_id": "foregs-subsoil",
    "dominant_source_share": 1.0,
    "element_or_analyte": "Cr",
    "gap_kind": "single_source_dominated_cohort",
    "medium": "soil",
    "method_family": "icp_oes",
    "n_quantified_samples": 419,
    "recommended_action": "acquire an independent source lineage for this cohort instead of re-sampling the same footprint",
    "sample_type": "soil_subsoil",
    "unit_layer": "mg/kg"
   },
   "type": "Feature"
  },
  {
   "geometry": {
    "coordinates": [
     [
      [
       -16.3444,
       28.4742
      ],
      [
       35.1536,
       28.4742
      ],
      [
       35.1536,
       70.5883
      ],
      [
       -16.3444,
       70.5883
      ],
      [
       -16.3444,
       28.4742
      ]
     ]
    ],
    "type": "Polygon"
   },
   "properties": {
    "cohort_id": "cohort-153dd8e10c8d",
    "dominant_source_id": "gemas-europe",
    "dominant_source_share": 1.0,
    "element_or_analyte": "Pb",
    "gap_kind": "single_source_dominated_cohort",
    "medium": "soil",
    "method_family": "xrf",
    "n_quantified_samples": 2108,
    "recommended_action": "acquire an independent source lineage for this cohort instead of re-sampling the same footprint",
    "sample_type": "soil_agricultural_ploughed",
    "unit_layer": "mg/kg"
   },
   "type": "Feature"
  },
  {
   "geometry": {
    "coordinates": [
     [
      [
       -137.578995,
       72.537003
      ],
      [
       -136.929993,
       72.537003
      ],
      [
       -136.929993,
       75.285202
      ],
      [
       -137.578995,
       75.285202
      ],
      [
       -137.578995,
       72.537003
      ]
     ]
    ],
    "type": "Polygon"
   },
   "properties": {
    "cohort_id": "cohort-15b5093f8a6a",
    "dominant_source_id": "geotraces-idp2025",
    "dominant_source_share": 1.0,
    "element_or_analyte": "Ni",
    "gap_kind": "single_source_dominated_cohort",
    "medium": "water",
    "method_family": "other_bodc_originator_and_methods_record_685156",
    "n_quantified_samples": 26,
    "recommended_action": "acquire an independent source lineage for this cohort instead of re-sampling the same footprint",
    "sample_type": "water_seawater",
    "unit_layer": "nmol/kg"
   },
   "type": "Feature"
  },
  {
   "geometry": {
    "coordinates": [
     [
      [
       -137.578995,
       72.537003
      ],
      [
       -136.929993,
       72.537003
      ],
      [
       -136.929993,
       75.285202
      ],
      [
       -137.578995,
       75.285202
      ],
      [
       -137.578995,
       72.537003
      ]
     ]
    ],
    "type": "Polygon"
   },
   "properties": {
    "cohort_id": "cohort-1601da76855a",
    "dominant_source_id": "geotraces-idp2025",
    "dominant_source_share": 1.0,
    "element_or_analyte": "Zn",
    "gap_kind": "single_source_dominated_cohort",
    "medium": "water",
    "method_family": "other_bodc_originator_and_methods_record_685156",
    "n_quantified_samples": 27,
    "recommended_action": "acquire an independent source lineage for this cohort instead of re-sampling the same footprint",
    "sample_type": "water_seawater",
    "unit_layer": "nmol/kg"
   },
   "type": "Feature"
  },
  {
   "geometry": {
    "coordinates": [
     [
      [
       -8.74,
       35.5
      ],
      [
       31.22,
       35.5
      ],
      [
       31.22,
       70.16
      ],
      [
       -8.74,
       70.16
      ],
      [
       -8.74,
       35.5
      ]
     ]
    ],
    "type": "Polygon"
   },
   "properties": {
    "cohort_id": "cohort-1627bef88a08",
    "dominant_source_id": "foregs-stream-water",
    "dominant_source_share": 1.0,
    "element_or_analyte": "Pb",
    "gap_kind": "single_source_dominated_cohort",
    "medium": "water",
    "method_family": "other_icp_qms_for_published_trace_metals",
    "n_quantified_samples": 797,
    "recommended_action": "acquire an independent source lineage for this cohort instead of re-sampling the same footprint",
    "sample_type": "water_stream",
    "unit_layer": "ug/L"
   },
   "type": "Feature"
  },
  {
   "geometry": {
    "coordinates": [
     [
      [
       -56.816895,
       17.3736
      ],
      [
       -18.278107,
       17.3736
      ],
      [
       -18.278107,
       29.7001
      ],
      [
       -56.816895,
       29.7001
      ],
      [
       -56.816895,
       17.3736
      ]
     ]
    ],
    "type": "Polygon"
   },
   "properties": {
    "cohort_id": "cohort-1628a114bf7b",
    "dominant_source_id": "geotraces-idp2025",
    "dominant_source_share": 1.0,
    "element_or_analyte": "Ni",
    "gap_kind": "single_source_dominated_cohort",
    "medium": "water",
    "method_family": "other_bodc_originator_and_methods_record_326861",
    "n_quantified_samples": 25,
    "recommended_action": "acquire an independent source lineage for this cohort instead of re-sampling the same footprint",
    "sample_type": "water_seawater",
    "unit_layer": "nmol/kg"
   },
   "type": "Feature"
  },
  {
   "geometry": {
    "coordinates": [
     [
      [
       -139.78,
       51.21
      ],
      [
       -117.7,
       51.21
      ],
      [
       -117.7,
       67.58
      ],
      [
       -139.78,
       67.58
      ],
      [
       -139.78,
       51.21
      ]
     ]
    ],
    "type": "Polygon"
   },
   "properties": {
    "cohort_id": "cohort-1689adbe6a4e",
    "dominant_source_id": "gemstat-open-archive",
    "dominant_source_share": 1.0,
    "element_or_analyte": "Zn",
    "gap_kind": "single_source_dominated_cohort",
    "medium": "water",
    "method_family": "icp_ms",
    "n_quantified_samples": 278,
    "recommended_action": "acquire an independent source lineage for this cohort instead of re-sampling the same footprint",
    "sample_type": "water_river",
    "unit_layer": "ug/L"
   },
   "type": "Feature"
  },
  {
   "geometry": {
    "coordinates": [
     [
      [
       5.5623,
       64.0723
      ],
      [
       36.6777,
       64.0723
      ],
      [
       36.6777,
       78.252
      ],
      [
       5.5623,
       78.252
      ],
      [
       5.5623,
       64.0723
      ]
     ]
    ],
    "type": "Polygon"
   },
   "properties": {
    "cohort_id": "cohort-171ef5796b28",
    "dominant_source_id": "norway-marchem",
    "dominant_source_share": 1.0,
    "element_or_analyte": "As",
    "gap_kind": "single_source_dominated_cohort",
    "medium": "sediment",
    "method_family": "icp_oes",
    "n_quantified_samples": 401,
    "recommended_action": "acquire an independent source lineage for this cohort instead of re-sampling the same footprint",
    "sample_type": "sediment_marine",
    "unit_layer": "mg/kg"
   },
   "type": "Feature"
  },
  {
   "geometry": {
    "coordinates": [
     [
      [
       -67.1983,
       -9.75042
      ],
      [
       -50.97,
       -9.75042
      ],
      [
       -50.97,
       -2.53317
      ],
      [
       -67.1983,
       -2.53317
      ],
      [
       -67.1983,
       -9.75042
      ]
     ]
    ],
    "type": "Polygon"
   },
   "properties": {
    "cohort_id": "cohort-1866931bc91a",
    "dominant_source_id": "pangaea-amazonas-soil",
    "dominant_source_share": 1.0,
    "element_or_analyte": "Cr",
    "gap_kind": "single_source_dominated_cohort",
    "medium": "soil",
    "method_family": "icp_ms",
    "n_quantified_samples": 84,
    "recommended_action": "acquire an independent source lineage for this cohort instead of re-sampling the same footprint",
    "sample_type": "soil_subsoil",
    "unit_layer": "mg/kg"
   },
   "type": "Feature"
  },
  {
   "geometry": {
    "coordinates": [
     [
      [
       -15.5555631,
       27.92424718
      ],
      [
       26.334653006,
       27.92424718
      ],
      [
       26.334653006,
       50.85749
      ],
      [
       -15.5555631,
       50.85749
      ],
      [
       -15.5555631,
       27.92424718
      ]
     ]
    ],
    "type": "Polygon"
   },
   "properties": {
    "cohort_id": "cohort-18f30d6cf448",
    "dominant_source_id": "foregs-stream-sediment",
    "dominant_source_share": 1.0,
    "element_or_analyte": "Ni",
    "gap_kind": "single_source_dominated_cohort",
    "medium": "sediment",
    "method_family": "icp_oes",
    "n_quantified_samples": 456,
    "recommended_action": "acquire an independent source lineage for this cohort instead of re-sampling the same footprint",
    "sample_type": "sediment_stream",
    "unit_layer": "mg/kg"
   },
   "type": "Feature"
  },
  {
   "geometry": {
    "coordinates": [
     [
      [
       -116.779999,
       71.566101
      ],
      [
       159.033005,
       71.566101
      ],
      [
       159.033005,
       89.165703
      ],
      [
       -116.779999,
       89.165703
      ],
      [
       -116.779999,
       71.566101
      ]
     ]
    ],
    "type": "Polygon"
   },
   "properties": {
    "cohort_id": "cohort-1a549a9746eb",
    "dominant_source_id": "geotraces-idp2025",
    "dominant_source_share": 1.0,
    "element_or_analyte": "Zn",
    "gap_kind": "single_source_dominated_cohort",
    "medium": "water",
    "method_family": "other_bodc_originator_and_methods_record_579050",
    "n_quantified_samples": 373,
    "recommended_action": "acquire an independent source lineage for this cohort instead of re-sampling the same footprint",
    "sample_type": "water_seawater",
    "unit_layer": "nmol/kg"
   },
   "type": "Feature"
  },
  {
   "geometry": {
    "coordinates": [
     [
      [
       165.001007,
       30.000799
      ],
      [
       165.003006,
       30.000799
      ],
      [
       165.003006,
       40.000401
      ],
      [
       165.001007,
       40.000401
      ],
      [
       165.001007,
       30.000799
      ]
     ]
    ],
    "type": "Polygon"
   },
   "properties": {
    "cohort_id": "cohort-1c13d76ab2b5",
    "dominant_source_id": "geotraces-idp2025",
    "dominant_source_share": 1.0,
    "element_or_analyte": "Ni",
    "gap_kind": "single_source_dominated_cohort",
    "medium": "water",
    "method_family": "other_bodc_originator_and_methods_record_493419",
    "n_quantified_samples": 28,
    "recommended_action": "acquire an independent source lineage for this cohort instead of re-sampling the same footprint",
    "sample_type": "water_seawater",
    "unit_layer": "nmol/kg"
   },
   "type": "Feature"
  },
  {
   "geometry": {
    "coordinates": [
     [
      [
       57.6133,
       -37.751801
      ],
      [
       86.0299,
       -37.751801
      ],
      [
       86.0299,
       16.7495
      ],
      [
       57.6133,
       16.7495
      ],
      [
       57.6133,
       -37.751801
      ]
     ]
    ],
    "type": "Polygon"
   },
   "properties": {
    "cohort_id": "cohort-1d49f343510f",
    "dominant_source_id": "geotraces-idp2025",
    "dominant_source_share": 1.0,
    "element_or_analyte": "Ni",
    "gap_kind": "single_source_dominated_cohort",
    "medium": "water",
    "method_family": "other_bodc_originator_and_methods_record_321968",
    "n_quantified_samples": 121,
    "recommended_action": "acquire an independent source lineage for this cohort instead of re-sampling the same footprint",
    "sample_type": "water_seawater",
    "unit_layer": "nmol/kg"
   },
   "type": "Feature"
  },
  {
   "geometry": {
    "coordinates": [
     [
      [
       -15.45288278,
       27.82639699
      ],
      [
       26.487047148,
       27.82639699
      ],
      [
       26.487047148,
       49.31
      ],
      [
       -15.45288278,
       49.31
      ],
      [
       -15.45288278,
       27.82639699
      ]
     ]
    ],
    "type": "Polygon"
   },
   "properties": {
    "cohort_id": "cohort-1d69ce48dd42",
    "dominant_source_id": "foregs-floodplain-sediment",
    "dominant_source_share": 1.0,
    "element_or_analyte": "Cr",
    "gap_kind": "single_source_dominated_cohort",
    "medium": "sediment",
    "method_family": "xrf",
    "n_quantified_samples": 372,
    "recommended_action": "acquire an independent source lineage for this cohort instead of re-sampling the same footprint",
    "sample_type": "sediment_floodplain",
    "unit_layer": "mg/kg"
   },
   "type": "Feature"
  },
  {
   "geometry": {
    "coordinates": [
     [
      [
       -49.067694,
       -12.499917
      ],
      [
       -34.932111,
       -12.499917
      ],
      [
       -34.932111,
       -2.40975
      ],
      [
       -49.067694,
       -2.40975
      ],
      [
       -49.067694,
       -12.499917
      ]
     ]
    ],
    "type": "Polygon"
   },
   "properties": {
    "cohort_id": "cohort-1dbae9233c77",
    "dominant_source_id": "pangaea-brasol-ne-brazil-soil",
    "dominant_source_share": 1.0,
    "element_or_analyte": "Cu",
    "gap_kind": "single_source_dominated_cohort",
    "medium": "soil",
    "method_family": "xrf",
    "n_quantified_samples": 88,
    "recommended_action": "acquire an independent source lineage for this cohort instead of re-sampling the same footprint",
    "sample_type": "soil_topsoil",
    "unit_layer": "mg/kg"
   },
   "type": "Feature"
  },
  {
   "geometry": {
    "coordinates": [
     [
      [
       -139.78,
       51.21
      ],
      [
       -116.44,
       51.21
      ],
      [
       -116.44,
       67.58
      ],
      [
       -139.78,
       67.58
      ],
      [
       -139.78,
       51.21
      ]
     ]
    ],
    "type": "Polygon"
   },
   "properties": {
    "cohort_id": "cohort-1dcc04c580ff",
    "dominant_source_id": "gemstat-open-archive",
    "dominant_source_share": 1.0,
    "element_or_analyte": "As",
    "gap_kind": "single_source_dominated_cohort",
    "medium": "water",
    "method_family": "icp_ms",
    "n_quantified_samples": 384,
    "recommended_action": "acquire an independent source lineage for this cohort instead of re-sampling the same footprint",
    "sample_type": "water_river",
    "unit_layer": "ug/L"
   },
   "type": "Feature"
  },
  {
   "geometry": {
    "coordinates": [
     [
      [
       -117.6,
       49.02
      ],
      [
       -117.6,
       49.02
      ],
      [
       -117.6,
       49.02
      ],
      [
       -117.6,
       49.02
      ],
      [
       -117.6,
       49.02
      ]
     ]
    ],
    "type": "Polygon"
   },
   "properties": {
    "cohort_id": "cohort-1e8c58a0d6b2",
    "dominant_source_id": "gemstat-open-archive",
    "dominant_source_share": 1.0,
    "element_or_analyte": "Cr",
    "gap_kind": "single_source_dominated_cohort",
    "medium": "water",
    "method_family": "icp_ms",
    "n_quantified_samples": 26,
    "recommended_action": "acquire an independent source lineage for this cohort instead of re-sampling the same footprint",
    "sample_type": "water_river",
    "unit_layer": "ug/L"
   },
   "type": "Feature"
  },
  {
   "geometry": {
    "coordinates": [
     [
      [
       -37.493361,
       -7.291667
      ],
      [
       -34.852917,
       -7.291667
      ],
      [
       -34.852917,
       -7.036667
      ],
      [
       -37.493361,
       -7.036667
      ],
      [
       -37.493361,
       -7.291667
      ]
     ]
    ],
    "type": "Polygon"
   },
   "properties": {
    "cohort_id": "cohort-2068bab918d1",
    "dominant_source_id": "pangaea-brasol-ne-brazil-soil",
    "dominant_source_share": 1.0,
    "element_or_analyte": "Cu",
    "gap_kind": "single_source_dominated_cohort",
    "medium": "soil",
    "method_family": "icp_oes",
    "n_quantified_samples": 28,
    "recommended_action": "acquire an independent source lineage for this cohort instead of re-sampling the same footprint",
    "sample_type": "soil_organic_litter",
    "unit_layer": "mg/kg"
   },
   "type": "Feature"
  },
  {
   "geometry": {
    "coordinates": [
     [
      [
       -15.5660882,
       27.96442015
      ],
      [
       26.319878791,
       27.96442015
      ],
      [
       26.319878791,
       50.8575
      ],
      [
       -15.5660882,
       50.8575
      ],
      [
       -15.5660882,
       27.96442015
      ]
     ]
    ],
    "type": "Polygon"
   },
   "properties": {
    "cohort_id": "cohort-21ad0562ba72",
    "dominant_source_id": "foregs-topsoil",
    "dominant_source_share": 1.0,
    "element_or_analyte": "Zn",
    "gap_kind": "single_source_dominated_cohort",
    "medium": "soil",
    "method_family": "xrf",
    "n_quantified_samples": 438,
    "recommended_action": "acquire an independent source lineage for this cohort instead of re-sampling the same footprint",
    "sample_type": "soil_topsoil",
    "unit_layer": "mg/kg"
   },
   "type": "Feature"
  },
  {
   "geometry": {
    "coordinates": [
     [
      [
       -65.3828,
       44.2828
      ],
      [
       -65.1914,
       44.2828
      ],
      [
       -65.1914,
       44.4608
      ],
      [
       -65.3828,
       44.4608
      ],
      [
       -65.3828,
       44.2828
      ]
     ]
    ],
    "type": "Polygon"
   },
   "properties": {
    "cohort_id": "cohort-2424dea9cbde",
    "dominant_source_id": "gemstat-open-archive",
    "dominant_source_share": 1.0,
    "element_or_analyte": "Hg",
    "gap_kind": "single_source_dominated_cohort",
    "medium": "water",
    "method_family": "other_low_level_mercury_in_water_is_analyzed_by_atomic_fluorescence_using_a_gold_trap",
    "n_quantified_samples": 28,
    "recommended_action": "acquire an independent source lineage for this cohort instead of re-sampling the same footprint",
    "sample_type": "water_lake",
    "unit_layer": "ug/L"
   },
   "type": "Feature"
  },
  {
   "geometry": {
    "coordinates": [
     [
      [
       139.848999,
       -66.428299
      ],
      [
       149.966003,
       -66.428299
      ],
      [
       149.966003,
       -56.929798
      ],
      [
       139.848999,
       -56.929798
      ],
      [
       139.848999,
       -66.428299
      ]
     ]
    ],
    "type": "Polygon"
   },
   "properties": {
    "cohort_id": "cohort-25a1683ef274",
    "dominant_source_id": "geotraces-idp2025",
    "dominant_source_share": 1.0,
    "element_or_analyte": "Zn",
    "gap_kind": "single_source_dominated_cohort",
    "medium": "water",
    "method_family": "other_bodc_originator_and_methods_record_584223",
    "n_quantified_samples": 55,
    "recommended_action": "acquire an independent source lineage for this cohort instead of re-sampling the same footprint",
    "sample_type": "water_seawater",
    "unit_layer": "nmol/kg"
   },
   "type": "Feature"
  },
  {
   "geometry": {
    "coordinates": [
     [
      [
       -67.804504,
       -49.547199
      ],
      [
       -28.008209,
       -49.547199
      ],
      [
       -28.008209,
       64.000198
      ],
      [
       -67.804504,
       64.000198
      ],
      [
       -67.804504,
       -49.547199
      ]
     ]
    ],
    "type": "Polygon"
   },
   "properties": {
    "cohort_id": "cohort-25f37480fe02",
    "dominant_source_id": "geotraces-idp2025",
    "dominant_source_share": 1.0,
    "element_or_analyte": "Ni",
    "gap_kind": "single_source_dominated_cohort",
    "medium": "water",
    "method_family": "other_bodc_originator_and_methods_record_310901",
    "n_quantified_samples": 919,
    "recommended_action": "acquire an independent source lineage for this cohort instead of re-sampling the same footprint",
    "sample_type": "water_seawater",
    "unit_layer": "nmol/kg"
   },
   "type": "Feature"
  },
  {
   "geometry": {
    "coordinates": [
     [
      [
       -67.1983,
       -9.75042
      ],
      [
       -50.97,
       -9.75042
      ],
      [
       -50.97,
       -2.53317
      ],
      [
       -67.1983,
       -2.53317
      ],
      [
       -67.1983,
       -9.75042
      ]
     ]
    ],
    "type": "Polygon"
   },
   "properties": {
    "cohort_id": "cohort-2634015f26a6",
    "dominant_source_id": "pangaea-amazonas-soil",
    "dominant_source_share": 1.0,
    "element_or_analyte": "As",
    "gap_kind": "single_source_dominated_cohort",
    "medium": "soil",
    "method_family": "icp_ms",
    "n_quantified_samples": 83,
    "recommended_action": "acquire an independent source lineage for this cohort instead of re-sampling the same footprint",
    "sample_type": "soil_subsoil",
    "unit_layer": "mg/kg"
   },
   "type": "Feature"
  },
  {
   "geometry": {
    "coordinates": [
     [
      [
       -117.6,
       49.02
      ],
      [
       -117.6,
       49.02
      ],
      [
       -117.6,
       49.02
      ],
      [
       -117.6,
       49.02
      ],
      [
       -117.6,
       49.02
      ]
     ]
    ],
    "type": "Polygon"
   },
   "properties": {
    "cohort_id": "cohort-263d3761acb7",
    "dominant_source_id": "gemstat-open-archive",
    "dominant_source_share": 1.0,
    "element_or_analyte": "Pb",
    "gap_kind": "single_source_dominated_cohort",
    "medium": "water",
    "method_family": "other_dissolved_metals_with_in_bottle_digestion_using_inductively_coupled_plasma_sector_field_ms",
    "n_quantified_samples": 22,
    "recommended_action": "acquire an independent source lineage for this cohort instead of re-sampling the same footprint",
    "sample_type": "water_river",
    "unit_layer": "ug/L"
   },
   "type": "Feature"
  },
  {
   "geometry": {
    "coordinates": [
     [
      [
       -15.5660882,
       27.96442015
      ],
      [
       26.319878791,
       27.96442015
      ],
      [
       26.319878791,
       50.8575
      ],
      [
       -15.5660882,
       50.8575
      ],
      [
       -15.5660882,
       27.96442015
      ]
     ]
    ],
    "type": "Polygon"
   },
   "properties": {
    "cohort_id": "cohort-2660ffbb1664",
    "dominant_source_id": "foregs-topsoil",
    "dominant_source_share": 1.0,
    "element_or_analyte": "Pb",
    "gap_kind": "single_source_dominated_cohort",
    "medium": "soil",
    "method_family": "icp_ms",
    "n_quantified_samples": 446,
    "recommended_action": "acquire an independent source lineage for this cohort instead of re-sampling the same footprint",
    "sample_type": "soil_topsoil",
    "unit_layer": "mg/kg"
   },
   "type": "Feature"
  },
  {
   "geometry": {
    "coordinates": [
     [
      [
       -8.74,
       35.5
      ],
      [
       31.22,
       35.5
      ],
      [
       31.22,
       70.16
      ],
      [
       -8.74,
       70.16
      ],
      [
       -8.74,
       35.5
      ]
     ]
    ],
    "type": "Polygon"
   },
   "properties": {
    "cohort_id": "cohort-27df81bcf83b",
    "dominant_source_id": "foregs-stream-water",
    "dominant_source_share": 1.0,
    "element_or_analyte": "Cu",
    "gap_kind": "single_source_dominated_cohort",
    "medium": "water",
    "method_family": "other_icp_qms_for_published_trace_metals",
    "n_quantified_samples": 798,
    "recommended_action": "acquire an independent source lineage for this cohort instead of re-sampling the same footprint",
    "sample_type": "water_stream",
    "unit_layer": "ug/L"
   },
   "type": "Feature"
  },
  {
   "geometry": {
    "coordinates": [
     [
      [
       5.5623,
       64.0723
      ],
      [
       36.6777,
       64.0723
      ],
      [
       36.6777,
       78.252
      ],
      [
       5.5623,
       78.252
      ],
      [
       5.5623,
       64.0723
      ]
     ]
    ],
    "type": "Polygon"
   },
   "properties": {
    "cohort_id": "cohort-2a252448480c",
    "dominant_source_id": "norway-marchem",
    "dominant_source_share": 1.0,
    "element_or_analyte": "Cu",
    "gap_kind": "single_source_dominated_cohort",
    "medium": "sediment",
    "method_family": "icp_oes",
    "n_quantified_samples": 401,
    "recommended_action": "acquire an independent source lineage for this cohort instead of re-sampling the same footprint",
    "sample_type": "sediment_marine",
    "unit_layer": "mg/kg"
   },
   "type": "Feature"
  },
  {
   "geometry": {
    "coordinates": [
     [
      [
       113.8452,
       -43.3302
      ],
      [
       153.3335,
       -43.3302
      ],
      [
       153.3335,
       -11.0346
      ],
      [
       113.8452,
       -11.0346
      ],
      [
       113.8452,
       -43.3302
      ]
     ]
    ],
    "type": "Polygon"
   },
   "properties": {
    "cohort_id": "cohort-2a93019a42ab",
    "dominant_source_id": "australia-ngsa",
    "dominant_source_share": 1.0,
    "element_or_analyte": "Pb",
    "gap_kind": "single_source_dominated_cohort",
    "medium": "sediment",
    "method_family": "icp_ms",
    "n_quantified_samples": 1064,
    "recommended_action": "acquire an independent source lineage for this cohort instead of re-sampling the same footprint",
    "sample_type": "sediment_outlet_top",
    "unit_layer": "mg/kg"
   },
   "type": "Feature"
  },
  {
   "geometry": {
    "coordinates": [
     [
      [
       -67.1983,
       -9.75042
      ],
      [
       -50.97,
       -9.75042
      ],
      [
       -50.97,
       -2.53317
      ],
      [
       -67.1983,
       -2.53317
      ],
      [
       -67.1983,
       -9.75042
      ]
     ]
    ],
    "type": "Polygon"
   },
   "properties": {
    "cohort_id": "cohort-2ad702b5aa21",
    "dominant_source_id": "pangaea-amazonas-soil",
    "dominant_source_share": 1.0,
    "element_or_analyte": "As",
    "gap_kind": "single_source_dominated_cohort",
    "medium": "soil",
    "method_family": "icp_ms",
    "n_quantified_samples": 83,
    "recommended_action": "acquire an independent source lineage for this cohort instead of re-sampling the same footprint",
    "sample_type": "soil_topsoil",
    "unit_layer": "mg/kg"
   },
   "type": "Feature"
  },
  {
   "geometry": {
    "coordinates": [
     [
      [
       -67.1983,
       -9.75042
      ],
      [
       -50.97,
       -9.75042
      ],
      [
       -50.97,
       -2.53317
      ],
      [
       -67.1983,
       -2.53317
      ],
      [
       -67.1983,
       -9.75042
      ]
     ]
    ],
    "type": "Polygon"
   },
   "properties": {
    "cohort_id": "cohort-2af34f124e66",
    "dominant_source_id": "pangaea-amazonas-soil",
    "dominant_source_share": 1.0,
    "element_or_analyte": "Pb",
    "gap_kind": "single_source_dominated_cohort",
    "medium": "soil",
    "method_family": "icp_ms",
    "n_quantified_samples": 83,
    "recommended_action": "acquire an independent source lineage for this cohort instead of re-sampling the same footprint",
    "sample_type": "soil_subsoil",
    "unit_layer": "mg/kg"
   },
   "type": "Feature"
  },
  {
   "geometry": {
    "coordinates": [
     [
      [
       -48.316917,
       -12.418917
      ],
      [
       -34.852917,
       -12.418917
      ],
      [
       -34.852917,
       -5.838889
      ],
      [
       -48.316917,
       -5.838889
      ],
      [
       -48.316917,
       -12.418917
      ]
     ]
    ],
    "type": "Polygon"
   },
   "properties": {
    "cohort_id": "cohort-2caeddbc9671",
    "dominant_source_id": "pangaea-brasol-ne-brazil-soil",
    "dominant_source_share": 1.0,
    "element_or_analyte": "Ni",
    "gap_kind": "single_source_dominated_cohort",
    "medium": "soil",
    "method_family": "icp_ms",
    "n_quantified_samples": 36,
    "recommended_action": "acquire an independent source lineage for this cohort instead of re-sampling the same footprint",
    "sample_type": "soil_topsoil",
    "unit_layer": "mg/kg"
   },
   "type": "Feature"
  },
  {
   "geometry": {
    "coordinates": [
     [
      [
       -139.78,
       51.21
      ],
      [
       -117.7,
       51.21
      ],
      [
       -117.7,
       67.58
      ],
      [
       -139.78,
       67.58
      ],
      [
       -139.78,
       51.21
      ]
     ]
    ],
    "type": "Polygon"
   },
   "properties": {
    "cohort_id": "cohort-2d1f785789dd",
    "dominant_source_id": "gemstat-open-archive",
    "dominant_source_share": 1.0,
    "element_or_analyte": "Ni",
    "gap_kind": "single_source_dominated_cohort",
    "medium": "water",
    "method_family": "other_total_metals_by_inductively_coupled_argon_plasma_emission_spectrometry_with_external_nebulizer",
    "n_quantified_samples": 134,
    "recommended_action": "acquire an independent source lineage for this cohort instead of re-sampling the same footprint",
    "sample_type": "water_river",
    "unit_layer": "ug/L"
   },
   "type": "Feature"
  },
  {
   "geometry": {
    "coordinates": [
     [
      [
       -137.97,
       51.21
      ],
      [
       -117.7,
       51.21
      ],
      [
       -117.7,
       60.12
      ],
      [
       -137.97,
       60.12
      ],
      [
       -137.97,
       51.21
      ]
     ]
    ],
    "type": "Polygon"
   },
   "properties": {
    "cohort_id": "cohort-2d696c89081c",
    "dominant_source_id": "gemstat-open-archive",
    "dominant_source_share": 1.0,
    "element_or_analyte": "Cu",
    "gap_kind": "single_source_dominated_cohort",
    "medium": "water",
    "method_family": "other_inductively_coupled_plasma_icp_method_total_metals_after_rigorous_digestion",
    "n_quantified_samples": 102,
    "recommended_action": "acquire an independent source lineage for this cohort instead of re-sampling the same footprint",
    "sample_type": "water_river",
    "unit_layer": "ug/L"
   },
   "type": "Feature"
  },
  {
   "geometry": {
    "coordinates": [
     [
      [
       121.234001,
       11.006
      ],
      [
       154.886002,
       11.006
      ],
      [
       154.886002,
       21.0366
      ],
      [
       121.234001,
       21.0366
      ],
      [
       121.234001,
       11.006
      ]
     ]
    ],
    "type": "Polygon"
   },
   "properties": {
    "cohort_id": "cohort-2e4412b66c5c",
    "dominant_source_id": "geotraces-idp2025",
    "dominant_source_share": 1.0,
    "element_or_analyte": "Cu",
    "gap_kind": "single_source_dominated_cohort",
    "medium": "water",
    "method_family": "other_bodc_originator_and_methods_record_672087",
    "n_quantified_samples": 366,
    "recommended_action": "acquire an independent source lineage for this cohort instead of re-sampling the same footprint",
    "sample_type": "water_seawater",
    "unit_layer": "nmol/kg"
   },
   "type": "Feature"
  },
  {
   "geometry": {
    "coordinates": [
     [
      [
       -89.00119,
       -18.0005
      ],
      [
       -71.514801,
       -18.0005
      ],
      [
       -71.514801,
       -15.0005
      ],
      [
       -89.00119,
       -15.0005
      ],
      [
       -89.00119,
       -18.0005
      ]
     ]
    ],
    "type": "Polygon"
   },
   "properties": {
    "cohort_id": "cohort-2f401a49c026",
    "dominant_source_id": "geotraces-idp2025",
    "dominant_source_share": 1.0,
    "element_or_analyte": "Ni",
    "gap_kind": "single_source_dominated_cohort",
    "medium": "water",
    "method_family": "other_bodc_originator_and_methods_record_591363",
    "n_quantified_samples": 292,
    "recommended_action": "acquire an independent source lineage for this cohort instead of re-sampling the same footprint",
    "sample_type": "water_seawater",
    "unit_layer": "nmol/kg"
   },
   "type": "Feature"
  },
  {
   "geometry": {
    "coordinates": [
     [
      [
       -0.000946,
       -27.0637
      ],
      [
       12.8915,
       -27.0637
      ],
      [
       12.8915,
       -9.71301
      ],
      [
       -0.000946,
       -9.71301
      ],
      [
       -0.000946,
       -27.0637
      ]
     ]
    ],
    "type": "Polygon"
   },
   "properties": {
    "cohort_id": "cohort-30400a3665b5",
    "dominant_source_id": "geotraces-idp2025",
    "dominant_source_share": 1.0,
    "element_or_analyte": "Ni",
    "gap_kind": "single_source_dominated_cohort",
    "medium": "water",
    "method_family": "other_bodc_originator_and_methods_record_682902",
    "n_quantified_samples": 154,
    "recommended_action": "acquire an independent source lineage for this cohort instead of re-sampling the same footprint",
    "sample_type": "water_seawater",
    "unit_layer": "nmol/kg"
   },
   "type": "Feature"
  },
  {
   "geometry": {
    "coordinates": [
     [
      [
       24.0498,
       66.393
      ],
      [
       35.4177,
       66.393
      ],
      [
       35.4177,
       71.0493
      ],
      [
       24.0498,
       71.0493
      ],
      [
       24.0498,
       66.393
      ]
     ]
    ],
    "type": "Polygon"
   },
   "properties": {
    "cohort_id": "cohort-308ef305ca63",
    "dominant_source_id": "pangaea-barents-c-horizon-soil",
    "dominant_source_share": 1.0,
    "element_or_analyte": "Zn",
    "gap_kind": "single_source_dominated_cohort",
    "medium": "soil",
    "method_family": "icp_oes",
    "n_quantified_samples": 604,
    "recommended_action": "acquire an independent source lineage for this cohort instead of re-sampling the same footprint",
    "sample_type": "soil_c_horizon",
    "unit_layer": "mg/kg"
   },
   "type": "Feature"
  },
  {
   "geometry": {
    "coordinates": [
     [
      [
       -67.1983,
       -9.75042
      ],
      [
       -50.97,
       -9.75042
      ],
      [
       -50.97,
       -2.53317
      ],
      [
       -67.1983,
       -2.53317
      ],
      [
       -67.1983,
       -9.75042
      ]
     ]
    ],
    "type": "Polygon"
   },
   "properties": {
    "cohort_id": "cohort-30f0a8f48ba5",
    "dominant_source_id": "pangaea-amazonas-soil",
    "dominant_source_share": 1.0,
    "element_or_analyte": "Zn",
    "gap_kind": "single_source_dominated_cohort",
    "medium": "soil",
    "method_family": "icp_ms",
    "n_quantified_samples": 83,
    "recommended_action": "acquire an independent source lineage for this cohort instead of re-sampling the same footprint",
    "sample_type": "soil_subsoil",
    "unit_layer": "mg/kg"
   },
   "type": "Feature"
  },
  {
   "geometry": {
    "coordinates": [
     [
      [
       -37.493361,
       -7.291667
      ],
      [
       -34.852917,
       -7.291667
      ],
      [
       -34.852917,
       -7.036667
      ],
      [
       -37.493361,
       -7.036667
      ],
      [
       -37.493361,
       -7.291667
      ]
     ]
    ],
    "type": "Polygon"
   },
   "properties": {
    "cohort_id": "cohort-319e0420232e",
    "dominant_source_id": "pangaea-brasol-ne-brazil-soil",
    "dominant_source_share": 1.0,
    "element_or_analyte": "Zn",
    "gap_kind": "single_source_dominated_cohort",
    "medium": "soil",
    "method_family": "icp_oes",
    "n_quantified_samples": 29,
    "recommended_action": "acquire an independent source lineage for this cohort instead of re-sampling the same footprint",
    "sample_type": "soil_topsoil",
    "unit_layer": "mg/kg"
   },
   "type": "Feature"
  },
  {
   "geometry": {
    "coordinates": [
     [
      [
       -137.97,
       51.21
      ],
      [
       -117.7,
       51.21
      ],
      [
       -117.7,
       60.12
      ],
      [
       -137.97,
       60.12
      ],
      [
       -137.97,
       51.21
      ]
     ]
    ],
    "type": "Polygon"
   },
   "properties": {
    "cohort_id": "cohort-31ff9155821b",
    "dominant_source_id": "gemstat-open-archive",
    "dominant_source_share": 1.0,
    "element_or_analyte": "Ni",
    "gap_kind": "single_source_dominated_cohort",
    "medium": "water",
    "method_family": "other_inductively_coupled_plasma_sector_field_mass_spectrometry_with_closed_vessel_digestion",
    "n_quantified_samples": 40,
    "recommended_action": "acquire an independent source lineage for this cohort instead of re-sampling the same footprint",
    "sample_type": "water_river",
    "unit_layer": "ug/L"
   },
   "type": "Feature"
  },
  {
   "geometry": {
    "coordinates": [
     [
      [
       -8.6201987961374,
       35.043132637
      ],
      [
       26.319878791,
       35.043132637
      ],
      [
       26.319878791,
       50.99929
      ],
      [
       -8.6201987961374,
       50.99929
      ],
      [
       -8.6201987961374,
       35.043132637
      ]
     ]
    ],
    "type": "Polygon"
   },
   "properties": {
    "cohort_id": "cohort-347c20a846e0",
    "dominant_source_id": "foregs-subsoil",
    "dominant_source_share": 1.0,
    "element_or_analyte": "Cr",
    "gap_kind": "single_source_dominated_cohort",
    "medium": "soil",
    "method_family": "xrf",
    "n_quantified_samples": 419,
    "recommended_action": "acquire an independent source lineage for this cohort instead of re-sampling the same footprint",
    "sample_type": "soil_subsoil",
    "unit_layer": "mg/kg"
   },
   "type": "Feature"
  },
  {
   "geometry": {
    "coordinates": [
     [
      [
       138.576004,
       -55.870399
      ],
      [
       139.054001,
       -55.870399
      ],
      [
       139.054001,
       -55.812199
      ],
      [
       138.576004,
       -55.812199
      ],
      [
       138.576004,
       -55.870399
      ]
     ]
    ],
    "type": "Polygon"
   },
   "properties": {
    "cohort_id": "cohort-363a75accd0f",
    "dominant_source_id": "geotraces-idp2025",
    "dominant_source_share": 1.0,
    "element_or_analyte": "Zn",
    "gap_kind": "single_source_dominated_cohort",
    "medium": "water",
    "method_family": "other_bodc_originator_and_methods_record_675629",
    "n_quantified_samples": 22,
    "recommended_action": "acquire an independent source lineage for this cohort instead of re-sampling the same footprint",
    "sample_type": "water_seawater",
    "unit_layer": "nmol/kg"
   },
   "type": "Feature"
  },
  {
   "geometry": {
    "coordinates": [
     [
      [
       -37.493361,
       -7.291667
      ],
      [
       -34.925472,
       -7.291667
      ],
      [
       -34.925472,
       -7.050194
      ],
      [
       -37.493361,
       -7.050194
      ],
      [
       -37.493361,
       -7.291667
      ]
     ]
    ],
    "type": "Polygon"
   },
   "properties": {
    "cohort_id": "cohort-366231efe934",
    "dominant_source_id": "pangaea-brasol-ne-brazil-soil",
    "dominant_source_share": 1.0,
    "element_or_analyte": "Pb",
    "gap_kind": "single_source_dominated_cohort",
    "medium": "soil",
    "method_family": "icp_oes",
    "n_quantified_samples": 24,
    "recommended_action": "acquire an independent source lineage for this cohort instead of re-sampling the same footprint",
    "sample_type": "soil_organic_litter",
    "unit_layer": "mg/kg"
   },
   "type": "Feature"
  },
  {
   "geometry": {
    "coordinates": [
     [
      [
       113.8452,
       -43.3302
      ],
      [
       153.3335,
       -43.3302
      ],
      [
       153.3335,
       -11.0346
      ],
      [
       113.8452,
       -11.0346
      ],
      [
       113.8452,
       -43.3302
      ]
     ]
    ],
    "type": "Polygon"
   },
   "properties": {
    "cohort_id": "cohort-36ab0beea49b",
    "dominant_source_id": "australia-ngsa",
    "dominant_source_share": 1.0,
    "element_or_analyte": "Zn",
    "gap_kind": "single_source_dominated_cohort",
    "medium": "sediment",
    "method_family": "icp_ms",
    "n_quantified_samples": 1062,
    "recommended_action": "acquire an independent source lineage for this cohort instead of re-sampling the same footprint",
    "sample_type": "sediment_outlet_bottom",
    "unit_layer": "mg/kg"
   },
   "type": "Feature"
  },
  {
   "geometry": {
    "coordinates": [
     [
      [
       1.588881,
       56.732085
      ],
      [
       34.038155,
       56.732085
      ],
      [
       34.038155,
       81.548998
      ],
      [
       1.588881,
       81.548998
      ],
      [
       1.588881,
       56.732085
      ]
     ]
    ],
    "type": "Polygon"
   },
   "properties": {
    "cohort_id": "cohort-377356c01d61",
    "dominant_source_id": "norway-marchem",
    "dominant_source_share": 1.0,
    "element_or_analyte": "As",
    "gap_kind": "single_source_dominated_cohort",
    "medium": "sediment",
    "method_family": "icp_oes",
    "n_quantified_samples": 459,
    "recommended_action": "acquire an independent source lineage for this cohort instead of re-sampling the same footprint",
    "sample_type": "sediment_marine",
    "unit_layer": "mg/kg"
   },
   "type": "Feature"
  },
  {
   "geometry": {
    "coordinates": [
     [
      [
       -9.5724,
       35.3114
      ],
      [
       31.9145,
       35.3114
      ],
      [
       31.9145,
       69.4542
      ],
      [
       -9.5724,
       69.4542
      ],
      [
       -9.5724,
       35.3114
      ]
     ]
    ],
    "type": "Polygon"
   },
   "properties": {
    "cohort_id": "cohort-38a8ca198d7c",
    "dominant_source_id": "gemas-europe",
    "dominant_source_share": 1.0,
    "element_or_analyte": "Cu",
    "gap_kind": "single_source_dominated_cohort",
    "medium": "soil",
    "method_family": "xrf",
    "n_quantified_samples": 116,
    "recommended_action": "acquire an independent source lineage for this cohort instead of re-sampling the same footprint",
    "sample_type": "soil_grazing_land",
    "unit_layer": "mg/kg"
   },
   "type": "Feature"
  },
  {
   "geometry": {
    "coordinates": [
     [
      [
       -8.62,
       35.04
      ],
      [
       26.32,
       35.04
      ],
      [
       26.32,
       51.0
      ],
      [
       -8.62,
       51.0
      ],
      [
       -8.62,
       35.04
      ]
     ]
    ],
    "type": "Polygon"
   },
   "properties": {
    "cohort_id": "cohort-392150a12a25",
    "dominant_source_id": "foregs-subsoil",
    "dominant_source_share": 1.0,
    "element_or_analyte": "Zn",
    "gap_kind": "single_source_dominated_cohort",
    "medium": "soil",
    "method_family": "icp_oes",
    "n_quantified_samples": 419,
    "recommended_action": "acquire an independent source lineage for this cohort instead of re-sampling the same footprint",
    "sample_type": "soil_subsoil",
    "unit_layer": "mg/kg"
   },
   "type": "Feature"
  },
  {
   "geometry": {
    "coordinates": [
     [
      [
       -139.78,
       51.21
      ],
      [
       -117.7,
       51.21
      ],
      [
       -117.7,
       67.58
      ],
      [
       -139.78,
       67.58
      ],
      [
       -139.78,
       51.21
      ]
     ]
    ],
    "type": "Polygon"
   },
   "properties": {
    "cohort_id": "cohort-3ac74778a097",
    "dominant_source_id": "gemstat-open-archive",
    "dominant_source_share": 1.0,
    "element_or_analyte": "Zn",
    "gap_kind": "single_source_dominated_cohort",
    "medium": "water",
    "method_family": "other_total_metals_with_in_bottle_digestion_and_inductively_coupled_plasma_sector_field_mass_spectrometer",
    "n_quantified_samples": 291,
    "recommended_action": "acquire an independent source lineage for this cohort instead of re-sampling the same footprint",
    "sample_type": "water_river",
    "unit_layer": "ug/L"
   },
   "type": "Feature"
  },
  {
   "geometry": {
    "coordinates": [
     [
      [
       -54.524597,
       -70.175102
      ],
      [
       0.09967,
       -70.175102
      ],
      [
       0.09967,
       -59.084
      ],
      [
       -54.524597,
       -59.084
      ],
      [
       -54.524597,
       -70.175102
      ]
     ]
    ],
    "type": "Polygon"
   },
   "properties": {
    "cohort_id": "cohort-3b4fa90296cc",
    "dominant_source_id": "geotraces-idp2025",
    "dominant_source_share": 1.0,
    "element_or_analyte": "Cu",
    "gap_kind": "single_source_dominated_cohort",
    "medium": "water",
    "method_family": "other_bodc_originator_and_methods_record_676007",
    "n_quantified_samples": 291,
    "recommended_action": "acquire an independent source lineage for this cohort instead of re-sampling the same footprint",
    "sample_type": "water_seawater",
    "unit_layer": "nmol/kg"
   },
   "type": "Feature"
  },
  {
   "geometry": {
    "coordinates": [
     [
      [
       113.8452,
       -43.3302
      ],
      [
       153.3335,
       -43.3302
      ],
      [
       153.3335,
       -11.0346
      ],
      [
       113.8452,
       -11.0346
      ],
      [
       113.8452,
       -43.3302
      ]
     ]
    ],
    "type": "Polygon"
   },
   "properties": {
    "cohort_id": "cohort-3c4787e5b0ad",
    "dominant_source_id": "australia-ngsa",
    "dominant_source_share": 1.0,
    "element_or_analyte": "As",
    "gap_kind": "single_source_dominated_cohort",
    "medium": "sediment",
    "method_family": "icp_ms",
    "n_quantified_samples": 1058,
    "recommended_action": "acquire an independent source lineage for this cohort instead of re-sampling the same footprint",
    "sample_type": "sediment_outlet_bottom",
    "unit_layer": "mg/kg"
   },
   "type": "Feature"
  },
  {
   "geometry": {
    "coordinates": [
     [
      [
       -155.748001,
       70.999702
      ],
      [
       179.886993,
       70.999702
      ],
      [
       179.886993,
       89.930099
      ],
      [
       -155.748001,
       89.930099
      ],
      [
       -155.748001,
       70.999702
      ]
     ]
    ],
    "type": "Polygon"
   },
   "properties": {
    "cohort_id": "cohort-3da54ba1c0db",
    "dominant_source_id": "geotraces-idp2025",
    "dominant_source_share": 1.0,
    "element_or_analyte": "Cu",
    "gap_kind": "single_source_dominated_cohort",
    "medium": "water",
    "method_family": "other_bodc_originator_and_methods_record_579050",
    "n_quantified_samples": 567,
    "recommended_action": "acquire an independent source lineage for this cohort instead of re-sampling the same footprint",
    "sample_type": "water_seawater",
    "unit_layer": "nmol/kg"
   },
   "type": "Feature"
  },
  {
   "geometry": {
    "coordinates": [
     [
      [
       -15.45288278,
       27.82639699
      ],
      [
       26.487047148,
       27.82639699
      ],
      [
       26.487047148,
       49.31
      ],
      [
       -15.45288278,
       49.31
      ],
      [
       -15.45288278,
       27.82639699
      ]
     ]
    ],
    "type": "Polygon"
   },
   "properties": {
    "cohort_id": "cohort-3db8767d2dc4",
    "dominant_source_id": "foregs-floodplain-sediment",
    "dominant_source_share": 1.0,
    "element_or_analyte": "As",
    "gap_kind": "single_source_dominated_cohort",
    "medium": "sediment",
    "method_family": "xrf",
    "n_quantified_samples": 372,
    "recommended_action": "acquire an independent source lineage for this cohort instead of re-sampling the same footprint",
    "sample_type": "sediment_floodplain",
    "unit_layer": "mg/kg"
   },
   "type": "Feature"
  },
  {
   "geometry": {
    "coordinates": [
     [
      [
       -8.75,
       41.87
      ],
      [
       29.91,
       41.87
      ],
      [
       29.91,
       68.96
      ],
      [
       -8.75,
       68.96
      ],
      [
       -8.75,
       41.87
      ]
     ]
    ],
    "type": "Polygon"
   },
   "properties": {
    "cohort_id": "cohort-3e08d2abe702",
    "dominant_source_id": "foregs-humus",
    "dominant_source_share": 1.0,
    "element_or_analyte": "Hg",
    "gap_kind": "single_source_dominated_cohort",
    "medium": "soil",
    "method_family": "aas",
    "n_quantified_samples": 367,
    "recommended_action": "acquire an independent source lineage for this cohort instead of re-sampling the same footprint",
    "sample_type": "soil_humus",
    "unit_layer": "mg/kg"
   },
   "type": "Feature"
  },
  {
   "geometry": {
    "coordinates": [
     [
      [
       -74.3799,
       45.5676
      ],
      [
       -72.6105,
       45.5676
      ],
      [
       -72.6105,
       46.6776
      ],
      [
       -74.3799,
       46.6776
      ],
      [
       -74.3799,
       45.5676
      ]
     ]
    ],
    "type": "Polygon"
   },
   "properties": {
    "cohort_id": "cohort-3e4eea411b8c",
    "dominant_source_id": "gemstat-open-archive",
    "dominant_source_share": 1.0,
    "element_or_analyte": "Hg",
    "gap_kind": "single_source_dominated_cohort",
    "medium": "water",
    "method_family": "other_mercury_in_water_is_determined_by_spectrometric_fluorescence",
    "n_quantified_samples": 341,
    "recommended_action": "acquire an independent source lineage for this cohort instead of re-sampling the same footprint",
    "sample_type": "water_river",
    "unit_layer": "ug/L"
   },
   "type": "Feature"
  },
  {
   "geometry": {
    "coordinates": [
     [
      [
       -160.233994,
       0.00375
      ],
      [
       -160.001007,
       0.00375
      ],
      [
       -160.001007,
       35.005199
      ],
      [
       -160.233994,
       35.005199
      ],
      [
       -160.233994,
       0.00375
      ]
     ]
    ],
    "type": "Polygon"
   },
   "properties": {
    "cohort_id": "cohort-3e7cc80dc410",
    "dominant_source_id": "geotraces-idp2025",
    "dominant_source_share": 1.0,
    "element_or_analyte": "Ni",
    "gap_kind": "single_source_dominated_cohort",
    "medium": "water",
    "method_family": "other_bodc_originator_and_methods_record_584797",
    "n_quantified_samples": 122,
    "recommended_action": "acquire an independent source lineage for this cohort instead of re-sampling the same footprint",
    "sample_type": "water_seawater",
    "unit_layer": "nmol/kg"
   },
   "type": "Feature"
  },
  {
   "geometry": {
    "coordinates": [
     [
      [
       -143.697998,
       -71.699303
      ],
      [
       167.360001,
       -71.699303
      ],
      [
       167.360001,
       -53.132999
      ],
      [
       -143.697998,
       -53.132999
      ],
      [
       -143.697998,
       -71.699303
      ]
     ]
    ],
    "type": "Polygon"
   },
   "properties": {
    "cohort_id": "cohort-3f29eb9a7ffd",
    "dominant_source_id": "geotraces-idp2025",
    "dominant_source_share": 1.0,
    "element_or_analyte": "Zn",
    "gap_kind": "single_source_dominated_cohort",
    "medium": "water",
    "method_family": "other_bodc_originator_and_methods_record_578889",
    "n_quantified_samples": 111,
    "recommended_action": "acquire an independent source lineage for this cohort instead of re-sampling the same footprint",
    "sample_type": "water_seawater",
    "unit_layer": "nmol/kg"
   },
   "type": "Feature"
  },
  {
   "geometry": {
    "coordinates": [
     [
      [
       -9.5724,
       35.3114
      ],
      [
       31.9145,
       35.3114
      ],
      [
       31.9145,
       69.4542
      ],
      [
       -9.5724,
       69.4542
      ],
      [
       -9.5724,
       35.3114
      ]
     ]
    ],
    "type": "Polygon"
   },
   "properties": {
    "cohort_id": "cohort-401ded242398",
    "dominant_source_id": "gemas-europe",
    "dominant_source_share": 1.0,
    "element_or_analyte": "Ni",
    "gap_kind": "single_source_dominated_cohort",
    "medium": "soil",
    "method_family": "xrf",
    "n_quantified_samples": 116,
    "recommended_action": "acquire an independent source lineage for this cohort instead of re-sampling the same footprint",
    "sample_type": "soil_grazing_land",
    "unit_layer": "mg/kg"
   },
   "type": "Feature"
  },
  {
   "geometry": {
    "coordinates": [
     [
      [
       1.588881,
       56.732085
      ],
      [
       34.038155,
       56.732085
      ],
      [
       34.038155,
       81.548998
      ],
      [
       1.588881,
       81.548998
      ],
      [
       1.588881,
       56.732085
      ]
     ]
    ],
    "type": "Polygon"
   },
   "properties": {
    "cohort_id": "cohort-4133b96d86f3",
    "dominant_source_id": "norway-marchem",
    "dominant_source_share": 1.0,
    "element_or_analyte": "Cu",
    "gap_kind": "single_source_dominated_cohort",
    "medium": "sediment",
    "method_family": "icp_oes",
    "n_quantified_samples": 461,
    "recommended_action": "acquire an independent source lineage for this cohort instead of re-sampling the same footprint",
    "sample_type": "sediment_marine",
    "unit_layer": "mg/kg"
   },
   "type": "Feature"
  },
  {
   "geometry": {
    "coordinates": [
     [
      [
       -9.5724,
       35.3114
      ],
      [
       31.9145,
       35.3114
      ],
      [
       31.9145,
       69.4542
      ],
      [
       -9.5724,
       69.4542
      ],
      [
       -9.5724,
       35.3114
      ]
     ]
    ],
    "type": "Polygon"
   },
   "properties": {
    "cohort_id": "cohort-447e823384d1",
    "dominant_source_id": "gemas-europe",
    "dominant_source_share": 1.0,
    "element_or_analyte": "As",
    "gap_kind": "single_source_dominated_cohort",
    "medium": "soil",
    "method_family": "icp_ms",
    "n_quantified_samples": 116,
    "recommended_action": "acquire an independent source lineage for this cohort instead of re-sampling the same footprint",
    "sample_type": "soil_grazing_land",
    "unit_layer": "mg/kg"
   },
   "type": "Feature"
  },
  {
   "geometry": {
    "coordinates": [
     [
      [
       57.3555,
       10.0345
      ],
      [
       68.3668,
       10.0345
      ],
      [
       68.3668,
       19.5163
      ],
      [
       57.3555,
       19.5163
      ],
      [
       57.3555,
       10.0345
      ]
     ]
    ],
    "type": "Polygon"
   },
   "properties": {
    "cohort_id": "cohort-4518af71de29",
    "dominant_source_id": "pangaea-arabian-sea-sediment",
    "dominant_source_share": 1.0,
    "element_or_analyte": "Cu",
    "gap_kind": "single_source_dominated_cohort",
    "medium": "sediment",
    "method_family": "other_geochemical_analysis_on_bulk_sediment",
    "n_quantified_samples": 26,
    "recommended_action": "acquire an independent source lineage for this cohort instead of re-sampling the same footprint",
    "sample_type": "sediment_marine_core",
    "unit_layer": "mg/kg"
   },
   "type": "Feature"
  },
  {
   "geometry": {
    "coordinates": [
     [
      [
       -8.62,
       35.04
      ],
      [
       26.32,
       35.04
      ],
      [
       26.32,
       51.0
      ],
      [
       -8.62,
       51.0
      ],
      [
       -8.62,
       35.04
      ]
     ]
    ],
    "type": "Polygon"
   },
   "properties": {
    "cohort_id": "cohort-456119cdf133",
    "dominant_source_id": "foregs-subsoil",
    "dominant_source_share": 1.0,
    "element_or_analyte": "Pb",
    "gap_kind": "single_source_dominated_cohort",
    "medium": "soil",
    "method_family": "icp_oes",
    "n_quantified_samples": 419,
    "recommended_action": "acquire an independent source lineage for this cohort instead of re-sampling the same footprint",
    "sample_type": "soil_subsoil",
    "unit_layer": "mg/kg"
   },
   "type": "Feature"
  },
  {
   "geometry": {
    "coordinates": [
     [
      [
       -117.6,
       49.02
      ],
      [
       -117.6,
       49.02
      ],
      [
       -117.6,
       49.02
      ],
      [
       -117.6,
       49.02
      ],
      [
       -117.6,
       49.02
      ]
     ]
    ],
    "type": "Polygon"
   },
   "properties": {
    "cohort_id": "cohort-47282096674d",
    "dominant_source_id": "gemstat-open-archive",
    "dominant_source_share": 1.0,
    "element_or_analyte": "Pb",
    "gap_kind": "single_source_dominated_cohort",
    "medium": "water",
    "method_family": "icp_ms",
    "n_quantified_samples": 26,
    "recommended_action": "acquire an independent source lineage for this cohort instead of re-sampling the same footprint",
    "sample_type": "water_river",
    "unit_layer": "ug/L"
   },
   "type": "Feature"
  },
  {
   "geometry": {
    "coordinates": [
     [
      [
       -16.3444,
       28.4742
      ],
      [
       35.1536,
       28.4742
      ],
      [
       35.1536,
       70.5883
      ],
      [
       -16.3444,
       70.5883
      ],
      [
       -16.3444,
       28.4742
      ]
     ]
    ],
    "type": "Polygon"
   },
   "properties": {
    "cohort_id": "cohort-4753fd5e5146",
    "dominant_source_id": "gemas-europe",
    "dominant_source_share": 1.0,
    "element_or_analyte": "Cu",
    "gap_kind": "single_source_dominated_cohort",
    "medium": "soil",
    "method_family": "xrf",
    "n_quantified_samples": 2108,
    "recommended_action": "acquire an independent source lineage for this cohort instead of re-sampling the same footprint",
    "sample_type": "soil_agricultural_ploughed",
    "unit_layer": "mg/kg"
   },
   "type": "Feature"
  },
  {
   "geometry": {
    "coordinates": [
     [
      [
       -137.97,
       51.21
      ],
      [
       -117.7,
       51.21
      ],
      [
       -117.7,
       60.12
      ],
      [
       -137.97,
       60.12
      ],
      [
       -137.97,
       51.21
      ]
     ]
    ],
    "type": "Polygon"
   },
   "properties": {
    "cohort_id": "cohort-4900819858a4",
    "dominant_source_id": "gemstat-open-archive",
    "dominant_source_share": 1.0,
    "element_or_analyte": "Cu",
    "gap_kind": "single_source_dominated_cohort",
    "medium": "water",
    "method_family": "other_inductively_coupled_plasma_sector_field_mass_spectrometry_with_closed_vessel_digestion",
    "n_quantified_samples": 44,
    "recommended_action": "acquire an independent source lineage for this cohort instead of re-sampling the same footprint",
    "sample_type": "water_river",
    "unit_layer": "ug/L"
   },
   "type": "Feature"
  },
  {
   "geometry": {
    "coordinates": [
     [
      [
       57.6133,
       -37.751801
      ],
      [
       86.0299,
       -37.751801
      ],
      [
       86.0299,
       16.7495
      ],
      [
       57.6133,
       16.7495
      ],
      [
       57.6133,
       -37.751801
      ]
     ]
    ],
    "type": "Polygon"
   },
   "properties": {
    "cohort_id": "cohort-4a46e93a0371",
    "dominant_source_id": "geotraces-idp2025",
    "dominant_source_share": 1.0,
    "element_or_analyte": "Zn",
    "gap_kind": "single_source_dominated_cohort",
    "medium": "water",
    "method_family": "other_bodc_originator_and_methods_record_321968",
    "n_quantified_samples": 127,
    "recommended_action": "acquire an independent source lineage for this cohort instead of re-sampling the same footprint",
    "sample_type": "water_seawater",
    "unit_layer": "nmol/kg"
   },
   "type": "Feature"
  },
  {
   "geometry": {
    "coordinates": [
     [
      [
       113.8452,
       -43.3302
      ],
      [
       153.3335,
       -43.3302
      ],
      [
       153.3335,
       -11.1039
      ],
      [
       113.8452,
       -11.1039
      ],
      [
       113.8452,
       -43.3302
      ]
     ]
    ],
    "type": "Polygon"
   },
   "properties": {
    "cohort_id": "cohort-4a97743edc51",
    "dominant_source_id": "australia-ngsa",
    "dominant_source_share": 1.0,
    "element_or_analyte": "Cu",
    "gap_kind": "single_source_dominated_cohort",
    "medium": "sediment",
    "method_family": "icp_ms",
    "n_quantified_samples": 1060,
    "recommended_action": "acquire an independent source lineage for this cohort instead of re-sampling the same footprint",
    "sample_type": "sediment_outlet_top",
    "unit_layer": "mg/kg"
   },
   "type": "Feature"
  },
  {
   "geometry": {
    "coordinates": [
     [
      [
       -16.3444,
       28.4742
      ],
      [
       35.1536,
       28.4742
      ],
      [
       35.1536,
       70.5883
      ],
      [
       -16.3444,
       70.5883
      ],
      [
       -16.3444,
       28.4742
      ]
     ]
    ],
    "type": "Polygon"
   },
   "properties": {
    "cohort_id": "cohort-4b4cf288451f",
    "dominant_source_id": "gemas-europe",
    "dominant_source_share": 1.0,
    "element_or_analyte": "Zn",
    "gap_kind": "single_source_dominated_cohort",
    "medium": "soil",
    "method_family": "xrf",
    "n_quantified_samples": 2108,
    "recommended_action": "acquire an independent source lineage for this cohort instead of re-sampling the same footprint",
    "sample_type": "soil_agricultural_ploughed",
    "unit_layer": "mg/kg"
   },
   "type": "Feature"
  },
  {
   "geometry": {
    "coordinates": [
     [
      [
       -15.5660882,
       27.96442015
      ],
      [
       26.319878791,
       27.96442015
      ],
      [
       26.319878791,
       50.8575
      ],
      [
       -15.5660882,
       50.8575
      ],
      [
       -15.5660882,
       27.96442015
      ]
     ]
    ],
    "type": "Polygon"
   },
   "properties": {
    "cohort_id": "cohort-4b4f2a35089e",
    "dominant_source_id": "foregs-topsoil",
    "dominant_source_share": 1.0,
    "element_or_analyte": "Cu",
    "gap_kind": "single_source_dominated_cohort",
    "medium": "soil",
    "method_family": "icp_ms",
    "n_quantified_samples": 446,
    "recommended_action": "acquire an independent source lineage for this cohort instead of re-sampling the same footprint",
    "sample_type": "soil_topsoil",
    "unit_layer": "mg/kg"
   },
   "type": "Feature"
  },
  {
   "geometry": {
    "coordinates": [
     [
      [
       -48.866,
       -12.484194
      ],
      [
       -34.932111,
       -12.484194
      ],
      [
       -34.932111,
       -3.019861
      ],
      [
       -48.866,
       -3.019861
      ],
      [
       -48.866,
       -12.484194
      ]
     ]
    ],
    "type": "Polygon"
   },
   "properties": {
    "cohort_id": "cohort-4ba31c572259",
    "dominant_source_id": "pangaea-brasol-ne-brazil-soil",
    "dominant_source_share": 1.0,
    "element_or_analyte": "Pb",
    "gap_kind": "single_source_dominated_cohort",
    "medium": "soil",
    "method_family": "xrf",
    "n_quantified_samples": 76,
    "recommended_action": "acquire an independent source lineage for this cohort instead of re-sampling the same footprint",
    "sample_type": "soil_subsoil",
    "unit_layer": "mg/kg"
   },
   "type": "Feature"
  },
  {
   "geometry": {
    "coordinates": [
     [
      [
       -13.26,
       15.67
      ],
      [
       32.5,
       15.67
      ],
      [
       32.5,
       33.83
      ],
      [
       -13.26,
       33.83
      ],
      [
       -13.26,
       15.67
      ]
     ]
    ],
    "type": "Polygon"
   },
   "properties": {
    "cohort_id": "cohort-4e8f98faa67a",
    "dominant_source_id": "pangaea-north-africa-soil",
    "dominant_source_share": 1.0,
    "element_or_analyte": "Ni",
    "gap_kind": "single_source_dominated_cohort",
    "medium": "soil",
    "method_family": "icp_ms",
    "n_quantified_samples": 43,
    "recommended_action": "acquire an independent source lineage for this cohort instead of re-sampling the same footprint",
    "sample_type": "soil_surface",
    "unit_layer": "mg/kg"
   },
   "type": "Feature"
  },
  {
   "geometry": {
    "coordinates": [
     [
      [
       -124.132,
       30.4554
      ],
      [
       -85.0352,
       30.4554
      ],
      [
       -85.0352,
       41.9863
      ],
      [
       -124.132,
       41.9863
      ],
      [
       -124.132,
       30.4554
      ]
     ]
    ],
    "type": "Polygon"
   },
   "properties": {
    "cohort_id": "cohort-4ed5bbda76a7",
    "dominant_source_id": "usgs-conus-soil",
    "dominant_source_share": 1.0,
    "element_or_analyte": "Zn",
    "gap_kind": "single_source_dominated_cohort",
    "medium": "soil",
    "method_family": "icp_oes",
    "n_quantified_samples": 661,
    "recommended_action": "acquire an independent source lineage for this cohort instead of re-sampling the same footprint",
    "sample_type": "soil_topsoil",
    "unit_layer": "mg/kg"
   },
   "type": "Feature"
  },
  {
   "geometry": {
    "coordinates": [
     [
      [
       -15.5660882,
       27.96442015
      ],
      [
       26.319878791,
       27.96442015
      ],
      [
       26.319878791,
       50.8575
      ],
      [
       -15.5660882,
       50.8575
      ],
      [
       -15.5660882,
       27.96442015
      ]
     ]
    ],
    "type": "Polygon"
   },
   "properties": {
    "cohort_id": "cohort-4f4534b70c16",
    "dominant_source_id": "foregs-topsoil",
    "dominant_source_share": 1.0,
    "element_or_analyte": "Cr",
    "gap_kind": "single_source_dominated_cohort",
    "medium": "soil",
    "method_family": "xrf",
    "n_quantified_samples": 438,
    "recommended_action": "acquire an independent source lineage for this cohort instead of re-sampling the same footprint",
    "sample_type": "soil_topsoil",
    "unit_layer": "mg/kg"
   },
   "type": "Feature"
  },
  {
   "geometry": {
    "coordinates": [
     [
      [
       117.71,
       24.188
      ],
      [
       126.912,
       24.188
      ],
      [
       126.912,
       31.87
      ],
      [
       117.71,
       31.87
      ],
      [
       117.71,
       24.188
      ]
     ]
    ],
    "type": "Polygon"
   },
   "properties": {
    "cohort_id": "cohort-5069e5b9028d",
    "dominant_source_id": "pangaea-east-china-sea-clay",
    "dominant_source_share": 1.0,
    "element_or_analyte": "Zn",
    "gap_kind": "single_source_dominated_cohort",
    "medium": "sediment",
    "method_family": "other_x_ray_diffraction_xrd_per_publisher_parameter_labels",
    "n_quantified_samples": 49,
    "recommended_action": "acquire an independent source lineage for this cohort instead of re-sampling the same footprint",
    "sample_type": "sediment_clay_fraction_leach_residue",
    "unit_layer": "mg/kg"
   },
   "type": "Feature"
  },
  {
   "geometry": {
    "coordinates": [
     [
      [
       -155.171997,
       -19.985701
      ],
      [
       -152.0,
       -19.985701
      ],
      [
       -152.0,
       44.578499
      ],
      [
       -155.171997,
       44.578499
      ],
      [
       -155.171997,
       -19.985701
      ]
     ]
    ],
    "type": "Polygon"
   },
   "properties": {
    "cohort_id": "cohort-508831826472",
    "dominant_source_id": "geotraces-idp2025",
    "dominant_source_share": 1.0,
    "element_or_analyte": "Ni",
    "gap_kind": "single_source_dominated_cohort",
    "medium": "water",
    "method_family": "other_bodc_originator_and_methods_record_672829",
    "n_quantified_samples": 170,
    "recommended_action": "acquire an independent source lineage for this cohort instead of re-sampling the same footprint",
    "sample_type": "water_seawater",
    "unit_layer": "nmol/kg"
   },
   "type": "Feature"
  },
  {
   "geometry": {
    "coordinates": [
     [
      [
       -16.3444,
       28.4742
      ],
      [
       35.1536,
       28.4742
      ],
      [
       35.1536,
       70.5883
      ],
      [
       -16.3444,
       70.5883
      ],
      [
       -16.3444,
       28.4742
      ]
     ]
    ],
    "type": "Polygon"
   },
   "properties": {
    "cohort_id": "cohort-50cde350cb7e",
    "dominant_source_id": "gemas-europe",
    "dominant_source_share": 1.0,
    "element_or_analyte": "Cu",
    "gap_kind": "single_source_dominated_cohort",
    "medium": "soil",
    "method_family": "icp_ms",
    "n_quantified_samples": 2108,
    "recommended_action": "acquire an independent source lineage for this cohort instead of re-sampling the same footprint",
    "sample_type": "soil_agricultural_ploughed",
    "unit_layer": "mg/kg"
   },
   "type": "Feature"
  },
  {
   "geometry": {
    "coordinates": [
     [
      [
       -9.5724,
       35.3114
      ],
      [
       31.9145,
       35.3114
      ],
      [
       31.9145,
       69.4542
      ],
      [
       -9.5724,
       69.4542
      ],
      [
       -9.5724,
       35.3114
      ]
     ]
    ],
    "type": "Polygon"
   },
   "properties": {
    "cohort_id": "cohort-519a3bf4f245",
    "dominant_source_id": "gemas-europe",
    "dominant_source_share": 1.0,
    "element_or_analyte": "As",
    "gap_kind": "single_source_dominated_cohort",
    "medium": "soil",
    "method_family": "xrf",
    "n_quantified_samples": 116,
    "recommended_action": "acquire an independent source lineage for this cohort instead of re-sampling the same footprint",
    "sample_type": "soil_grazing_land",
    "unit_layer": "mg/kg"
   },
   "type": "Feature"
  },
  {
   "geometry": {
    "coordinates": [
     [
      [
       -48.316917,
       -12.418917
      ],
      [
       -34.852917,
       -12.418917
      ],
      [
       -34.852917,
       -5.838889
      ],
      [
       -48.316917,
       -5.838889
      ],
      [
       -48.316917,
       -12.418917
      ]
     ]
    ],
    "type": "Polygon"
   },
   "properties": {
    "cohort_id": "cohort-51e09bc91efa",
    "dominant_source_id": "pangaea-brasol-ne-brazil-soil",
    "dominant_source_share": 1.0,
    "element_or_analyte": "Pb",
    "gap_kind": "single_source_dominated_cohort",
    "medium": "soil",
    "method_family": "icp_ms",
    "n_quantified_samples": 36,
    "recommended_action": "acquire an independent source lineage for this cohort instead of re-sampling the same footprint",
    "sample_type": "soil_topsoil",
    "unit_layer": "mg/kg"
   },
   "type": "Feature"
  },
  {
   "geometry": {
    "coordinates": [
     [
      [
       -8.74,
       35.5
      ],
      [
       31.22,
       35.5
      ],
      [
       31.22,
       70.16
      ],
      [
       -8.74,
       70.16
      ],
      [
       -8.74,
       35.5
      ]
     ]
    ],
    "type": "Polygon"
   },
   "properties": {
    "cohort_id": "cohort-5242941c4aee",
    "dominant_source_id": "foregs-stream-water",
    "dominant_source_share": 1.0,
    "element_or_analyte": "Cr",
    "gap_kind": "single_source_dominated_cohort",
    "medium": "water",
    "method_family": "other_icp_qms_for_published_trace_metals",
    "n_quantified_samples": 806,
    "recommended_action": "acquire an independent source lineage for this cohort instead of re-sampling the same footprint",
    "sample_type": "water_stream",
    "unit_layer": "ug/L"
   },
   "type": "Feature"
  },
  {
   "geometry": {
    "coordinates": [
     [
      [
       -124.132,
       30.4554
      ],
      [
       -85.0352,
       30.4554
      ],
      [
       -85.0352,
       41.9863
      ],
      [
       -124.132,
       41.9863
      ],
      [
       -124.132,
       30.4554
      ]
     ]
    ],
    "type": "Polygon"
   },
   "properties": {
    "cohort_id": "cohort-52956c7feadb",
    "dominant_source_id": "usgs-conus-soil",
    "dominant_source_share": 1.0,
    "element_or_analyte": "Ni",
    "gap_kind": "single_source_dominated_cohort",
    "medium": "soil",
    "method_family": "icp_oes",
    "n_quantified_samples": 661,
    "recommended_action": "acquire an independent source lineage for this cohort instead of re-sampling the same footprint",
    "sample_type": "soil_c_horizon",
    "unit_layer": "mg/kg"
   },
   "type": "Feature"
  },
  {
   "geometry": {
    "coordinates": [
     [
      [
       -16.3444,
       28.4742
      ],
      [
       35.1536,
       28.4742
      ],
      [
       35.1536,
       70.5883
      ],
      [
       -16.3444,
       70.5883
      ],
      [
       -16.3444,
       28.4742
      ]
     ]
    ],
    "type": "Polygon"
   },
   "properties": {
    "cohort_id": "cohort-541ab1f22611",
    "dominant_source_id": "gemas-europe",
    "dominant_source_share": 1.0,
    "element_or_analyte": "Hg",
    "gap_kind": "single_source_dominated_cohort",
    "medium": "soil",
    "method_family": "icp_ms",
    "n_quantified_samples": 2108,
    "recommended_action": "acquire an independent source lineage for this cohort instead of re-sampling the same footprint",
    "sample_type": "soil_agricultural_ploughed",
    "unit_layer": "mg/kg"
   },
   "type": "Feature"
  },
  {
   "geometry": {
    "coordinates": [
     [
      [
       -67.1983,
       -9.75042
      ],
      [
       -50.97,
       -9.75042
      ],
      [
       -50.97,
       -2.53317
      ],
      [
       -67.1983,
       -2.53317
      ],
      [
       -67.1983,
       -9.75042
      ]
     ]
    ],
    "type": "Polygon"
   },
   "properties": {
    "cohort_id": "cohort-54427bbd5965",
    "dominant_source_id": "pangaea-amazonas-soil",
    "dominant_source_share": 1.0,
    "element_or_analyte": "Pb",
    "gap_kind": "single_source_dominated_cohort",
    "medium": "soil",
    "method_family": "icp_ms",
    "n_quantified_samples": 83,
    "recommended_action": "acquire an independent source lineage for this cohort instead of re-sampling the same footprint",
    "sample_type": "soil_topsoil",
    "unit_layer": "mg/kg"
   },
   "type": "Feature"
  },
  {
   "geometry": {
    "coordinates": [
     [
      [
       -67.1983,
       -9.75042
      ],
      [
       -50.97,
       -9.75042
      ],
      [
       -50.97,
       -2.53317
      ],
      [
       -67.1983,
       -2.53317
      ],
      [
       -67.1983,
       -9.75042
      ]
     ]
    ],
    "type": "Polygon"
   },
   "properties": {
    "cohort_id": "cohort-546c8ace7d91",
    "dominant_source_id": "pangaea-amazonas-soil",
    "dominant_source_share": 1.0,
    "element_or_analyte": "Ni",
    "gap_kind": "single_source_dominated_cohort",
    "medium": "soil",
    "method_family": "icp_ms",
    "n_quantified_samples": 83,
    "recommended_action": "acquire an independent source lineage for this cohort instead of re-sampling the same footprint",
    "sample_type": "soil_subsoil",
    "unit_layer": "mg/kg"
   },
   "type": "Feature"
  },
  {
   "geometry": {
    "coordinates": [
     [
      [
       -139.78,
       51.21
      ],
      [
       -116.44,
       51.21
      ],
      [
       -116.44,
       67.58
      ],
      [
       -139.78,
       67.58
      ],
      [
       -139.78,
       51.21
      ]
     ]
    ],
    "type": "Polygon"
   },
   "properties": {
    "cohort_id": "cohort-54bd6674c69e",
    "dominant_source_id": "gemstat-open-archive",
    "dominant_source_share": 1.0,
    "element_or_analyte": "Zn",
    "gap_kind": "single_source_dominated_cohort",
    "medium": "water",
    "method_family": "other_extractable_metals_by_inductively_coupled_argon_plasma_mass_spectrometry_with_pneumatic_nebulization",
    "n_quantified_samples": 59,
    "recommended_action": "acquire an independent source lineage for this cohort instead of re-sampling the same footprint",
    "sample_type": "water_river",
    "unit_layer": "ug/L"
   },
   "type": "Feature"
  },
  {
   "geometry": {
    "coordinates": [
     [
      [
       -13.26,
       15.67
      ],
      [
       32.5,
       15.67
      ],
      [
       32.5,
       33.83
      ],
      [
       -13.26,
       33.83
      ],
      [
       -13.26,
       15.67
      ]
     ]
    ],
    "type": "Polygon"
   },
   "properties": {
    "cohort_id": "cohort-54de21484d4a",
    "dominant_source_id": "pangaea-north-africa-soil",
    "dominant_source_share": 1.0,
    "element_or_analyte": "Zn",
    "gap_kind": "single_source_dominated_cohort",
    "medium": "soil",
    "method_family": "icp_ms",
    "n_quantified_samples": 43,
    "recommended_action": "acquire an independent source lineage for this cohort instead of re-sampling the same footprint",
    "sample_type": "soil_surface",
    "unit_layer": "mg/kg"
   },
   "type": "Feature"
  },
  {
   "geometry": {
    "coordinates": [
     [
      [
       -91.43916667,
       38.71
      ],
      [
       -77.11722222,
       38.71
      ],
      [
       -77.11722222,
       38.92944444
      ],
      [
       -91.43916667,
       38.92944444
      ],
      [
       -91.43916667,
       38.71
      ]
     ]
    ],
    "type": "Polygon"
   },
   "properties": {
    "cohort_id": "cohort-561ea4815cd3",
    "dominant_source_id": "gemstat-open-archive",
    "dominant_source_share": 1.0,
    "element_or_analyte": "Cr",
    "gap_kind": "single_source_dominated_cohort",
    "medium": "water",
    "method_family": "aas",
    "n_quantified_samples": 42,
    "recommended_action": "acquire an independent source lineage for this cohort instead of re-sampling the same footprint",
    "sample_type": "water_river",
    "unit_layer": "ug/L"
   },
   "type": "Feature"
  },
  {
   "geometry": {
    "coordinates": [
     [
      [
       -15.5660882,
       27.96442015
      ],
      [
       26.319878791,
       27.96442015
      ],
      [
       26.319878791,
       50.8575
      ],
      [
       -15.5660882,
       50.8575
      ],
      [
       -15.5660882,
       27.96442015
      ]
     ]
    ],
    "type": "Polygon"
   },
   "properties": {
    "cohort_id": "cohort-56ad54b193aa",
    "dominant_source_id": "foregs-topsoil",
    "dominant_source_share": 1.0,
    "element_or_analyte": "As",
    "gap_kind": "single_source_dominated_cohort",
    "medium": "soil",
    "method_family": "icp_ms",
    "n_quantified_samples": 446,
    "recommended_action": "acquire an independent source lineage for this cohort instead of re-sampling the same footprint",
    "sample_type": "soil_topsoil",
    "unit_layer": "mg/kg"
   },
   "type": "Feature"
  },
  {
   "geometry": {
    "coordinates": [
     [
      [
       -124.132,
       30.4554
      ],
      [
       -85.0352,
       30.4554
      ],
      [
       -85.0352,
       41.9863
      ],
      [
       -124.132,
       41.9863
      ],
      [
       -124.132,
       30.4554
      ]
     ]
    ],
    "type": "Polygon"
   },
   "properties": {
    "cohort_id": "cohort-5734329b244f",
    "dominant_source_id": "usgs-conus-soil",
    "dominant_source_share": 1.0,
    "element_or_analyte": "As",
    "gap_kind": "single_source_dominated_cohort",
    "medium": "soil",
    "method_family": "aas",
    "n_quantified_samples": 660,
    "recommended_action": "acquire an independent source lineage for this cohort instead of re-sampling the same footprint",
    "sample_type": "soil_topsoil",
    "unit_layer": "mg/kg"
   },
   "type": "Feature"
  },
  {
   "geometry": {
    "coordinates": [
     [
      [
       -16.3444,
       28.4742
      ],
      [
       35.1536,
       28.4742
      ],
      [
       35.1536,
       70.5883
      ],
      [
       -16.3444,
       70.5883
      ],
      [
       -16.3444,
       28.4742
      ]
     ]
    ],
    "type": "Polygon"
   },
   "properties": {
    "cohort_id": "cohort-57a705448c1a",
    "dominant_source_id": "gemas-europe",
    "dominant_source_share": 1.0,
    "element_or_analyte": "As",
    "gap_kind": "single_source_dominated_cohort",
    "medium": "soil",
    "method_family": "xrf",
    "n_quantified_samples": 2108,
    "recommended_action": "acquire an independent source lineage for this cohort instead of re-sampling the same footprint",
    "sample_type": "soil_agricultural_ploughed",
    "unit_layer": "mg/kg"
   },
   "type": "Feature"
  },
  {
   "geometry": {
    "coordinates": [
     [
      [
       -15.5555631,
       27.92424718
      ],
      [
       26.334653006,
       27.92424718
      ],
      [
       26.334653006,
       50.85749
      ],
      [
       -15.5555631,
       50.85749
      ],
      [
       -15.5555631,
       27.92424718
      ]
     ]
    ],
    "type": "Polygon"
   },
   "properties": {
    "cohort_id": "cohort-57f2eef90744",
    "dominant_source_id": "foregs-stream-sediment",
    "dominant_source_share": 1.0,
    "element_or_analyte": "As",
    "gap_kind": "single_source_dominated_cohort",
    "medium": "sediment",
    "method_family": "icp_oes",
    "n_quantified_samples": 456,
    "recommended_action": "acquire an independent source lineage for this cohort instead of re-sampling the same footprint",
    "sample_type": "sediment_stream",
    "unit_layer": "mg/kg"
   },
   "type": "Feature"
  },
  {
   "geometry": {
    "coordinates": [
     [
      [
       -139.78,
       51.21
      ],
      [
       -117.7,
       51.21
      ],
      [
       -117.7,
       67.58
      ],
      [
       -139.78,
       67.58
      ],
      [
       -139.78,
       51.21
      ]
     ]
    ],
    "type": "Polygon"
   },
   "properties": {
    "cohort_id": "cohort-58396c7e07bb",
    "dominant_source_id": "gemstat-open-archive",
    "dominant_source_share": 1.0,
    "element_or_analyte": "Cu",
    "gap_kind": "single_source_dominated_cohort",
    "medium": "water",
    "method_family": "other_extractable_metals_by_inductively_coupled_argon_plasma_mass_spectrometry_with_pneumatic_nebulization",
    "n_quantified_samples": 50,
    "recommended_action": "acquire an independent source lineage for this cohort instead of re-sampling the same footprint",
    "sample_type": "water_river",
    "unit_layer": "ug/L"
   },
   "type": "Feature"
  },
  {
   "geometry": {
    "coordinates": [
     [
      [
       -137.97,
       51.21
      ],
      [
       -117.7,
       51.21
      ],
      [
       -117.7,
       60.12
      ],
      [
       -137.97,
       60.12
      ],
      [
       -137.97,
       51.21
      ]
     ]
    ],
    "type": "Polygon"
   },
   "properties": {
    "cohort_id": "cohort-583b0def576d",
    "dominant_source_id": "gemstat-open-archive",
    "dominant_source_share": 1.0,
    "element_or_analyte": "Ni",
    "gap_kind": "single_source_dominated_cohort",
    "medium": "water",
    "method_family": "other_inductively_coupled_plasma_icp_method_total_metals_after_rigorous_digestion",
    "n_quantified_samples": 97,
    "recommended_action": "acquire an independent source lineage for this cohort instead of re-sampling the same footprint",
    "sample_type": "water_river",
    "unit_layer": "ug/L"
   },
   "type": "Feature"
  },
  {
   "geometry": {
    "coordinates": [
     [
      [
       127.6799,
       26.1292
      ],
      [
       145.7221,
       26.1292
      ],
      [
       145.7221,
       45.4518
      ],
      [
       127.6799,
       45.4518
      ],
      [
       127.6799,
       26.1292
      ]
     ]
    ],
    "type": "Polygon"
   },
   "properties": {
    "cohort_id": "cohort-5dbe6ef3a7fd",
    "dominant_source_id": "japan-gsj-geochemical-map",
    "dominant_source_share": 1.0,
    "element_or_analyte": "Ni",
    "gap_kind": "single_source_dominated_cohort",
    "medium": "sediment",
    "method_family": "",
    "n_quantified_samples": 3024,
    "recommended_action": "acquire an independent source lineage for this cohort instead of re-sampling the same footprint",
    "sample_type": "sediment_stream",
    "unit_layer": "mg/kg"
   },
   "type": "Feature"
  },
  {
   "geometry": {
    "coordinates": [
     [
      [
       -8.6201987961374,
       35.043132637
      ],
      [
       26.319878791,
       35.043132637
      ],
      [
       26.319878791,
       52.49
      ],
      [
       -8.6201987961374,
       52.49
      ],
      [
       -8.6201987961374,
       35.043132637
      ]
     ]
    ],
    "type": "Polygon"
   },
   "properties": {
    "cohort_id": "cohort-5e6928e8dc7a",
    "dominant_source_id": "foregs-subsoil",
    "dominant_source_share": 1.0,
    "element_or_analyte": "Hg",
    "gap_kind": "single_source_dominated_cohort",
    "medium": "soil",
    "method_family": "aas",
    "n_quantified_samples": 419,
    "recommended_action": "acquire an independent source lineage for this cohort instead of re-sampling the same footprint",
    "sample_type": "soil_subsoil",
    "unit_layer": "mg/kg"
   },
   "type": "Feature"
  },
  {
   "geometry": {
    "coordinates": [
     [
      [
       -8.75,
       44.18
      ],
      [
       31.22,
       44.18
      ],
      [
       31.22,
       70.16
      ],
      [
       -8.75,
       70.16
      ],
      [
       -8.75,
       44.18
      ]
     ]
    ],
    "type": "Polygon"
   },
   "properties": {
    "cohort_id": "cohort-5fde497715d9",
    "dominant_source_id": "foregs-humus",
    "dominant_source_share": 1.0,
    "element_or_analyte": "Pb",
    "gap_kind": "single_source_dominated_cohort",
    "medium": "soil",
    "method_family": "icp_ms",
    "n_quantified_samples": 367,
    "recommended_action": "acquire an independent source lineage for this cohort instead of re-sampling the same footprint",
    "sample_type": "soil_humus",
    "unit_layer": "mg/kg"
   },
   "type": "Feature"
  },
  {
   "geometry": {
    "coordinates": [
     [
      [
       -139.78,
       51.21
      ],
      [
       -117.7,
       51.21
      ],
      [
       -117.7,
       67.58
      ],
      [
       -139.78,
       67.58
      ],
      [
       -139.78,
       51.21
      ]
     ]
    ],
    "type": "Polygon"
   },
   "properties": {
    "cohort_id": "cohort-607ab1c67805",
    "dominant_source_id": "gemstat-open-archive",
    "dominant_source_share": 1.0,
    "element_or_analyte": "Ni",
    "gap_kind": "single_source_dominated_cohort",
    "medium": "water",
    "method_family": "other_extractable_metals_by_inductively_coupled_argon_plasma_mass_spectrometry_with_pneumatic_nebulization",
    "n_quantified_samples": 51,
    "recommended_action": "acquire an independent source lineage for this cohort instead of re-sampling the same footprint",
    "sample_type": "water_river",
    "unit_layer": "ug/L"
   },
   "type": "Feature"
  },
  {
   "geometry": {
    "coordinates": [
     [
      [
       114.8976,
       -42.4756
      ],
      [
       153.0022,
       -42.4756
      ],
      [
       153.0022,
       -12.6551
      ],
      [
       114.8976,
       -12.6551
      ],
      [
       114.8976,
       -42.4756
      ]
     ]
    ],
    "type": "Polygon"
   },
   "properties": {
    "cohort_id": "cohort-617474a69cf6",
    "dominant_source_id": "australia-ngsa-mercury",
    "dominant_source_share": 1.0,
    "element_or_analyte": "Hg",
    "gap_kind": "single_source_dominated_cohort",
    "medium": "sediment",
    "method_family": "other_usepa_method_7473_milestone_tri_cell_dma_80_direct_mercury_analyser",
    "n_quantified_samples": 25,
    "recommended_action": "acquire an independent source lineage for this cohort instead of re-sampling the same footprint",
    "sample_type": "sediment_outlet_bottom",
    "unit_layer": "mg/kg"
   },
   "type": "Feature"
  },
  {
   "geometry": {
    "coordinates": [
     [
      [
       -8.62,
       35.04
      ],
      [
       26.32,
       35.04
      ],
      [
       26.32,
       51.0
      ],
      [
       -8.62,
       51.0
      ],
      [
       -8.62,
       35.04
      ]
     ]
    ],
    "type": "Polygon"
   },
   "properties": {
    "cohort_id": "cohort-643f945036e1",
    "dominant_source_id": "foregs-subsoil",
    "dominant_source_share": 1.0,
    "element_or_analyte": "Ni",
    "gap_kind": "single_source_dominated_cohort",
    "medium": "soil",
    "method_family": "icp_oes",
    "n_quantified_samples": 419,
    "recommended_action": "acquire an independent source lineage for this cohort instead of re-sampling the same footprint",
    "sample_type": "soil_subsoil",
    "unit_layer": "mg/kg"
   },
   "type": "Feature"
  },
  {
   "geometry": {
    "coordinates": [
     [
      [
       -15.45288278,
       27.82639699
      ],
      [
       26.487047148,
       27.82639699
      ],
      [
       26.487047148,
       49.31
      ],
      [
       -15.45288278,
       49.31
      ],
      [
       -15.45288278,
       27.82639699
      ]
     ]
    ],
    "type": "Polygon"
   },
   "properties": {
    "cohort_id": "cohort-65503801af3f",
    "dominant_source_id": "foregs-floodplain-sediment",
    "dominant_source_share": 1.0,
    "element_or_analyte": "Cu",
    "gap_kind": "single_source_dominated_cohort",
    "medium": "sediment",
    "method_family": "icp_oes",
    "n_quantified_samples": 374,
    "recommended_action": "acquire an independent source lineage for this cohort instead of re-sampling the same footprint",
    "sample_type": "sediment_floodplain",
    "unit_layer": "mg/kg"
   },
   "type": "Feature"
  },
  {
   "geometry": {
    "coordinates": [
     [
      [
       -124.132,
       30.4554
      ],
      [
       -85.0352,
       30.4554
      ],
      [
       -85.0352,
       41.9863
      ],
      [
       -124.132,
       41.9863
      ],
      [
       -124.132,
       30.4554
      ]
     ]
    ],
    "type": "Polygon"
   },
   "properties": {
    "cohort_id": "cohort-65a914277358",
    "dominant_source_id": "usgs-conus-soil",
    "dominant_source_share": 1.0,
    "element_or_analyte": "As",
    "gap_kind": "single_source_dominated_cohort",
    "medium": "soil",
    "method_family": "aas",
    "n_quantified_samples": 659,
    "recommended_action": "acquire an independent source lineage for this cohort instead of re-sampling the same footprint",
    "sample_type": "soil_a_horizon",
    "unit_layer": "mg/kg"
   },
   "type": "Feature"
  },
  {
   "geometry": {
    "coordinates": [
     [
      [
       105.2847,
       4.0725
      ],
      [
       120.155,
       4.0725
      ],
      [
       120.155,
       20.6
      ],
      [
       105.2847,
       20.6
      ],
      [
       105.2847,
       4.0725
      ]
     ]
    ],
    "type": "Polygon"
   },
   "properties": {
    "cohort_id": "cohort-65e0bb23ad60",
    "dominant_source_id": "pangaea-south-china-sea-sediment",
    "dominant_source_share": 1.0,
    "element_or_analyte": "Cr",
    "gap_kind": "single_source_dominated_cohort",
    "medium": "sediment",
    "method_family": "icp_ms",
    "n_quantified_samples": 44,
    "recommended_action": "acquire an independent source lineage for this cohort instead of re-sampling the same footprint",
    "sample_type": "sediment_marine_surface",
    "unit_layer": "mg/kg"
   },
   "type": "Feature"
  },
  {
   "geometry": {
    "coordinates": [
     [
      [
       117.71,
       24.188
      ],
      [
       126.912,
       24.188
      ],
      [
       126.912,
       31.87
      ],
      [
       117.71,
       31.87
      ],
      [
       117.71,
       24.188
      ]
     ]
    ],
    "type": "Polygon"
   },
   "properties": {
    "cohort_id": "cohort-65e22fa1e444",
    "dominant_source_id": "pangaea-east-china-sea-clay",
    "dominant_source_share": 1.0,
    "element_or_analyte": "Cu",
    "gap_kind": "single_source_dominated_cohort",
    "medium": "sediment",
    "method_family": "other_x_ray_diffraction_xrd_per_publisher_parameter_labels",
    "n_quantified_samples": 49,
    "recommended_action": "acquire an independent source lineage for this cohort instead of re-sampling the same footprint",
    "sample_type": "sediment_clay_fraction_leach_residue",
    "unit_layer": "mg/kg"
   },
   "type": "Feature"
  },
  {
   "geometry": {
    "coordinates": [
     [
      [
       105.2847,
       4.0725
      ],
      [
       120.155,
       4.0725
      ],
      [
       120.155,
       20.6
      ],
      [
       105.2847,
       20.6
      ],
      [
       105.2847,
       4.0725
      ]
     ]
    ],
    "type": "Polygon"
   },
   "properties": {
    "cohort_id": "cohort-6887ef4b9a7d",
    "dominant_source_id": "pangaea-south-china-sea-sediment",
    "dominant_source_share": 1.0,
    "element_or_analyte": "Zn",
    "gap_kind": "single_source_dominated_cohort",
    "medium": "sediment",
    "method_family": "icp_ms",
    "n_quantified_samples": 44,
    "recommended_action": "acquire an independent source lineage for this cohort instead of re-sampling the same footprint",
    "sample_type": "sediment_marine_surface",
    "unit_layer": "mg/kg"
   },
   "type": "Feature"
  },
  {
   "geometry": {
    "coordinates": [
     [
      [
       -91.43916667,
       38.71
      ],
      [
       -91.43916667,
       38.71
      ],
      [
       -91.43916667,
       38.71
      ],
      [
       -91.43916667,
       38.71
      ],
      [
       -91.43916667,
       38.71
      ]
     ]
    ],
    "type": "Polygon"
   },
   "properties": {
    "cohort_id": "cohort-68fbf062cc76",
    "dominant_source_id": "gemstat-open-archive",
    "dominant_source_share": 1.0,
    "element_or_analyte": "Ni",
    "gap_kind": "single_source_dominated_cohort",
    "medium": "water",
    "method_family": "aas",
    "n_quantified_samples": 44,
    "recommended_action": "acquire an independent source lineage for this cohort instead of re-sampling the same footprint",
    "sample_type": "water_river",
    "unit_layer": "ug/L"
   },
   "type": "Feature"
  },
  {
   "geometry": {
    "coordinates": [
     [
      [
       113.8452,
       -43.3302
      ],
      [
       153.3335,
       -43.3302
      ],
      [
       153.3335,
       -11.1039
      ],
      [
       113.8452,
       -11.1039
      ],
      [
       113.8452,
       -43.3302
      ]
     ]
    ],
    "type": "Polygon"
   },
   "properties": {
    "cohort_id": "cohort-692d22c3028b",
    "dominant_source_id": "australia-ngsa",
    "dominant_source_share": 1.0,
    "element_or_analyte": "Cu",
    "gap_kind": "single_source_dominated_cohort",
    "medium": "sediment",
    "method_family": "icp_ms",
    "n_quantified_samples": 1059,
    "recommended_action": "acquire an independent source lineage for this cohort instead of re-sampling the same footprint",
    "sample_type": "sediment_outlet_bottom",
    "unit_layer": "mg/kg"
   },
   "type": "Feature"
  },
  {
   "geometry": {
    "coordinates": [
     [
      [
       -8.6201987961374,
       35.043132637
      ],
      [
       26.319878791,
       35.043132637
      ],
      [
       26.319878791,
       50.99929
      ],
      [
       -8.6201987961374,
       50.99929
      ],
      [
       -8.6201987961374,
       35.043132637
      ]
     ]
    ],
    "type": "Polygon"
   },
   "properties": {
    "cohort_id": "cohort-6af5d2702d73",
    "dominant_source_id": "foregs-subsoil",
    "dominant_source_share": 1.0,
    "element_or_analyte": "Ni",
    "gap_kind": "single_source_dominated_cohort",
    "medium": "soil",
    "method_family": "icp_ms",
    "n_quantified_samples": 419,
    "recommended_action": "acquire an independent source lineage for this cohort instead of re-sampling the same footprint",
    "sample_type": "soil_subsoil",
    "unit_layer": "mg/kg"
   },
   "type": "Feature"
  },
  {
   "geometry": {
    "coordinates": [
     [
      [
       -54.524597,
       -70.175102
      ],
      [
       0.09967,
       -70.175102
      ],
      [
       0.09967,
       -59.084
      ],
      [
       -54.524597,
       -59.084
      ],
      [
       -54.524597,
       -70.175102
      ]
     ]
    ],
    "type": "Polygon"
   },
   "properties": {
    "cohort_id": "cohort-6c3f423ebd60",
    "dominant_source_id": "geotraces-idp2025",
    "dominant_source_share": 1.0,
    "element_or_analyte": "Zn",
    "gap_kind": "single_source_dominated_cohort",
    "medium": "water",
    "method_family": "other_bodc_originator_and_methods_record_676007",
    "n_quantified_samples": 289,
    "recommended_action": "acquire an independent source lineage for this cohort instead of re-sampling the same footprint",
    "sample_type": "water_seawater",
    "unit_layer": "nmol/kg"
   },
   "type": "Feature"
  },
  {
   "geometry": {
    "coordinates": [
     [
      [
       -19.516907,
       76.801399
      ],
      [
       8.32663,
       76.801399
      ],
      [
       8.32663,
       80.853203
      ],
      [
       -19.516907,
       80.853203
      ],
      [
       -19.516907,
       76.801399
      ]
     ]
    ],
    "type": "Polygon"
   },
   "properties": {
    "cohort_id": "cohort-6cce8290d0f1",
    "dominant_source_id": "geotraces-idp2025",
    "dominant_source_share": 1.0,
    "element_or_analyte": "Cu",
    "gap_kind": "single_source_dominated_cohort",
    "medium": "water",
    "method_family": "other_bodc_originator_and_methods_record_668909",
    "n_quantified_samples": 450,
    "recommended_action": "acquire an independent source lineage for this cohort instead of re-sampling the same footprint",
    "sample_type": "water_seawater",
    "unit_layer": "nmol/kg"
   },
   "type": "Feature"
  },
  {
   "geometry": {
    "coordinates": [
     [
      [
       -15.57,
       27.96
      ],
      [
       26.32,
       27.96
      ],
      [
       26.32,
       50.86
      ],
      [
       -15.57,
       50.86
      ],
      [
       -15.57,
       27.96
      ]
     ]
    ],
    "type": "Polygon"
   },
   "properties": {
    "cohort_id": "cohort-6ceb67726261",
    "dominant_source_id": "foregs-topsoil",
    "dominant_source_share": 1.0,
    "element_or_analyte": "Cu",
    "gap_kind": "single_source_dominated_cohort",
    "medium": "soil",
    "method_family": "icp_oes",
    "n_quantified_samples": 444,
    "recommended_action": "acquire an independent source lineage for this cohort instead of re-sampling the same footprint",
    "sample_type": "soil_topsoil",
    "unit_layer": "mg/kg"
   },
   "type": "Feature"
  },
  {
   "geometry": {
    "coordinates": [
     [
      [
       57.3555,
       10.0345
      ],
      [
       68.3668,
       10.0345
      ],
      [
       68.3668,
       19.5163
      ],
      [
       57.3555,
       19.5163
      ],
      [
       57.3555,
       10.0345
      ]
     ]
    ],
    "type": "Polygon"
   },
   "properties": {
    "cohort_id": "cohort-6d2e2bb02ad6",
    "dominant_source_id": "pangaea-arabian-sea-sediment",
    "dominant_source_share": 1.0,
    "element_or_analyte": "Pb",
    "gap_kind": "single_source_dominated_cohort",
    "medium": "sediment",
    "method_family": "other_geochemical_analysis_on_bulk_sediment",
    "n_quantified_samples": 26,
    "recommended_action": "acquire an independent source lineage for this cohort instead of re-sampling the same footprint",
    "sample_type": "sediment_marine_core",
    "unit_layer": "mg/kg"
   },
   "type": "Feature"
  },
  {
   "geometry": {
    "coordinates": [
     [
      [
       1.588881,
       56.732085
      ],
      [
       34.038155,
       56.732085
      ],
      [
       34.038155,
       81.548998
      ],
      [
       1.588881,
       81.548998
      ],
      [
       1.588881,
       56.732085
      ]
     ]
    ],
    "type": "Polygon"
   },
   "properties": {
    "cohort_id": "cohort-6e9c527478ea",
    "dominant_source_id": "norway-marchem",
    "dominant_source_share": 1.0,
    "element_or_analyte": "Zn",
    "gap_kind": "single_source_dominated_cohort",
    "medium": "sediment",
    "method_family": "icp_oes",
    "n_quantified_samples": 474,
    "recommended_action": "acquire an independent source lineage for this cohort instead of re-sampling the same footprint",
    "sample_type": "sediment_marine",
    "unit_layer": "mg/kg"
   },
   "type": "Feature"
  },
  {
   "geometry": {
    "coordinates": [
     [
      [
       -16.3444,
       28.4742
      ],
      [
       35.1536,
       28.4742
      ],
      [
       35.1536,
       70.5883
      ],
      [
       -16.3444,
       70.5883
      ],
      [
       -16.3444,
       28.4742
      ]
     ]
    ],
    "type": "Polygon"
   },
   "properties": {
    "cohort_id": "cohort-6fa5ac275ff1",
    "dominant_source_id": "gemas-europe",
    "dominant_source_share": 1.0,
    "element_or_analyte": "Zn",
    "gap_kind": "single_source_dominated_cohort",
    "medium": "soil",
    "method_family": "icp_ms",
    "n_quantified_samples": 2108,
    "recommended_action": "acquire an independent source lineage for this cohort instead of re-sampling the same footprint",
    "sample_type": "soil_agricultural_ploughed",
    "unit_layer": "mg/kg"
   },
   "type": "Feature"
  },
  {
   "geometry": {
    "coordinates": [
     [
      [
       -15.45288278,
       27.82639699
      ],
      [
       26.487047148,
       27.82639699
      ],
      [
       26.487047148,
       49.31
      ],
      [
       -15.45288278,
       49.31
      ],
      [
       -15.45288278,
       27.82639699
      ]
     ]
    ],
    "type": "Polygon"
   },
   "properties": {
    "cohort_id": "cohort-7279358cbcbc",
    "dominant_source_id": "foregs-floodplain-sediment",
    "dominant_source_share": 1.0,
    "element_or_analyte": "Pb",
    "gap_kind": "single_source_dominated_cohort",
    "medium": "sediment",
    "method_family": "icp_oes",
    "n_quantified_samples": 374,
    "recommended_action": "acquire an independent source lineage for this cohort instead of re-sampling the same footprint",
    "sample_type": "sediment_floodplain",
    "unit_layer": "mg/kg"
   },
   "type": "Feature"
  },
  {
   "geometry": {
    "coordinates": [
     [
      [
       -9.5724,
       35.3114
      ],
      [
       31.9145,
       35.3114
      ],
      [
       31.9145,
       69.4542
      ],
      [
       -9.5724,
       69.4542
      ],
      [
       -9.5724,
       35.3114
      ]
     ]
    ],
    "type": "Polygon"
   },
   "properties": {
    "cohort_id": "cohort-73839242481c",
    "dominant_source_id": "gemas-europe",
    "dominant_source_share": 1.0,
    "element_or_analyte": "Cu",
    "gap_kind": "single_source_dominated_cohort",
    "medium": "soil",
    "method_family": "icp_ms",
    "n_quantified_samples": 116,
    "recommended_action": "acquire an independent source lineage for this cohort instead of re-sampling the same footprint",
    "sample_type": "soil_grazing_land",
    "unit_layer": "mg/kg"
   },
   "type": "Feature"
  },
  {
   "geometry": {
    "coordinates": [
     [
      [
       -15.45288278,
       27.82639699
      ],
      [
       26.487047148,
       27.82639699
      ],
      [
       26.487047148,
       49.31
      ],
      [
       -15.45288278,
       49.31
      ],
      [
       -15.45288278,
       27.82639699
      ]
     ]
    ],
    "type": "Polygon"
   },
   "properties": {
    "cohort_id": "cohort-762587c00672",
    "dominant_source_id": "foregs-floodplain-sediment",
    "dominant_source_share": 1.0,
    "element_or_analyte": "Hg",
    "gap_kind": "single_source_dominated_cohort",
    "medium": "sediment",
    "method_family": "aas",
    "n_quantified_samples": 374,
    "recommended_action": "acquire an independent source lineage for this cohort instead of re-sampling the same footprint",
    "sample_type": "sediment_floodplain",
    "unit_layer": "mg/kg"
   },
   "type": "Feature"
  },
  {
   "geometry": {
    "coordinates": [
     [
      [
       5.5623,
       64.0723
      ],
      [
       36.6777,
       64.0723
      ],
      [
       36.6777,
       78.252
      ],
      [
       5.5623,
       78.252
      ],
      [
       5.5623,
       64.0723
      ]
     ]
    ],
    "type": "Polygon"
   },
   "properties": {
    "cohort_id": "cohort-76dc131a245c",
    "dominant_source_id": "norway-marchem",
    "dominant_source_share": 1.0,
    "element_or_analyte": "Ni",
    "gap_kind": "single_source_dominated_cohort",
    "medium": "sediment",
    "method_family": "icp_oes",
    "n_quantified_samples": 401,
    "recommended_action": "acquire an independent source lineage for this cohort instead of re-sampling the same footprint",
    "sample_type": "sediment_marine",
    "unit_layer": "mg/kg"
   },
   "type": "Feature"
  },
  {
   "geometry": {
    "coordinates": [
     [
      [
       -155.735992,
       -74.1763
      ],
      [
       -112.134995,
       -74.1763
      ],
      [
       -112.134995,
       -50.999802
      ],
      [
       -155.735992,
       -50.999802
      ],
      [
       -155.735992,
       -74.1763
      ]
     ]
    ],
    "type": "Polygon"
   },
   "properties": {
    "cohort_id": "cohort-7bf9573ea4d9",
    "dominant_source_id": "geotraces-idp2025",
    "dominant_source_share": 1.0,
    "element_or_analyte": "Zn",
    "gap_kind": "single_source_dominated_cohort",
    "medium": "water",
    "method_family": "other_bodc_originator_and_methods_record_675923",
    "n_quantified_samples": 223,
    "recommended_action": "acquire an independent source lineage for this cohort instead of re-sampling the same footprint",
    "sample_type": "water_seawater",
    "unit_layer": "nmol/kg"
   },
   "type": "Feature"
  },
  {
   "geometry": {
    "coordinates": [
     [
      [
       -8.75,
       44.18
      ],
      [
       31.22,
       44.18
      ],
      [
       31.22,
       70.16
      ],
      [
       -8.75,
       70.16
      ],
      [
       -8.75,
       44.18
      ]
     ]
    ],
    "type": "Polygon"
   },
   "properties": {
    "cohort_id": "cohort-7eb46176dc87",
    "dominant_source_id": "foregs-humus",
    "dominant_source_share": 1.0,
    "element_or_analyte": "Zn",
    "gap_kind": "single_source_dominated_cohort",
    "medium": "soil",
    "method_family": "icp_ms",
    "n_quantified_samples": 367,
    "recommended_action": "acquire an independent source lineage for this cohort instead of re-sampling the same footprint",
    "sample_type": "soil_humus",
    "unit_layer": "mg/kg"
   },
   "type": "Feature"
  },
  {
   "geometry": {
    "coordinates": [
     [
      [
       -137.97,
       51.21
      ],
      [
       -117.7,
       51.21
      ],
      [
       -117.7,
       60.12
      ],
      [
       -137.97,
       60.12
      ],
      [
       -137.97,
       51.21
      ]
     ]
    ],
    "type": "Polygon"
   },
   "properties": {
    "cohort_id": "cohort-8031f4618412",
    "dominant_source_id": "gemstat-open-archive",
    "dominant_source_share": 1.0,
    "element_or_analyte": "Pb",
    "gap_kind": "single_source_dominated_cohort",
    "medium": "water",
    "method_family": "other_inductively_coupled_plasma_sector_field_mass_spectrometry_with_closed_vessel_digestion",
    "n_quantified_samples": 35,
    "recommended_action": "acquire an independent source lineage for this cohort instead of re-sampling the same footprint",
    "sample_type": "water_river",
    "unit_layer": "ug/L"
   },
   "type": "Feature"
  },
  {
   "geometry": {
    "coordinates": [
     [
      [
       -67.1983,
       -9.75042
      ],
      [
       -50.97,
       -9.75042
      ],
      [
       -50.97,
       -2.53317
      ],
      [
       -67.1983,
       -2.53317
      ],
      [
       -67.1983,
       -9.75042
      ]
     ]
    ],
    "type": "Polygon"
   },
   "properties": {
    "cohort_id": "cohort-803517b7275a",
    "dominant_source_id": "pangaea-amazonas-soil",
    "dominant_source_share": 1.0,
    "element_or_analyte": "Cu",
    "gap_kind": "single_source_dominated_cohort",
    "medium": "soil",
    "method_family": "icp_ms",
    "n_quantified_samples": 83,
    "recommended_action": "acquire an independent source lineage for this cohort instead of re-sampling the same footprint",
    "sample_type": "soil_subsoil",
    "unit_layer": "mg/kg"
   },
   "type": "Feature"
  },
  {
   "geometry": {
    "coordinates": [
     [
      [
       -117.6,
       49.02
      ],
      [
       -117.6,
       49.02
      ],
      [
       -117.6,
       49.02
      ],
      [
       -117.6,
       49.02
      ],
      [
       -117.6,
       49.02
      ]
     ]
    ],
    "type": "Polygon"
   },
   "properties": {
    "cohort_id": "cohort-814ebeddeb3e",
    "dominant_source_id": "gemstat-open-archive",
    "dominant_source_share": 1.0,
    "element_or_analyte": "Zn",
    "gap_kind": "single_source_dominated_cohort",
    "medium": "water",
    "method_family": "other_dissolved_metals_with_in_bottle_digestion_using_inductively_coupled_plasma_sector_field_ms",
    "n_quantified_samples": 22,
    "recommended_action": "acquire an independent source lineage for this cohort instead of re-sampling the same footprint",
    "sample_type": "water_river",
    "unit_layer": "ug/L"
   },
   "type": "Feature"
  },
  {
   "geometry": {
    "coordinates": [
     [
      [
       -49.067694,
       -12.484194
      ],
      [
       -34.932111,
       -12.484194
      ],
      [
       -34.932111,
       -3.019861
      ],
      [
       -49.067694,
       -3.019861
      ],
      [
       -49.067694,
       -12.484194
      ]
     ]
    ],
    "type": "Polygon"
   },
   "properties": {
    "cohort_id": "cohort-81db9a5b025e",
    "dominant_source_id": "pangaea-brasol-ne-brazil-soil",
    "dominant_source_share": 1.0,
    "element_or_analyte": "Zn",
    "gap_kind": "single_source_dominated_cohort",
    "medium": "soil",
    "method_family": "xrf",
    "n_quantified_samples": 87,
    "recommended_action": "acquire an independent source lineage for this cohort instead of re-sampling the same footprint",
    "sample_type": "soil_subsoil",
    "unit_layer": "mg/kg"
   },
   "type": "Feature"
  },
  {
   "geometry": {
    "coordinates": [
     [
      [
       57.3555,
       10.0345
      ],
      [
       68.3668,
       10.0345
      ],
      [
       68.3668,
       19.5163
      ],
      [
       57.3555,
       19.5163
      ],
      [
       57.3555,
       10.0345
      ]
     ]
    ],
    "type": "Polygon"
   },
   "properties": {
    "cohort_id": "cohort-82090e5a9a71",
    "dominant_source_id": "pangaea-arabian-sea-sediment",
    "dominant_source_share": 1.0,
    "element_or_analyte": "Zn",
    "gap_kind": "single_source_dominated_cohort",
    "medium": "sediment",
    "method_family": "other_geochemical_analysis_on_bulk_sediment",
    "n_quantified_samples": 26,
    "recommended_action": "acquire an independent source lineage for this cohort instead of re-sampling the same footprint",
    "sample_type": "sediment_marine_core",
    "unit_layer": "mg/kg"
   },
   "type": "Feature"
  },
  {
   "geometry": {
    "coordinates": [
     [
      [
       -15.57,
       27.96
      ],
      [
       26.32,
       27.96
      ],
      [
       26.32,
       50.86
      ],
      [
       -15.57,
       50.86
      ],
      [
       -15.57,
       27.96
      ]
     ]
    ],
    "type": "Polygon"
   },
   "properties": {
    "cohort_id": "cohort-82cf21365896",
    "dominant_source_id": "foregs-topsoil",
    "dominant_source_share": 1.0,
    "element_or_analyte": "As",
    "gap_kind": "single_source_dominated_cohort",
    "medium": "soil",
    "method_family": "icp_oes",
    "n_quantified_samples": 444,
    "recommended_action": "acquire an independent source lineage for this cohort instead of re-sampling the same footprint",
    "sample_type": "soil_topsoil",
    "unit_layer": "mg/kg"
   },
   "type": "Feature"
  },
  {
   "geometry": {
    "coordinates": [
     [
      [
       -174.5,
       -15.0
      ],
      [
       -160.770004,
       -15.0
      ],
      [
       -160.770004,
       -3.5
      ],
      [
       -174.5,
       -3.5
      ],
      [
       -174.5,
       -15.0
      ]
     ]
    ],
    "type": "Polygon"
   },
   "properties": {
    "cohort_id": "cohort-832d7f01a1d5",
    "dominant_source_id": "geotraces-idp2025",
    "dominant_source_share": 1.0,
    "element_or_analyte": "Zn",
    "gap_kind": "single_source_dominated_cohort",
    "medium": "water",
    "method_family": "other_bodc_originator_and_methods_record_584489",
    "n_quantified_samples": 116,
    "recommended_action": "acquire an independent source lineage for this cohort instead of re-sampling the same footprint",
    "sample_type": "water_seawater",
    "unit_layer": "nmol/kg"
   },
   "type": "Feature"
  },
  {
   "geometry": {
    "coordinates": [
     [
      [
       -0.999512,
       -56.000099
      ],
      [
       -0.000183,
       -56.000099
      ],
      [
       -0.000183,
       -54.000099
      ],
      [
       -0.999512,
       -54.000099
      ],
      [
       -0.999512,
       -56.000099
      ]
     ]
    ],
    "type": "Polygon"
   },
   "properties": {
    "cohort_id": "cohort-85e69682eb36",
    "dominant_source_id": "geotraces-idp2025",
    "dominant_source_share": 1.0,
    "element_or_analyte": "Ni",
    "gap_kind": "single_source_dominated_cohort",
    "medium": "water",
    "method_family": "other_bodc_originator_and_methods_record_676476",
    "n_quantified_samples": 51,
    "recommended_action": "acquire an independent source lineage for this cohort instead of re-sampling the same footprint",
    "sample_type": "water_seawater",
    "unit_layer": "nmol/kg"
   },
   "type": "Feature"
  },
  {
   "geometry": {
    "coordinates": [
     [
      [
       5.5623,
       64.0723
      ],
      [
       36.6777,
       64.0723
      ],
      [
       36.6777,
       78.252
      ],
      [
       5.5623,
       78.252
      ],
      [
       5.5623,
       64.0723
      ]
     ]
    ],
    "type": "Polygon"
   },
   "properties": {
    "cohort_id": "cohort-8673986e769d",
    "dominant_source_id": "norway-marchem",
    "dominant_source_share": 1.0,
    "element_or_analyte": "Zn",
    "gap_kind": "single_source_dominated_cohort",
    "medium": "sediment",
    "method_family": "icp_oes",
    "n_quantified_samples": 401,
    "recommended_action": "acquire an independent source lineage for this cohort instead of re-sampling the same footprint",
    "sample_type": "sediment_marine",
    "unit_layer": "mg/kg"
   },
   "type": "Feature"
  },
  {
   "geometry": {
    "coordinates": [
     [
      [
       -124.132,
       30.4554
      ],
      [
       -85.0352,
       30.4554
      ],
      [
       -85.0352,
       41.9863
      ],
      [
       -124.132,
       41.9863
      ],
      [
       -124.132,
       30.4554
      ]
     ]
    ],
    "type": "Polygon"
   },
   "properties": {
    "cohort_id": "cohort-889f16a48e91",
    "dominant_source_id": "usgs-conus-soil",
    "dominant_source_share": 1.0,
    "element_or_analyte": "Zn",
    "gap_kind": "single_source_dominated_cohort",
    "medium": "soil",
    "method_family": "icp_oes",
    "n_quantified_samples": 661,
    "recommended_action": "acquire an independent source lineage for this cohort instead of re-sampling the same footprint",
    "sample_type": "soil_c_horizon",
    "unit_layer": "mg/kg"
   },
   "type": "Feature"
  },
  {
   "geometry": {
    "coordinates": [
     [
      [
       143.014008,
       -44.9519
      ],
      [
       152.466995,
       -44.9519
      ],
      [
       152.466995,
       -44.238499
      ],
      [
       143.014008,
       -44.238499
      ],
      [
       143.014008,
       -44.9519
      ]
     ]
    ],
    "type": "Polygon"
   },
   "properties": {
    "cohort_id": "cohort-88e6d201d590",
    "dominant_source_id": "geotraces-idp2025",
    "dominant_source_share": 1.0,
    "element_or_analyte": "Zn",
    "gap_kind": "single_source_dominated_cohort",
    "medium": "water",
    "method_family": "other_bodc_originator_and_methods_record_321261",
    "n_quantified_samples": 30,
    "recommended_action": "acquire an independent source lineage for this cohort instead of re-sampling the same footprint",
    "sample_type": "water_seawater",
    "unit_layer": "nmol/kg"
   },
   "type": "Feature"
  },
  {
   "geometry": {
    "coordinates": [
     [
      [
       -129.235001,
       60.445999
      ],
      [
       -56.550201,
       60.445999
      ],
      [
       -56.550201,
       76.332199
      ],
      [
       -129.235001,
       76.332199
      ],
      [
       -129.235001,
       60.445999
      ]
     ]
    ],
    "type": "Polygon"
   },
   "properties": {
    "cohort_id": "cohort-8a4008d85f65",
    "dominant_source_id": "geotraces-idp2025",
    "dominant_source_share": 1.0,
    "element_or_analyte": "Zn",
    "gap_kind": "single_source_dominated_cohort",
    "medium": "water",
    "method_family": "other_bodc_originator_and_methods_record_577993",
    "n_quantified_samples": 137,
    "recommended_action": "acquire an independent source lineage for this cohort instead of re-sampling the same footprint",
    "sample_type": "water_seawater",
    "unit_layer": "nmol/kg"
   },
   "type": "Feature"
  },
  {
   "geometry": {
    "coordinates": [
     [
      [
       -67.1983,
       -9.75042
      ],
      [
       -50.97,
       -9.75042
      ],
      [
       -50.97,
       -2.53317
      ],
      [
       -67.1983,
       -2.53317
      ],
      [
       -67.1983,
       -9.75042
      ]
     ]
    ],
    "type": "Polygon"
   },
   "properties": {
    "cohort_id": "cohort-8af467b8680c",
    "dominant_source_id": "pangaea-amazonas-soil",
    "dominant_source_share": 1.0,
    "element_or_analyte": "Hg",
    "gap_kind": "single_source_dominated_cohort",
    "medium": "soil",
    "method_family": "aas",
    "n_quantified_samples": 85,
    "recommended_action": "acquire an independent source lineage for this cohort instead of re-sampling the same footprint",
    "sample_type": "soil_subsoil",
    "unit_layer": "mg/kg"
   },
   "type": "Feature"
  },
  {
   "geometry": {
    "coordinates": [
     [
      [
       -117.6,
       49.02
      ],
      [
       -117.6,
       49.02
      ],
      [
       -117.6,
       49.02
      ],
      [
       -117.6,
       49.02
      ],
      [
       -117.6,
       49.02
      ]
     ]
    ],
    "type": "Polygon"
   },
   "properties": {
    "cohort_id": "cohort-8b54d6cb295b",
    "dominant_source_id": "gemstat-open-archive",
    "dominant_source_share": 1.0,
    "element_or_analyte": "Ni",
    "gap_kind": "single_source_dominated_cohort",
    "medium": "water",
    "method_family": "icp_ms",
    "n_quantified_samples": 26,
    "recommended_action": "acquire an independent source lineage for this cohort instead of re-sampling the same footprint",
    "sample_type": "water_river",
    "unit_layer": "ug/L"
   },
   "type": "Feature"
  },
  {
   "geometry": {
    "coordinates": [
     [
      [
       57.3555,
       10.0345
      ],
      [
       68.3668,
       10.0345
      ],
      [
       68.3668,
       19.5163
      ],
      [
       57.3555,
       19.5163
      ],
      [
       57.3555,
       10.0345
      ]
     ]
    ],
    "type": "Polygon"
   },
   "properties": {
    "cohort_id": "cohort-8c9f63f83d01",
    "dominant_source_id": "pangaea-arabian-sea-sediment",
    "dominant_source_share": 1.0,
    "element_or_analyte": "Cr",
    "gap_kind": "single_source_dominated_cohort",
    "medium": "sediment",
    "method_family": "other_geochemical_analysis_on_bulk_sediment",
    "n_quantified_samples": 26,
    "recommended_action": "acquire an independent source lineage for this cohort instead of re-sampling the same footprint",
    "sample_type": "sediment_marine_core",
    "unit_layer": "mg/kg"
   },
   "type": "Feature"
  },
  {
   "geometry": {
    "coordinates": [
     [
      [
       117.71,
       24.188
      ],
      [
       126.912,
       24.188
      ],
      [
       126.912,
       31.87
      ],
      [
       117.71,
       31.87
      ],
      [
       117.71,
       24.188
      ]
     ]
    ],
    "type": "Polygon"
   },
   "properties": {
    "cohort_id": "cohort-8ca74bd59d72",
    "dominant_source_id": "pangaea-east-china-sea-clay",
    "dominant_source_share": 1.0,
    "element_or_analyte": "Pb",
    "gap_kind": "single_source_dominated_cohort",
    "medium": "sediment",
    "method_family": "other_x_ray_diffraction_xrd_per_publisher_parameter_labels",
    "n_quantified_samples": 49,
    "recommended_action": "acquire an independent source lineage for this cohort instead of re-sampling the same footprint",
    "sample_type": "sediment_clay_fraction_bulk",
    "unit_layer": "mg/kg"
   },
   "type": "Feature"
  },
  {
   "geometry": {
    "coordinates": [
     [
      [
       -9.5724,
       35.3114
      ],
      [
       31.9145,
       35.3114
      ],
      [
       31.9145,
       69.4542
      ],
      [
       -9.5724,
       69.4542
      ],
      [
       -9.5724,
       35.3114
      ]
     ]
    ],
    "type": "Polygon"
   },
   "properties": {
    "cohort_id": "cohort-8db9cbbaaabd",
    "dominant_source_id": "gemas-europe",
    "dominant_source_share": 1.0,
    "element_or_analyte": "Hg",
    "gap_kind": "single_source_dominated_cohort",
    "medium": "soil",
    "method_family": "icp_ms",
    "n_quantified_samples": 116,
    "recommended_action": "acquire an independent source lineage for this cohort instead of re-sampling the same footprint",
    "sample_type": "soil_grazing_land",
    "unit_layer": "mg/kg"
   },
   "type": "Feature"
  },
  {
   "geometry": {
    "coordinates": [
     [
      [
       -116.779999,
       72.734703
      ],
      [
       159.033005,
       72.734703
      ],
      [
       159.033005,
       89.165703
      ],
      [
       -116.779999,
       89.165703
      ],
      [
       -116.779999,
       72.734703
      ]
     ]
    ],
    "type": "Polygon"
   },
   "properties": {
    "cohort_id": "cohort-8e572f7f6a1d",
    "dominant_source_id": "geotraces-idp2025",
    "dominant_source_share": 1.0,
    "element_or_analyte": "Ni",
    "gap_kind": "single_source_dominated_cohort",
    "medium": "water",
    "method_family": "other_bodc_originator_and_methods_record_579050",
    "n_quantified_samples": 341,
    "recommended_action": "acquire an independent source lineage for this cohort instead of re-sampling the same footprint",
    "sample_type": "water_seawater",
    "unit_layer": "nmol/kg"
   },
   "type": "Feature"
  },
  {
   "geometry": {
    "coordinates": [
     [
      [
       -152.001007,
       -19.985701
      ],
      [
       -152.0,
       -19.985701
      ],
      [
       -152.0,
       42.052601
      ],
      [
       -152.001007,
       42.052601
      ],
      [
       -152.001007,
       -19.985701
      ]
     ]
    ],
    "type": "Polygon"
   },
   "properties": {
    "cohort_id": "cohort-8f75b92e07d9",
    "dominant_source_id": "geotraces-idp2025",
    "dominant_source_share": 1.0,
    "element_or_analyte": "Zn",
    "gap_kind": "single_source_dominated_cohort",
    "medium": "water",
    "method_family": "other_bodc_originator_and_methods_record_673984",
    "n_quantified_samples": 127,
    "recommended_action": "acquire an independent source lineage for this cohort instead of re-sampling the same footprint",
    "sample_type": "water_seawater",
    "unit_layer": "nmol/kg"
   },
   "type": "Feature"
  },
  {
   "geometry": {
    "coordinates": [
     [
      [
       -89.00119,
       -18.0005
      ],
      [
       -71.514801,
       -18.0005
      ],
      [
       -71.514801,
       -10.6812
      ],
      [
       -89.00119,
       -10.6812
      ],
      [
       -89.00119,
       -18.0005
      ]
     ]
    ],
    "type": "Polygon"
   },
   "properties": {
    "cohort_id": "cohort-90035708d4b5",
    "dominant_source_id": "geotraces-idp2025",
    "dominant_source_share": 1.0,
    "element_or_analyte": "Cu",
    "gap_kind": "single_source_dominated_cohort",
    "medium": "water",
    "method_family": "other_bodc_originator_and_methods_record_591363",
    "n_quantified_samples": 508,
    "recommended_action": "acquire an independent source lineage for this cohort instead of re-sampling the same footprint",
    "sample_type": "water_seawater",
    "unit_layer": "nmol/kg"
   },
   "type": "Feature"
  },
  {
   "geometry": {
    "coordinates": [
     [
      [
       -137.97,
       51.21
      ],
      [
       -117.7,
       51.21
      ],
      [
       -117.7,
       60.12
      ],
      [
       -137.97,
       60.12
      ],
      [
       -137.97,
       51.21
      ]
     ]
    ],
    "type": "Polygon"
   },
   "properties": {
    "cohort_id": "cohort-9123e6154732",
    "dominant_source_id": "gemstat-open-archive",
    "dominant_source_share": 1.0,
    "element_or_analyte": "Cr",
    "gap_kind": "single_source_dominated_cohort",
    "medium": "water",
    "method_family": "other_inductively_coupled_plasma_sector_field_mass_spectrometry_with_closed_vessel_digestion",
    "n_quantified_samples": 38,
    "recommended_action": "acquire an independent source lineage for this cohort instead of re-sampling the same footprint",
    "sample_type": "water_river",
    "unit_layer": "ug/L"
   },
   "type": "Feature"
  },
  {
   "geometry": {
    "coordinates": [
     [
      [
       -91.43916667,
       38.71
      ],
      [
       -77.11722222,
       38.71
      ],
      [
       -77.11722222,
       38.92944444
      ],
      [
       -91.43916667,
       38.92944444
      ],
      [
       -91.43916667,
       38.71
      ]
     ]
    ],
    "type": "Polygon"
   },
   "properties": {
    "cohort_id": "cohort-9159497b9c3b",
    "dominant_source_id": "gemstat-open-archive",
    "dominant_source_share": 1.0,
    "element_or_analyte": "Cu",
    "gap_kind": "single_source_dominated_cohort",
    "medium": "water",
    "method_family": "aas",
    "n_quantified_samples": 47,
    "recommended_action": "acquire an independent source lineage for this cohort instead of re-sampling the same footprint",
    "sample_type": "water_river",
    "unit_layer": "ug/L"
   },
   "type": "Feature"
  },
  {
   "geometry": {
    "coordinates": [
     [
      [
       -16.3444,
       28.4742
      ],
      [
       35.1536,
       28.4742
      ],
      [
       35.1536,
       70.5883
      ],
      [
       -16.3444,
       70.5883
      ],
      [
       -16.3444,
       28.4742
      ]
     ]
    ],
    "type": "Polygon"
   },
   "properties": {
    "cohort_id": "cohort-92297ba6a546",
    "dominant_source_id": "gemas-europe",
    "dominant_source_share": 1.0,
    "element_or_analyte": "Cr",
    "gap_kind": "single_source_dominated_cohort",
    "medium": "soil",
    "method_family": "xrf",
    "n_quantified_samples": 2108,
    "recommended_action": "acquire an independent source lineage for this cohort instead of re-sampling the same footprint",
    "sample_type": "soil_agricultural_ploughed",
    "unit_layer": "mg/kg"
   },
   "type": "Feature"
  },
  {
   "geometry": {
    "coordinates": [
     [
      [
       -174.998993,
       -64.000999
      ],
      [
       -169.996002,
       -64.000999
      ],
      [
       -169.996002,
       0.003
      ],
      [
       -174.998993,
       0.003
      ],
      [
       -174.998993,
       -64.000999
      ]
     ]
    ],
    "type": "Polygon"
   },
   "properties": {
    "cohort_id": "cohort-924047a02377",
    "dominant_source_id": "geotraces-idp2025",
    "dominant_source_share": 1.0,
    "element_or_analyte": "Ni",
    "gap_kind": "single_source_dominated_cohort",
    "medium": "water",
    "method_family": "other_bodc_originator_and_methods_record_583243",
    "n_quantified_samples": 238,
    "recommended_action": "acquire an independent source lineage for this cohort instead of re-sampling the same footprint",
    "sample_type": "water_seawater",
    "unit_layer": "nmol/kg"
   },
   "type": "Feature"
  },
  {
   "geometry": {
    "coordinates": [
     [
      [
       105.2847,
       4.0725
      ],
      [
       120.155,
       4.0725
      ],
      [
       120.155,
       20.6
      ],
      [
       105.2847,
       20.6
      ],
      [
       105.2847,
       4.0725
      ]
     ]
    ],
    "type": "Polygon"
   },
   "properties": {
    "cohort_id": "cohort-94ab16444926",
    "dominant_source_id": "pangaea-south-china-sea-sediment",
    "dominant_source_share": 1.0,
    "element_or_analyte": "Cu",
    "gap_kind": "single_source_dominated_cohort",
    "medium": "sediment",
    "method_family": "icp_ms",
    "n_quantified_samples": 44,
    "recommended_action": "acquire an independent source lineage for this cohort instead of re-sampling the same footprint",
    "sample_type": "sediment_marine_surface",
    "unit_layer": "mg/kg"
   },
   "type": "Feature"
  },
  {
   "geometry": {
    "coordinates": [
     [
      [
       24.0498,
       66.393
      ],
      [
       35.4177,
       66.393
      ],
      [
       35.4177,
       71.0493
      ],
      [
       24.0498,
       71.0493
      ],
      [
       24.0498,
       66.393
      ]
     ]
    ],
    "type": "Polygon"
   },
   "properties": {
    "cohort_id": "cohort-96cc2d21e62d",
    "dominant_source_id": "pangaea-barents-c-horizon-soil",
    "dominant_source_share": 1.0,
    "element_or_analyte": "Cu",
    "gap_kind": "single_source_dominated_cohort",
    "medium": "soil",
    "method_family": "icp_oes",
    "n_quantified_samples": 604,
    "recommended_action": "acquire an independent source lineage for this cohort instead of re-sampling the same footprint",
    "sample_type": "soil_c_horizon",
    "unit_layer": "mg/kg"
   },
   "type": "Feature"
  },
  {
   "geometry": {
    "coordinates": [
     [
      [
       -15.45288278,
       27.82639699
      ],
      [
       26.487047148,
       27.82639699
      ],
      [
       26.487047148,
       49.31
      ],
      [
       -15.45288278,
       49.31
      ],
      [
       -15.45288278,
       27.82639699
      ]
     ]
    ],
    "type": "Polygon"
   },
   "properties": {
    "cohort_id": "cohort-96e0faca1d84",
    "dominant_source_id": "foregs-floodplain-sediment",
    "dominant_source_share": 1.0,
    "element_or_analyte": "Pb",
    "gap_kind": "single_source_dominated_cohort",
    "medium": "sediment",
    "method_family": "xrf",
    "n_quantified_samples": 372,
    "recommended_action": "acquire an independent source lineage for this cohort instead of re-sampling the same footprint",
    "sample_type": "sediment_floodplain",
    "unit_layer": "mg/kg"
   },
   "type": "Feature"
  },
  {
   "geometry": {
    "coordinates": [
     [
      [
       -9.5724,
       35.3114
      ],
      [
       31.9145,
       35.3114
      ],
      [
       31.9145,
       69.4542
      ],
      [
       -9.5724,
       69.4542
      ],
      [
       -9.5724,
       35.3114
      ]
     ]
    ],
    "type": "Polygon"
   },
   "properties": {
    "cohort_id": "cohort-970044014c38",
    "dominant_source_id": "gemas-europe",
    "dominant_source_share": 1.0,
    "element_or_analyte": "Pb",
    "gap_kind": "single_source_dominated_cohort",
    "medium": "soil",
    "method_family": "icp_ms",
    "n_quantified_samples": 116,
    "recommended_action": "acquire an independent source lineage for this cohort instead of re-sampling the same footprint",
    "sample_type": "soil_grazing_land",
    "unit_layer": "mg/kg"
   },
   "type": "Feature"
  },
  {
   "geometry": {
    "coordinates": [
     [
      [
       -9.5724,
       35.3114
      ],
      [
       31.9145,
       35.3114
      ],
      [
       31.9145,
       69.4542
      ],
      [
       -9.5724,
       69.4542
      ],
      [
       -9.5724,
       35.3114
      ]
     ]
    ],
    "type": "Polygon"
   },
   "properties": {
    "cohort_id": "cohort-9a9621c5947d",
    "dominant_source_id": "gemas-europe",
    "dominant_source_share": 1.0,
    "element_or_analyte": "Ni",
    "gap_kind": "single_source_dominated_cohort",
    "medium": "soil",
    "method_family": "icp_ms",
    "n_quantified_samples": 116,
    "recommended_action": "acquire an independent source lineage for this cohort instead of re-sampling the same footprint",
    "sample_type": "soil_grazing_land",
    "unit_layer": "mg/kg"
   },
   "type": "Feature"
  },
  {
   "geometry": {
    "coordinates": [
     [
      [
       -67.804504,
       -49.547199
      ],
      [
       -28.008209,
       -49.547199
      ],
      [
       -28.008209,
       64.000198
      ],
      [
       -67.804504,
       64.000198
      ],
      [
       -67.804504,
       -49.547199
      ]
     ]
    ],
    "type": "Polygon"
   },
   "properties": {
    "cohort_id": "cohort-9c8666bff0b9",
    "dominant_source_id": "geotraces-idp2025",
    "dominant_source_share": 1.0,
    "element_or_analyte": "Zn",
    "gap_kind": "single_source_dominated_cohort",
    "medium": "water",
    "method_family": "other_bodc_originator_and_methods_record_310901",
    "n_quantified_samples": 967,
    "recommended_action": "acquire an independent source lineage for this cohort instead of re-sampling the same footprint",
    "sample_type": "water_seawater",
    "unit_layer": "nmol/kg"
   },
   "type": "Feature"
  },
  {
   "geometry": {
    "coordinates": [
     [
      [
       -91.43916667,
       38.71
      ],
      [
       -77.11722222,
       38.71
      ],
      [
       -77.11722222,
       38.92944444
      ],
      [
       -91.43916667,
       38.92944444
      ],
      [
       -91.43916667,
       38.71
      ]
     ]
    ],
    "type": "Polygon"
   },
   "properties": {
    "cohort_id": "cohort-9d57c578c092",
    "dominant_source_id": "gemstat-open-archive",
    "dominant_source_share": 1.0,
    "element_or_analyte": "Pb",
    "gap_kind": "single_source_dominated_cohort",
    "medium": "water",
    "method_family": "aas",
    "n_quantified_samples": 47,
    "recommended_action": "acquire an independent source lineage for this cohort instead of re-sampling the same footprint",
    "sample_type": "water_river",
    "unit_layer": "ug/L"
   },
   "type": "Feature"
  },
  {
   "geometry": {
    "coordinates": [
     [
      [
       -8.75,
       44.18
      ],
      [
       31.22,
       44.18
      ],
      [
       31.22,
       70.16
      ],
      [
       -8.75,
       70.16
      ],
      [
       -8.75,
       44.18
      ]
     ]
    ],
    "type": "Polygon"
   },
   "properties": {
    "cohort_id": "cohort-9f013b8cea1a",
    "dominant_source_id": "foregs-humus",
    "dominant_source_share": 1.0,
    "element_or_analyte": "Cu",
    "gap_kind": "single_source_dominated_cohort",
    "medium": "soil",
    "method_family": "icp_ms",
    "n_quantified_samples": 367,
    "recommended_action": "acquire an independent source lineage for this cohort instead of re-sampling the same footprint",
    "sample_type": "soil_humus",
    "unit_layer": "mg/kg"
   },
   "type": "Feature"
  },
  {
   "geometry": {
    "coordinates": [
     [
      [
       -117.6,
       49.02
      ],
      [
       -117.6,
       49.02
      ],
      [
       -117.6,
       49.02
      ],
      [
       -117.6,
       49.02
      ],
      [
       -117.6,
       49.02
      ]
     ]
    ],
    "type": "Polygon"
   },
   "properties": {
    "cohort_id": "cohort-9f70e0fff915",
    "dominant_source_id": "gemstat-open-archive",
    "dominant_source_share": 1.0,
    "element_or_analyte": "Cr",
    "gap_kind": "single_source_dominated_cohort",
    "medium": "water",
    "method_family": "other_dissolved_metals_with_in_bottle_digestion_using_inductively_coupled_plasma_sector_field_ms",
    "n_quantified_samples": 22,
    "recommended_action": "acquire an independent source lineage for this cohort instead of re-sampling the same footprint",
    "sample_type": "water_river",
    "unit_layer": "ug/L"
   },
   "type": "Feature"
  },
  {
   "geometry": {
    "coordinates": [
     [
      [
       -15.5555631,
       27.92424718
      ],
      [
       26.334653006,
       27.92424718
      ],
      [
       26.334653006,
       50.85749
      ],
      [
       -15.5555631,
       50.85749
      ],
      [
       -15.5555631,
       27.92424718
      ]
     ]
    ],
    "type": "Polygon"
   },
   "properties": {
    "cohort_id": "cohort-a0f7594f55e3",
    "dominant_source_id": "foregs-stream-sediment",
    "dominant_source_share": 1.0,
    "element_or_analyte": "Hg",
    "gap_kind": "single_source_dominated_cohort",
    "medium": "sediment",
    "method_family": "aas",
    "n_quantified_samples": 456,
    "recommended_action": "acquire an independent source lineage for this cohort instead of re-sampling the same footprint",
    "sample_type": "sediment_stream",
    "unit_layer": "mg/kg"
   },
   "type": "Feature"
  },
  {
   "geometry": {
    "coordinates": [
     [
      [
       -15.45288278,
       27.82639699
      ],
      [
       26.487047148,
       27.82639699
      ],
      [
       26.487047148,
       49.31
      ],
      [
       -15.45288278,
       49.31
      ],
      [
       -15.45288278,
       27.82639699
      ]
     ]
    ],
    "type": "Polygon"
   },
   "properties": {
    "cohort_id": "cohort-a202d45b9857",
    "dominant_source_id": "foregs-floodplain-sediment",
    "dominant_source_share": 1.0,
    "element_or_analyte": "Cu",
    "gap_kind": "single_source_dominated_cohort",
    "medium": "sediment",
    "method_family": "xrf",
    "n_quantified_samples": 372,
    "recommended_action": "acquire an independent source lineage for this cohort instead of re-sampling the same footprint",
    "sample_type": "sediment_floodplain",
    "unit_layer": "mg/kg"
   },
   "type": "Feature"
  },
  {
   "geometry": {
    "coordinates": [
     [
      [
       -169.998993,
       44.000099
      ],
      [
       175.001999,
       44.000099
      ],
      [
       175.001999,
       59.5546
      ],
      [
       -169.998993,
       59.5546
      ],
      [
       -169.998993,
       44.000099
      ]
     ]
    ],
    "type": "Polygon"
   },
   "properties": {
    "cohort_id": "cohort-a25a4b273f02",
    "dominant_source_id": "geotraces-idp2025",
    "dominant_source_share": 1.0,
    "element_or_analyte": "Cu",
    "gap_kind": "single_source_dominated_cohort",
    "medium": "water",
    "method_family": "other_bodc_originator_and_methods_record_585056",
    "n_quantified_samples": 385,
    "recommended_action": "acquire an independent source lineage for this cohort instead of re-sampling the same footprint",
    "sample_type": "water_seawater",
    "unit_layer": "nmol/kg"
   },
   "type": "Feature"
  },
  {
   "geometry": {
    "coordinates": [
     [
      [
       -139.78,
       51.21
      ],
      [
       -117.7,
       51.21
      ],
      [
       -117.7,
       67.58
      ],
      [
       -139.78,
       67.58
      ],
      [
       -139.78,
       51.21
      ]
     ]
    ],
    "type": "Polygon"
   },
   "properties": {
    "cohort_id": "cohort-a37a22e3e448",
    "dominant_source_id": "gemstat-open-archive",
    "dominant_source_share": 1.0,
    "element_or_analyte": "Cu",
    "gap_kind": "single_source_dominated_cohort",
    "medium": "water",
    "method_family": "other_total_metals_with_in_bottle_digestion_and_inductively_coupled_plasma_sector_field_mass_spectrometer",
    "n_quantified_samples": 292,
    "recommended_action": "acquire an independent source lineage for this cohort instead of re-sampling the same footprint",
    "sample_type": "water_river",
    "unit_layer": "ug/L"
   },
   "type": "Feature"
  },
  {
   "geometry": {
    "coordinates": [
     [
      [
       -16.3444,
       28.4742
      ],
      [
       35.1536,
       28.4742
      ],
      [
       35.1536,
       70.5883
      ],
      [
       -16.3444,
       70.5883
      ],
      [
       -16.3444,
       28.4742
      ]
     ]
    ],
    "type": "Polygon"
   },
   "properties": {
    "cohort_id": "cohort-a53249cbb98f",
    "dominant_source_id": "gemas-europe",
    "dominant_source_share": 1.0,
    "element_or_analyte": "As",
    "gap_kind": "single_source_dominated_cohort",
    "medium": "soil",
    "method_family": "icp_ms",
    "n_quantified_samples": 2108,
    "recommended_action": "acquire an independent source lineage for this cohort instead of re-sampling the same footprint",
    "sample_type": "soil_agricultural_ploughed",
    "unit_layer": "mg/kg"
   },
   "type": "Feature"
  },
  {
   "geometry": {
    "coordinates": [
     [
      [
       -139.78,
       51.21
      ],
      [
       -117.7,
       51.21
      ],
      [
       -117.7,
       67.58
      ],
      [
       -139.78,
       67.58
      ],
      [
       -139.78,
       51.21
      ]
     ]
    ],
    "type": "Polygon"
   },
   "properties": {
    "cohort_id": "cohort-a53517c0222a",
    "dominant_source_id": "gemstat-open-archive",
    "dominant_source_share": 1.0,
    "element_or_analyte": "Pb",
    "gap_kind": "single_source_dominated_cohort",
    "medium": "water",
    "method_family": "other_total_metals_with_in_bottle_digestion_and_inductively_coupled_plasma_sector_field_mass_spectrometer",
    "n_quantified_samples": 294,
    "recommended_action": "acquire an independent source lineage for this cohort instead of re-sampling the same footprint",
    "sample_type": "water_river",
    "unit_layer": "ug/L"
   },
   "type": "Feature"
  },
  {
   "geometry": {
    "coordinates": [
     [
      [
       -91.43916667,
       38.71
      ],
      [
       -91.43916667,
       38.71
      ],
      [
       -91.43916667,
       38.71
      ],
      [
       -91.43916667,
       38.71
      ],
      [
       -91.43916667,
       38.71
      ]
     ]
    ],
    "type": "Polygon"
   },
   "properties": {
    "cohort_id": "cohort-a5b734f7ab40",
    "dominant_source_id": "gemstat-open-archive",
    "dominant_source_share": 1.0,
    "element_or_analyte": "Cu",
    "gap_kind": "single_source_dominated_cohort",
    "medium": "water",
    "method_family": "aas",
    "n_quantified_samples": 43,
    "recommended_action": "acquire an independent source lineage for this cohort instead of re-sampling the same footprint",
    "sample_type": "water_river",
    "unit_layer": "ug/L"
   },
   "type": "Feature"
  },
  {
   "geometry": {
    "coordinates": [
     [
      [
       -124.132,
       30.4554
      ],
      [
       -85.0352,
       30.4554
      ],
      [
       -85.0352,
       41.9863
      ],
      [
       -124.132,
       41.9863
      ],
      [
       -124.132,
       30.4554
      ]
     ]
    ],
    "type": "Polygon"
   },
   "properties": {
    "cohort_id": "cohort-a67afe1da4b6",
    "dominant_source_id": "usgs-conus-soil",
    "dominant_source_share": 1.0,
    "element_or_analyte": "Zn",
    "gap_kind": "single_source_dominated_cohort",
    "medium": "soil",
    "method_family": "icp_oes",
    "n_quantified_samples": 661,
    "recommended_action": "acquire an independent source lineage for this cohort instead of re-sampling the same footprint",
    "sample_type": "soil_a_horizon",
    "unit_layer": "mg/kg"
   },
   "type": "Feature"
  },
  {
   "geometry": {
    "coordinates": [
     [
      [
       -15.57,
       27.96
      ],
      [
       26.32,
       27.96
      ],
      [
       26.32,
       50.86
      ],
      [
       -15.57,
       50.86
      ],
      [
       -15.57,
       27.96
      ]
     ]
    ],
    "type": "Polygon"
   },
   "properties": {
    "cohort_id": "cohort-a7b102b0d353",
    "dominant_source_id": "foregs-topsoil",
    "dominant_source_share": 1.0,
    "element_or_analyte": "Ni",
    "gap_kind": "single_source_dominated_cohort",
    "medium": "soil",
    "method_family": "icp_oes",
    "n_quantified_samples": 444,
    "recommended_action": "acquire an independent source lineage for this cohort instead of re-sampling the same footprint",
    "sample_type": "soil_topsoil",
    "unit_layer": "mg/kg"
   },
   "type": "Feature"
  },
  {
   "geometry": {
    "coordinates": [
     [
      [
       -67.1983,
       -9.75042
      ],
      [
       -50.97,
       -9.75042
      ],
      [
       -50.97,
       -2.53317
      ],
      [
       -67.1983,
       -2.53317
      ],
      [
       -67.1983,
       -9.75042
      ]
     ]
    ],
    "type": "Polygon"
   },
   "properties": {
    "cohort_id": "cohort-a7f259102641",
    "dominant_source_id": "pangaea-amazonas-soil",
    "dominant_source_share": 1.0,
    "element_or_analyte": "Ni",
    "gap_kind": "single_source_dominated_cohort",
    "medium": "soil",
    "method_family": "icp_ms",
    "n_quantified_samples": 83,
    "recommended_action": "acquire an independent source lineage for this cohort instead of re-sampling the same footprint",
    "sample_type": "soil_topsoil",
    "unit_layer": "mg/kg"
   },
   "type": "Feature"
  },
  {
   "geometry": {
    "coordinates": [
     [
      [
       -129.235001,
       60.445999
      ],
      [
       -56.550201,
       60.445999
      ],
      [
       -56.550201,
       76.332199
      ],
      [
       -129.235001,
       76.332199
      ],
      [
       -129.235001,
       60.445999
      ]
     ]
    ],
    "type": "Polygon"
   },
   "properties": {
    "cohort_id": "cohort-a803a8339737",
    "dominant_source_id": "geotraces-idp2025",
    "dominant_source_share": 1.0,
    "element_or_analyte": "Ni",
    "gap_kind": "single_source_dominated_cohort",
    "medium": "water",
    "method_family": "other_bodc_originator_and_methods_record_577993",
    "n_quantified_samples": 127,
    "recommended_action": "acquire an independent source lineage for this cohort instead of re-sampling the same footprint",
    "sample_type": "water_seawater",
    "unit_layer": "nmol/kg"
   },
   "type": "Feature"
  },
  {
   "geometry": {
    "coordinates": [
     [
      [
       -16.3444,
       28.4742
      ],
      [
       35.1536,
       28.4742
      ],
      [
       35.1536,
       70.5883
      ],
      [
       -16.3444,
       70.5883
      ],
      [
       -16.3444,
       28.4742
      ]
     ]
    ],
    "type": "Polygon"
   },
   "properties": {
    "cohort_id": "cohort-a90f2e937694",
    "dominant_source_id": "gemas-europe",
    "dominant_source_share": 1.0,
    "element_or_analyte": "Cr",
    "gap_kind": "single_source_dominated_cohort",
    "medium": "soil",
    "method_family": "icp_ms",
    "n_quantified_samples": 2108,
    "recommended_action": "acquire an independent source lineage for this cohort instead of re-sampling the same footprint",
    "sample_type": "soil_agricultural_ploughed",
    "unit_layer": "mg/kg"
   },
   "type": "Feature"
  },
  {
   "geometry": {
    "coordinates": [
     [
      [
       30.0,
       -58.515999
      ],
      [
       30.257999,
       -58.515999
      ],
      [
       30.257999,
       -41.004002
      ],
      [
       30.0,
       -41.004002
      ],
      [
       30.0,
       -58.515999
      ]
     ]
    ],
    "type": "Polygon"
   },
   "properties": {
    "cohort_id": "cohort-aa551585a71b",
    "dominant_source_id": "geotraces-idp2025",
    "dominant_source_share": 1.0,
    "element_or_analyte": "Zn",
    "gap_kind": "single_source_dominated_cohort",
    "medium": "water",
    "method_family": "other_bodc_originator_and_methods_record_591909",
    "n_quantified_samples": 120,
    "recommended_action": "acquire an independent source lineage for this cohort instead of re-sampling the same footprint",
    "sample_type": "water_seawater",
    "unit_layer": "nmol/kg"
   },
   "type": "Feature"
  },
  {
   "geometry": {
    "coordinates": [
     [
      [
       -8.74,
       35.5
      ],
      [
       31.22,
       35.5
      ],
      [
       31.22,
       70.16
      ],
      [
       -8.74,
       70.16
      ],
      [
       -8.74,
       35.5
      ]
     ]
    ],
    "type": "Polygon"
   },
   "properties": {
    "cohort_id": "cohort-aaa71e29c177",
    "dominant_source_id": "foregs-stream-water",
    "dominant_source_share": 1.0,
    "element_or_analyte": "Ni",
    "gap_kind": "single_source_dominated_cohort",
    "medium": "water",
    "method_family": "other_icp_qms_for_published_trace_metals",
    "n_quantified_samples": 807,
    "recommended_action": "acquire an independent source lineage for this cohort instead of re-sampling the same footprint",
    "sample_type": "water_stream",
    "unit_layer": "ug/L"
   },
   "type": "Feature"
  },
  {
   "geometry": {
    "coordinates": [
     [
      [
       -8.74,
       35.5
      ],
      [
       31.22,
       35.5
      ],
      [
       31.22,
       70.16
      ],
      [
       -8.74,
       70.16
      ],
      [
       -8.74,
       35.5
      ]
     ]
    ],
    "type": "Polygon"
   },
   "properties": {
    "cohort_id": "cohort-ab44f688df3c",
    "dominant_source_id": "foregs-stream-water",
    "dominant_source_share": 1.0,
    "element_or_analyte": "As",
    "gap_kind": "single_source_dominated_cohort",
    "medium": "water",
    "method_family": "other_icp_qms_for_published_trace_metals",
    "n_quantified_samples": 807,
    "recommended_action": "acquire an independent source lineage for this cohort instead of re-sampling the same footprint",
    "sample_type": "water_stream",
    "unit_layer": "ug/L"
   },
   "type": "Feature"
  },
  {
   "geometry": {
    "coordinates": [
     [
      [
       -117.6,
       49.02
      ],
      [
       -117.6,
       49.02
      ],
      [
       -117.6,
       49.02
      ],
      [
       -117.6,
       49.02
      ],
      [
       -117.6,
       49.02
      ]
     ]
    ],
    "type": "Polygon"
   },
   "properties": {
    "cohort_id": "cohort-ab91c539789f",
    "dominant_source_id": "gemstat-open-archive",
    "dominant_source_share": 1.0,
    "element_or_analyte": "Cu",
    "gap_kind": "single_source_dominated_cohort",
    "medium": "water",
    "method_family": "icp_ms",
    "n_quantified_samples": 48,
    "recommended_action": "acquire an independent source lineage for this cohort instead of re-sampling the same footprint",
    "sample_type": "water_river",
    "unit_layer": "ug/L"
   },
   "type": "Feature"
  },
  {
   "geometry": {
    "coordinates": [
     [
      [
       -13.26,
       15.67
      ],
      [
       32.5,
       15.67
      ],
      [
       32.5,
       33.83
      ],
      [
       -13.26,
       33.83
      ],
      [
       -13.26,
       15.67
      ]
     ]
    ],
    "type": "Polygon"
   },
   "properties": {
    "cohort_id": "cohort-ac3221c59dd7",
    "dominant_source_id": "pangaea-north-africa-soil",
    "dominant_source_share": 1.0,
    "element_or_analyte": "As",
    "gap_kind": "single_source_dominated_cohort",
    "medium": "soil",
    "method_family": "icp_ms",
    "n_quantified_samples": 43,
    "recommended_action": "acquire an independent source lineage for this cohort instead of re-sampling the same footprint",
    "sample_type": "soil_surface",
    "unit_layer": "mg/kg"
   },
   "type": "Feature"
  },
  {
   "geometry": {
    "coordinates": [
     [
      [
       -8.62,
       35.04
      ],
      [
       26.32,
       35.04
      ],
      [
       26.32,
       51.0
      ],
      [
       -8.62,
       51.0
      ],
      [
       -8.62,
       35.04
      ]
     ]
    ],
    "type": "Polygon"
   },
   "properties": {
    "cohort_id": "cohort-ada508036ae1",
    "dominant_source_id": "foregs-subsoil",
    "dominant_source_share": 1.0,
    "element_or_analyte": "As",
    "gap_kind": "single_source_dominated_cohort",
    "medium": "soil",
    "method_family": "icp_oes",
    "n_quantified_samples": 419,
    "recommended_action": "acquire an independent source lineage for this cohort instead of re-sampling the same footprint",
    "sample_type": "soil_subsoil",
    "unit_layer": "mg/kg"
   },
   "type": "Feature"
  },
  {
   "geometry": {
    "coordinates": [
     [
      [
       -139.78,
       51.21
      ],
      [
       -117.7,
       51.21
      ],
      [
       -117.7,
       67.58
      ],
      [
       -139.78,
       67.58
      ],
      [
       -139.78,
       51.21
      ]
     ]
    ],
    "type": "Polygon"
   },
   "properties": {
    "cohort_id": "cohort-ae4e18c7dce3",
    "dominant_source_id": "gemstat-open-archive",
    "dominant_source_share": 1.0,
    "element_or_analyte": "Ni",
    "gap_kind": "single_source_dominated_cohort",
    "medium": "water",
    "method_family": "icp_ms",
    "n_quantified_samples": 269,
    "recommended_action": "acquire an independent source lineage for this cohort instead of re-sampling the same footprint",
    "sample_type": "water_river",
    "unit_layer": "ug/L"
   },
   "type": "Feature"
  },
  {
   "geometry": {
    "coordinates": [
     [
      [
       154.408997,
       -52.056999
      ],
      [
       160.020004,
       -52.056999
      ],
      [
       160.020004,
       -42.255501
      ],
      [
       154.408997,
       -42.255501
      ],
      [
       154.408997,
       -52.056999
      ]
     ]
    ],
    "type": "Polygon"
   },
   "properties": {
    "cohort_id": "cohort-aedf05f7eee2",
    "dominant_source_id": "geotraces-idp2025",
    "dominant_source_share": 1.0,
    "element_or_analyte": "Zn",
    "gap_kind": "single_source_dominated_cohort",
    "medium": "water",
    "method_family": "other_bodc_originator_and_methods_record_213440",
    "n_quantified_samples": 97,
    "recommended_action": "acquire an independent source lineage for this cohort instead of re-sampling the same footprint",
    "sample_type": "water_seawater",
    "unit_layer": "nmol/kg"
   },
   "type": "Feature"
  },
  {
   "geometry": {
    "coordinates": [
     [
      [
       -139.78,
       51.21
      ],
      [
       -117.7,
       51.21
      ],
      [
       -117.7,
       67.58
      ],
      [
       -139.78,
       67.58
      ],
      [
       -139.78,
       51.21
      ]
     ]
    ],
    "type": "Polygon"
   },
   "properties": {
    "cohort_id": "cohort-af9c19f0c337",
    "dominant_source_id": "gemstat-open-archive",
    "dominant_source_share": 1.0,
    "element_or_analyte": "Pb",
    "gap_kind": "single_source_dominated_cohort",
    "medium": "water",
    "method_family": "icp_ms",
    "n_quantified_samples": 279,
    "recommended_action": "acquire an independent source lineage for this cohort instead of re-sampling the same footprint",
    "sample_type": "water_river",
    "unit_layer": "ug/L"
   },
   "type": "Feature"
  },
  {
   "geometry": {
    "coordinates": [
     [
      [
       -0.999512,
       -56.000099
      ],
      [
       -0.000183,
       -56.000099
      ],
      [
       -0.000183,
       -54.000099
      ],
      [
       -0.999512,
       -54.000099
      ],
      [
       -0.999512,
       -56.000099
      ]
     ]
    ],
    "type": "Polygon"
   },
   "properties": {
    "cohort_id": "cohort-afce4413342e",
    "dominant_source_id": "geotraces-idp2025",
    "dominant_source_share": 1.0,
    "element_or_analyte": "Zn",
    "gap_kind": "single_source_dominated_cohort",
    "medium": "water",
    "method_family": "other_bodc_originator_and_methods_record_676476",
    "n_quantified_samples": 49,
    "recommended_action": "acquire an independent source lineage for this cohort instead of re-sampling the same footprint",
    "sample_type": "water_seawater",
    "unit_layer": "nmol/kg"
   },
   "type": "Feature"
  },
  {
   "geometry": {
    "coordinates": [
     [
      [
       -37.493361,
       -7.291667
      ],
      [
       -34.852917,
       -7.291667
      ],
      [
       -34.852917,
       -7.036667
      ],
      [
       -37.493361,
       -7.036667
      ],
      [
       -37.493361,
       -7.291667
      ]
     ]
    ],
    "type": "Polygon"
   },
   "properties": {
    "cohort_id": "cohort-b09726cf53e3",
    "dominant_source_id": "pangaea-brasol-ne-brazil-soil",
    "dominant_source_share": 1.0,
    "element_or_analyte": "Cr",
    "gap_kind": "single_source_dominated_cohort",
    "medium": "soil",
    "method_family": "icp_oes",
    "n_quantified_samples": 28,
    "recommended_action": "acquire an independent source lineage for this cohort instead of re-sampling the same footprint",
    "sample_type": "soil_organic_litter",
    "unit_layer": "mg/kg"
   },
   "type": "Feature"
  },
  {
   "geometry": {
    "coordinates": [
     [
      [
       -15.45288278,
       27.82639699
      ],
      [
       26.487047148,
       27.82639699
      ],
      [
       26.487047148,
       49.31
      ],
      [
       -15.45288278,
       49.31
      ],
      [
       -15.45288278,
       27.82639699
      ]
     ]
    ],
    "type": "Polygon"
   },
   "properties": {
    "cohort_id": "cohort-b150bab5052d",
    "dominant_source_id": "foregs-floodplain-sediment",
    "dominant_source_share": 1.0,
    "element_or_analyte": "Zn",
    "gap_kind": "single_source_dominated_cohort",
    "medium": "sediment",
    "method_family": "icp_oes",
    "n_quantified_samples": 374,
    "recommended_action": "acquire an independent source lineage for this cohort instead of re-sampling the same footprint",
    "sample_type": "sediment_floodplain",
    "unit_layer": "mg/kg"
   },
   "type": "Feature"
  },
  {
   "geometry": {
    "coordinates": [
     [
      [
       165.001007,
       30.000799
      ],
      [
       165.003006,
       30.000799
      ],
      [
       165.003006,
       40.000401
      ],
      [
       165.001007,
       40.000401
      ],
      [
       165.001007,
       30.000799
      ]
     ]
    ],
    "type": "Polygon"
   },
   "properties": {
    "cohort_id": "cohort-b2727e09a6c3",
    "dominant_source_id": "geotraces-idp2025",
    "dominant_source_share": 1.0,
    "element_or_analyte": "Zn",
    "gap_kind": "single_source_dominated_cohort",
    "medium": "water",
    "method_family": "other_bodc_originator_and_methods_record_493419",
    "n_quantified_samples": 33,
    "recommended_action": "acquire an independent source lineage for this cohort instead of re-sampling the same footprint",
    "sample_type": "water_seawater",
    "unit_layer": "nmol/kg"
   },
   "type": "Feature"
  },
  {
   "geometry": {
    "coordinates": [
     [
      [
       -67.1983,
       -9.75042
      ],
      [
       -50.97,
       -9.75042
      ],
      [
       -50.97,
       -2.53317
      ],
      [
       -67.1983,
       -2.53317
      ],
      [
       -67.1983,
       -9.75042
      ]
     ]
    ],
    "type": "Polygon"
   },
   "properties": {
    "cohort_id": "cohort-b2bb78f76a7f",
    "dominant_source_id": "pangaea-amazonas-soil",
    "dominant_source_share": 1.0,
    "element_or_analyte": "Hg",
    "gap_kind": "single_source_dominated_cohort",
    "medium": "soil",
    "method_family": "aas",
    "n_quantified_samples": 87,
    "recommended_action": "acquire an independent source lineage for this cohort instead of re-sampling the same footprint",
    "sample_type": "soil_topsoil",
    "unit_layer": "mg/kg"
   },
   "type": "Feature"
  },
  {
   "geometry": {
    "coordinates": [
     [
      [
       -8.62,
       35.04
      ],
      [
       26.32,
       35.04
      ],
      [
       26.32,
       52.49
      ],
      [
       -8.62,
       52.49
      ],
      [
       -8.62,
       35.04
      ]
     ]
    ],
    "type": "Polygon"
   },
   "properties": {
    "cohort_id": "cohort-b47e37a7bdc5",
    "dominant_source_id": "foregs-subsoil",
    "dominant_source_share": 1.0,
    "element_or_analyte": "Cu",
    "gap_kind": "single_source_dominated_cohort",
    "medium": "soil",
    "method_family": "icp_ms",
    "n_quantified_samples": 419,
    "recommended_action": "acquire an independent source lineage for this cohort instead of re-sampling the same footprint",
    "sample_type": "soil_subsoil",
    "unit_layer": "mg/kg"
   },
   "type": "Feature"
  },
  {
   "geometry": {
    "coordinates": [
     [
      [
       -15.5555631,
       27.92424718
      ],
      [
       26.334653006,
       27.92424718
      ],
      [
       26.334653006,
       50.86
      ],
      [
       -15.5555631,
       50.86
      ],
      [
       -15.5555631,
       27.92424718
      ]
     ]
    ],
    "type": "Polygon"
   },
   "properties": {
    "cohort_id": "cohort-b507ed4d12d6",
    "dominant_source_id": "foregs-stream-sediment",
    "dominant_source_share": 1.0,
    "element_or_analyte": "Zn",
    "gap_kind": "single_source_dominated_cohort",
    "medium": "sediment",
    "method_family": "xrf",
    "n_quantified_samples": 456,
    "recommended_action": "acquire an independent source lineage for this cohort instead of re-sampling the same footprint",
    "sample_type": "sediment_stream",
    "unit_layer": "mg/kg"
   },
   "type": "Feature"
  },
  {
   "geometry": {
    "coordinates": [
     [
      [
       1.588881,
       56.732085
      ],
      [
       34.038155,
       56.732085
      ],
      [
       34.038155,
       81.548998
      ],
      [
       1.588881,
       81.548998
      ],
      [
       1.588881,
       56.732085
      ]
     ]
    ],
    "type": "Polygon"
   },
   "properties": {
    "cohort_id": "cohort-b547c0d5f503",
    "dominant_source_id": "norway-marchem",
    "dominant_source_share": 1.0,
    "element_or_analyte": "Ni",
    "gap_kind": "single_source_dominated_cohort",
    "medium": "sediment",
    "method_family": "icp_oes",
    "n_quantified_samples": 477,
    "recommended_action": "acquire an independent source lineage for this cohort instead of re-sampling the same footprint",
    "sample_type": "sediment_marine",
    "unit_layer": "mg/kg"
   },
   "type": "Feature"
  },
  {
   "geometry": {
    "coordinates": [
     [
      [
       -139.78,
       51.21
      ],
      [
       -116.44,
       51.21
      ],
      [
       -116.44,
       67.58
      ],
      [
       -139.78,
       67.58
      ],
      [
       -139.78,
       51.21
      ]
     ]
    ],
    "type": "Polygon"
   },
   "properties": {
    "cohort_id": "cohort-b6d1cb41197c",
    "dominant_source_id": "gemstat-open-archive",
    "dominant_source_share": 1.0,
    "element_or_analyte": "Zn",
    "gap_kind": "single_source_dominated_cohort",
    "medium": "water",
    "method_family": "other_total_metals_by_inductively_coupled_argon_plasma_emission_spectrometry_with_external_nebulizer",
    "n_quantified_samples": 145,
    "recommended_action": "acquire an independent source lineage for this cohort instead of re-sampling the same footprint",
    "sample_type": "water_river",
    "unit_layer": "ug/L"
   },
   "type": "Feature"
  },
  {
   "geometry": {
    "coordinates": [
     [
      [
       -0.000946,
       -29.549
      ],
      [
       16.2631,
       -29.549
      ],
      [
       16.2631,
       -2.998
      ],
      [
       -0.000946,
       -2.998
      ],
      [
       -0.000946,
       -29.549
      ]
     ]
    ],
    "type": "Polygon"
   },
   "properties": {
    "cohort_id": "cohort-b7e2f7f596ff",
    "dominant_source_id": "geotraces-idp2025",
    "dominant_source_share": 1.0,
    "element_or_analyte": "Cu",
    "gap_kind": "single_source_dominated_cohort",
    "medium": "water",
    "method_family": "other_bodc_originator_and_methods_record_682902",
    "n_quantified_samples": 864,
    "recommended_action": "acquire an independent source lineage for this cohort instead of re-sampling the same footprint",
    "sample_type": "water_seawater",
    "unit_layer": "nmol/kg"
   },
   "type": "Feature"
  },
  {
   "geometry": {
    "coordinates": [
     [
      [
       -48.093201,
       41.3829
      ],
      [
       -13.887604,
       41.3829
      ],
      [
       -13.887604,
       55.841301
      ],
      [
       -48.093201,
       55.841301
      ],
      [
       -48.093201,
       41.3829
      ]
     ]
    ],
    "type": "Polygon"
   },
   "properties": {
    "cohort_id": "cohort-b87615ad6146",
    "dominant_source_id": "geotraces-idp2025",
    "dominant_source_share": 1.0,
    "element_or_analyte": "Ni",
    "gap_kind": "single_source_dominated_cohort",
    "medium": "water",
    "method_family": "other_bodc_originator_and_methods_record_571336",
    "n_quantified_samples": 52,
    "recommended_action": "acquire an independent source lineage for this cohort instead of re-sampling the same footprint",
    "sample_type": "water_seawater",
    "unit_layer": "nmol/kg"
   },
   "type": "Feature"
  },
  {
   "geometry": {
    "coordinates": [
     [
      [
       -15.5555631,
       27.92424718
      ],
      [
       26.334653006,
       27.92424718
      ],
      [
       26.334653006,
       50.85749
      ],
      [
       -15.5555631,
       50.85749
      ],
      [
       -15.5555631,
       27.92424718
      ]
     ]
    ],
    "type": "Polygon"
   },
   "properties": {
    "cohort_id": "cohort-b9633593b675",
    "dominant_source_id": "foregs-stream-sediment",
    "dominant_source_share": 1.0,
    "element_or_analyte": "Pb",
    "gap_kind": "single_source_dominated_cohort",
    "medium": "sediment",
    "method_family": "icp_oes",
    "n_quantified_samples": 456,
    "recommended_action": "acquire an independent source lineage for this cohort instead of re-sampling the same footprint",
    "sample_type": "sediment_stream",
    "unit_layer": "mg/kg"
   },
   "type": "Feature"
  },
  {
   "geometry": {
    "coordinates": [
     [
      [
       117.71,
       24.188
      ],
      [
       126.912,
       24.188
      ],
      [
       126.912,
       31.87
      ],
      [
       117.71,
       31.87
      ],
      [
       117.71,
       24.188
      ]
     ]
    ],
    "type": "Polygon"
   },
   "properties": {
    "cohort_id": "cohort-ba02dd1e8f41",
    "dominant_source_id": "pangaea-east-china-sea-clay",
    "dominant_source_share": 1.0,
    "element_or_analyte": "Cu",
    "gap_kind": "single_source_dominated_cohort",
    "medium": "sediment",
    "method_family": "other_x_ray_diffraction_xrd_per_publisher_parameter_labels",
    "n_quantified_samples": 49,
    "recommended_action": "acquire an independent source lineage for this cohort instead of re-sampling the same footprint",
    "sample_type": "sediment_clay_fraction_bulk",
    "unit_layer": "mg/kg"
   },
   "type": "Feature"
  },
  {
   "geometry": {
    "coordinates": [
     [
      [
       -137.97,
       51.21
      ],
      [
       -116.44,
       51.21
      ],
      [
       -116.44,
       60.12
      ],
      [
       -137.97,
       60.12
      ],
      [
       -137.97,
       51.21
      ]
     ]
    ],
    "type": "Polygon"
   },
   "properties": {
    "cohort_id": "cohort-ba39de5cb7cf",
    "dominant_source_id": "gemstat-open-archive",
    "dominant_source_share": 1.0,
    "element_or_analyte": "Zn",
    "gap_kind": "single_source_dominated_cohort",
    "medium": "water",
    "method_family": "other_inductively_coupled_plasma_icp_method_total_metals_after_rigorous_digestion",
    "n_quantified_samples": 116,
    "recommended_action": "acquire an independent source lineage for this cohort instead of re-sampling the same footprint",
    "sample_type": "water_river",
    "unit_layer": "ug/L"
   },
   "type": "Feature"
  },
  {
   "geometry": {
    "coordinates": [
     [
      [
       -124.132,
       30.4554
      ],
      [
       -85.0352,
       30.4554
      ],
      [
       -85.0352,
       41.9863
      ],
      [
       -124.132,
       41.9863
      ],
      [
       -124.132,
       30.4554
      ]
     ]
    ],
    "type": "Polygon"
   },
   "properties": {
    "cohort_id": "cohort-bb71b342eace",
    "dominant_source_id": "usgs-conus-soil",
    "dominant_source_share": 1.0,
    "element_or_analyte": "Cu",
    "gap_kind": "single_source_dominated_cohort",
    "medium": "soil",
    "method_family": "icp_oes",
    "n_quantified_samples": 660,
    "recommended_action": "acquire an independent source lineage for this cohort instead of re-sampling the same footprint",
    "sample_type": "soil_a_horizon",
    "unit_layer": "mg/kg"
   },
   "type": "Feature"
  },
  {
   "geometry": {
    "coordinates": [
     [
      [
       -15.5555631,
       27.92424718
      ],
      [
       26.334653006,
       27.92424718
      ],
      [
       26.334653006,
       50.86
      ],
      [
       -15.5555631,
       50.86
      ],
      [
       -15.5555631,
       27.92424718
      ]
     ]
    ],
    "type": "Polygon"
   },
   "properties": {
    "cohort_id": "cohort-bc4def306c1c",
    "dominant_source_id": "foregs-stream-sediment",
    "dominant_source_share": 1.0,
    "element_or_analyte": "Cu",
    "gap_kind": "single_source_dominated_cohort",
    "medium": "sediment",
    "method_family": "xrf",
    "n_quantified_samples": 456,
    "recommended_action": "acquire an independent source lineage for this cohort instead of re-sampling the same footprint",
    "sample_type": "sediment_stream",
    "unit_layer": "mg/kg"
   },
   "type": "Feature"
  },
  {
   "geometry": {
    "coordinates": [
     [
      [
       -15.5555631,
       27.92424718
      ],
      [
       26.334653006,
       27.92424718
      ],
      [
       26.334653006,
       50.86
      ],
      [
       -15.5555631,
       50.86
      ],
      [
       -15.5555631,
       27.92424718
      ]
     ]
    ],
    "type": "Polygon"
   },
   "properties": {
    "cohort_id": "cohort-bc7e882d2aba",
    "dominant_source_id": "foregs-stream-sediment",
    "dominant_source_share": 1.0,
    "element_or_analyte": "As",
    "gap_kind": "single_source_dominated_cohort",
    "medium": "sediment",
    "method_family": "xrf",
    "n_quantified_samples": 456,
    "recommended_action": "acquire an independent source lineage for this cohort instead of re-sampling the same footprint",
    "sample_type": "sediment_stream",
    "unit_layer": "mg/kg"
   },
   "type": "Feature"
  },
  {
   "geometry": {
    "coordinates": [
     [
      [
       -117.6,
       49.02
      ],
      [
       -117.6,
       49.02
      ],
      [
       -117.6,
       49.02
      ],
      [
       -117.6,
       49.02
      ],
      [
       -117.6,
       49.02
      ]
     ]
    ],
    "type": "Polygon"
   },
   "properties": {
    "cohort_id": "cohort-bda375942de1",
    "dominant_source_id": "gemstat-open-archive",
    "dominant_source_share": 1.0,
    "element_or_analyte": "Zn",
    "gap_kind": "single_source_dominated_cohort",
    "medium": "water",
    "method_family": "icp_ms",
    "n_quantified_samples": 26,
    "recommended_action": "acquire an independent source lineage for this cohort instead of re-sampling the same footprint",
    "sample_type": "water_river",
    "unit_layer": "ug/L"
   },
   "type": "Feature"
  },
  {
   "geometry": {
    "coordinates": [
     [
      [
       139.681,
       -65.8022
      ],
      [
       140.209,
       -65.8022
      ],
      [
       140.209,
       -56.929298
      ],
      [
       139.681,
       -56.929298
      ],
      [
       139.681,
       -65.8022
      ]
     ]
    ],
    "type": "Polygon"
   },
   "properties": {
    "cohort_id": "cohort-be536b8d3f5c",
    "dominant_source_id": "geotraces-idp2025",
    "dominant_source_share": 1.0,
    "element_or_analyte": "Ni",
    "gap_kind": "single_source_dominated_cohort",
    "medium": "water",
    "method_family": "other_bodc_originator_and_methods_record_320981",
    "n_quantified_samples": 113,
    "recommended_action": "acquire an independent source lineage for this cohort instead of re-sampling the same footprint",
    "sample_type": "water_seawater",
    "unit_layer": "nmol/kg"
   },
   "type": "Feature"
  },
  {
   "geometry": {
    "coordinates": [
     [
      [
       -8.75,
       44.18
      ],
      [
       31.22,
       44.18
      ],
      [
       31.22,
       70.16
      ],
      [
       -8.75,
       70.16
      ],
      [
       -8.75,
       44.18
      ]
     ]
    ],
    "type": "Polygon"
   },
   "properties": {
    "cohort_id": "cohort-be7823b7e506",
    "dominant_source_id": "foregs-humus",
    "dominant_source_share": 1.0,
    "element_or_analyte": "Ni",
    "gap_kind": "single_source_dominated_cohort",
    "medium": "soil",
    "method_family": "icp_ms",
    "n_quantified_samples": 367,
    "recommended_action": "acquire an independent source lineage for this cohort instead of re-sampling the same footprint",
    "sample_type": "soil_humus",
    "unit_layer": "mg/kg"
   },
   "type": "Feature"
  },
  {
   "geometry": {
    "coordinates": [
     [
      [
       -16.3444,
       28.4742
      ],
      [
       35.1536,
       28.4742
      ],
      [
       35.1536,
       70.5883
      ],
      [
       -16.3444,
       70.5883
      ],
      [
       -16.3444,
       28.4742
      ]
     ]
    ],
    "type": "Polygon"
   },
   "properties": {
    "cohort_id": "cohort-bebb90a0a8a2",
    "dominant_source_id": "gemas-europe",
    "dominant_source_share": 1.0,
    "element_or_analyte": "Ni",
    "gap_kind": "single_source_dominated_cohort",
    "medium": "soil",
    "method_family": "xrf",
    "n_quantified_samples": 2108,
    "recommended_action": "acquire an independent source lineage for this cohort instead of re-sampling the same footprint",
    "sample_type": "soil_agricultural_ploughed",
    "unit_layer": "mg/kg"
   },
   "type": "Feature"
  },
  {
   "geometry": {
    "coordinates": [
     [
      [
       -48.316917,
       -12.418917
      ],
      [
       -34.852917,
       -12.418917
      ],
      [
       -34.852917,
       -5.838889
      ],
      [
       -48.316917,
       -5.838889
      ],
      [
       -48.316917,
       -12.418917
      ]
     ]
    ],
    "type": "Polygon"
   },
   "properties": {
    "cohort_id": "cohort-bf266764f682",
    "dominant_source_id": "pangaea-brasol-ne-brazil-soil",
    "dominant_source_share": 1.0,
    "element_or_analyte": "Cu",
    "gap_kind": "single_source_dominated_cohort",
    "medium": "soil",
    "method_family": "icp_ms",
    "n_quantified_samples": 36,
    "recommended_action": "acquire an independent source lineage for this cohort instead of re-sampling the same footprint",
    "sample_type": "soil_topsoil",
    "unit_layer": "mg/kg"
   },
   "type": "Feature"
  },
  {
   "geometry": {
    "coordinates": [
     [
      [
       -49.067694,
       -12.499917
      ],
      [
       -35.407722,
       -12.499917
      ],
      [
       -35.407722,
       -2.40975
      ],
      [
       -49.067694,
       -2.40975
      ],
      [
       -49.067694,
       -12.499917
      ]
     ]
    ],
    "type": "Polygon"
   },
   "properties": {
    "cohort_id": "cohort-c0211b1bc418",
    "dominant_source_id": "pangaea-brasol-ne-brazil-soil",
    "dominant_source_share": 1.0,
    "element_or_analyte": "Cr",
    "gap_kind": "single_source_dominated_cohort",
    "medium": "soil",
    "method_family": "xrf",
    "n_quantified_samples": 84,
    "recommended_action": "acquire an independent source lineage for this cohort instead of re-sampling the same footprint",
    "sample_type": "soil_topsoil",
    "unit_layer": "mg/kg"
   },
   "type": "Feature"
  },
  {
   "geometry": {
    "coordinates": [
     [
      [
       117.71,
       24.188
      ],
      [
       126.912,
       24.188
      ],
      [
       126.912,
       31.87
      ],
      [
       117.71,
       31.87
      ],
      [
       117.71,
       24.188
      ]
     ]
    ],
    "type": "Polygon"
   },
   "properties": {
    "cohort_id": "cohort-c204ef00a8a1",
    "dominant_source_id": "pangaea-east-china-sea-clay",
    "dominant_source_share": 1.0,
    "element_or_analyte": "Zn",
    "gap_kind": "single_source_dominated_cohort",
    "medium": "sediment",
    "method_family": "other_x_ray_diffraction_xrd_per_publisher_parameter_labels",
    "n_quantified_samples": 49,
    "recommended_action": "acquire an independent source lineage for this cohort instead of re-sampling the same footprint",
    "sample_type": "sediment_clay_fraction_bulk",
    "unit_layer": "mg/kg"
   },
   "type": "Feature"
  },
  {
   "geometry": {
    "coordinates": [
     [
      [
       -54.524597,
       -70.175102
      ],
      [
       0.09967,
       -70.175102
      ],
      [
       0.09967,
       -59.084
      ],
      [
       -54.524597,
       -59.084
      ],
      [
       -54.524597,
       -70.175102
      ]
     ]
    ],
    "type": "Polygon"
   },
   "properties": {
    "cohort_id": "cohort-c21a8a1ebe5f",
    "dominant_source_id": "geotraces-idp2025",
    "dominant_source_share": 1.0,
    "element_or_analyte": "Ni",
    "gap_kind": "single_source_dominated_cohort",
    "medium": "water",
    "method_family": "other_bodc_originator_and_methods_record_676007",
    "n_quantified_samples": 292,
    "recommended_action": "acquire an independent source lineage for this cohort instead of re-sampling the same footprint",
    "sample_type": "water_seawater",
    "unit_layer": "nmol/kg"
   },
   "type": "Feature"
  },
  {
   "geometry": {
    "coordinates": [
     [
      [
       -67.1983,
       -9.75042
      ],
      [
       -50.97,
       -9.75042
      ],
      [
       -50.97,
       -2.53317
      ],
      [
       -67.1983,
       -2.53317
      ],
      [
       -67.1983,
       -9.75042
      ]
     ]
    ],
    "type": "Polygon"
   },
   "properties": {
    "cohort_id": "cohort-c79f861e4692",
    "dominant_source_id": "pangaea-amazonas-soil",
    "dominant_source_share": 1.0,
    "element_or_analyte": "Cu",
    "gap_kind": "single_source_dominated_cohort",
    "medium": "soil",
    "method_family": "icp_ms",
    "n_quantified_samples": 83,
    "recommended_action": "acquire an independent source lineage for this cohort instead of re-sampling the same footprint",
    "sample_type": "soil_topsoil",
    "unit_layer": "mg/kg"
   },
   "type": "Feature"
  },
  {
   "geometry": {
    "coordinates": [
     [
      [
       -16.713501,
       18.169201
      ],
      [
       -16.315002,
       18.169201
      ],
      [
       -16.315002,
       18.288
      ],
      [
       -16.713501,
       18.288
      ],
      [
       -16.713501,
       18.169201
      ]
     ]
    ],
    "type": "Polygon"
   },
   "properties": {
    "cohort_id": "cohort-c8694c98d29c",
    "dominant_source_id": "geotraces-idp2025",
    "dominant_source_share": 1.0,
    "element_or_analyte": "Cu",
    "gap_kind": "single_source_dominated_cohort",
    "medium": "water",
    "method_family": "other_bodc_originator_and_methods_record_684582",
    "n_quantified_samples": 79,
    "recommended_action": "acquire an independent source lineage for this cohort instead of re-sampling the same footprint",
    "sample_type": "water_seawater",
    "unit_layer": "nmol/kg"
   },
   "type": "Feature"
  },
  {
   "geometry": {
    "coordinates": [
     [
      [
       -124.132,
       30.4554
      ],
      [
       -85.0352,
       30.4554
      ],
      [
       -85.0352,
       41.9863
      ],
      [
       -124.132,
       41.9863
      ],
      [
       -124.132,
       30.4554
      ]
     ]
    ],
    "type": "Polygon"
   },
   "properties": {
    "cohort_id": "cohort-ca015462671a",
    "dominant_source_id": "usgs-conus-soil",
    "dominant_source_share": 1.0,
    "element_or_analyte": "Cu",
    "gap_kind": "single_source_dominated_cohort",
    "medium": "soil",
    "method_family": "icp_oes",
    "n_quantified_samples": 661,
    "recommended_action": "acquire an independent source lineage for this cohort instead of re-sampling the same footprint",
    "sample_type": "soil_topsoil",
    "unit_layer": "mg/kg"
   },
   "type": "Feature"
  },
  {
   "geometry": {
    "coordinates": [
     [
      [
       -15.5660882,
       27.96442015
      ],
      [
       26.319878791,
       27.96442015
      ],
      [
       26.319878791,
       50.8575
      ],
      [
       -15.5660882,
       50.8575
      ],
      [
       -15.5660882,
       27.96442015
      ]
     ]
    ],
    "type": "Polygon"
   },
   "properties": {
    "cohort_id": "cohort-ca7d2fb85434",
    "dominant_source_id": "foregs-topsoil",
    "dominant_source_share": 1.0,
    "element_or_analyte": "Ni",
    "gap_kind": "single_source_dominated_cohort",
    "medium": "soil",
    "method_family": "icp_ms",
    "n_quantified_samples": 446,
    "recommended_action": "acquire an independent source lineage for this cohort instead of re-sampling the same footprint",
    "sample_type": "soil_topsoil",
    "unit_layer": "mg/kg"
   },
   "type": "Feature"
  },
  {
   "geometry": {
    "coordinates": [
     [
      [
       -15.5555631,
       27.92424718
      ],
      [
       26.334653006,
       27.92424718
      ],
      [
       26.334653006,
       50.85749
      ],
      [
       -15.5555631,
       50.85749
      ],
      [
       -15.5555631,
       27.92424718
      ]
     ]
    ],
    "type": "Polygon"
   },
   "properties": {
    "cohort_id": "cohort-cab77f7c59cf",
    "dominant_source_id": "foregs-stream-sediment",
    "dominant_source_share": 1.0,
    "element_or_analyte": "Cu",
    "gap_kind": "single_source_dominated_cohort",
    "medium": "sediment",
    "method_family": "icp_oes",
    "n_quantified_samples": 456,
    "recommended_action": "acquire an independent source lineage for this cohort instead of re-sampling the same footprint",
    "sample_type": "sediment_stream",
    "unit_layer": "mg/kg"
   },
   "type": "Feature"
  },
  {
   "geometry": {
    "coordinates": [
     [
      [
       -155.735992,
       -74.1763
      ],
      [
       -112.134995,
       -74.1763
      ],
      [
       -112.134995,
       -50.999802
      ],
      [
       -155.735992,
       -50.999802
      ],
      [
       -155.735992,
       -74.1763
      ]
     ]
    ],
    "type": "Polygon"
   },
   "properties": {
    "cohort_id": "cohort-cac963341413",
    "dominant_source_id": "geotraces-idp2025",
    "dominant_source_share": 1.0,
    "element_or_analyte": "Ni",
    "gap_kind": "single_source_dominated_cohort",
    "medium": "water",
    "method_family": "other_bodc_originator_and_methods_record_675923",
    "n_quantified_samples": 193,
    "recommended_action": "acquire an independent source lineage for this cohort instead of re-sampling the same footprint",
    "sample_type": "water_seawater",
    "unit_layer": "nmol/kg"
   },
   "type": "Feature"
  },
  {
   "geometry": {
    "coordinates": [
     [
      [
       -117.6,
       49.02
      ],
      [
       -117.6,
       49.02
      ],
      [
       -117.6,
       49.02
      ],
      [
       -117.6,
       49.02
      ],
      [
       -117.6,
       49.02
      ]
     ]
    ],
    "type": "Polygon"
   },
   "properties": {
    "cohort_id": "cohort-cbb9f4c87b19",
    "dominant_source_id": "gemstat-open-archive",
    "dominant_source_share": 1.0,
    "element_or_analyte": "As",
    "gap_kind": "single_source_dominated_cohort",
    "medium": "water",
    "method_family": "icp_ms",
    "n_quantified_samples": 26,
    "recommended_action": "acquire an independent source lineage for this cohort instead of re-sampling the same footprint",
    "sample_type": "water_river",
    "unit_layer": "ug/L"
   },
   "type": "Feature"
  },
  {
   "geometry": {
    "coordinates": [
     [
      [
       -15.57,
       27.96
      ],
      [
       26.32,
       27.96
      ],
      [
       26.32,
       50.86
      ],
      [
       -15.57,
       50.86
      ],
      [
       -15.57,
       27.96
      ]
     ]
    ],
    "type": "Polygon"
   },
   "properties": {
    "cohort_id": "cohort-cc79ab84cd60",
    "dominant_source_id": "foregs-topsoil",
    "dominant_source_share": 1.0,
    "element_or_analyte": "Zn",
    "gap_kind": "single_source_dominated_cohort",
    "medium": "soil",
    "method_family": "icp_oes",
    "n_quantified_samples": 444,
    "recommended_action": "acquire an independent source lineage for this cohort instead of re-sampling the same footprint",
    "sample_type": "soil_topsoil",
    "unit_layer": "mg/kg"
   },
   "type": "Feature"
  },
  {
   "geometry": {
    "coordinates": [
     [
      [
       -15.5555631,
       27.92424718
      ],
      [
       26.334653006,
       27.92424718
      ],
      [
       26.334653006,
       50.86
      ],
      [
       -15.5555631,
       50.86
      ],
      [
       -15.5555631,
       27.92424718
      ]
     ]
    ],
    "type": "Polygon"
   },
   "properties": {
    "cohort_id": "cohort-ccf3cbfefed0",
    "dominant_source_id": "foregs-stream-sediment",
    "dominant_source_share": 1.0,
    "element_or_analyte": "Ni",
    "gap_kind": "single_source_dominated_cohort",
    "medium": "sediment",
    "method_family": "xrf",
    "n_quantified_samples": 456,
    "recommended_action": "acquire an independent source lineage for this cohort instead of re-sampling the same footprint",
    "sample_type": "sediment_stream",
    "unit_layer": "mg/kg"
   },
   "type": "Feature"
  },
  {
   "geometry": {
    "coordinates": [
     [
      [
       -124.132,
       30.4554
      ],
      [
       -85.0352,
       30.4554
      ],
      [
       -85.0352,
       41.9863
      ],
      [
       -124.132,
       41.9863
      ],
      [
       -124.132,
       30.4554
      ]
     ]
    ],
    "type": "Polygon"
   },
   "properties": {
    "cohort_id": "cohort-cd8778457566",
    "dominant_source_id": "usgs-conus-soil",
    "dominant_source_share": 1.0,
    "element_or_analyte": "Ni",
    "gap_kind": "single_source_dominated_cohort",
    "medium": "soil",
    "method_family": "icp_oes",
    "n_quantified_samples": 661,
    "recommended_action": "acquire an independent source lineage for this cohort instead of re-sampling the same footprint",
    "sample_type": "soil_a_horizon",
    "unit_layer": "mg/kg"
   },
   "type": "Feature"
  },
  {
   "geometry": {
    "coordinates": [
     [
      [
       117.71,
       24.188
      ],
      [
       126.912,
       24.188
      ],
      [
       126.912,
       31.87
      ],
      [
       117.71,
       31.87
      ],
      [
       117.71,
       24.188
      ]
     ]
    ],
    "type": "Polygon"
   },
   "properties": {
    "cohort_id": "cohort-ce21c7a76c38",
    "dominant_source_id": "pangaea-east-china-sea-clay",
    "dominant_source_share": 1.0,
    "element_or_analyte": "Cr",
    "gap_kind": "single_source_dominated_cohort",
    "medium": "sediment",
    "method_family": "other_x_ray_diffraction_xrd_per_publisher_parameter_labels",
    "n_quantified_samples": 49,
    "recommended_action": "acquire an independent source lineage for this cohort instead of re-sampling the same footprint",
    "sample_type": "sediment_clay_fraction_leach_residue",
    "unit_layer": "mg/kg"
   },
   "type": "Feature"
  },
  {
   "geometry": {
    "coordinates": [
     [
      [
       -16.3444,
       28.4742
      ],
      [
       35.1536,
       28.4742
      ],
      [
       35.1536,
       70.5883
      ],
      [
       -16.3444,
       70.5883
      ],
      [
       -16.3444,
       28.4742
      ]
     ]
    ],
    "type": "Polygon"
   },
   "properties": {
    "cohort_id": "cohort-ce74d282beb6",
    "dominant_source_id": "gemas-europe",
    "dominant_source_share": 1.0,
    "element_or_analyte": "Pb",
    "gap_kind": "single_source_dominated_cohort",
    "medium": "soil",
    "method_family": "icp_ms",
    "n_quantified_samples": 2108,
    "recommended_action": "acquire an independent source lineage for this cohort instead of re-sampling the same footprint",
    "sample_type": "soil_agricultural_ploughed",
    "unit_layer": "mg/kg"
   },
   "type": "Feature"
  },
  {
   "geometry": {
    "coordinates": [
     [
      [
       127.6799,
       26.1292
      ],
      [
       145.7221,
       26.1292
      ],
      [
       145.7221,
       45.4518
      ],
      [
       127.6799,
       45.4518
      ],
      [
       127.6799,
       26.1292
      ]
     ]
    ],
    "type": "Polygon"
   },
   "properties": {
    "cohort_id": "cohort-ceb20f9bf357",
    "dominant_source_id": "japan-gsj-geochemical-map",
    "dominant_source_share": 1.0,
    "element_or_analyte": "As",
    "gap_kind": "single_source_dominated_cohort",
    "medium": "sediment",
    "method_family": "",
    "n_quantified_samples": 3024,
    "recommended_action": "acquire an independent source lineage for this cohort instead of re-sampling the same footprint",
    "sample_type": "sediment_stream",
    "unit_layer": "mg/kg"
   },
   "type": "Feature"
  },
  {
   "geometry": {
    "coordinates": [
     [
      [
       -15.5555631,
       27.92424718
      ],
      [
       26.334653006,
       27.92424718
      ],
      [
       26.334653006,
       50.85749
      ],
      [
       -15.5555631,
       50.85749
      ],
      [
       -15.5555631,
       27.92424718
      ]
     ]
    ],
    "type": "Polygon"
   },
   "properties": {
    "cohort_id": "cohort-cf752982e827",
    "dominant_source_id": "foregs-stream-sediment",
    "dominant_source_share": 1.0,
    "element_or_analyte": "Cr",
    "gap_kind": "single_source_dominated_cohort",
    "medium": "sediment",
    "method_family": "icp_oes",
    "n_quantified_samples": 456,
    "recommended_action": "acquire an independent source lineage for this cohort instead of re-sampling the same footprint",
    "sample_type": "sediment_stream",
    "unit_layer": "mg/kg"
   },
   "type": "Feature"
  },
  {
   "geometry": {
    "coordinates": [
     [
      [
       -15.45288278,
       27.82639699
      ],
      [
       26.487047148,
       27.82639699
      ],
      [
       26.487047148,
       49.31
      ],
      [
       -15.45288278,
       49.31
      ],
      [
       -15.45288278,
       27.82639699
      ]
     ]
    ],
    "type": "Polygon"
   },
   "properties": {
    "cohort_id": "cohort-cfcdc8045f16",
    "dominant_source_id": "foregs-floodplain-sediment",
    "dominant_source_share": 1.0,
    "element_or_analyte": "As",
    "gap_kind": "single_source_dominated_cohort",
    "medium": "sediment",
    "method_family": "icp_oes",
    "n_quantified_samples": 374,
    "recommended_action": "acquire an independent source lineage for this cohort instead of re-sampling the same footprint",
    "sample_type": "sediment_floodplain",
    "unit_layer": "mg/kg"
   },
   "type": "Feature"
  },
  {
   "geometry": {
    "coordinates": [
     [
      [
       113.8452,
       -43.3302
      ],
      [
       153.3335,
       -43.3302
      ],
      [
       153.3335,
       -11.0346
      ],
      [
       113.8452,
       -11.0346
      ],
      [
       113.8452,
       -43.3302
      ]
     ]
    ],
    "type": "Polygon"
   },
   "properties": {
    "cohort_id": "cohort-d0494d3d550f",
    "dominant_source_id": "australia-ngsa",
    "dominant_source_share": 1.0,
    "element_or_analyte": "As",
    "gap_kind": "single_source_dominated_cohort",
    "medium": "sediment",
    "method_family": "icp_ms",
    "n_quantified_samples": 1046,
    "recommended_action": "acquire an independent source lineage for this cohort instead of re-sampling the same footprint",
    "sample_type": "sediment_outlet_top",
    "unit_layer": "mg/kg"
   },
   "type": "Feature"
  },
  {
   "geometry": {
    "coordinates": [
     [
      [
       -15.45288278,
       27.82639699
      ],
      [
       26.487047148,
       27.82639699
      ],
      [
       26.487047148,
       49.31
      ],
      [
       -15.45288278,
       49.31
      ],
      [
       -15.45288278,
       27.82639699
      ]
     ]
    ],
    "type": "Polygon"
   },
   "properties": {
    "cohort_id": "cohort-d10371fed968",
    "dominant_source_id": "foregs-floodplain-sediment",
    "dominant_source_share": 1.0,
    "element_or_analyte": "Cr",
    "gap_kind": "single_source_dominated_cohort",
    "medium": "sediment",
    "method_family": "icp_oes",
    "n_quantified_samples": 374,
    "recommended_action": "acquire an independent source lineage for this cohort instead of re-sampling the same footprint",
    "sample_type": "sediment_floodplain",
    "unit_layer": "mg/kg"
   },
   "type": "Feature"
  },
  {
   "geometry": {
    "coordinates": [
     [
      [
       -179.990997,
       -77.7015
      ],
      [
       180.0,
       -77.7015
      ],
      [
       180.0,
       89.990501
      ],
      [
       -179.990997,
       89.990501
      ],
      [
       -179.990997,
       -77.7015
      ]
     ]
    ],
    "type": "Polygon"
   },
   "properties": {
    "cohort_id": "cohort-d10b8476ae5a",
    "dominant_source_id": "geotraces-idp2025",
    "dominant_source_share": 1.0,
    "element_or_analyte": "Zn",
    "gap_kind": "single_source_dominated_cohort",
    "medium": "water",
    "method_family": "",
    "n_quantified_samples": 2814,
    "recommended_action": "acquire an independent source lineage for this cohort instead of re-sampling the same footprint",
    "sample_type": "water_seawater",
    "unit_layer": "nmol/kg"
   },
   "type": "Feature"
  },
  {
   "geometry": {
    "coordinates": [
     [
      [
       -54.005707,
       -40.2607
      ],
      [
       18.128401,
       -40.2607
      ],
      [
       18.128401,
       -34.043701
      ],
      [
       -54.005707,
       -34.043701
      ],
      [
       -54.005707,
       -40.2607
      ]
     ]
    ],
    "type": "Polygon"
   },
   "properties": {
    "cohort_id": "cohort-d1366f643e20",
    "dominant_source_id": "geotraces-idp2025",
    "dominant_source_share": 1.0,
    "element_or_analyte": "Cu",
    "gap_kind": "single_source_dominated_cohort",
    "medium": "water",
    "method_family": "other_bodc_originator_and_methods_record_484452",
    "n_quantified_samples": 463,
    "recommended_action": "acquire an independent source lineage for this cohort instead of re-sampling the same footprint",
    "sample_type": "water_seawater",
    "unit_layer": "nmol/kg"
   },
   "type": "Feature"
  },
  {
   "geometry": {
    "coordinates": [
     [
      [
       -124.132,
       30.4554
      ],
      [
       -85.0352,
       30.4554
      ],
      [
       -85.0352,
       41.9863
      ],
      [
       -124.132,
       41.9863
      ],
      [
       -124.132,
       30.4554
      ]
     ]
    ],
    "type": "Polygon"
   },
   "properties": {
    "cohort_id": "cohort-d1900a447251",
    "dominant_source_id": "usgs-conus-soil",
    "dominant_source_share": 1.0,
    "element_or_analyte": "As",
    "gap_kind": "single_source_dominated_cohort",
    "medium": "soil",
    "method_family": "aas",
    "n_quantified_samples": 658,
    "recommended_action": "acquire an independent source lineage for this cohort instead of re-sampling the same footprint",
    "sample_type": "soil_c_horizon",
    "unit_layer": "mg/kg"
   },
   "type": "Feature"
  },
  {
   "geometry": {
    "coordinates": [
     [
      [
       -0.000946,
       -27.0637
      ],
      [
       12.8915,
       -27.0637
      ],
      [
       12.8915,
       -9.71301
      ],
      [
       -0.000946,
       -9.71301
      ],
      [
       -0.000946,
       -27.0637
      ]
     ]
    ],
    "type": "Polygon"
   },
   "properties": {
    "cohort_id": "cohort-d1d9f81549f8",
    "dominant_source_id": "geotraces-idp2025",
    "dominant_source_share": 1.0,
    "element_or_analyte": "Zn",
    "gap_kind": "single_source_dominated_cohort",
    "medium": "water",
    "method_family": "other_bodc_originator_and_methods_record_682902",
    "n_quantified_samples": 178,
    "recommended_action": "acquire an independent source lineage for this cohort instead of re-sampling the same footprint",
    "sample_type": "water_seawater",
    "unit_layer": "nmol/kg"
   },
   "type": "Feature"
  },
  {
   "geometry": {
    "coordinates": [
     [
      [
       -15.45288278,
       27.82639699
      ],
      [
       26.487047148,
       27.82639699
      ],
      [
       26.487047148,
       49.31
      ],
      [
       -15.45288278,
       49.31
      ],
      [
       -15.45288278,
       27.82639699
      ]
     ]
    ],
    "type": "Polygon"
   },
   "properties": {
    "cohort_id": "cohort-d3c9af863396",
    "dominant_source_id": "foregs-floodplain-sediment",
    "dominant_source_share": 1.0,
    "element_or_analyte": "Zn",
    "gap_kind": "single_source_dominated_cohort",
    "medium": "sediment",
    "method_family": "xrf",
    "n_quantified_samples": 372,
    "recommended_action": "acquire an independent source lineage for this cohort instead of re-sampling the same footprint",
    "sample_type": "sediment_floodplain",
    "unit_layer": "mg/kg"
   },
   "type": "Feature"
  },
  {
   "geometry": {
    "coordinates": [
     [
      [
       -15.45288278,
       27.82639699
      ],
      [
       26.487047148,
       27.82639699
      ],
      [
       26.487047148,
       49.31
      ],
      [
       -15.45288278,
       49.31
      ],
      [
       -15.45288278,
       27.82639699
      ]
     ]
    ],
    "type": "Polygon"
   },
   "properties": {
    "cohort_id": "cohort-d402fddca8a4",
    "dominant_source_id": "foregs-floodplain-sediment",
    "dominant_source_share": 1.0,
    "element_or_analyte": "Ni",
    "gap_kind": "single_source_dominated_cohort",
    "medium": "sediment",
    "method_family": "xrf",
    "n_quantified_samples": 372,
    "recommended_action": "acquire an independent source lineage for this cohort instead of re-sampling the same footprint",
    "sample_type": "sediment_floodplain",
    "unit_layer": "mg/kg"
   },
   "type": "Feature"
  },
  {
   "geometry": {
    "coordinates": [
     [
      [
       -139.78,
       51.21
      ],
      [
       -117.7,
       51.21
      ],
      [
       -117.7,
       67.58
      ],
      [
       -139.78,
       67.58
      ],
      [
       -139.78,
       51.21
      ]
     ]
    ],
    "type": "Polygon"
   },
   "properties": {
    "cohort_id": "cohort-d479ef68ab66",
    "dominant_source_id": "gemstat-open-archive",
    "dominant_source_share": 1.0,
    "element_or_analyte": "Pb",
    "gap_kind": "single_source_dominated_cohort",
    "medium": "water",
    "method_family": "other_extractable_metals_by_inductively_coupled_argon_plasma_mass_spectrometry_with_pneumatic_nebulization",
    "n_quantified_samples": 51,
    "recommended_action": "acquire an independent source lineage for this cohort instead of re-sampling the same footprint",
    "sample_type": "water_river",
    "unit_layer": "ug/L"
   },
   "type": "Feature"
  },
  {
   "geometry": {
    "coordinates": [
     [
      [
       24.0498,
       66.393
      ],
      [
       35.4177,
       66.393
      ],
      [
       35.4177,
       71.0493
      ],
      [
       24.0498,
       71.0493
      ],
      [
       24.0498,
       66.393
      ]
     ]
    ],
    "type": "Polygon"
   },
   "properties": {
    "cohort_id": "cohort-d6f4718a0df5",
    "dominant_source_id": "pangaea-barents-c-horizon-soil",
    "dominant_source_share": 1.0,
    "element_or_analyte": "As",
    "gap_kind": "single_source_dominated_cohort",
    "medium": "soil",
    "method_family": "aas",
    "n_quantified_samples": 594,
    "recommended_action": "acquire an independent source lineage for this cohort instead of re-sampling the same footprint",
    "sample_type": "soil_c_horizon",
    "unit_layer": "mg/kg"
   },
   "type": "Feature"
  },
  {
   "geometry": {
    "coordinates": [
     [
      [
       -74.3799,
       45.5676
      ],
      [
       -72.6105,
       45.5676
      ],
      [
       -72.6105,
       46.6776
      ],
      [
       -74.3799,
       46.6776
      ],
      [
       -74.3799,
       45.5676
      ]
     ]
    ],
    "type": "Polygon"
   },
   "properties": {
    "cohort_id": "cohort-d8a21f0772f0",
    "dominant_source_id": "gemstat-open-archive",
    "dominant_source_share": 1.0,
    "element_or_analyte": "Hg",
    "gap_kind": "single_source_dominated_cohort",
    "medium": "water",
    "method_family": "other_mercury_in_water_is_determined_by_spectrometric_fluorescence",
    "n_quantified_samples": 328,
    "recommended_action": "acquire an independent source lineage for this cohort instead of re-sampling the same footprint",
    "sample_type": "water_river",
    "unit_layer": "ug/L"
   },
   "type": "Feature"
  },
  {
   "geometry": {
    "coordinates": [
     [
      [
       -16.3444,
       28.4742
      ],
      [
       35.1536,
       28.4742
      ],
      [
       35.1536,
       70.5883
      ],
      [
       -16.3444,
       70.5883
      ],
      [
       -16.3444,
       28.4742
      ]
     ]
    ],
    "type": "Polygon"
   },
   "properties": {
    "cohort_id": "cohort-d8a3d643938d",
    "dominant_source_id": "gemas-europe",
    "dominant_source_share": 1.0,
    "element_or_analyte": "Ni",
    "gap_kind": "single_source_dominated_cohort",
    "medium": "soil",
    "method_family": "icp_ms",
    "n_quantified_samples": 2108,
    "recommended_action": "acquire an independent source lineage for this cohort instead of re-sampling the same footprint",
    "sample_type": "soil_agricultural_ploughed",
    "unit_layer": "mg/kg"
   },
   "type": "Feature"
  },
  {
   "geometry": {
    "coordinates": [
     [
      [
       -8.6201987961374,
       35.043132637
      ],
      [
       26.319878791,
       35.043132637
      ],
      [
       26.319878791,
       50.99929
      ],
      [
       -8.6201987961374,
       50.99929
      ],
      [
       -8.6201987961374,
       35.043132637
      ]
     ]
    ],
    "type": "Polygon"
   },
   "properties": {
    "cohort_id": "cohort-d9e9dadc84d3",
    "dominant_source_id": "foregs-subsoil",
    "dominant_source_share": 1.0,
    "element_or_analyte": "Pb",
    "gap_kind": "single_source_dominated_cohort",
    "medium": "soil",
    "method_family": "icp_ms",
    "n_quantified_samples": 419,
    "recommended_action": "acquire an independent source lineage for this cohort instead of re-sampling the same footprint",
    "sample_type": "soil_subsoil",
    "unit_layer": "mg/kg"
   },
   "type": "Feature"
  },
  {
   "geometry": {
    "coordinates": [
     [
      [
       -117.6,
       49.02
      ],
      [
       -117.6,
       49.02
      ],
      [
       -117.6,
       49.02
      ],
      [
       -117.6,
       49.02
      ],
      [
       -117.6,
       49.02
      ]
     ]
    ],
    "type": "Polygon"
   },
   "properties": {
    "cohort_id": "cohort-db4c8b8590ec",
    "dominant_source_id": "gemstat-open-archive",
    "dominant_source_share": 1.0,
    "element_or_analyte": "Ni",
    "gap_kind": "single_source_dominated_cohort",
    "medium": "water",
    "method_family": "other_dissolved_metals_with_in_bottle_digestion_using_inductively_coupled_plasma_sector_field_ms",
    "n_quantified_samples": 22,
    "recommended_action": "acquire an independent source lineage for this cohort instead of re-sampling the same footprint",
    "sample_type": "water_river",
    "unit_layer": "ug/L"
   },
   "type": "Feature"
  },
  {
   "geometry": {
    "coordinates": [
     [
      [
       113.8452,
       -43.3302
      ],
      [
       153.3335,
       -43.3302
      ],
      [
       153.3335,
       -11.0346
      ],
      [
       113.8452,
       -11.0346
      ],
      [
       113.8452,
       -43.3302
      ]
     ]
    ],
    "type": "Polygon"
   },
   "properties": {
    "cohort_id": "cohort-dc4ce9dfd5cd",
    "dominant_source_id": "australia-ngsa",
    "dominant_source_share": 1.0,
    "element_or_analyte": "Pb",
    "gap_kind": "single_source_dominated_cohort",
    "medium": "sediment",
    "method_family": "icp_ms",
    "n_quantified_samples": 1067,
    "recommended_action": "acquire an independent source lineage for this cohort instead of re-sampling the same footprint",
    "sample_type": "sediment_outlet_bottom",
    "unit_layer": "mg/kg"
   },
   "type": "Feature"
  },
  {
   "geometry": {
    "coordinates": [
     [
      [
       -67.1983,
       -9.75042
      ],
      [
       -50.97,
       -9.75042
      ],
      [
       -50.97,
       -2.53317
      ],
      [
       -67.1983,
       -2.53317
      ],
      [
       -67.1983,
       -9.75042
      ]
     ]
    ],
    "type": "Polygon"
   },
   "properties": {
    "cohort_id": "cohort-de1f5364d431",
    "dominant_source_id": "pangaea-amazonas-soil",
    "dominant_source_share": 1.0,
    "element_or_analyte": "Cr",
    "gap_kind": "single_source_dominated_cohort",
    "medium": "soil",
    "method_family": "icp_ms",
    "n_quantified_samples": 83,
    "recommended_action": "acquire an independent source lineage for this cohort instead of re-sampling the same footprint",
    "sample_type": "soil_topsoil",
    "unit_layer": "mg/kg"
   },
   "type": "Feature"
  },
  {
   "geometry": {
    "coordinates": [
     [
      [
       -117.6,
       49.02
      ],
      [
       -117.6,
       49.02
      ],
      [
       -117.6,
       49.02
      ],
      [
       -117.6,
       49.02
      ],
      [
       -117.6,
       49.02
      ]
     ]
    ],
    "type": "Polygon"
   },
   "properties": {
    "cohort_id": "cohort-def3a9d77f7d",
    "dominant_source_id": "gemstat-open-archive",
    "dominant_source_share": 1.0,
    "element_or_analyte": "As",
    "gap_kind": "single_source_dominated_cohort",
    "medium": "water",
    "method_family": "other_dissolved_metals_with_in_bottle_digestion_using_inductively_coupled_plasma_sector_field_ms",
    "n_quantified_samples": 22,
    "recommended_action": "acquire an independent source lineage for this cohort instead of re-sampling the same footprint",
    "sample_type": "water_river",
    "unit_layer": "ug/L"
   },
   "type": "Feature"
  },
  {
   "geometry": {
    "coordinates": [
     [
      [
       117.71,
       24.188
      ],
      [
       126.912,
       24.188
      ],
      [
       126.912,
       31.87
      ],
      [
       117.71,
       31.87
      ],
      [
       117.71,
       24.188
      ]
     ]
    ],
    "type": "Polygon"
   },
   "properties": {
    "cohort_id": "cohort-dfb5e4a2acd8",
    "dominant_source_id": "pangaea-east-china-sea-clay",
    "dominant_source_share": 1.0,
    "element_or_analyte": "Cr",
    "gap_kind": "single_source_dominated_cohort",
    "medium": "sediment",
    "method_family": "other_x_ray_diffraction_xrd_per_publisher_parameter_labels",
    "n_quantified_samples": 49,
    "recommended_action": "acquire an independent source lineage for this cohort instead of re-sampling the same footprint",
    "sample_type": "sediment_clay_fraction_bulk",
    "unit_layer": "mg/kg"
   },
   "type": "Feature"
  },
  {
   "geometry": {
    "coordinates": [
     [
      [
       -15.5555631,
       27.92424718
      ],
      [
       26.334653006,
       27.92424718
      ],
      [
       26.334653006,
       50.86
      ],
      [
       -15.5555631,
       50.86
      ],
      [
       -15.5555631,
       27.92424718
      ]
     ]
    ],
    "type": "Polygon"
   },
   "properties": {
    "cohort_id": "cohort-dfe4db9b1f09",
    "dominant_source_id": "foregs-stream-sediment",
    "dominant_source_share": 1.0,
    "element_or_analyte": "Cr",
    "gap_kind": "single_source_dominated_cohort",
    "medium": "sediment",
    "method_family": "xrf",
    "n_quantified_samples": 456,
    "recommended_action": "acquire an independent source lineage for this cohort instead of re-sampling the same footprint",
    "sample_type": "sediment_stream",
    "unit_layer": "mg/kg"
   },
   "type": "Feature"
  },
  {
   "geometry": {
    "coordinates": [
     [
      [
       -179.990997,
       -77.7015
      ],
      [
       180.0,
       -77.7015
      ],
      [
       180.0,
       89.990501
      ],
      [
       -179.990997,
       89.990501
      ],
      [
       -179.990997,
       -77.7015
      ]
     ]
    ],
    "type": "Polygon"
   },
   "properties": {
    "cohort_id": "cohort-e04eb9c46ca8",
    "dominant_source_id": "geotraces-idp2025",
    "dominant_source_share": 1.0,
    "element_or_analyte": "Ni",
    "gap_kind": "single_source_dominated_cohort",
    "medium": "water",
    "method_family": "",
    "n_quantified_samples": 2393,
    "recommended_action": "acquire an independent source lineage for this cohort instead of re-sampling the same footprint",
    "sample_type": "water_seawater",
    "unit_layer": "nmol/kg"
   },
   "type": "Feature"
  },
  {
   "geometry": {
    "coordinates": [
     [
      [
       -37.493361,
       -7.291667
      ],
      [
       -34.925472,
       -7.291667
      ],
      [
       -34.925472,
       -7.050194
      ],
      [
       -37.493361,
       -7.050194
      ],
      [
       -37.493361,
       -7.291667
      ]
     ]
    ],
    "type": "Polygon"
   },
   "properties": {
    "cohort_id": "cohort-e14343208ac8",
    "dominant_source_id": "pangaea-brasol-ne-brazil-soil",
    "dominant_source_share": 1.0,
    "element_or_analyte": "Ni",
    "gap_kind": "single_source_dominated_cohort",
    "medium": "soil",
    "method_family": "icp_oes",
    "n_quantified_samples": 22,
    "recommended_action": "acquire an independent source lineage for this cohort instead of re-sampling the same footprint",
    "sample_type": "soil_organic_litter",
    "unit_layer": "mg/kg"
   },
   "type": "Feature"
  },
  {
   "geometry": {
    "coordinates": [
     [
      [
       -139.78,
       51.21
      ],
      [
       -116.44,
       51.21
      ],
      [
       -116.44,
       67.58
      ],
      [
       -139.78,
       67.58
      ],
      [
       -139.78,
       51.21
      ]
     ]
    ],
    "type": "Polygon"
   },
   "properties": {
    "cohort_id": "cohort-e1ed9e6d3847",
    "dominant_source_id": "gemstat-open-archive",
    "dominant_source_share": 1.0,
    "element_or_analyte": "As",
    "gap_kind": "single_source_dominated_cohort",
    "medium": "water",
    "method_family": "other_total_metals_with_in_bottle_digestion_and_inductively_coupled_plasma_sector_field_mass_spectrometer",
    "n_quantified_samples": 484,
    "recommended_action": "acquire an independent source lineage for this cohort instead of re-sampling the same footprint",
    "sample_type": "water_river",
    "unit_layer": "ug/L"
   },
   "type": "Feature"
  },
  {
   "geometry": {
    "coordinates": [
     [
      [
       113.8452,
       -43.3302
      ],
      [
       153.3335,
       -43.3302
      ],
      [
       153.3335,
       -11.0346
      ],
      [
       113.8452,
       -11.0346
      ],
      [
       113.8452,
       -43.3302
      ]
     ]
    ],
    "type": "Polygon"
   },
   "properties": {
    "cohort_id": "cohort-e2aae853da04",
    "dominant_source_id": "australia-ngsa",
    "dominant_source_share": 1.0,
    "element_or_analyte": "Zn",
    "gap_kind": "single_source_dominated_cohort",
    "medium": "sediment",
    "method_family": "icp_ms",
    "n_quantified_samples": 1060,
    "recommended_action": "acquire an independent source lineage for this cohort instead of re-sampling the same footprint",
    "sample_type": "sediment_outlet_top",
    "unit_layer": "mg/kg"
   },
   "type": "Feature"
  },
  {
   "geometry": {
    "coordinates": [
     [
      [
       -9.5724,
       35.3114
      ],
      [
       31.9145,
       35.3114
      ],
      [
       31.9145,
       69.4542
      ],
      [
       -9.5724,
       69.4542
      ],
      [
       -9.5724,
       35.3114
      ]
     ]
    ],
    "type": "Polygon"
   },
   "properties": {
    "cohort_id": "cohort-e2c8f8b73f49",
    "dominant_source_id": "gemas-europe",
    "dominant_source_share": 1.0,
    "element_or_analyte": "Pb",
    "gap_kind": "single_source_dominated_cohort",
    "medium": "soil",
    "method_family": "xrf",
    "n_quantified_samples": 116,
    "recommended_action": "acquire an independent source lineage for this cohort instead of re-sampling the same footprint",
    "sample_type": "soil_grazing_land",
    "unit_layer": "mg/kg"
   },
   "type": "Feature"
  },
  {
   "geometry": {
    "coordinates": [
     [
      [
       57.3555,
       10.0345
      ],
      [
       68.3668,
       10.0345
      ],
      [
       68.3668,
       19.5163
      ],
      [
       57.3555,
       19.5163
      ],
      [
       57.3555,
       10.0345
      ]
     ]
    ],
    "type": "Polygon"
   },
   "properties": {
    "cohort_id": "cohort-e2ca83549c4d",
    "dominant_source_id": "pangaea-arabian-sea-sediment",
    "dominant_source_share": 1.0,
    "element_or_analyte": "As",
    "gap_kind": "single_source_dominated_cohort",
    "medium": "sediment",
    "method_family": "other_geochemical_analysis_on_bulk_sediment",
    "n_quantified_samples": 26,
    "recommended_action": "acquire an independent source lineage for this cohort instead of re-sampling the same footprint",
    "sample_type": "sediment_marine_core",
    "unit_layer": "mg/kg"
   },
   "type": "Feature"
  },
  {
   "geometry": {
    "coordinates": [
     [
      [
       -48.316917,
       -12.418917
      ],
      [
       -34.852917,
       -12.418917
      ],
      [
       -34.852917,
       -5.838889
      ],
      [
       -48.316917,
       -5.838889
      ],
      [
       -48.316917,
       -12.418917
      ]
     ]
    ],
    "type": "Polygon"
   },
   "properties": {
    "cohort_id": "cohort-e36477da93d0",
    "dominant_source_id": "pangaea-brasol-ne-brazil-soil",
    "dominant_source_share": 1.0,
    "element_or_analyte": "Cr",
    "gap_kind": "single_source_dominated_cohort",
    "medium": "soil",
    "method_family": "icp_ms",
    "n_quantified_samples": 35,
    "recommended_action": "acquire an independent source lineage for this cohort instead of re-sampling the same footprint",
    "sample_type": "soil_topsoil",
    "unit_layer": "mg/kg"
   },
   "type": "Feature"
  },
  {
   "geometry": {
    "coordinates": [
     [
      [
       -139.78,
       51.21
      ],
      [
       -117.7,
       51.21
      ],
      [
       -117.7,
       67.58
      ],
      [
       -139.78,
       67.58
      ],
      [
       -139.78,
       51.21
      ]
     ]
    ],
    "type": "Polygon"
   },
   "properties": {
    "cohort_id": "cohort-e7173d058b4d",
    "dominant_source_id": "gemstat-open-archive",
    "dominant_source_share": 1.0,
    "element_or_analyte": "Ni",
    "gap_kind": "single_source_dominated_cohort",
    "medium": "water",
    "method_family": "other_total_metals_with_in_bottle_digestion_and_inductively_coupled_plasma_sector_field_mass_spectrometer",
    "n_quantified_samples": 301,
    "recommended_action": "acquire an independent source lineage for this cohort instead of re-sampling the same footprint",
    "sample_type": "water_river",
    "unit_layer": "ug/L"
   },
   "type": "Feature"
  },
  {
   "geometry": {
    "coordinates": [
     [
      [
       127.6799,
       26.1292
      ],
      [
       145.7221,
       26.1292
      ],
      [
       145.7221,
       45.4518
      ],
      [
       127.6799,
       45.4518
      ],
      [
       127.6799,
       26.1292
      ]
     ]
    ],
    "type": "Polygon"
   },
   "properties": {
    "cohort_id": "cohort-e8859bcbca20",
    "dominant_source_id": "japan-gsj-geochemical-map",
    "dominant_source_share": 1.0,
    "element_or_analyte": "Hg",
    "gap_kind": "single_source_dominated_cohort",
    "medium": "sediment",
    "method_family": "",
    "n_quantified_samples": 3024,
    "recommended_action": "acquire an independent source lineage for this cohort instead of re-sampling the same footprint",
    "sample_type": "sediment_stream",
    "unit_layer": "mg/kg"
   },
   "type": "Feature"
  },
  {
   "geometry": {
    "coordinates": [
     [
      [
       127.6799,
       26.1292
      ],
      [
       145.7221,
       26.1292
      ],
      [
       145.7221,
       45.4518
      ],
      [
       127.6799,
       45.4518
      ],
      [
       127.6799,
       26.1292
      ]
     ]
    ],
    "type": "Polygon"
   },
   "properties": {
    "cohort_id": "cohort-e8b32881be84",
    "dominant_source_id": "japan-gsj-geochemical-map",
    "dominant_source_share": 1.0,
    "element_or_analyte": "Cr",
    "gap_kind": "single_source_dominated_cohort",
    "medium": "sediment",
    "method_family": "",
    "n_quantified_samples": 3024,
    "recommended_action": "acquire an independent source lineage for this cohort instead of re-sampling the same footprint",
    "sample_type": "sediment_stream",
    "unit_layer": "mg/kg"
   },
   "type": "Feature"
  },
  {
   "geometry": {
    "coordinates": [
     [
      [
       127.6799,
       26.1292
      ],
      [
       145.7221,
       26.1292
      ],
      [
       145.7221,
       45.4518
      ],
      [
       127.6799,
       45.4518
      ],
      [
       127.6799,
       26.1292
      ]
     ]
    ],
    "type": "Polygon"
   },
   "properties": {
    "cohort_id": "cohort-e8f50a3fbce1",
    "dominant_source_id": "japan-gsj-geochemical-map",
    "dominant_source_share": 1.0,
    "element_or_analyte": "Cu",
    "gap_kind": "single_source_dominated_cohort",
    "medium": "sediment",
    "method_family": "",
    "n_quantified_samples": 3024,
    "recommended_action": "acquire an independent source lineage for this cohort instead of re-sampling the same footprint",
    "sample_type": "sediment_stream",
    "unit_layer": "mg/kg"
   },
   "type": "Feature"
  },
  {
   "geometry": {
    "coordinates": [
     [
      [
       -48.093201,
       41.3829
      ],
      [
       -13.887604,
       41.3829
      ],
      [
       -13.887604,
       55.841301
      ],
      [
       -48.093201,
       55.841301
      ],
      [
       -48.093201,
       41.3829
      ]
     ]
    ],
    "type": "Polygon"
   },
   "properties": {
    "cohort_id": "cohort-e9258cff13f6",
    "dominant_source_id": "geotraces-idp2025",
    "dominant_source_share": 1.0,
    "element_or_analyte": "Zn",
    "gap_kind": "single_source_dominated_cohort",
    "medium": "water",
    "method_family": "other_bodc_originator_and_methods_record_571336",
    "n_quantified_samples": 67,
    "recommended_action": "acquire an independent source lineage for this cohort instead of re-sampling the same footprint",
    "sample_type": "water_seawater",
    "unit_layer": "nmol/kg"
   },
   "type": "Feature"
  },
  {
   "geometry": {
    "coordinates": [
     [
      [
       -37.493361,
       -7.291667
      ],
      [
       -34.852917,
       -7.291667
      ],
      [
       -34.852917,
       -7.036667
      ],
      [
       -37.493361,
       -7.036667
      ],
      [
       -37.493361,
       -7.291667
      ]
     ]
    ],
    "type": "Polygon"
   },
   "properties": {
    "cohort_id": "cohort-e9791dc7df79",
    "dominant_source_id": "pangaea-brasol-ne-brazil-soil",
    "dominant_source_share": 1.0,
    "element_or_analyte": "Zn",
    "gap_kind": "single_source_dominated_cohort",
    "medium": "soil",
    "method_family": "icp_oes",
    "n_quantified_samples": 28,
    "recommended_action": "acquire an independent source lineage for this cohort instead of re-sampling the same footprint",
    "sample_type": "soil_organic_litter",
    "unit_layer": "mg/kg"
   },
   "type": "Feature"
  },
  {
   "geometry": {
    "coordinates": [
     [
      [
       -13.26,
       15.67
      ],
      [
       32.5,
       15.67
      ],
      [
       32.5,
       33.83
      ],
      [
       -13.26,
       33.83
      ],
      [
       -13.26,
       15.67
      ]
     ]
    ],
    "type": "Polygon"
   },
   "properties": {
    "cohort_id": "cohort-ea530174f4d8",
    "dominant_source_id": "pangaea-north-africa-soil",
    "dominant_source_share": 1.0,
    "element_or_analyte": "Cu",
    "gap_kind": "single_source_dominated_cohort",
    "medium": "soil",
    "method_family": "icp_ms",
    "n_quantified_samples": 43,
    "recommended_action": "acquire an independent source lineage for this cohort instead of re-sampling the same footprint",
    "sample_type": "soil_surface",
    "unit_layer": "mg/kg"
   },
   "type": "Feature"
  },
  {
   "geometry": {
    "coordinates": [
     [
      [
       -8.62,
       35.04
      ],
      [
       26.32,
       35.04
      ],
      [
       26.32,
       52.49
      ],
      [
       -8.62,
       52.49
      ],
      [
       -8.62,
       35.04
      ]
     ]
    ],
    "type": "Polygon"
   },
   "properties": {
    "cohort_id": "cohort-ead7c03b2463",
    "dominant_source_id": "foregs-subsoil",
    "dominant_source_share": 1.0,
    "element_or_analyte": "As",
    "gap_kind": "single_source_dominated_cohort",
    "medium": "soil",
    "method_family": "icp_ms",
    "n_quantified_samples": 419,
    "recommended_action": "acquire an independent source lineage for this cohort instead of re-sampling the same footprint",
    "sample_type": "soil_subsoil",
    "unit_layer": "mg/kg"
   },
   "type": "Feature"
  },
  {
   "geometry": {
    "coordinates": [
     [
      [
       -49.067694,
       -12.436139
      ],
      [
       -34.952,
       -12.436139
      ],
      [
       -34.952,
       -3.019861
      ],
      [
       -49.067694,
       -3.019861
      ],
      [
       -49.067694,
       -12.436139
      ]
     ]
    ],
    "type": "Polygon"
   },
   "properties": {
    "cohort_id": "cohort-eb97237d00d4",
    "dominant_source_id": "pangaea-brasol-ne-brazil-soil",
    "dominant_source_share": 1.0,
    "element_or_analyte": "Cu",
    "gap_kind": "single_source_dominated_cohort",
    "medium": "soil",
    "method_family": "xrf",
    "n_quantified_samples": 74,
    "recommended_action": "acquire an independent source lineage for this cohort instead of re-sampling the same footprint",
    "sample_type": "soil_subsoil",
    "unit_layer": "mg/kg"
   },
   "type": "Feature"
  },
  {
   "geometry": {
    "coordinates": [
     [
      [
       114.8976,
       -41.504
      ],
      [
       153.0022,
       -41.504
      ],
      [
       153.0022,
       -12.6551
      ],
      [
       114.8976,
       -12.6551
      ],
      [
       114.8976,
       -41.504
      ]
     ]
    ],
    "type": "Polygon"
   },
   "properties": {
    "cohort_id": "cohort-ecb8ada5f692",
    "dominant_source_id": "australia-ngsa-mercury",
    "dominant_source_share": 1.0,
    "element_or_analyte": "Hg",
    "gap_kind": "single_source_dominated_cohort",
    "medium": "sediment",
    "method_family": "other_usepa_method_7473_milestone_tri_cell_dma_80_direct_mercury_analyser",
    "n_quantified_samples": 23,
    "recommended_action": "acquire an independent source lineage for this cohort instead of re-sampling the same footprint",
    "sample_type": "sediment_outlet_top",
    "unit_layer": "mg/kg"
   },
   "type": "Feature"
  },
  {
   "geometry": {
    "coordinates": [
     [
      [
       -91.43916667,
       38.71
      ],
      [
       -77.11722222,
       38.71
      ],
      [
       -77.11722222,
       38.92944444
      ],
      [
       -91.43916667,
       38.92944444
      ],
      [
       -91.43916667,
       38.71
      ]
     ]
    ],
    "type": "Polygon"
   },
   "properties": {
    "cohort_id": "cohort-ee246b14f025",
    "dominant_source_id": "gemstat-open-archive",
    "dominant_source_share": 1.0,
    "element_or_analyte": "Ni",
    "gap_kind": "single_source_dominated_cohort",
    "medium": "water",
    "method_family": "aas",
    "n_quantified_samples": 48,
    "recommended_action": "acquire an independent source lineage for this cohort instead of re-sampling the same footprint",
    "sample_type": "water_river",
    "unit_layer": "ug/L"
   },
   "type": "Feature"
  },
  {
   "geometry": {
    "coordinates": [
     [
      [
       -124.132,
       30.4554
      ],
      [
       -85.0352,
       30.4554
      ],
      [
       -85.0352,
       41.9863
      ],
      [
       -124.132,
       41.9863
      ],
      [
       -124.132,
       30.4554
      ]
     ]
    ],
    "type": "Polygon"
   },
   "properties": {
    "cohort_id": "cohort-ef4c96eecd7c",
    "dominant_source_id": "usgs-conus-soil",
    "dominant_source_share": 1.0,
    "element_or_analyte": "Cu",
    "gap_kind": "single_source_dominated_cohort",
    "medium": "soil",
    "method_family": "icp_oes",
    "n_quantified_samples": 661,
    "recommended_action": "acquire an independent source lineage for this cohort instead of re-sampling the same footprint",
    "sample_type": "soil_c_horizon",
    "unit_layer": "mg/kg"
   },
   "type": "Feature"
  },
  {
   "geometry": {
    "coordinates": [
     [
      [
       127.6799,
       26.1292
      ],
      [
       145.7221,
       26.1292
      ],
      [
       145.7221,
       45.4518
      ],
      [
       127.6799,
       45.4518
      ],
      [
       127.6799,
       26.1292
      ]
     ]
    ],
    "type": "Polygon"
   },
   "properties": {
    "cohort_id": "cohort-f03bb0cc9183",
    "dominant_source_id": "japan-gsj-geochemical-map",
    "dominant_source_share": 1.0,
    "element_or_analyte": "Zn",
    "gap_kind": "single_source_dominated_cohort",
    "medium": "sediment",
    "method_family": "",
    "n_quantified_samples": 3024,
    "recommended_action": "acquire an independent source lineage for this cohort instead of re-sampling the same footprint",
    "sample_type": "sediment_stream",
    "unit_layer": "mg/kg"
   },
   "type": "Feature"
  },
  {
   "geometry": {
    "coordinates": [
     [
      [
       139.839996,
       -65.416298
      ],
      [
       140.209,
       -65.416298
      ],
      [
       140.209,
       -56.929298
      ],
      [
       139.839996,
       -56.929298
      ],
      [
       139.839996,
       -65.416298
      ]
     ]
    ],
    "type": "Polygon"
   },
   "properties": {
    "cohort_id": "cohort-f056c8aa86e6",
    "dominant_source_id": "geotraces-idp2025",
    "dominant_source_share": 1.0,
    "element_or_analyte": "Zn",
    "gap_kind": "single_source_dominated_cohort",
    "medium": "water",
    "method_family": "other_bodc_originator_and_methods_record_320981",
    "n_quantified_samples": 87,
    "recommended_action": "acquire an independent source lineage for this cohort instead of re-sampling the same footprint",
    "sample_type": "water_seawater",
    "unit_layer": "nmol/kg"
   },
   "type": "Feature"
  },
  {
   "geometry": {
    "coordinates": [
     [
      [
       -139.78,
       51.21
      ],
      [
       -117.7,
       51.21
      ],
      [
       -117.7,
       67.58
      ],
      [
       -139.78,
       67.58
      ],
      [
       -139.78,
       51.21
      ]
     ]
    ],
    "type": "Polygon"
   },
   "properties": {
    "cohort_id": "cohort-f24ac064c403",
    "dominant_source_id": "gemstat-open-archive",
    "dominant_source_share": 1.0,
    "element_or_analyte": "Cr",
    "gap_kind": "single_source_dominated_cohort",
    "medium": "water",
    "method_family": "icp_ms",
    "n_quantified_samples": 281,
    "recommended_action": "acquire an independent source lineage for this cohort instead of re-sampling the same footprint",
    "sample_type": "water_river",
    "unit_layer": "ug/L"
   },
   "type": "Feature"
  },
  {
   "geometry": {
    "coordinates": [
     [
      [
       -15.45288278,
       27.82639699
      ],
      [
       26.487047148,
       27.82639699
      ],
      [
       26.487047148,
       49.31
      ],
      [
       -15.45288278,
       49.31
      ],
      [
       -15.45288278,
       27.82639699
      ]
     ]
    ],
    "type": "Polygon"
   },
   "properties": {
    "cohort_id": "cohort-f2af6c6a352a",
    "dominant_source_id": "foregs-floodplain-sediment",
    "dominant_source_share": 1.0,
    "element_or_analyte": "Ni",
    "gap_kind": "single_source_dominated_cohort",
    "medium": "sediment",
    "method_family": "icp_oes",
    "n_quantified_samples": 374,
    "recommended_action": "acquire an independent source lineage for this cohort instead of re-sampling the same footprint",
    "sample_type": "sediment_floodplain",
    "unit_layer": "mg/kg"
   },
   "type": "Feature"
  },
  {
   "geometry": {
    "coordinates": [
     [
      [
       -117.6,
       49.02
      ],
      [
       -116.44,
       49.02
      ],
      [
       -116.44,
       51.42
      ],
      [
       -117.6,
       51.42
      ],
      [
       -117.6,
       49.02
      ]
     ]
    ],
    "type": "Polygon"
   },
   "properties": {
    "cohort_id": "cohort-f35a8e630874",
    "dominant_source_id": "gemstat-open-archive",
    "dominant_source_share": 1.0,
    "element_or_analyte": "As",
    "gap_kind": "single_source_dominated_cohort",
    "medium": "water",
    "method_family": "other_extractable_metals_with_inductively_coupled_argon_plasma_sector_field_mass_spectrometer_icp_sfms",
    "n_quantified_samples": 48,
    "recommended_action": "acquire an independent source lineage for this cohort instead of re-sampling the same footprint",
    "sample_type": "water_river",
    "unit_layer": "ug/L"
   },
   "type": "Feature"
  },
  {
   "geometry": {
    "coordinates": [
     [
      [
       -15.57,
       27.96
      ],
      [
       26.32,
       27.96
      ],
      [
       26.32,
       50.86
      ],
      [
       -15.57,
       50.86
      ],
      [
       -15.57,
       27.96
      ]
     ]
    ],
    "type": "Polygon"
   },
   "properties": {
    "cohort_id": "cohort-f37abc8a7d63",
    "dominant_source_id": "foregs-topsoil",
    "dominant_source_share": 1.0,
    "element_or_analyte": "Cr",
    "gap_kind": "single_source_dominated_cohort",
    "medium": "soil",
    "method_family": "icp_oes",
    "n_quantified_samples": 444,
    "recommended_action": "acquire an independent source lineage for this cohort instead of re-sampling the same footprint",
    "sample_type": "soil_topsoil",
    "unit_layer": "mg/kg"
   },
   "type": "Feature"
  },
  {
   "geometry": {
    "coordinates": [
     [
      [
       105.2847,
       4.0725
      ],
      [
       120.155,
       4.0725
      ],
      [
       120.155,
       20.6
      ],
      [
       105.2847,
       20.6
      ],
      [
       105.2847,
       4.0725
      ]
     ]
    ],
    "type": "Polygon"
   },
   "properties": {
    "cohort_id": "cohort-f43b3892063a",
    "dominant_source_id": "pangaea-south-china-sea-sediment",
    "dominant_source_share": 1.0,
    "element_or_analyte": "Pb",
    "gap_kind": "single_source_dominated_cohort",
    "medium": "sediment",
    "method_family": "icp_ms",
    "n_quantified_samples": 44,
    "recommended_action": "acquire an independent source lineage for this cohort instead of re-sampling the same footprint",
    "sample_type": "sediment_marine_surface",
    "unit_layer": "mg/kg"
   },
   "type": "Feature"
  },
  {
   "geometry": {
    "coordinates": [
     [
      [
       -13.190704,
       78.818802
      ],
      [
       8.32663,
       78.818802
      ],
      [
       8.32663,
       80.853203
      ],
      [
       -13.190704,
       80.853203
      ],
      [
       -13.190704,
       78.818802
      ]
     ]
    ],
    "type": "Polygon"
   },
   "properties": {
    "cohort_id": "cohort-f50b16f371ac",
    "dominant_source_id": "geotraces-idp2025",
    "dominant_source_share": 1.0,
    "element_or_analyte": "Ni",
    "gap_kind": "single_source_dominated_cohort",
    "medium": "water",
    "method_family": "other_bodc_originator_and_methods_record_668909",
    "n_quantified_samples": 158,
    "recommended_action": "acquire an independent source lineage for this cohort instead of re-sampling the same footprint",
    "sample_type": "water_seawater",
    "unit_layer": "nmol/kg"
   },
   "type": "Feature"
  },
  {
   "geometry": {
    "coordinates": [
     [
      [
       -9.5724,
       35.3114
      ],
      [
       31.9145,
       35.3114
      ],
      [
       31.9145,
       69.4542
      ],
      [
       -9.5724,
       69.4542
      ],
      [
       -9.5724,
       35.3114
      ]
     ]
    ],
    "type": "Polygon"
   },
   "properties": {
    "cohort_id": "cohort-f51bc198e9d7",
    "dominant_source_id": "gemas-europe",
    "dominant_source_share": 1.0,
    "element_or_analyte": "Cr",
    "gap_kind": "single_source_dominated_cohort",
    "medium": "soil",
    "method_family": "xrf",
    "n_quantified_samples": 116,
    "recommended_action": "acquire an independent source lineage for this cohort instead of re-sampling the same footprint",
    "sample_type": "soil_grazing_land",
    "unit_layer": "mg/kg"
   },
   "type": "Feature"
  },
  {
   "geometry": {
    "coordinates": [
     [
      [
       57.3555,
       10.0345
      ],
      [
       68.3668,
       10.0345
      ],
      [
       68.3668,
       19.5163
      ],
      [
       57.3555,
       19.5163
      ],
      [
       57.3555,
       10.0345
      ]
     ]
    ],
    "type": "Polygon"
   },
   "properties": {
    "cohort_id": "cohort-f5724be7108f",
    "dominant_source_id": "pangaea-arabian-sea-sediment",
    "dominant_source_share": 1.0,
    "element_or_analyte": "Ni",
    "gap_kind": "single_source_dominated_cohort",
    "medium": "sediment",
    "method_family": "other_geochemical_analysis_on_bulk_sediment",
    "n_quantified_samples": 26,
    "recommended_action": "acquire an independent source lineage for this cohort instead of re-sampling the same footprint",
    "sample_type": "sediment_marine_core",
    "unit_layer": "mg/kg"
   },
   "type": "Feature"
  },
  {
   "geometry": {
    "coordinates": [
     [
      [
       74.110603,
       -62.535999
      ],
      [
       93.549301,
       -62.535999
      ],
      [
       93.549301,
       -58.6577
      ],
      [
       74.110603,
       -58.6577
      ],
      [
       74.110603,
       -62.535999
      ]
     ]
    ],
    "type": "Polygon"
   },
   "properties": {
    "cohort_id": "cohort-f6828f1df383",
    "dominant_source_id": "geotraces-idp2025",
    "dominant_source_share": 1.0,
    "element_or_analyte": "Ni",
    "gap_kind": "single_source_dominated_cohort",
    "medium": "water",
    "method_family": "other_bodc_originator_and_methods_record_591664",
    "n_quantified_samples": 117,
    "recommended_action": "acquire an independent source lineage for this cohort instead of re-sampling the same footprint",
    "sample_type": "water_seawater",
    "unit_layer": "nmol/kg"
   },
   "type": "Feature"
  },
  {
   "geometry": {
    "coordinates": [
     [
      [
       -67.1983,
       -9.75042
      ],
      [
       -50.97,
       -9.75042
      ],
      [
       -50.97,
       -2.53317
      ],
      [
       -67.1983,
       -2.53317
      ],
      [
       -67.1983,
       -9.75042
      ]
     ]
    ],
    "type": "Polygon"
   },
   "properties": {
    "cohort_id": "cohort-f6c18970aa9e",
    "dominant_source_id": "pangaea-amazonas-soil",
    "dominant_source_share": 1.0,
    "element_or_analyte": "Zn",
    "gap_kind": "single_source_dominated_cohort",
    "medium": "soil",
    "method_family": "icp_ms",
    "n_quantified_samples": 83,
    "recommended_action": "acquire an independent source lineage for this cohort instead of re-sampling the same footprint",
    "sample_type": "soil_topsoil",
    "unit_layer": "mg/kg"
   },
   "type": "Feature"
  },
  {
   "geometry": {
    "coordinates": [
     [
      [
       -137.97,
       51.21
      ],
      [
       -117.7,
       51.21
      ],
      [
       -117.7,
       60.12
      ],
      [
       -137.97,
       60.12
      ],
      [
       -137.97,
       51.21
      ]
     ]
    ],
    "type": "Polygon"
   },
   "properties": {
    "cohort_id": "cohort-f915fe37135a",
    "dominant_source_id": "gemstat-open-archive",
    "dominant_source_share": 1.0,
    "element_or_analyte": "Zn",
    "gap_kind": "single_source_dominated_cohort",
    "medium": "water",
    "method_family": "other_inductively_coupled_plasma_sector_field_mass_spectrometry_with_closed_vessel_digestion",
    "n_quantified_samples": 43,
    "recommended_action": "acquire an independent source lineage for this cohort instead of re-sampling the same footprint",
    "sample_type": "water_river",
    "unit_layer": "ug/L"
   },
   "type": "Feature"
  },
  {
   "geometry": {
    "coordinates": [
     [
      [
       -9.5724,
       35.3114
      ],
      [
       31.9145,
       35.3114
      ],
      [
       31.9145,
       69.4542
      ],
      [
       -9.5724,
       69.4542
      ],
      [
       -9.5724,
       35.3114
      ]
     ]
    ],
    "type": "Polygon"
   },
   "properties": {
    "cohort_id": "cohort-fa7c1e86ff5f",
    "dominant_source_id": "gemas-europe",
    "dominant_source_share": 1.0,
    "element_or_analyte": "Zn",
    "gap_kind": "single_source_dominated_cohort",
    "medium": "soil",
    "method_family": "icp_ms",
    "n_quantified_samples": 116,
    "recommended_action": "acquire an independent source lineage for this cohort instead of re-sampling the same footprint",
    "sample_type": "soil_grazing_land",
    "unit_layer": "mg/kg"
   },
   "type": "Feature"
  },
  {
   "geometry": {
    "coordinates": [
     [
      [
       -15.5555631,
       27.92424718
      ],
      [
       26.334653006,
       27.92424718
      ],
      [
       26.334653006,
       50.86
      ],
      [
       -15.5555631,
       50.86
      ],
      [
       -15.5555631,
       27.92424718
      ]
     ]
    ],
    "type": "Polygon"
   },
   "properties": {
    "cohort_id": "cohort-fae9786a0f01",
    "dominant_source_id": "foregs-stream-sediment",
    "dominant_source_share": 1.0,
    "element_or_analyte": "Pb",
    "gap_kind": "single_source_dominated_cohort",
    "medium": "sediment",
    "method_family": "xrf",
    "n_quantified_samples": 456,
    "recommended_action": "acquire an independent source lineage for this cohort instead of re-sampling the same footprint",
    "sample_type": "sediment_stream",
    "unit_layer": "mg/kg"
   },
   "type": "Feature"
  },
  {
   "geometry": {
    "coordinates": [
     [
      [
       24.0498,
       66.393
      ],
      [
       35.4177,
       66.393
      ],
      [
       35.4177,
       71.0493
      ],
      [
       24.0498,
       71.0493
      ],
      [
       24.0498,
       66.393
      ]
     ]
    ],
    "type": "Polygon"
   },
   "properties": {
    "cohort_id": "cohort-fd0d7a901ff1",
    "dominant_source_id": "pangaea-barents-c-horizon-soil",
    "dominant_source_share": 1.0,
    "element_or_analyte": "Pb",
    "gap_kind": "single_source_dominated_cohort",
    "medium": "soil",
    "method_family": "aas",
    "n_quantified_samples": 604,
    "recommended_action": "acquire an independent source lineage for this cohort instead of re-sampling the same footprint",
    "sample_type": "soil_c_horizon",
    "unit_layer": "mg/kg"
   },
   "type": "Feature"
  },
  {
   "geometry": {
    "coordinates": [
     [
      [
       -15.57,
       27.96
      ],
      [
       26.32,
       27.96
      ],
      [
       26.32,
       50.86
      ],
      [
       -15.57,
       50.86
      ],
      [
       -15.57,
       27.96
      ]
     ]
    ],
    "type": "Polygon"
   },
   "properties": {
    "cohort_id": "cohort-fd3ff2374f31",
    "dominant_source_id": "foregs-topsoil",
    "dominant_source_share": 1.0,
    "element_or_analyte": "Pb",
    "gap_kind": "single_source_dominated_cohort",
    "medium": "soil",
    "method_family": "icp_oes",
    "n_quantified_samples": 444,
    "recommended_action": "acquire an independent source lineage for this cohort instead of re-sampling the same footprint",
    "sample_type": "soil_topsoil",
    "unit_layer": "mg/kg"
   },
   "type": "Feature"
  },
  {
   "geometry": {
    "coordinates": [
     [
      [
       74.110603,
       -63.2729
      ],
      [
       93.549301,
       -63.2729
      ],
      [
       93.549301,
       -58.6577
      ],
      [
       74.110603,
       -58.6577
      ],
      [
       74.110603,
       -63.2729
      ]
     ]
    ],
    "type": "Polygon"
   },
   "properties": {
    "cohort_id": "cohort-fd4aef0a48ff",
    "dominant_source_id": "geotraces-idp2025",
    "dominant_source_share": 1.0,
    "element_or_analyte": "Zn",
    "gap_kind": "single_source_dominated_cohort",
    "medium": "water",
    "method_family": "other_bodc_originator_and_methods_record_591664",
    "n_quantified_samples": 132,
    "recommended_action": "acquire an independent source lineage for this cohort instead of re-sampling the same footprint",
    "sample_type": "water_seawater",
    "unit_layer": "nmol/kg"
   },
   "type": "Feature"
  },
  {
   "geometry": {
    "coordinates": [
     [
      [
       -137.97,
       51.21
      ],
      [
       -116.44,
       51.21
      ],
      [
       -116.44,
       60.12
      ],
      [
       -137.97,
       60.12
      ],
      [
       -137.97,
       51.21
      ]
     ]
    ],
    "type": "Polygon"
   },
   "properties": {
    "cohort_id": "cohort-fd9bb5e01ffd",
    "dominant_source_id": "gemstat-open-archive",
    "dominant_source_share": 1.0,
    "element_or_analyte": "As",
    "gap_kind": "single_source_dominated_cohort",
    "medium": "water",
    "method_family": "other_inductively_coupled_plasma_sector_field_mass_spectrometry_with_closed_vessel_digestion",
    "n_quantified_samples": 52,
    "recommended_action": "acquire an independent source lineage for this cohort instead of re-sampling the same footprint",
    "sample_type": "water_river",
    "unit_layer": "ug/L"
   },
   "type": "Feature"
  },
  {
   "geometry": {
    "coordinates": [
     [
      [
       -8.6201987961374,
       35.043132637
      ],
      [
       26.319878791,
       35.043132637
      ],
      [
       26.319878791,
       50.99929
      ],
      [
       -8.6201987961374,
       50.99929
      ],
      [
       -8.6201987961374,
       35.043132637
      ]
     ]
    ],
    "type": "Polygon"
   },
   "properties": {
    "cohort_id": "cohort-fdc625743909",
    "dominant_source_id": "foregs-subsoil",
    "dominant_source_share": 1.0,
    "element_or_analyte": "Zn",
    "gap_kind": "single_source_dominated_cohort",
    "medium": "soil",
    "method_family": "xrf",
    "n_quantified_samples": 419,
    "recommended_action": "acquire an independent source lineage for this cohort instead of re-sampling the same footprint",
    "sample_type": "soil_subsoil",
    "unit_layer": "mg/kg"
   },
   "type": "Feature"
  },
  {
   "geometry": {
    "coordinates": [
     [
      [
       -91.43916667,
       38.71
      ],
      [
       -91.43916667,
       38.71
      ],
      [
       -91.43916667,
       38.71
      ],
      [
       -91.43916667,
       38.71
      ],
      [
       -91.43916667,
       38.71
      ]
     ]
    ],
    "type": "Polygon"
   },
   "properties": {
    "cohort_id": "cohort-fdc9acda47de",
    "dominant_source_id": "gemstat-open-archive",
    "dominant_source_share": 1.0,
    "element_or_analyte": "As",
    "gap_kind": "single_source_dominated_cohort",
    "medium": "water",
    "method_family": "other_det_of_as_and_se_by_conversion_to_their_hydrides_and_aspiration_of_the_gas_into_the_ag_h_flame",
    "n_quantified_samples": 46,
    "recommended_action": "acquire an independent source lineage for this cohort instead of re-sampling the same footprint",
    "sample_type": "water_river",
    "unit_layer": "ug/L"
   },
   "type": "Feature"
  },
  {
   "geometry": {
    "coordinates": [
     [
      [
       -9.5724,
       35.3114
      ],
      [
       31.9145,
       35.3114
      ],
      [
       31.9145,
       69.4542
      ],
      [
       -9.5724,
       69.4542
      ],
      [
       -9.5724,
       35.3114
      ]
     ]
    ],
    "type": "Polygon"
   },
   "properties": {
    "cohort_id": "cohort-fecebe15f6a9",
    "dominant_source_id": "gemas-europe",
    "dominant_source_share": 1.0,
    "element_or_analyte": "Cr",
    "gap_kind": "single_source_dominated_cohort",
    "medium": "soil",
    "method_family": "icp_ms",
    "n_quantified_samples": 116,
    "recommended_action": "acquire an independent source lineage for this cohort instead of re-sampling the same footprint",
    "sample_type": "soil_grazing_land",
    "unit_layer": "mg/kg"
   },
   "type": "Feature"
  }
 ],
 "generated_by": "research-mode-v1",
 "name": "sampling_priority",
 "type": "FeatureCollection"
}