record_id,sample_id,element_or_analyte,medium,measurement_basis,original_value_raw,original_value,original_unit,value_qualifier,normalized_value,normalized_unit,normalized_censoring_limit,conversion_factor,conversion_formula,original_latitude_raw,original_longitude_raw,latitude,longitude,source_crs,coordinate_uncertainty_m,sampled_at,sample_depth_min_m,sample_depth_max_m,grain_fraction,geologic_unit,analytical_method,digestion_or_extraction,laboratory,detection_limit,detection_limit_unit,source_id,source_locator,license,source_tier,qc_flags,operational_confidence
rec-5cc05e1b8ff7c70ff33e2747d971849f635d70a24d16d29efbfc6f9c19d3d090,s_85147 [6004],Ni,rock,GEOROC_precompiled_selected_value,70,70.0,ppm,reported,70.0,mg/kg,,1.0,normalized = original * 1,57.03,120.72,57.03,120.72,EPSG:4326,,,,,,ALDAN SHIELD - ARCHEAN / OLEKMA GRANITE-GREENSTONE TERRANE / TOKKO-KHANI GREENSTONE BELT,,,,,,georoc-archaean,2026-06-1KRR1P_ALDAN_SHIELD_ARCHEAN.csv#row=2,CC-BY-SA-4.0,official_curated,"[""MISSING_ANALYTICAL_METHOD"",""MISSING_DIGESTION_OR_EXTRACTION"",""MISSING_COORDINATE_UNCERTAINTY""]","{""band"":""medium"",""completeness"":0.818182,""method"":0.333333,""overall"":0.764303,""qc"":0.76,""source"":1.0,""spatial"":0.8,""version"":""d2-confidence-v1""}"
rec-7227c1d2f6b3cc3f4b3d0798142b9aa99e56cd99367c58d3917b7104354fd2c9,s_86221/9 [6004],Ni,rock,GEOROC_precompiled_selected_value,25,25.0,ppm,reported,25.0,mg/kg,,1.0,normalized = original * 1,57.03,120.72,57.03,120.72,EPSG:4326,,,,,,ALDAN SHIELD - ARCHEAN / OLEKMA GRANITE-GREENSTONE TERRANE / TOKKO-KHANI GREENSTONE BELT,,,,,,georoc-archaean,2026-06-1KRR1P_ALDAN_SHIELD_ARCHEAN.csv#row=3,CC-BY-SA-4.0,official_curated,"[""MISSING_ANALYTICAL_METHOD"",""MISSING_DIGESTION_OR_EXTRACTION"",""MISSING_COORDINATE_UNCERTAINTY""]","{""band"":""medium"",""completeness"":0.818182,""method"":0.333333,""overall"":0.764303,""qc"":0.76,""source"":1.0,""spatial"":0.8,""version"":""d2-confidence-v1""}"
rec-61b28a43b30ac28b862b15ab8f0eb0c50fc5c14b91f83b8a8c162469cce2b5d4,s_86231/1 [6004],Ni,rock,GEOROC_precompiled_selected_value,16,16.0,ppm,reported,16.0,mg/kg,,1.0,normalized = original * 1,57.03,120.72,57.03,120.72,EPSG:4326,,,,,,ALDAN SHIELD - ARCHEAN / OLEKMA GRANITE-GREENSTONE TERRANE / OLONDO GREENSTONE BELT / NORTHERN THOLEIITIC METABASALTS,,,,,,georoc-archaean,2026-06-1KRR1P_ALDAN_SHIELD_ARCHEAN.csv#row=4,CC-BY-SA-4.0,official_curated,"[""MISSING_ANALYTICAL_METHOD"",""MISSING_DIGESTION_OR_EXTRACTION"",""MISSING_COORDINATE_UNCERTAINTY""]","{""band"":""medium"",""completeness"":0.818182,""method"":0.333333,""overall"":0.764303,""qc"":0.76,""source"":1.0,""spatial"":0.8,""version"":""d2-confidence-v1""}"
rec-89bc40f1faa239ad70b5c4e1bb8ac8c53721bab2ac94c0ae2ea923cc7ebcaf96,s_8550 [7221],Ni,rock,GEOROC_precompiled_selected_value,789,789.0,ppm,reported,789.0,mg/kg,,1.0,normalized = original * 1,57.03,120.72,57.03,120.72,EPSG:4326,,,,,,ALDAN SHIELD - ARCHEAN / OLEKMA GRANITE-GREENSTONE TERRANE / OLONDO GREENSTONE BELT / WESTERN KOMATIITES,,,,,,georoc-archaean,2026-06-1KRR1P_ALDAN_SHIELD_ARCHEAN.csv#row=5,CC-BY-SA-4.0,official_curated,"[""MISSING_ANALYTICAL_METHOD"",""MISSING_DIGESTION_OR_EXTRACTION"",""MISSING_COORDINATE_UNCERTAINTY""]","{""band"":""medium"",""completeness"":0.818182,""method"":0.333333,""overall"":0.764303,""qc"":0.76,""source"":1.0,""spatial"":0.8,""version"":""d2-confidence-v1""}"
rec-d7a20373e6a82a8a03c52918946bbf7cd087b0a198de9e7e0a0c441243d93eb0,s_8551 [7221],Ni,rock,GEOROC_precompiled_selected_value,1095,1095.0,ppm,reported,1095.0,mg/kg,,1.0,normalized = original * 1,57.03,120.72,57.03,120.72,EPSG:4326,,,,,,ALDAN SHIELD - ARCHEAN / OLEKMA GRANITE-GREENSTONE TERRANE / OLONDO GREENSTONE BELT / WESTERN KOMATIITES,,,,,,georoc-archaean,2026-06-1KRR1P_ALDAN_SHIELD_ARCHEAN.csv#row=6,CC-BY-SA-4.0,official_curated,"[""MISSING_ANALYTICAL_METHOD"",""MISSING_DIGESTION_OR_EXTRACTION"",""MISSING_COORDINATE_UNCERTAINTY""]","{""band"":""medium"",""completeness"":0.818182,""method"":0.333333,""overall"":0.764303,""qc"":0.76,""source"":1.0,""spatial"":0.8,""version"":""d2-confidence-v1""}"
rec-2e44d08df16d6bae715fd42e7097a2abd435909a5684034620e711982858e6ec,s_8569 [7221],Ni,rock,GEOROC_precompiled_selected_value,1210,1210.0,ppm,reported,1210.0,mg/kg,,1.0,normalized = original * 1,57.03,120.72,57.03,120.72,EPSG:4326,,,,,,ALDAN SHIELD - ARCHEAN / OLEKMA GRANITE-GREENSTONE TERRANE / OLONDO GREENSTONE BELT / WESTERN KOMATIITES,,,,,,georoc-archaean,2026-06-1KRR1P_ALDAN_SHIELD_ARCHEAN.csv#row=7,CC-BY-SA-4.0,official_curated,"[""MISSING_ANALYTICAL_METHOD"",""MISSING_DIGESTION_OR_EXTRACTION"",""MISSING_COORDINATE_UNCERTAINTY""]","{""band"":""medium"",""completeness"":0.818182,""method"":0.333333,""overall"":0.764303,""qc"":0.76,""source"":1.0,""spatial"":0.8,""version"":""d2-confidence-v1""}"
rec-e411118bc88187621cc350371b391b93cd96bf165f1259b44cbb5495de6ade17,s_8707/2 [7221] / s_07/2 [9427],Ni,rock,GEOROC_precompiled_selected_value,518,518.0,ppm,reported,518.0,mg/kg,,1.0,normalized = original * 1,57.03,120.72,57.03,120.72,EPSG:4326,,,,,,ALDAN SHIELD - ARCHEAN / OLEKMA GRANITE-GREENSTONE TERRANE / OLONDO GREENSTONE BELT / EASTERN KOMATIITIC METABASALTS,,,,,,georoc-archaean,2026-06-1KRR1P_ALDAN_SHIELD_ARCHEAN.csv#row=8,CC-BY-SA-4.0,official_curated,"[""MISSING_ANALYTICAL_METHOD"",""MISSING_DIGESTION_OR_EXTRACTION"",""MISSING_COORDINATE_UNCERTAINTY""]","{""band"":""medium"",""completeness"":0.818182,""method"":0.333333,""overall"":0.764303,""qc"":0.76,""source"":1.0,""spatial"":0.8,""version"":""d2-confidence-v1""}"
rec-6f59241802c526d622f14e2327122096515c236f151a2f8d17e3a2d6ef9db531,s_8707/6 [7221] / s_07/6 [9427],Ni,rock,GEOROC_precompiled_selected_value,370,370.0,ppm,reported,370.0,mg/kg,,1.0,normalized = original * 1,57.03,120.72,57.03,120.72,EPSG:4326,,,,,,ALDAN SHIELD - ARCHEAN / OLEKMA GRANITE-GREENSTONE TERRANE / OLONDO GREENSTONE BELT / EASTERN KOMATIITIC METABASALTS,,,,,,georoc-archaean,2026-06-1KRR1P_ALDAN_SHIELD_ARCHEAN.csv#row=9,CC-BY-SA-4.0,official_curated,"[""MISSING_ANALYTICAL_METHOD"",""MISSING_DIGESTION_OR_EXTRACTION"",""MISSING_COORDINATE_UNCERTAINTY""]","{""band"":""medium"",""completeness"":0.818182,""method"":0.333333,""overall"":0.764303,""qc"":0.76,""source"":1.0,""spatial"":0.8,""version"":""d2-confidence-v1""}"
rec-fb2e5753b03f78fd60460934e8c24f574d171e6142ffd83f3fe41f44b55e0693,s_8707/9 [7221] / s_07/9 [9427],Ni,rock,GEOROC_precompiled_selected_value,397,397.0,ppm,reported,397.0,mg/kg,,1.0,normalized = original * 1,57.03,120.72,57.03,120.72,EPSG:4326,,,,,,ALDAN SHIELD - ARCHEAN / OLEKMA GRANITE-GREENSTONE TERRANE / OLONDO GREENSTONE BELT / EASTERN KOMATIITIC METABASALTS,,,,,,georoc-archaean,2026-06-1KRR1P_ALDAN_SHIELD_ARCHEAN.csv#row=10,CC-BY-SA-4.0,official_curated,"[""MISSING_ANALYTICAL_METHOD"",""MISSING_DIGESTION_OR_EXTRACTION"",""MISSING_COORDINATE_UNCERTAINTY""]","{""band"":""medium"",""completeness"":0.818182,""method"":0.333333,""overall"":0.764303,""qc"":0.76,""source"":1.0,""spatial"":0.8,""version"":""d2-confidence-v1""}"
rec-3de147d5d88d2794e2e30c4d9786cf3422b19269ea0fbf3aacd4a7109abf0726,s_8707/16 [7221] / s_07/16 [9427],Ni,rock,GEOROC_precompiled_selected_value,356,356.0,ppm,reported,356.0,mg/kg,,1.0,normalized = original * 1,57.03,120.72,57.03,120.72,EPSG:4326,,,,,,ALDAN SHIELD - ARCHEAN / OLEKMA GRANITE-GREENSTONE TERRANE / OLONDO GREENSTONE BELT / EASTERN KOMATIITIC METABASALTS,,,,,,georoc-archaean,2026-06-1KRR1P_ALDAN_SHIELD_ARCHEAN.csv#row=11,CC-BY-SA-4.0,official_curated,"[""MISSING_ANALYTICAL_METHOD"",""MISSING_DIGESTION_OR_EXTRACTION"",""MISSING_COORDINATE_UNCERTAINTY""]","{""band"":""medium"",""completeness"":0.818182,""method"":0.333333,""overall"":0.764303,""qc"":0.76,""source"":1.0,""spatial"":0.8,""version"":""d2-confidence-v1""}"
rec-1394c58d44deb0f384add56d74c7a3447281b19bb391a4ae7e625105c9457151,s_8715/1 [7221] / s_15/1 [9427],Ni,rock,GEOROC_precompiled_selected_value,131,131.0,ppm,reported,131.0,mg/kg,,1.0,normalized = original * 1,57.03,120.72,57.03,120.72,EPSG:4326,,,,,,ALDAN SHIELD - ARCHEAN / OLEKMA GRANITE-GREENSTONE TERRANE / OLONDO GREENSTONE BELT / WESTERN THOLEIITIC METABASALTS AND GABBROIDS,,,,,,georoc-archaean,2026-06-1KRR1P_ALDAN_SHIELD_ARCHEAN.csv#row=12,CC-BY-SA-4.0,official_curated,"[""MISSING_ANALYTICAL_METHOD"",""MISSING_DIGESTION_OR_EXTRACTION"",""MISSING_COORDINATE_UNCERTAINTY""]","{""band"":""medium"",""completeness"":0.818182,""method"":0.333333,""overall"":0.764303,""qc"":0.76,""source"":1.0,""spatial"":0.8,""version"":""d2-confidence-v1""}"
rec-8103c1d5441318445a23103953c5f3315d951c4d82e2032ce67e145b0ec17ff2,s_8715/2 [7221] / s_15/2 [9427],Ni,rock,GEOROC_precompiled_selected_value,155,155.0,ppm,reported,155.0,mg/kg,,1.0,normalized = original * 1,57.03,120.72,57.03,120.72,EPSG:4326,,,,,,ALDAN SHIELD - ARCHEAN / OLEKMA GRANITE-GREENSTONE TERRANE / OLONDO GREENSTONE BELT / WESTERN THOLEIITIC METABASALTS AND GABBROIDS,,,,,,georoc-archaean,2026-06-1KRR1P_ALDAN_SHIELD_ARCHEAN.csv#row=13,CC-BY-SA-4.0,official_curated,"[""MISSING_ANALYTICAL_METHOD"",""MISSING_DIGESTION_OR_EXTRACTION"",""MISSING_COORDINATE_UNCERTAINTY""]","{""band"":""medium"",""completeness"":0.818182,""method"":0.333333,""overall"":0.764303,""qc"":0.76,""source"":1.0,""spatial"":0.8,""version"":""d2-confidence-v1""}"
rec-7d789b59aee501eb7dbf322b285f6cbb0c27fefc48bca196b8975c11f3785474,s_O-1-1 [26368],Cu,rock,GEOROC_precompiled_selected_value,31.1,31.1,ppm,reported,31.1,mg/kg,,1.0,normalized = original * 1,57.2,119.6,57.2,119.6,EPSG:4326,,,,,,ALDAN SHIELD - ARCHEAN / OLEKMA GRANITE-GREENSTONE TERRANE / OLONDO GREENSTONE BELT,,,,,,georoc-archaean,2026-06-1KRR1P_ALDAN_SHIELD_ARCHEAN.csv#row=172,CC-BY-SA-4.0,official_curated,"[""MISSING_ANALYTICAL_METHOD"",""MISSING_DIGESTION_OR_EXTRACTION"",""MISSING_COORDINATE_UNCERTAINTY""]","{""band"":""medium"",""completeness"":0.818182,""method"":0.333333,""overall"":0.764303,""qc"":0.76,""source"":1.0,""spatial"":0.8,""version"":""d2-confidence-v1""}"
rec-6bf1d34900fa2058c758b2a0b14ef8dc4b823af8619db2b2fcabe95e467fee72,s_O-1-1 [26368],Zn,rock,GEOROC_precompiled_selected_value,117,117.0,ppm,reported,117.0,mg/kg,,1.0,normalized = original * 1,57.2,119.6,57.2,119.6,EPSG:4326,,,,,,ALDAN SHIELD - ARCHEAN / OLEKMA GRANITE-GREENSTONE TERRANE / OLONDO GREENSTONE BELT,,,,,,georoc-archaean,2026-06-1KRR1P_ALDAN_SHIELD_ARCHEAN.csv#row=172,CC-BY-SA-4.0,official_curated,"[""MISSING_ANALYTICAL_METHOD"",""MISSING_DIGESTION_OR_EXTRACTION"",""MISSING_COORDINATE_UNCERTAINTY""]","{""band"":""medium"",""completeness"":0.818182,""method"":0.333333,""overall"":0.764303,""qc"":0.76,""source"":1.0,""spatial"":0.8,""version"":""d2-confidence-v1""}"
rec-744379712d5e986e1e2ed18c088384066e43c869404fa7cdd0a77f13ef3e6535,s_O-1-2 [26368],Cu,rock,GEOROC_precompiled_selected_value,151,151.0,ppm,reported,151.0,mg/kg,,1.0,normalized = original * 1,57.2,119.6,57.2,119.6,EPSG:4326,,,,,,ALDAN SHIELD - ARCHEAN / OLEKMA GRANITE-GREENSTONE TERRANE / OLONDO GREENSTONE BELT,,,,,,georoc-archaean,2026-06-1KRR1P_ALDAN_SHIELD_ARCHEAN.csv#row=173,CC-BY-SA-4.0,official_curated,"[""MISSING_ANALYTICAL_METHOD"",""MISSING_DIGESTION_OR_EXTRACTION"",""MISSING_COORDINATE_UNCERTAINTY""]","{""band"":""medium"",""completeness"":0.818182,""method"":0.333333,""overall"":0.764303,""qc"":0.76,""source"":1.0,""spatial"":0.8,""version"":""d2-confidence-v1""}"
rec-af9c6e60e442c7027392ea4cc0fd51bd327cd9744128c781ef711c59f8f1b250,s_O-1-2 [26368],Zn,rock,GEOROC_precompiled_selected_value,91.6,91.6,ppm,reported,91.6,mg/kg,,1.0,normalized = original * 1,57.2,119.6,57.2,119.6,EPSG:4326,,,,,,ALDAN SHIELD - ARCHEAN / OLEKMA GRANITE-GREENSTONE TERRANE / OLONDO GREENSTONE BELT,,,,,,georoc-archaean,2026-06-1KRR1P_ALDAN_SHIELD_ARCHEAN.csv#row=173,CC-BY-SA-4.0,official_curated,"[""MISSING_ANALYTICAL_METHOD"",""MISSING_DIGESTION_OR_EXTRACTION"",""MISSING_COORDINATE_UNCERTAINTY""]","{""band"":""medium"",""completeness"":0.818182,""method"":0.333333,""overall"":0.764303,""qc"":0.76,""source"":1.0,""spatial"":0.8,""version"":""d2-confidence-v1""}"
rec-a32e253401e55f32ede2afda73ce92cbc2c09b4d130cdad8321e4293c28ecf8b,s_OL1601 [26368],Cu,rock,GEOROC_precompiled_selected_value,147.2,147.2,ppm,reported,147.2,mg/kg,,1.0,normalized = original * 1,57.2,119.6,57.2,119.6,EPSG:4326,,,,,,ALDAN SHIELD - ARCHEAN / OLEKMA GRANITE-GREENSTONE TERRANE / OLONDO GREENSTONE BELT,,,,,,georoc-archaean,2026-06-1KRR1P_ALDAN_SHIELD_ARCHEAN.csv#row=174,CC-BY-SA-4.0,official_curated,"[""MISSING_ANALYTICAL_METHOD"",""MISSING_DIGESTION_OR_EXTRACTION"",""MISSING_COORDINATE_UNCERTAINTY""]","{""band"":""medium"",""completeness"":0.818182,""method"":0.333333,""overall"":0.764303,""qc"":0.76,""source"":1.0,""spatial"":0.8,""version"":""d2-confidence-v1""}"
rec-057442e35f3e19479122254d8a2269ff01503a8335938abe529004740fd2210a,s_OL1601 [26368],Zn,rock,GEOROC_precompiled_selected_value,89.04,89.04,ppm,reported,89.04,mg/kg,,1.0,normalized = original * 1,57.2,119.6,57.2,119.6,EPSG:4326,,,,,,ALDAN SHIELD - ARCHEAN / OLEKMA GRANITE-GREENSTONE TERRANE / OLONDO GREENSTONE BELT,,,,,,georoc-archaean,2026-06-1KRR1P_ALDAN_SHIELD_ARCHEAN.csv#row=174,CC-BY-SA-4.0,official_curated,"[""MISSING_ANALYTICAL_METHOD"",""MISSING_DIGESTION_OR_EXTRACTION"",""MISSING_COORDINATE_UNCERTAINTY""]","{""band"":""medium"",""completeness"":0.818182,""method"":0.333333,""overall"":0.764303,""qc"":0.76,""source"":1.0,""spatial"":0.8,""version"":""d2-confidence-v1""}"
rec-9981373bbdb13d9078a3809d7f53d036c49acf0bbd4a1d181c5d96db7f62773b,s_OL1602 [26368],Cu,rock,GEOROC_precompiled_selected_value,51.39,51.39,ppm,reported,51.39,mg/kg,,1.0,normalized = original * 1,57.2,119.6,57.2,119.6,EPSG:4326,,,,,,ALDAN SHIELD - ARCHEAN / OLEKMA GRANITE-GREENSTONE TERRANE / OLONDO GREENSTONE BELT,,,,,,georoc-archaean,2026-06-1KRR1P_ALDAN_SHIELD_ARCHEAN.csv#row=175,CC-BY-SA-4.0,official_curated,"[""MISSING_ANALYTICAL_METHOD"",""MISSING_DIGESTION_OR_EXTRACTION"",""MISSING_COORDINATE_UNCERTAINTY""]","{""band"":""medium"",""completeness"":0.818182,""method"":0.333333,""overall"":0.764303,""qc"":0.76,""source"":1.0,""spatial"":0.8,""version"":""d2-confidence-v1""}"
rec-1d5e1067f3827be5bd06aeb8f6bb1b623c131f9b3031689705561861e3157cf6,s_OL1602 [26368],Zn,rock,GEOROC_precompiled_selected_value,151.4,151.4,ppm,reported,151.4,mg/kg,,1.0,normalized = original * 1,57.2,119.6,57.2,119.6,EPSG:4326,,,,,,ALDAN SHIELD - ARCHEAN / OLEKMA GRANITE-GREENSTONE TERRANE / OLONDO GREENSTONE BELT,,,,,,georoc-archaean,2026-06-1KRR1P_ALDAN_SHIELD_ARCHEAN.csv#row=175,CC-BY-SA-4.0,official_curated,"[""MISSING_ANALYTICAL_METHOD"",""MISSING_DIGESTION_OR_EXTRACTION"",""MISSING_COORDINATE_UNCERTAINTY""]","{""band"":""medium"",""completeness"":0.818182,""method"":0.333333,""overall"":0.764303,""qc"":0.76,""source"":1.0,""spatial"":0.8,""version"":""d2-confidence-v1""}"
rec-fdf0942f07d80eeb611eadd25292c74b8c2eb3fd551689c6c9189083581b0b0e,s_OL1603 [26368],Cu,rock,GEOROC_precompiled_selected_value,11.18,11.18,ppm,reported,11.18,mg/kg,,1.0,normalized = original * 1,57.2,119.6,57.2,119.6,EPSG:4326,,,,,,ALDAN SHIELD - ARCHEAN / OLEKMA GRANITE-GREENSTONE TERRANE / OLONDO GREENSTONE BELT,,,,,,georoc-archaean,2026-06-1KRR1P_ALDAN_SHIELD_ARCHEAN.csv#row=176,CC-BY-SA-4.0,official_curated,"[""MISSING_ANALYTICAL_METHOD"",""MISSING_DIGESTION_OR_EXTRACTION"",""MISSING_COORDINATE_UNCERTAINTY""]","{""band"":""medium"",""completeness"":0.818182,""method"":0.333333,""overall"":0.764303,""qc"":0.76,""source"":1.0,""spatial"":0.8,""version"":""d2-confidence-v1""}"
rec-84dd752c2d60b0879680a8efe8da417127e0aa9fe8f4f056c271ea2f1b5ccdbd,s_OL1603 [26368],Zn,rock,GEOROC_precompiled_selected_value,89.93,89.93,ppm,reported,89.93,mg/kg,,1.0,normalized = original * 1,57.2,119.6,57.2,119.6,EPSG:4326,,,,,,ALDAN SHIELD - ARCHEAN / OLEKMA GRANITE-GREENSTONE TERRANE / OLONDO GREENSTONE BELT,,,,,,georoc-archaean,2026-06-1KRR1P_ALDAN_SHIELD_ARCHEAN.csv#row=176,CC-BY-SA-4.0,official_curated,"[""MISSING_ANALYTICAL_METHOD"",""MISSING_DIGESTION_OR_EXTRACTION"",""MISSING_COORDINATE_UNCERTAINTY""]","{""band"":""medium"",""completeness"":0.818182,""method"":0.333333,""overall"":0.764303,""qc"":0.76,""source"":1.0,""spatial"":0.8,""version"":""d2-confidence-v1""}"
rec-559e2e2d7768e190b4a1c9f9cd652b6b7d728cc97bfb61a66d08332da0bbc5d4,s_OL16100 [26368],Cu,rock,GEOROC_precompiled_selected_value,8.16,8.16,ppm,reported,8.16,mg/kg,,1.0,normalized = original * 1,57.2,119.6,57.2,119.6,EPSG:4326,,,,,,ALDAN SHIELD - ARCHEAN / OLEKMA GRANITE-GREENSTONE TERRANE / OLONDO GREENSTONE BELT,,,,,,georoc-archaean,2026-06-1KRR1P_ALDAN_SHIELD_ARCHEAN.csv#row=177,CC-BY-SA-4.0,official_curated,"[""MISSING_ANALYTICAL_METHOD"",""MISSING_DIGESTION_OR_EXTRACTION"",""MISSING_COORDINATE_UNCERTAINTY""]","{""band"":""medium"",""completeness"":0.818182,""method"":0.333333,""overall"":0.764303,""qc"":0.76,""source"":1.0,""spatial"":0.8,""version"":""d2-confidence-v1""}"
rec-10452e41be197269732c4c59291b2d89407b9e19f21d174e05e262a4dcc99a72,s_OL16100 [26368],Zn,rock,GEOROC_precompiled_selected_value,100.2,100.2,ppm,reported,100.2,mg/kg,,1.0,normalized = original * 1,57.2,119.6,57.2,119.6,EPSG:4326,,,,,,ALDAN SHIELD - ARCHEAN / OLEKMA GRANITE-GREENSTONE TERRANE / OLONDO GREENSTONE BELT,,,,,,georoc-archaean,2026-06-1KRR1P_ALDAN_SHIELD_ARCHEAN.csv#row=177,CC-BY-SA-4.0,official_curated,"[""MISSING_ANALYTICAL_METHOD"",""MISSING_DIGESTION_OR_EXTRACTION"",""MISSING_COORDINATE_UNCERTAINTY""]","{""band"":""medium"",""completeness"":0.818182,""method"":0.333333,""overall"":0.764303,""qc"":0.76,""source"":1.0,""spatial"":0.8,""version"":""d2-confidence-v1""}"
rec-46234687022649ed35297eb194833be7693ead7f58b573195ac68422fcd8c0f3,s_O-19-2 [26368],Cu,rock,GEOROC_precompiled_selected_value,114,114.0,ppm,reported,114.0,mg/kg,,1.0,normalized = original * 1,57.2,119.6,57.2,119.6,EPSG:4326,,,,,,ALDAN SHIELD - ARCHEAN / OLEKMA GRANITE-GREENSTONE TERRANE / OLONDO GREENSTONE BELT,,,,,,georoc-archaean,2026-06-1KRR1P_ALDAN_SHIELD_ARCHEAN.csv#row=178,CC-BY-SA-4.0,official_curated,"[""MISSING_ANALYTICAL_METHOD"",""MISSING_DIGESTION_OR_EXTRACTION"",""MISSING_COORDINATE_UNCERTAINTY""]","{""band"":""medium"",""completeness"":0.818182,""method"":0.333333,""overall"":0.764303,""qc"":0.76,""source"":1.0,""spatial"":0.8,""version"":""d2-confidence-v1""}"
rec-bc8714bde708122fa6f1585c5abf65c18c6b48696b028e18018f09df8ac64b08,s_O-19-2 [26368],Zn,rock,GEOROC_precompiled_selected_value,110,110.0,ppm,reported,110.0,mg/kg,,1.0,normalized = original * 1,57.2,119.6,57.2,119.6,EPSG:4326,,,,,,ALDAN SHIELD - ARCHEAN / OLEKMA GRANITE-GREENSTONE TERRANE / OLONDO GREENSTONE BELT,,,,,,georoc-archaean,2026-06-1KRR1P_ALDAN_SHIELD_ARCHEAN.csv#row=178,CC-BY-SA-4.0,official_curated,"[""MISSING_ANALYTICAL_METHOD"",""MISSING_DIGESTION_OR_EXTRACTION"",""MISSING_COORDINATE_UNCERTAINTY""]","{""band"":""medium"",""completeness"":0.818182,""method"":0.333333,""overall"":0.764303,""qc"":0.76,""source"":1.0,""spatial"":0.8,""version"":""d2-confidence-v1""}"
rec-122fe8b06145d7558e79935d84f8ef8bb216d45ff1549a46210f53db3b76a9ba,s_OL1608 [26368],Cu,rock,GEOROC_precompiled_selected_value,65.42,65.42,ppm,reported,65.42,mg/kg,,1.0,normalized = original * 1,57.2,119.6,57.2,119.6,EPSG:4326,,,,,,ALDAN SHIELD - ARCHEAN / OLEKMA GRANITE-GREENSTONE TERRANE / OLONDO GREENSTONE BELT,,,,,,georoc-archaean,2026-06-1KRR1P_ALDAN_SHIELD_ARCHEAN.csv#row=179,CC-BY-SA-4.0,official_curated,"[""MISSING_ANALYTICAL_METHOD"",""MISSING_DIGESTION_OR_EXTRACTION"",""MISSING_COORDINATE_UNCERTAINTY""]","{""band"":""medium"",""completeness"":0.818182,""method"":0.333333,""overall"":0.764303,""qc"":0.76,""source"":1.0,""spatial"":0.8,""version"":""d2-confidence-v1""}"
rec-5929ecc9eff1de7bf6d4e2699a2766fb66fed52f665cd9456bcc07f6929211e1,s_OL1608 [26368],Zn,rock,GEOROC_precompiled_selected_value,96.9,96.9,ppm,reported,96.9,mg/kg,,1.0,normalized = original * 1,57.2,119.6,57.2,119.6,EPSG:4326,,,,,,ALDAN SHIELD - ARCHEAN / OLEKMA GRANITE-GREENSTONE TERRANE / OLONDO GREENSTONE BELT,,,,,,georoc-archaean,2026-06-1KRR1P_ALDAN_SHIELD_ARCHEAN.csv#row=179,CC-BY-SA-4.0,official_curated,"[""MISSING_ANALYTICAL_METHOD"",""MISSING_DIGESTION_OR_EXTRACTION"",""MISSING_COORDINATE_UNCERTAINTY""]","{""band"":""medium"",""completeness"":0.818182,""method"":0.333333,""overall"":0.764303,""qc"":0.76,""source"":1.0,""spatial"":0.8,""version"":""d2-confidence-v1""}"
rec-fc4bd5472a13dca6d550d3649a6cc0d29c139b8f8bd421f8e014e069862ffd25,s_OL1606 [26368],Cu,rock,GEOROC_precompiled_selected_value,22.69,22.69,ppm,reported,22.69,mg/kg,,1.0,normalized = original * 1,57.2,119.6,57.2,119.6,EPSG:4326,,,,,,ALDAN SHIELD - ARCHEAN / OLEKMA GRANITE-GREENSTONE TERRANE / OLONDO GREENSTONE BELT,,,,,,georoc-archaean,2026-06-1KRR1P_ALDAN_SHIELD_ARCHEAN.csv#row=180,CC-BY-SA-4.0,official_curated,"[""MISSING_ANALYTICAL_METHOD"",""MISSING_DIGESTION_OR_EXTRACTION"",""MISSING_COORDINATE_UNCERTAINTY""]","{""band"":""medium"",""completeness"":0.818182,""method"":0.333333,""overall"":0.764303,""qc"":0.76,""source"":1.0,""spatial"":0.8,""version"":""d2-confidence-v1""}"
rec-f3fce768775e94a1f4a0b149c7fe58db5cfef317310ecb335cc9c56a6be0d7db,s_OL1606 [26368],Zn,rock,GEOROC_precompiled_selected_value,125.2,125.2,ppm,reported,125.2,mg/kg,,1.0,normalized = original * 1,57.2,119.6,57.2,119.6,EPSG:4326,,,,,,ALDAN SHIELD - ARCHEAN / OLEKMA GRANITE-GREENSTONE TERRANE / OLONDO GREENSTONE BELT,,,,,,georoc-archaean,2026-06-1KRR1P_ALDAN_SHIELD_ARCHEAN.csv#row=180,CC-BY-SA-4.0,official_curated,"[""MISSING_ANALYTICAL_METHOD"",""MISSING_DIGESTION_OR_EXTRACTION"",""MISSING_COORDINATE_UNCERTAINTY""]","{""band"":""medium"",""completeness"":0.818182,""method"":0.333333,""overall"":0.764303,""qc"":0.76,""source"":1.0,""spatial"":0.8,""version"":""d2-confidence-v1""}"
rec-eafb4b5b4cfcc973a52f5582b97b194333d5c7d6875173e99fda9d68d692f0cd,s_O-5 [26368],Cu,rock,GEOROC_precompiled_selected_value,40.2,40.2,ppm,reported,40.2,mg/kg,,1.0,normalized = original * 1,57.2,119.6,57.2,119.6,EPSG:4326,,,,,,ALDAN SHIELD - ARCHEAN / OLEKMA GRANITE-GREENSTONE TERRANE / OLONDO GREENSTONE BELT,,,,,,georoc-archaean,2026-06-1KRR1P_ALDAN_SHIELD_ARCHEAN.csv#row=181,CC-BY-SA-4.0,official_curated,"[""MISSING_ANALYTICAL_METHOD"",""MISSING_DIGESTION_OR_EXTRACTION"",""MISSING_COORDINATE_UNCERTAINTY""]","{""band"":""medium"",""completeness"":0.818182,""method"":0.333333,""overall"":0.764303,""qc"":0.76,""source"":1.0,""spatial"":0.8,""version"":""d2-confidence-v1""}"
rec-91b68b102134ca365a41c8852838a53b0fe9dc6f43805cd4f83e20dbf6df0199,s_O-5 [26368],Zn,rock,GEOROC_precompiled_selected_value,144,144.0,ppm,reported,144.0,mg/kg,,1.0,normalized = original * 1,57.2,119.6,57.2,119.6,EPSG:4326,,,,,,ALDAN SHIELD - ARCHEAN / OLEKMA GRANITE-GREENSTONE TERRANE / OLONDO GREENSTONE BELT,,,,,,georoc-archaean,2026-06-1KRR1P_ALDAN_SHIELD_ARCHEAN.csv#row=181,CC-BY-SA-4.0,official_curated,"[""MISSING_ANALYTICAL_METHOD"",""MISSING_DIGESTION_OR_EXTRACTION"",""MISSING_COORDINATE_UNCERTAINTY""]","{""band"":""medium"",""completeness"":0.818182,""method"":0.333333,""overall"":0.764303,""qc"":0.76,""source"":1.0,""spatial"":0.8,""version"":""d2-confidence-v1""}"
rec-90e8225fadedb8a5d8b24b4c9496c06dc99edff5124d47ba6ce5a4c2f476a900,s_OL1632 [26368],Cu,rock,GEOROC_precompiled_selected_value,160,160.0,ppm,reported,160.0,mg/kg,,1.0,normalized = original * 1,57.2,119.6,57.2,119.6,EPSG:4326,,,,,,ALDAN SHIELD - ARCHEAN / OLEKMA GRANITE-GREENSTONE TERRANE / OLONDO GREENSTONE BELT,,,,,,georoc-archaean,2026-06-1KRR1P_ALDAN_SHIELD_ARCHEAN.csv#row=182,CC-BY-SA-4.0,official_curated,"[""MISSING_ANALYTICAL_METHOD"",""MISSING_DIGESTION_OR_EXTRACTION"",""MISSING_COORDINATE_UNCERTAINTY""]","{""band"":""medium"",""completeness"":0.818182,""method"":0.333333,""overall"":0.764303,""qc"":0.76,""source"":1.0,""spatial"":0.8,""version"":""d2-confidence-v1""}"
rec-ac46e8d435f451d39b951f4113be2a2883b8e11a21a16ec531df090e6cdd84fd,s_OL1632 [26368],Zn,rock,GEOROC_precompiled_selected_value,50.3,50.3,ppm,reported,50.3,mg/kg,,1.0,normalized = original * 1,57.2,119.6,57.2,119.6,EPSG:4326,,,,,,ALDAN SHIELD - ARCHEAN / OLEKMA GRANITE-GREENSTONE TERRANE / OLONDO GREENSTONE BELT,,,,,,georoc-archaean,2026-06-1KRR1P_ALDAN_SHIELD_ARCHEAN.csv#row=182,CC-BY-SA-4.0,official_curated,"[""MISSING_ANALYTICAL_METHOD"",""MISSING_DIGESTION_OR_EXTRACTION"",""MISSING_COORDINATE_UNCERTAINTY""]","{""band"":""medium"",""completeness"":0.818182,""method"":0.333333,""overall"":0.764303,""qc"":0.76,""source"":1.0,""spatial"":0.8,""version"":""d2-confidence-v1""}"
rec-1025f5f060f263cae38f25b18ea4bc0ad4f16afd8f04251f5994340e86cc0b9b,s_OL1607 [26368],Cu,rock,GEOROC_precompiled_selected_value,61.38,61.38,ppm,reported,61.38,mg/kg,,1.0,normalized = original * 1,57.2,119.6,57.2,119.6,EPSG:4326,,,,,,ALDAN SHIELD - ARCHEAN / OLEKMA GRANITE-GREENSTONE TERRANE / OLONDO GREENSTONE BELT,,,,,,georoc-archaean,2026-06-1KRR1P_ALDAN_SHIELD_ARCHEAN.csv#row=183,CC-BY-SA-4.0,official_curated,"[""MISSING_ANALYTICAL_METHOD"",""MISSING_DIGESTION_OR_EXTRACTION"",""MISSING_COORDINATE_UNCERTAINTY""]","{""band"":""medium"",""completeness"":0.818182,""method"":0.333333,""overall"":0.764303,""qc"":0.76,""source"":1.0,""spatial"":0.8,""version"":""d2-confidence-v1""}"
rec-222d613a1446bee40936aed6b4f9f222b3fd51667c5ee65bad65882ec70a7f84,s_OL1607 [26368],Zn,rock,GEOROC_precompiled_selected_value,170.2,170.2,ppm,reported,170.2,mg/kg,,1.0,normalized = original * 1,57.2,119.6,57.2,119.6,EPSG:4326,,,,,,ALDAN SHIELD - ARCHEAN / OLEKMA GRANITE-GREENSTONE TERRANE / OLONDO GREENSTONE BELT,,,,,,georoc-archaean,2026-06-1KRR1P_ALDAN_SHIELD_ARCHEAN.csv#row=183,CC-BY-SA-4.0,official_curated,"[""MISSING_ANALYTICAL_METHOD"",""MISSING_DIGESTION_OR_EXTRACTION"",""MISSING_COORDINATE_UNCERTAINTY""]","{""band"":""medium"",""completeness"":0.818182,""method"":0.333333,""overall"":0.764303,""qc"":0.76,""source"":1.0,""spatial"":0.8,""version"":""d2-confidence-v1""}"
rec-17716f9a5eeac851196830b79fb4102025c1ffdea1de4b691fa6a31c59ecc68a,s_SELVA01 [20057],As,rock,GEOROC_precompiled_selected_value,1.4,1.4,ppm,reported,1.4,mg/kg,,1.0,normalized = original * 1,-6.5,-50,-6.5,-50.0,EPSG:4326,,,,,,AMAZONIAN CRATON / CARAJAS PROVINCE / CARAJAS TRANSITION ZONE / SELVA GREENSTONE BELT,,,,,,georoc-archaean,2026-06-1KRR1P_AMAZONIAN_CRATON.csv#row=2,CC-BY-SA-4.0,official_curated,"[""MISSING_ANALYTICAL_METHOD"",""MISSING_DIGESTION_OR_EXTRACTION"",""MISSING_COORDINATE_UNCERTAINTY""]","{""band"":""medium"",""completeness"":0.818182,""method"":0.333333,""overall"":0.764303,""qc"":0.76,""source"":1.0,""spatial"":0.8,""version"":""d2-confidence-v1""}"
rec-72faca2d8d9bddcd2053fbfc4849389bda49dceff703a6e551589b265457e5a2,s_SELVA02 [20057],As,rock,GEOROC_precompiled_selected_value,2.6,2.6,ppm,reported,2.6,mg/kg,,1.0,normalized = original * 1,-6.5,-50,-6.5,-50.0,EPSG:4326,,,,,,AMAZONIAN CRATON / CARAJAS PROVINCE / CARAJAS TRANSITION ZONE / SELVA GREENSTONE BELT,,,,,,georoc-archaean,2026-06-1KRR1P_AMAZONIAN_CRATON.csv#row=3,CC-BY-SA-4.0,official_curated,"[""MISSING_ANALYTICAL_METHOD"",""MISSING_DIGESTION_OR_EXTRACTION"",""MISSING_COORDINATE_UNCERTAINTY""]","{""band"":""medium"",""completeness"":0.818182,""method"":0.333333,""overall"":0.764303,""qc"":0.76,""source"":1.0,""spatial"":0.8,""version"":""d2-confidence-v1""}"
rec-e67d70a2d172fb9513b136be544839f109ee5ea8a0cd79c99b0fe74534c2e1c2,s_SELVA03 [20057],As,rock,GEOROC_precompiled_selected_value,1.2,1.2,ppm,reported,1.2,mg/kg,,1.0,normalized = original * 1,-6.5,-50,-6.5,-50.0,EPSG:4326,,,,,,AMAZONIAN CRATON / CARAJAS PROVINCE / CARAJAS TRANSITION ZONE / SELVA GREENSTONE BELT,,,,,,georoc-archaean,2026-06-1KRR1P_AMAZONIAN_CRATON.csv#row=4,CC-BY-SA-4.0,official_curated,"[""MISSING_ANALYTICAL_METHOD"",""MISSING_DIGESTION_OR_EXTRACTION"",""MISSING_COORDINATE_UNCERTAINTY""]","{""band"":""medium"",""completeness"":0.818182,""method"":0.333333,""overall"":0.764303,""qc"":0.76,""source"":1.0,""spatial"":0.8,""version"":""d2-confidence-v1""}"
rec-3ccc3d16b8f8f7c28673d769b01c29c0b56731f7f49ce2e75a52b239c433af7b,s_SELVA04 [20057],As,rock,GEOROC_precompiled_selected_value,5.5,5.5,ppm,reported,5.5,mg/kg,,1.0,normalized = original * 1,-6.5,-50,-6.5,-50.0,EPSG:4326,,,,,,AMAZONIAN CRATON / CARAJAS PROVINCE / CARAJAS TRANSITION ZONE / SELVA GREENSTONE BELT,,,,,,georoc-archaean,2026-06-1KRR1P_AMAZONIAN_CRATON.csv#row=5,CC-BY-SA-4.0,official_curated,"[""MISSING_ANALYTICAL_METHOD"",""MISSING_DIGESTION_OR_EXTRACTION"",""MISSING_COORDINATE_UNCERTAINTY""]","{""band"":""medium"",""completeness"":0.818182,""method"":0.333333,""overall"":0.764303,""qc"":0.76,""source"":1.0,""spatial"":0.8,""version"":""d2-confidence-v1""}"
rec-bc3352cf68a82f34a3eb90e6d104e0f3d0d5d06bf9209e69043dd11167602d6a,s_SELVA05 [20057],As,rock,GEOROC_precompiled_selected_value,0.6,0.6,ppm,reported,0.6,mg/kg,,1.0,normalized = original * 1,-6.5,-50,-6.5,-50.0,EPSG:4326,,,,,,AMAZONIAN CRATON / CARAJAS PROVINCE / CARAJAS TRANSITION ZONE / SELVA GREENSTONE BELT,,,,,,georoc-archaean,2026-06-1KRR1P_AMAZONIAN_CRATON.csv#row=6,CC-BY-SA-4.0,official_curated,"[""MISSING_ANALYTICAL_METHOD"",""MISSING_DIGESTION_OR_EXTRACTION"",""MISSING_COORDINATE_UNCERTAINTY""]","{""band"":""medium"",""completeness"":0.818182,""method"":0.333333,""overall"":0.764303,""qc"":0.76,""source"":1.0,""spatial"":0.8,""version"":""d2-confidence-v1""}"
rec-efd438d33a8f3fc033f10ad43fbc680c699f49040b2c74b39b7a289e4af6c3c7,s_SELVA06 [20057],As,rock,GEOROC_precompiled_selected_value,0.4,0.4,ppm,reported,0.4,mg/kg,,1.0,normalized = original * 1,-6.5,-50,-6.5,-50.0,EPSG:4326,,,,,,AMAZONIAN CRATON / CARAJAS PROVINCE / CARAJAS TRANSITION ZONE / SELVA GREENSTONE BELT,,,,,,georoc-archaean,2026-06-1KRR1P_AMAZONIAN_CRATON.csv#row=7,CC-BY-SA-4.0,official_curated,"[""MISSING_ANALYTICAL_METHOD"",""MISSING_DIGESTION_OR_EXTRACTION"",""MISSING_COORDINATE_UNCERTAINTY""]","{""band"":""medium"",""completeness"":0.818182,""method"":0.333333,""overall"":0.764303,""qc"":0.76,""source"":1.0,""spatial"":0.8,""version"":""d2-confidence-v1""}"
rec-3e0b46a8e5b14f9813add2c93dc4d84dd5a73691265aed50b62caee4f2e6074a,s_SELVA07 [20057],As,rock,GEOROC_precompiled_selected_value,1.5,1.5,ppm,reported,1.5,mg/kg,,1.0,normalized = original * 1,-6.5,-50,-6.5,-50.0,EPSG:4326,,,,,,AMAZONIAN CRATON / CARAJAS PROVINCE / CARAJAS TRANSITION ZONE / SELVA GREENSTONE BELT,,,,,,georoc-archaean,2026-06-1KRR1P_AMAZONIAN_CRATON.csv#row=8,CC-BY-SA-4.0,official_curated,"[""MISSING_ANALYTICAL_METHOD"",""MISSING_DIGESTION_OR_EXTRACTION"",""MISSING_COORDINATE_UNCERTAINTY""]","{""band"":""medium"",""completeness"":0.818182,""method"":0.333333,""overall"":0.764303,""qc"":0.76,""source"":1.0,""spatial"":0.8,""version"":""d2-confidence-v1""}"
rec-492923ba566b0c4de5e3825c9f3c06b17e04a3b3d2942c429b048e05dcd663f4,s_SELVA08 [20057],As,rock,GEOROC_precompiled_selected_value,4.8,4.8,ppm,reported,4.8,mg/kg,,1.0,normalized = original * 1,-6.5,-50,-6.5,-50.0,EPSG:4326,,,,,,AMAZONIAN CRATON / CARAJAS PROVINCE / CARAJAS TRANSITION ZONE / SELVA GREENSTONE BELT,,,,,,georoc-archaean,2026-06-1KRR1P_AMAZONIAN_CRATON.csv#row=9,CC-BY-SA-4.0,official_curated,"[""MISSING_ANALYTICAL_METHOD"",""MISSING_DIGESTION_OR_EXTRACTION"",""MISSING_COORDINATE_UNCERTAINTY""]","{""band"":""medium"",""completeness"":0.818182,""method"":0.333333,""overall"":0.764303,""qc"":0.76,""source"":1.0,""spatial"":0.8,""version"":""d2-confidence-v1""}"
rec-d2e4b8ef7576d1cf23ea8e61e6389d472aab87978f443e846c60d71977b178b2,s_SELVA10 [20057],As,rock,GEOROC_precompiled_selected_value,0.8,0.8,ppm,reported,0.8,mg/kg,,1.0,normalized = original * 1,-6.5,-50,-6.5,-50.0,EPSG:4326,,,,,,AMAZONIAN CRATON / CARAJAS PROVINCE / CARAJAS TRANSITION ZONE / SELVA GREENSTONE BELT,,,,,,georoc-archaean,2026-06-1KRR1P_AMAZONIAN_CRATON.csv#row=10,CC-BY-SA-4.0,official_curated,"[""MISSING_ANALYTICAL_METHOD"",""MISSING_DIGESTION_OR_EXTRACTION"",""MISSING_COORDINATE_UNCERTAINTY""]","{""band"":""medium"",""completeness"":0.818182,""method"":0.333333,""overall"":0.764303,""qc"":0.76,""source"":1.0,""spatial"":0.8,""version"":""d2-confidence-v1""}"
rec-48b1fc38827f318ccafb3a471405caa4caf202ff22ab2748daaeedcc5ebfb7ea,s_SELVA11 [20057],As,rock,GEOROC_precompiled_selected_value,2.7,2.7,ppm,reported,2.7,mg/kg,,1.0,normalized = original * 1,-6.5,-50,-6.5,-50.0,EPSG:4326,,,,,,AMAZONIAN CRATON / CARAJAS PROVINCE / CARAJAS TRANSITION ZONE / SELVA GREENSTONE BELT,,,,,,georoc-archaean,2026-06-1KRR1P_AMAZONIAN_CRATON.csv#row=11,CC-BY-SA-4.0,official_curated,"[""MISSING_ANALYTICAL_METHOD"",""MISSING_DIGESTION_OR_EXTRACTION"",""MISSING_COORDINATE_UNCERTAINTY""]","{""band"":""medium"",""completeness"":0.818182,""method"":0.333333,""overall"":0.764303,""qc"":0.76,""source"":1.0,""spatial"":0.8,""version"":""d2-confidence-v1""}"
rec-9636dc7a13f29ec5feb2cc1372934037bfc1650f229f8249b82540fdffc13dc9,s_SERINGA01 [20057],As,rock,GEOROC_precompiled_selected_value,0,0.0,ppm,reported,0.0,mg/kg,,1.0,normalized = original * 1,-6.7,-51,-6.7,-51.0,EPSG:4326,,,,,,AMAZONIAN CRATON / CARAJAS PROVINCE / RIO MARIA DOMAIN / SERINGA GREENSTONE BELT,,,,,,georoc-archaean,2026-06-1KRR1P_AMAZONIAN_CRATON.csv#row=12,CC-BY-SA-4.0,official_curated,"[""MISSING_ANALYTICAL_METHOD"",""MISSING_DIGESTION_OR_EXTRACTION"",""MISSING_COORDINATE_UNCERTAINTY""]","{""band"":""medium"",""completeness"":0.818182,""method"":0.333333,""overall"":0.764303,""qc"":0.76,""source"":1.0,""spatial"":0.8,""version"":""d2-confidence-v1""}"
rec-78ab48e3bb77b4ff16830bfe64ab0e560fac6e3888e1d9a1149c6cd552e9c715,s_SERINGA02 [20057],As,rock,GEOROC_precompiled_selected_value,0,0.0,ppm,reported,0.0,mg/kg,,1.0,normalized = original * 1,-6.7,-51,-6.7,-51.0,EPSG:4326,,,,,,AMAZONIAN CRATON / CARAJAS PROVINCE / RIO MARIA DOMAIN / SERINGA GREENSTONE BELT,,,,,,georoc-archaean,2026-06-1KRR1P_AMAZONIAN_CRATON.csv#row=13,CC-BY-SA-4.0,official_curated,"[""MISSING_ANALYTICAL_METHOD"",""MISSING_DIGESTION_OR_EXTRACTION"",""MISSING_COORDINATE_UNCERTAINTY""]","{""band"":""medium"",""completeness"":0.818182,""method"":0.333333,""overall"":0.764303,""qc"":0.76,""source"":1.0,""spatial"":0.8,""version"":""d2-confidence-v1""}"
rec-3c16ad2e1590d783c6112c2c8138490dedd2a64edc36c03ed3276018b7544aa7,C-328818,As,soil,total_or_near_total_<2mm,2.1,2.1,mg/kg,reported,2.1,mg/kg,,1.0,normalized = original * 1,31.3146,-87.1166,31.3146,-87.1166,EPSG:4326,,02/18/09,0.0,0.05,<2 mm,,,,,,,usgs-conus-soil,Appendix_2b_Top5_18Sept2013.txt#row=15,LicenseRef-USGS-Public-Domain,government,"[""MISSING_ANALYTICAL_METHOD"",""MISSING_DIGESTION_OR_EXTRACTION"",""MISSING_COORDINATE_UNCERTAINTY""]","{""band"":""medium"",""completeness"":0.818182,""method"":0.333333,""overall"":0.749303,""qc"":0.76,""source"":0.95,""spatial"":0.8,""version"":""d2-confidence-v1""}"
rec-892f9d1e4470378959e8ad3228da1874b261c1405640749aa8037bec197118f4,C-328818,Cu,soil,total_or_near_total_<2mm,5.9,5.9,mg/kg,reported,5.9,mg/kg,,1.0,normalized = original * 1,31.3146,-87.1166,31.3146,-87.1166,EPSG:4326,,02/18/09,0.0,0.05,<2 mm,,,,,,,usgs-conus-soil,Appendix_2b_Top5_18Sept2013.txt#row=15,LicenseRef-USGS-Public-Domain,government,"[""MISSING_ANALYTICAL_METHOD"",""MISSING_DIGESTION_OR_EXTRACTION"",""MISSING_COORDINATE_UNCERTAINTY""]","{""band"":""medium"",""completeness"":0.818182,""method"":0.333333,""overall"":0.749303,""qc"":0.76,""source"":0.95,""spatial"":0.8,""version"":""d2-confidence-v1""}"
rec-abbc5192b0fb215735fa4a72008cb6e4cbcea485c663a7905f843c48a0409fe1,C-328818,Ni,soil,total_or_near_total_<2mm,3.3,3.3,mg/kg,reported,3.3,mg/kg,,1.0,normalized = original * 1,31.3146,-87.1166,31.3146,-87.1166,EPSG:4326,,02/18/09,0.0,0.05,<2 mm,,,,,,,usgs-conus-soil,Appendix_2b_Top5_18Sept2013.txt#row=15,LicenseRef-USGS-Public-Domain,government,"[""MISSING_ANALYTICAL_METHOD"",""MISSING_DIGESTION_OR_EXTRACTION"",""MISSING_COORDINATE_UNCERTAINTY""]","{""band"":""medium"",""completeness"":0.818182,""method"":0.333333,""overall"":0.749303,""qc"":0.76,""source"":0.95,""spatial"":0.8,""version"":""d2-confidence-v1""}"
rec-fb7c45816fd1f19d0afd6142c6a9f67e59af19210f4077f0274c603b66224369,C-328818,Zn,soil,total_or_near_total_<2mm,15,15.0,mg/kg,reported,15.0,mg/kg,,1.0,normalized = original * 1,31.3146,-87.1166,31.3146,-87.1166,EPSG:4326,,02/18/09,0.0,0.05,<2 mm,,,,,,,usgs-conus-soil,Appendix_2b_Top5_18Sept2013.txt#row=15,LicenseRef-USGS-Public-Domain,government,"[""MISSING_ANALYTICAL_METHOD"",""MISSING_DIGESTION_OR_EXTRACTION"",""MISSING_COORDINATE_UNCERTAINTY""]","{""band"":""medium"",""completeness"":0.818182,""method"":0.333333,""overall"":0.749303,""qc"":0.76,""source"":0.95,""spatial"":0.8,""version"":""d2-confidence-v1""}"
rec-fb2745fed602dc0af6263a7da565ad2f6398b8424b298ed92a101500414e582e,C-328804,As,soil,total_or_near_total_<2mm,1.9,1.9,mg/kg,reported,1.9,mg/kg,,1.0,normalized = original * 1,33.8523,-86.9041,33.8523,-86.9041,EPSG:4326,,02/26/09,0.0,0.05,<2 mm,,,,,,,usgs-conus-soil,Appendix_2b_Top5_18Sept2013.txt#row=16,LicenseRef-USGS-Public-Domain,government,"[""MISSING_ANALYTICAL_METHOD"",""MISSING_DIGESTION_OR_EXTRACTION"",""MISSING_COORDINATE_UNCERTAINTY""]","{""band"":""medium"",""completeness"":0.818182,""method"":0.333333,""overall"":0.749303,""qc"":0.76,""source"":0.95,""spatial"":0.8,""version"":""d2-confidence-v1""}"
rec-a9f3f2827628d217bad43fd70487584fdd2934868ee0466148ed8499ce0502e4,C-328804,Cu,soil,total_or_near_total_<2mm,5.4,5.4,mg/kg,reported,5.4,mg/kg,,1.0,normalized = original * 1,33.8523,-86.9041,33.8523,-86.9041,EPSG:4326,,02/26/09,0.0,0.05,<2 mm,,,,,,,usgs-conus-soil,Appendix_2b_Top5_18Sept2013.txt#row=16,LicenseRef-USGS-Public-Domain,government,"[""MISSING_ANALYTICAL_METHOD"",""MISSING_DIGESTION_OR_EXTRACTION"",""MISSING_COORDINATE_UNCERTAINTY""]","{""band"":""medium"",""completeness"":0.818182,""method"":0.333333,""overall"":0.749303,""qc"":0.76,""source"":0.95,""spatial"":0.8,""version"":""d2-confidence-v1""}"
rec-5eb05e8193701c2cc89aa5eba0677e4b44de8fcb9b1b3648c56e9576b6eff560,C-328804,Ni,soil,total_or_near_total_<2mm,4.5,4.5,mg/kg,reported,4.5,mg/kg,,1.0,normalized = original * 1,33.8523,-86.9041,33.8523,-86.9041,EPSG:4326,,02/26/09,0.0,0.05,<2 mm,,,,,,,usgs-conus-soil,Appendix_2b_Top5_18Sept2013.txt#row=16,LicenseRef-USGS-Public-Domain,government,"[""MISSING_ANALYTICAL_METHOD"",""MISSING_DIGESTION_OR_EXTRACTION"",""MISSING_COORDINATE_UNCERTAINTY""]","{""band"":""medium"",""completeness"":0.818182,""method"":0.333333,""overall"":0.749303,""qc"":0.76,""source"":0.95,""spatial"":0.8,""version"":""d2-confidence-v1""}"
rec-7aec2f1a7af374fa8d035ac1d3e93565f9fdf0a507155f5bc9f5da95d72db2d3,C-328804,Zn,soil,total_or_near_total_<2mm,18,18.0,mg/kg,reported,18.0,mg/kg,,1.0,normalized = original * 1,33.8523,-86.9041,33.8523,-86.9041,EPSG:4326,,02/26/09,0.0,0.05,<2 mm,,,,,,,usgs-conus-soil,Appendix_2b_Top5_18Sept2013.txt#row=16,LicenseRef-USGS-Public-Domain,government,"[""MISSING_ANALYTICAL_METHOD"",""MISSING_DIGESTION_OR_EXTRACTION"",""MISSING_COORDINATE_UNCERTAINTY""]","{""band"":""medium"",""completeness"":0.818182,""method"":0.333333,""overall"":0.749303,""qc"":0.76,""source"":0.95,""spatial"":0.8,""version"":""d2-confidence-v1""}"
rec-8f66ad4562074a7b66319c19172e616272d43f908f539ae2e15e2ca9463aee0b,C-328805,As,soil,total_or_near_total_<2mm,1.8,1.8,mg/kg,reported,1.8,mg/kg,,1.0,normalized = original * 1,31.2179,-85.8788,31.2179,-85.8788,EPSG:4326,,02/18/09,0.0,0.05,<2 mm,,,,,,,usgs-conus-soil,Appendix_2b_Top5_18Sept2013.txt#row=17,LicenseRef-USGS-Public-Domain,government,"[""MISSING_ANALYTICAL_METHOD"",""MISSING_DIGESTION_OR_EXTRACTION"",""MISSING_COORDINATE_UNCERTAINTY""]","{""band"":""medium"",""completeness"":0.818182,""method"":0.333333,""overall"":0.749303,""qc"":0.76,""source"":0.95,""spatial"":0.8,""version"":""d2-confidence-v1""}"
rec-d1850f1e443f6f5709a1cfdd9a6be715c22f669148325cc9bbea299f3fff642a,C-328805,Cu,soil,total_or_near_total_<2mm,10.1,10.1,mg/kg,reported,10.1,mg/kg,,1.0,normalized = original * 1,31.2179,-85.8788,31.2179,-85.8788,EPSG:4326,,02/18/09,0.0,0.05,<2 mm,,,,,,,usgs-conus-soil,Appendix_2b_Top5_18Sept2013.txt#row=17,LicenseRef-USGS-Public-Domain,government,"[""MISSING_ANALYTICAL_METHOD"",""MISSING_DIGESTION_OR_EXTRACTION"",""MISSING_COORDINATE_UNCERTAINTY""]","{""band"":""medium"",""completeness"":0.818182,""method"":0.333333,""overall"":0.749303,""qc"":0.76,""source"":0.95,""spatial"":0.8,""version"":""d2-confidence-v1""}"
rec-d5ede810a30db670428f7b6b8ff9a6cea3d884500475a834cb75bede9c08f4ca,C-328805,Ni,soil,total_or_near_total_<2mm,4.1,4.1,mg/kg,reported,4.1,mg/kg,,1.0,normalized = original * 1,31.2179,-85.8788,31.2179,-85.8788,EPSG:4326,,02/18/09,0.0,0.05,<2 mm,,,,,,,usgs-conus-soil,Appendix_2b_Top5_18Sept2013.txt#row=17,LicenseRef-USGS-Public-Domain,government,"[""MISSING_ANALYTICAL_METHOD"",""MISSING_DIGESTION_OR_EXTRACTION"",""MISSING_COORDINATE_UNCERTAINTY""]","{""band"":""medium"",""completeness"":0.818182,""method"":0.333333,""overall"":0.749303,""qc"":0.76,""source"":0.95,""spatial"":0.8,""version"":""d2-confidence-v1""}"
rec-6342ef15447875f44fc9efd3e147e7650b2a4adbb43b32b50398dc423d0d4d02,C-328805,Zn,soil,total_or_near_total_<2mm,18,18.0,mg/kg,reported,18.0,mg/kg,,1.0,normalized = original * 1,31.2179,-85.8788,31.2179,-85.8788,EPSG:4326,,02/18/09,0.0,0.05,<2 mm,,,,,,,usgs-conus-soil,Appendix_2b_Top5_18Sept2013.txt#row=17,LicenseRef-USGS-Public-Domain,government,"[""MISSING_ANALYTICAL_METHOD"",""MISSING_DIGESTION_OR_EXTRACTION"",""MISSING_COORDINATE_UNCERTAINTY""]","{""band"":""medium"",""completeness"":0.818182,""method"":0.333333,""overall"":0.749303,""qc"":0.76,""source"":0.95,""spatial"":0.8,""version"":""d2-confidence-v1""}"
rec-a3c40bd4c285f7cf44d37767a12ba7aeb6d9b87f79166e1360abcaec3d0448a8,C-328864,As,soil,total_or_near_total_<2mm,3.4,3.4,mg/kg,reported,3.4,mg/kg,,1.0,normalized = original * 1,33.0992,-86.9976,33.0992,-86.9976,EPSG:4326,,02/23/09,0.0,0.05,<2 mm,,,,,,,usgs-conus-soil,Appendix_2b_Top5_18Sept2013.txt#row=18,LicenseRef-USGS-Public-Domain,government,"[""MISSING_ANALYTICAL_METHOD"",""MISSING_DIGESTION_OR_EXTRACTION"",""MISSING_COORDINATE_UNCERTAINTY""]","{""band"":""medium"",""completeness"":0.818182,""method"":0.333333,""overall"":0.749303,""qc"":0.76,""source"":0.95,""spatial"":0.8,""version"":""d2-confidence-v1""}"
rec-a6dd69bb5dc8522f6f7f47441be6a2116eda33c4b59d564323d767fc7e57b5fd,C-328864,Cu,soil,total_or_near_total_<2mm,14.2,14.2,mg/kg,reported,14.2,mg/kg,,1.0,normalized = original * 1,33.0992,-86.9976,33.0992,-86.9976,EPSG:4326,,02/23/09,0.0,0.05,<2 mm,,,,,,,usgs-conus-soil,Appendix_2b_Top5_18Sept2013.txt#row=18,LicenseRef-USGS-Public-Domain,government,"[""MISSING_ANALYTICAL_METHOD"",""MISSING_DIGESTION_OR_EXTRACTION"",""MISSING_COORDINATE_UNCERTAINTY""]","{""band"":""medium"",""completeness"":0.818182,""method"":0.333333,""overall"":0.749303,""qc"":0.76,""source"":0.95,""spatial"":0.8,""version"":""d2-confidence-v1""}"
rec-f12eb9579d39881306268cced7a55414d0d7a203911c444474d4eb15bf7f1728,C-328864,Ni,soil,total_or_near_total_<2mm,11.4,11.4,mg/kg,reported,11.4,mg/kg,,1.0,normalized = original * 1,33.0992,-86.9976,33.0992,-86.9976,EPSG:4326,,02/23/09,0.0,0.05,<2 mm,,,,,,,usgs-conus-soil,Appendix_2b_Top5_18Sept2013.txt#row=18,LicenseRef-USGS-Public-Domain,government,"[""MISSING_ANALYTICAL_METHOD"",""MISSING_DIGESTION_OR_EXTRACTION"",""MISSING_COORDINATE_UNCERTAINTY""]","{""band"":""medium"",""completeness"":0.818182,""method"":0.333333,""overall"":0.749303,""qc"":0.76,""source"":0.95,""spatial"":0.8,""version"":""d2-confidence-v1""}"
rec-27d41d1e541a9c89ea97c718b90467f9f93f13000c72717375f4f023fc0d4d2a,C-328864,Zn,soil,total_or_near_total_<2mm,32,32.0,mg/kg,reported,32.0,mg/kg,,1.0,normalized = original * 1,33.0992,-86.9976,33.0992,-86.9976,EPSG:4326,,02/23/09,0.0,0.05,<2 mm,,,,,,,usgs-conus-soil,Appendix_2b_Top5_18Sept2013.txt#row=18,LicenseRef-USGS-Public-Domain,government,"[""MISSING_ANALYTICAL_METHOD"",""MISSING_DIGESTION_OR_EXTRACTION"",""MISSING_COORDINATE_UNCERTAINTY""]","{""band"":""medium"",""completeness"":0.818182,""method"":0.333333,""overall"":0.749303,""qc"":0.76,""source"":0.95,""spatial"":0.8,""version"":""d2-confidence-v1""}"
rec-c872063c71eb2134348550b2a346b17fba66046c007801558cd9ed51af535ba9,C-328943,As,soil,total_or_near_total_<2mm,1.6,1.6,mg/kg,reported,1.6,mg/kg,,1.0,normalized = original * 1,31.3146,-87.1166,31.3146,-87.1166,EPSG:4326,,02/18/09,0.02,0.3,<2 mm,,,,,,,usgs-conus-soil,Appendix_3b_Ahorizon_18Sept2013.txt#row=15,LicenseRef-USGS-Public-Domain,government,"[""MISSING_ANALYTICAL_METHOD"",""MISSING_DIGESTION_OR_EXTRACTION"",""MISSING_COORDINATE_UNCERTAINTY""]","{""band"":""medium"",""completeness"":0.818182,""method"":0.333333,""overall"":0.749303,""qc"":0.76,""source"":0.95,""spatial"":0.8,""version"":""d2-confidence-v1""}"
rec-dd2914161ea66bfc52570508becd23cbfeee42998d3b886cd36e5ed1744e1303,C-328943,Cu,soil,total_or_near_total_<2mm,4.4,4.4,mg/kg,reported,4.4,mg/kg,,1.0,normalized = original * 1,31.3146,-87.1166,31.3146,-87.1166,EPSG:4326,,02/18/09,0.02,0.3,<2 mm,,,,,,,usgs-conus-soil,Appendix_3b_Ahorizon_18Sept2013.txt#row=15,LicenseRef-USGS-Public-Domain,government,"[""MISSING_ANALYTICAL_METHOD"",""MISSING_DIGESTION_OR_EXTRACTION"",""MISSING_COORDINATE_UNCERTAINTY""]","{""band"":""medium"",""completeness"":0.818182,""method"":0.333333,""overall"":0.749303,""qc"":0.76,""source"":0.95,""spatial"":0.8,""version"":""d2-confidence-v1""}"
rec-68e26620ff46f67a979b6a761045b0d76b7e61de6a9c30c4049c32694a6a92a9,C-328943,Ni,soil,total_or_near_total_<2mm,3.2,3.2,mg/kg,reported,3.2,mg/kg,,1.0,normalized = original * 1,31.3146,-87.1166,31.3146,-87.1166,EPSG:4326,,02/18/09,0.02,0.3,<2 mm,,,,,,,usgs-conus-soil,Appendix_3b_Ahorizon_18Sept2013.txt#row=15,LicenseRef-USGS-Public-Domain,government,"[""MISSING_ANALYTICAL_METHOD"",""MISSING_DIGESTION_OR_EXTRACTION"",""MISSING_COORDINATE_UNCERTAINTY""]","{""band"":""medium"",""completeness"":0.818182,""method"":0.333333,""overall"":0.749303,""qc"":0.76,""source"":0.95,""spatial"":0.8,""version"":""d2-confidence-v1""}"
rec-eda5071ece336ae17570b9539e025bfcf718aab3d1fe5df1c21826fd615c2c96,C-328943,Zn,soil,total_or_near_total_<2mm,15,15.0,mg/kg,reported,15.0,mg/kg,,1.0,normalized = original * 1,31.3146,-87.1166,31.3146,-87.1166,EPSG:4326,,02/18/09,0.02,0.3,<2 mm,,,,,,,usgs-conus-soil,Appendix_3b_Ahorizon_18Sept2013.txt#row=15,LicenseRef-USGS-Public-Domain,government,"[""MISSING_ANALYTICAL_METHOD"",""MISSING_DIGESTION_OR_EXTRACTION"",""MISSING_COORDINATE_UNCERTAINTY""]","{""band"":""medium"",""completeness"":0.818182,""method"":0.333333,""overall"":0.749303,""qc"":0.76,""source"":0.95,""spatial"":0.8,""version"":""d2-confidence-v1""}"
rec-22e314292d9e63f1f6aa766e628efa7201879caf2d2d4882aeb32b25e104e7ae,C-328929,As,soil,total_or_near_total_<2mm,1.5,1.5,mg/kg,reported,1.5,mg/kg,,1.0,normalized = original * 1,33.8523,-86.9041,33.8523,-86.9041,EPSG:4326,,02/26/09,0.0,0.2,<2 mm,,,,,,,usgs-conus-soil,Appendix_3b_Ahorizon_18Sept2013.txt#row=16,LicenseRef-USGS-Public-Domain,government,"[""MISSING_ANALYTICAL_METHOD"",""MISSING_DIGESTION_OR_EXTRACTION"",""MISSING_COORDINATE_UNCERTAINTY""]","{""band"":""medium"",""completeness"":0.818182,""method"":0.333333,""overall"":0.749303,""qc"":0.76,""source"":0.95,""spatial"":0.8,""version"":""d2-confidence-v1""}"
rec-eb36e6a4e3672e9d495cb86d8dbf331302f34f52553dd4243bd300c9e24b0780,C-328929,Cu,soil,total_or_near_total_<2mm,6.1,6.1,mg/kg,reported,6.1,mg/kg,,1.0,normalized = original * 1,33.8523,-86.9041,33.8523,-86.9041,EPSG:4326,,02/26/09,0.0,0.2,<2 mm,,,,,,,usgs-conus-soil,Appendix_3b_Ahorizon_18Sept2013.txt#row=16,LicenseRef-USGS-Public-Domain,government,"[""MISSING_ANALYTICAL_METHOD"",""MISSING_DIGESTION_OR_EXTRACTION"",""MISSING_COORDINATE_UNCERTAINTY""]","{""band"":""medium"",""completeness"":0.818182,""method"":0.333333,""overall"":0.749303,""qc"":0.76,""source"":0.95,""spatial"":0.8,""version"":""d2-confidence-v1""}"
rec-d5e43e3ac54375a8c6a396f2552e25b50e2ea665bc5532ea7778e36920428521,C-328929,Ni,soil,total_or_near_total_<2mm,4.6,4.6,mg/kg,reported,4.6,mg/kg,,1.0,normalized = original * 1,33.8523,-86.9041,33.8523,-86.9041,EPSG:4326,,02/26/09,0.0,0.2,<2 mm,,,,,,,usgs-conus-soil,Appendix_3b_Ahorizon_18Sept2013.txt#row=16,LicenseRef-USGS-Public-Domain,government,"[""MISSING_ANALYTICAL_METHOD"",""MISSING_DIGESTION_OR_EXTRACTION"",""MISSING_COORDINATE_UNCERTAINTY""]","{""band"":""medium"",""completeness"":0.818182,""method"":0.333333,""overall"":0.749303,""qc"":0.76,""source"":0.95,""spatial"":0.8,""version"":""d2-confidence-v1""}"
rec-f0b3d08e1686154100c92cbc00b0dc9ede8c4c98680fbae655a2ac82c3755f57,C-328929,Zn,soil,total_or_near_total_<2mm,17,17.0,mg/kg,reported,17.0,mg/kg,,1.0,normalized = original * 1,33.8523,-86.9041,33.8523,-86.9041,EPSG:4326,,02/26/09,0.0,0.2,<2 mm,,,,,,,usgs-conus-soil,Appendix_3b_Ahorizon_18Sept2013.txt#row=16,LicenseRef-USGS-Public-Domain,government,"[""MISSING_ANALYTICAL_METHOD"",""MISSING_DIGESTION_OR_EXTRACTION"",""MISSING_COORDINATE_UNCERTAINTY""]","{""band"":""medium"",""completeness"":0.818182,""method"":0.333333,""overall"":0.749303,""qc"":0.76,""source"":0.95,""spatial"":0.8,""version"":""d2-confidence-v1""}"
rec-61b6ccc5a8c292960506df44655523748a9f050bc0eff7348e7c89cdeff50578,C-328930,As,soil,total_or_near_total_<2mm,1.2,1.2,mg/kg,reported,1.2,mg/kg,,1.0,normalized = original * 1,31.2179,-85.8788,31.2179,-85.8788,EPSG:4326,,02/18/09,0.0,0.2,<2 mm,,,,,,,usgs-conus-soil,Appendix_3b_Ahorizon_18Sept2013.txt#row=17,LicenseRef-USGS-Public-Domain,government,"[""MISSING_ANALYTICAL_METHOD"",""MISSING_DIGESTION_OR_EXTRACTION"",""MISSING_COORDINATE_UNCERTAINTY""]","{""band"":""medium"",""completeness"":0.818182,""method"":0.333333,""overall"":0.749303,""qc"":0.76,""source"":0.95,""spatial"":0.8,""version"":""d2-confidence-v1""}"
rec-d607fd0a3674d15e8c69a7b949fa82782c025b9778e25d6a3b961514df9c1a33,C-328930,Cu,soil,total_or_near_total_<2mm,10.9,10.9,mg/kg,reported,10.9,mg/kg,,1.0,normalized = original * 1,31.2179,-85.8788,31.2179,-85.8788,EPSG:4326,,02/18/09,0.0,0.2,<2 mm,,,,,,,usgs-conus-soil,Appendix_3b_Ahorizon_18Sept2013.txt#row=17,LicenseRef-USGS-Public-Domain,government,"[""MISSING_ANALYTICAL_METHOD"",""MISSING_DIGESTION_OR_EXTRACTION"",""MISSING_COORDINATE_UNCERTAINTY""]","{""band"":""medium"",""completeness"":0.818182,""method"":0.333333,""overall"":0.749303,""qc"":0.76,""source"":0.95,""spatial"":0.8,""version"":""d2-confidence-v1""}"
rec-bd7aa86277373b64e38794d92a48b01bd3b41756676ec8bd71e8fe357738d50e,C-328930,Ni,soil,total_or_near_total_<2mm,4.2,4.2,mg/kg,reported,4.2,mg/kg,,1.0,normalized = original * 1,31.2179,-85.8788,31.2179,-85.8788,EPSG:4326,,02/18/09,0.0,0.2,<2 mm,,,,,,,usgs-conus-soil,Appendix_3b_Ahorizon_18Sept2013.txt#row=17,LicenseRef-USGS-Public-Domain,government,"[""MISSING_ANALYTICAL_METHOD"",""MISSING_DIGESTION_OR_EXTRACTION"",""MISSING_COORDINATE_UNCERTAINTY""]","{""band"":""medium"",""completeness"":0.818182,""method"":0.333333,""overall"":0.749303,""qc"":0.76,""source"":0.95,""spatial"":0.8,""version"":""d2-confidence-v1""}"
rec-0b21f1a65f236fdb5f327740c91151b187aede207fba5b1ddb8c4abe1a1b6371,C-328930,Zn,soil,total_or_near_total_<2mm,19,19.0,mg/kg,reported,19.0,mg/kg,,1.0,normalized = original * 1,31.2179,-85.8788,31.2179,-85.8788,EPSG:4326,,02/18/09,0.0,0.2,<2 mm,,,,,,,usgs-conus-soil,Appendix_3b_Ahorizon_18Sept2013.txt#row=17,LicenseRef-USGS-Public-Domain,government,"[""MISSING_ANALYTICAL_METHOD"",""MISSING_DIGESTION_OR_EXTRACTION"",""MISSING_COORDINATE_UNCERTAINTY""]","{""band"":""medium"",""completeness"":0.818182,""method"":0.333333,""overall"":0.749303,""qc"":0.76,""source"":0.95,""spatial"":0.8,""version"":""d2-confidence-v1""}"
rec-836565b860e13c1d5cb13d28168998bf257ed81e2d8947a4898e944c2aedd61c,C-329034,As,soil,total_or_near_total_<2mm,3.7,3.7,mg/kg,reported,3.7,mg/kg,,1.0,normalized = original * 1,33.0992,-86.9976,33.0992,-86.9976,EPSG:4326,,02/23/09,0.0,0.2,<2 mm,,,,,,,usgs-conus-soil,Appendix_3b_Ahorizon_18Sept2013.txt#row=18,LicenseRef-USGS-Public-Domain,government,"[""MISSING_ANALYTICAL_METHOD"",""MISSING_DIGESTION_OR_EXTRACTION"",""MISSING_COORDINATE_UNCERTAINTY""]","{""band"":""medium"",""completeness"":0.818182,""method"":0.333333,""overall"":0.749303,""qc"":0.76,""source"":0.95,""spatial"":0.8,""version"":""d2-confidence-v1""}"
rec-ee3a41040929277bb3b35718914f15528fc003ffdab6801abb2af8d132551fd0,C-329034,Cu,soil,total_or_near_total_<2mm,13.8,13.8,mg/kg,reported,13.8,mg/kg,,1.0,normalized = original * 1,33.0992,-86.9976,33.0992,-86.9976,EPSG:4326,,02/23/09,0.0,0.2,<2 mm,,,,,,,usgs-conus-soil,Appendix_3b_Ahorizon_18Sept2013.txt#row=18,LicenseRef-USGS-Public-Domain,government,"[""MISSING_ANALYTICAL_METHOD"",""MISSING_DIGESTION_OR_EXTRACTION"",""MISSING_COORDINATE_UNCERTAINTY""]","{""band"":""medium"",""completeness"":0.818182,""method"":0.333333,""overall"":0.749303,""qc"":0.76,""source"":0.95,""spatial"":0.8,""version"":""d2-confidence-v1""}"
rec-28df4f970c251b1837ad3ade412a14879c6b858f2ad2bb61c3c8edc016222e2c,C-329034,Ni,soil,total_or_near_total_<2mm,11.5,11.5,mg/kg,reported,11.5,mg/kg,,1.0,normalized = original * 1,33.0992,-86.9976,33.0992,-86.9976,EPSG:4326,,02/23/09,0.0,0.2,<2 mm,,,,,,,usgs-conus-soil,Appendix_3b_Ahorizon_18Sept2013.txt#row=18,LicenseRef-USGS-Public-Domain,government,"[""MISSING_ANALYTICAL_METHOD"",""MISSING_DIGESTION_OR_EXTRACTION"",""MISSING_COORDINATE_UNCERTAINTY""]","{""band"":""medium"",""completeness"":0.818182,""method"":0.333333,""overall"":0.749303,""qc"":0.76,""source"":0.95,""spatial"":0.8,""version"":""d2-confidence-v1""}"
rec-06bbab91af641771a18c926cf929e0f716ecca7e8bfb93ceab281f4f7b9d13de,C-329034,Zn,soil,total_or_near_total_<2mm,32,32.0,mg/kg,reported,32.0,mg/kg,,1.0,normalized = original * 1,33.0992,-86.9976,33.0992,-86.9976,EPSG:4326,,02/23/09,0.0,0.2,<2 mm,,,,,,,usgs-conus-soil,Appendix_3b_Ahorizon_18Sept2013.txt#row=18,LicenseRef-USGS-Public-Domain,government,"[""MISSING_ANALYTICAL_METHOD"",""MISSING_DIGESTION_OR_EXTRACTION"",""MISSING_COORDINATE_UNCERTAINTY""]","{""band"":""medium"",""completeness"":0.818182,""method"":0.333333,""overall"":0.749303,""qc"":0.76,""source"":0.95,""spatial"":0.8,""version"":""d2-confidence-v1""}"
rec-e5db2246edcbee29d1669126fb8f344e3a970302cd33236bbe12c111e4971afd,C-328965,As,soil,total_or_near_total_<2mm,4.8,4.8,mg/kg,reported,4.8,mg/kg,,1.0,normalized = original * 1,31.3146,-87.1166,31.3146,-87.1166,EPSG:4326,,02/18/09,0.5,1.0,<2 mm,,,,,,,usgs-conus-soil,Appendix_4b_Chorizon_18Sept2013.txt#row=15,LicenseRef-USGS-Public-Domain,government,"[""MISSING_ANALYTICAL_METHOD"",""MISSING_DIGESTION_OR_EXTRACTION"",""MISSING_COORDINATE_UNCERTAINTY""]","{""band"":""medium"",""completeness"":0.818182,""method"":0.333333,""overall"":0.749303,""qc"":0.76,""source"":0.95,""spatial"":0.8,""version"":""d2-confidence-v1""}"
rec-283af9aaeb4cf40d7693aeac36c87e6b2f3360758d17f938f47cdf2572f5dfe7,C-328965,Cu,soil,total_or_near_total_<2mm,12.3,12.3,mg/kg,reported,12.3,mg/kg,,1.0,normalized = original * 1,31.3146,-87.1166,31.3146,-87.1166,EPSG:4326,,02/18/09,0.5,1.0,<2 mm,,,,,,,usgs-conus-soil,Appendix_4b_Chorizon_18Sept2013.txt#row=15,LicenseRef-USGS-Public-Domain,government,"[""MISSING_ANALYTICAL_METHOD"",""MISSING_DIGESTION_OR_EXTRACTION"",""MISSING_COORDINATE_UNCERTAINTY""]","{""band"":""medium"",""completeness"":0.818182,""method"":0.333333,""overall"":0.749303,""qc"":0.76,""source"":0.95,""spatial"":0.8,""version"":""d2-confidence-v1""}"
rec-04dc4388f81258a68430b20bb9a1098514fc1bbe5135016eb7a778a4c1b68faf,C-328965,Ni,soil,total_or_near_total_<2mm,11.4,11.4,mg/kg,reported,11.4,mg/kg,,1.0,normalized = original * 1,31.3146,-87.1166,31.3146,-87.1166,EPSG:4326,,02/18/09,0.5,1.0,<2 mm,,,,,,,usgs-conus-soil,Appendix_4b_Chorizon_18Sept2013.txt#row=15,LicenseRef-USGS-Public-Domain,government,"[""MISSING_ANALYTICAL_METHOD"",""MISSING_DIGESTION_OR_EXTRACTION"",""MISSING_COORDINATE_UNCERTAINTY""]","{""band"":""medium"",""completeness"":0.818182,""method"":0.333333,""overall"":0.749303,""qc"":0.76,""source"":0.95,""spatial"":0.8,""version"":""d2-confidence-v1""}"
rec-d7985a89dac6ff1dee8ac62a978cc059062675632ad4f22a228f8b0765c6fb02,C-328965,Zn,soil,total_or_near_total_<2mm,28,28.0,mg/kg,reported,28.0,mg/kg,,1.0,normalized = original * 1,31.3146,-87.1166,31.3146,-87.1166,EPSG:4326,,02/18/09,0.5,1.0,<2 mm,,,,,,,usgs-conus-soil,Appendix_4b_Chorizon_18Sept2013.txt#row=15,LicenseRef-USGS-Public-Domain,government,"[""MISSING_ANALYTICAL_METHOD"",""MISSING_DIGESTION_OR_EXTRACTION"",""MISSING_COORDINATE_UNCERTAINTY""]","{""band"":""medium"",""completeness"":0.818182,""method"":0.333333,""overall"":0.749303,""qc"":0.76,""source"":0.95,""spatial"":0.8,""version"":""d2-confidence-v1""}"
rec-a0e1803f1731b715e0c9fbd5591e97c026c8ed4438e05e35f0acec4c159059fb,C-328951,As,soil,total_or_near_total_<2mm,3.5,3.5,mg/kg,reported,3.5,mg/kg,,1.0,normalized = original * 1,33.8523,-86.9041,33.8523,-86.9041,EPSG:4326,,02/26/09,0.6,1.0,<2 mm,,,,,,,usgs-conus-soil,Appendix_4b_Chorizon_18Sept2013.txt#row=16,LicenseRef-USGS-Public-Domain,government,"[""MISSING_ANALYTICAL_METHOD"",""MISSING_DIGESTION_OR_EXTRACTION"",""MISSING_COORDINATE_UNCERTAINTY""]","{""band"":""medium"",""completeness"":0.818182,""method"":0.333333,""overall"":0.749303,""qc"":0.76,""source"":0.95,""spatial"":0.8,""version"":""d2-confidence-v1""}"
rec-950e408f20acbec1a0b640009e5d88798877357e80ac88ab2ce893d053456ede,C-328951,Cu,soil,total_or_near_total_<2mm,9.9,9.9,mg/kg,reported,9.9,mg/kg,,1.0,normalized = original * 1,33.8523,-86.9041,33.8523,-86.9041,EPSG:4326,,02/26/09,0.6,1.0,<2 mm,,,,,,,usgs-conus-soil,Appendix_4b_Chorizon_18Sept2013.txt#row=16,LicenseRef-USGS-Public-Domain,government,"[""MISSING_ANALYTICAL_METHOD"",""MISSING_DIGESTION_OR_EXTRACTION"",""MISSING_COORDINATE_UNCERTAINTY""]","{""band"":""medium"",""completeness"":0.818182,""method"":0.333333,""overall"":0.749303,""qc"":0.76,""source"":0.95,""spatial"":0.8,""version"":""d2-confidence-v1""}"
rec-292133a4d61bd06ace6816f14d2919d5ad5e276536ee3e301ef827d088980796,C-328951,Ni,soil,total_or_near_total_<2mm,10.7,10.7,mg/kg,reported,10.7,mg/kg,,1.0,normalized = original * 1,33.8523,-86.9041,33.8523,-86.9041,EPSG:4326,,02/26/09,0.6,1.0,<2 mm,,,,,,,usgs-conus-soil,Appendix_4b_Chorizon_18Sept2013.txt#row=16,LicenseRef-USGS-Public-Domain,government,"[""MISSING_ANALYTICAL_METHOD"",""MISSING_DIGESTION_OR_EXTRACTION"",""MISSING_COORDINATE_UNCERTAINTY""]","{""band"":""medium"",""completeness"":0.818182,""method"":0.333333,""overall"":0.749303,""qc"":0.76,""source"":0.95,""spatial"":0.8,""version"":""d2-confidence-v1""}"
rec-f33b8b906858d737bbaf0819b336cc1790917fa93f874deb49928d6d8ca4f562,C-328951,Zn,soil,total_or_near_total_<2mm,28,28.0,mg/kg,reported,28.0,mg/kg,,1.0,normalized = original * 1,33.8523,-86.9041,33.8523,-86.9041,EPSG:4326,,02/26/09,0.6,1.0,<2 mm,,,,,,,usgs-conus-soil,Appendix_4b_Chorizon_18Sept2013.txt#row=16,LicenseRef-USGS-Public-Domain,government,"[""MISSING_ANALYTICAL_METHOD"",""MISSING_DIGESTION_OR_EXTRACTION"",""MISSING_COORDINATE_UNCERTAINTY""]","{""band"":""medium"",""completeness"":0.818182,""method"":0.333333,""overall"":0.749303,""qc"":0.76,""source"":0.95,""spatial"":0.8,""version"":""d2-confidence-v1""}"
rec-1e13b25117424d0fbc405e0776b3719e217673ffe04d98cdff8e65c13eb2d363,C-328952,As,soil,total_or_near_total_<2mm,6.1,6.1,mg/kg,reported,6.1,mg/kg,,1.0,normalized = original * 1,31.2179,-85.8788,31.2179,-85.8788,EPSG:4326,,02/18/09,0.3,1.0,<2 mm,,,,,,,usgs-conus-soil,Appendix_4b_Chorizon_18Sept2013.txt#row=17,LicenseRef-USGS-Public-Domain,government,"[""MISSING_ANALYTICAL_METHOD"",""MISSING_DIGESTION_OR_EXTRACTION"",""MISSING_COORDINATE_UNCERTAINTY""]","{""band"":""medium"",""completeness"":0.818182,""method"":0.333333,""overall"":0.749303,""qc"":0.76,""source"":0.95,""spatial"":0.8,""version"":""d2-confidence-v1""}"
rec-b5b0e0b88e77b651097a11e83288f9a942222107a48dfd26d363fbb1fbdfdfbb,C-328952,Cu,soil,total_or_near_total_<2mm,12.7,12.7,mg/kg,reported,12.7,mg/kg,,1.0,normalized = original * 1,31.2179,-85.8788,31.2179,-85.8788,EPSG:4326,,02/18/09,0.3,1.0,<2 mm,,,,,,,usgs-conus-soil,Appendix_4b_Chorizon_18Sept2013.txt#row=17,LicenseRef-USGS-Public-Domain,government,"[""MISSING_ANALYTICAL_METHOD"",""MISSING_DIGESTION_OR_EXTRACTION"",""MISSING_COORDINATE_UNCERTAINTY""]","{""band"":""medium"",""completeness"":0.818182,""method"":0.333333,""overall"":0.749303,""qc"":0.76,""source"":0.95,""spatial"":0.8,""version"":""d2-confidence-v1""}"
rec-0bfbc38e0a9e31559df782425c6fe7d562c91649c93a5ee9978b17694d3d58b5,C-328952,Ni,soil,total_or_near_total_<2mm,16.7,16.7,mg/kg,reported,16.7,mg/kg,,1.0,normalized = original * 1,31.2179,-85.8788,31.2179,-85.8788,EPSG:4326,,02/18/09,0.3,1.0,<2 mm,,,,,,,usgs-conus-soil,Appendix_4b_Chorizon_18Sept2013.txt#row=17,LicenseRef-USGS-Public-Domain,government,"[""MISSING_ANALYTICAL_METHOD"",""MISSING_DIGESTION_OR_EXTRACTION"",""MISSING_COORDINATE_UNCERTAINTY""]","{""band"":""medium"",""completeness"":0.818182,""method"":0.333333,""overall"":0.749303,""qc"":0.76,""source"":0.95,""spatial"":0.8,""version"":""d2-confidence-v1""}"
rec-a2e8088b3773ea2f002209a533416b81feca30d5e725dfeb1b241732db6374b7,C-328952,Zn,soil,total_or_near_total_<2mm,21,21.0,mg/kg,reported,21.0,mg/kg,,1.0,normalized = original * 1,31.2179,-85.8788,31.2179,-85.8788,EPSG:4326,,02/18/09,0.3,1.0,<2 mm,,,,,,,usgs-conus-soil,Appendix_4b_Chorizon_18Sept2013.txt#row=17,LicenseRef-USGS-Public-Domain,government,"[""MISSING_ANALYTICAL_METHOD"",""MISSING_DIGESTION_OR_EXTRACTION"",""MISSING_COORDINATE_UNCERTAINTY""]","{""band"":""medium"",""completeness"":0.818182,""method"":0.333333,""overall"":0.749303,""qc"":0.76,""source"":0.95,""spatial"":0.8,""version"":""d2-confidence-v1""}"
rec-c09929fbff872f767bbc1bc8442b340f312cd527766912e37370e0d1fb1bbaa2,C-328842,As,soil,total_or_near_total_<2mm,2.7,2.7,mg/kg,reported,2.7,mg/kg,,1.0,normalized = original * 1,33.0992,-86.9976,33.0992,-86.9976,EPSG:4326,,02/23/09,0.6,1.0,<2 mm,,,,,,,usgs-conus-soil,Appendix_4b_Chorizon_18Sept2013.txt#row=18,LicenseRef-USGS-Public-Domain,government,"[""MISSING_ANALYTICAL_METHOD"",""MISSING_DIGESTION_OR_EXTRACTION"",""MISSING_COORDINATE_UNCERTAINTY""]","{""band"":""medium"",""completeness"":0.818182,""method"":0.333333,""overall"":0.749303,""qc"":0.76,""source"":0.95,""spatial"":0.8,""version"":""d2-confidence-v1""}"
rec-b8d97efb876ad5b77ddb68d08f291c4d5dd31061f78a13432ab9cc8d4009366b,C-328842,Cu,soil,total_or_near_total_<2mm,11.6,11.6,mg/kg,reported,11.6,mg/kg,,1.0,normalized = original * 1,33.0992,-86.9976,33.0992,-86.9976,EPSG:4326,,02/23/09,0.6,1.0,<2 mm,,,,,,,usgs-conus-soil,Appendix_4b_Chorizon_18Sept2013.txt#row=18,LicenseRef-USGS-Public-Domain,government,"[""MISSING_ANALYTICAL_METHOD"",""MISSING_DIGESTION_OR_EXTRACTION"",""MISSING_COORDINATE_UNCERTAINTY""]","{""band"":""medium"",""completeness"":0.818182,""method"":0.333333,""overall"":0.749303,""qc"":0.76,""source"":0.95,""spatial"":0.8,""version"":""d2-confidence-v1""}"
rec-a984ce0272b0301771a0392b973c736a2a067c17b269f9041da55d462ce71b56,C-328842,Ni,soil,total_or_near_total_<2mm,14.8,14.8,mg/kg,reported,14.8,mg/kg,,1.0,normalized = original * 1,33.0992,-86.9976,33.0992,-86.9976,EPSG:4326,,02/23/09,0.6,1.0,<2 mm,,,,,,,usgs-conus-soil,Appendix_4b_Chorizon_18Sept2013.txt#row=18,LicenseRef-USGS-Public-Domain,government,"[""MISSING_ANALYTICAL_METHOD"",""MISSING_DIGESTION_OR_EXTRACTION"",""MISSING_COORDINATE_UNCERTAINTY""]","{""band"":""medium"",""completeness"":0.818182,""method"":0.333333,""overall"":0.749303,""qc"":0.76,""source"":0.95,""spatial"":0.8,""version"":""d2-confidence-v1""}"
rec-d37dbc703c5ac1040d90764dceb8bf01becbb77d70a55c906b092a84085f4c6e,C-328842,Zn,soil,total_or_near_total_<2mm,43,43.0,mg/kg,reported,43.0,mg/kg,,1.0,normalized = original * 1,33.0992,-86.9976,33.0992,-86.9976,EPSG:4326,,02/23/09,0.6,1.0,<2 mm,,,,,,,usgs-conus-soil,Appendix_4b_Chorizon_18Sept2013.txt#row=18,LicenseRef-USGS-Public-Domain,government,"[""MISSING_ANALYTICAL_METHOD"",""MISSING_DIGESTION_OR_EXTRACTION"",""MISSING_COORDINATE_UNCERTAINTY""]","{""band"":""medium"",""completeness"":0.818182,""method"":0.333333,""overall"":0.749303,""qc"":0.76,""source"":0.95,""spatial"":0.8,""version"":""d2-confidence-v1""}"
rec-f4b08381d3f51d97a8895869f6ef0a2365c6a5b5719e421c1d8da91e197ac8e3,R1461MC51A_00-01 cm,As,sediment,dry_weight_partial_nitric_acid,21.7,21.7,mg/kg,reported,21.7,mg/kg,,1.0,normalized = original * 1,73.353977,33.527978,73.353977,33.527978,EPSG:4326,,2015,0.0,0.01,,,Inductively coupled plasma atomic emission spectroscopy (ICP-OES),Metoden anvendes på analyseløsninger fremstilt ved ekstraksjon med 7 M HNO3 i autoklav i samsvar med Norsk Standard - NS 4770,NGU-Laboratory,2.0,mg/kg,norway-marchem,MarChem_Inorganic_Data_20260805T102709Z.csv#row=2,CC-BY-4.0,government,"[""MISSING_COORDINATE_UNCERTAINTY""]","{""band"":""high"",""completeness"":1.0,""method"":1.0,""overall"":0.943,""qc"":0.92,""source"":0.95,""spatial"":0.8,""version"":""d2-confidence-v1""}"
rec-dccd06f7d486eba6b41c69502ada001d0499bc684f1c0d598f00630c2d521a86,R1461MC51A_00-01 cm,Cu,sediment,dry_weight_partial_nitric_acid,15.2,15.2,mg/kg,reported,15.2,mg/kg,,1.0,normalized = original * 1,73.353977,33.527978,73.353977,33.527978,EPSG:4326,,2015,0.0,0.01,,,Inductively coupled plasma atomic emission spectroscopy (ICP-OES),Metoden anvendes på analyseløsninger fremstilt ved ekstraksjon med 7 M HNO3 i autoklav i samsvar med Norsk Standard - NS 4770,NGU-Laboratory,1.0,mg/kg,norway-marchem,MarChem_Inorganic_Data_20260805T102709Z.csv#row=2,CC-BY-4.0,government,"[""MISSING_COORDINATE_UNCERTAINTY""]","{""band"":""high"",""completeness"":1.0,""method"":1.0,""overall"":0.943,""qc"":0.92,""source"":0.95,""spatial"":0.8,""version"":""d2-confidence-v1""}"
rec-ac08ce0a086f1b60a4689e5506710012c78cbf44961fd2a537db4681d44f483f,R1461MC51A_00-01 cm,Ni,sediment,dry_weight_partial_nitric_acid,27.4,27.4,mg/kg,reported,27.4,mg/kg,,1.0,normalized = original * 1,73.353977,33.527978,73.353977,33.527978,EPSG:4326,,2015,0.0,0.01,,,Inductively coupled plasma atomic emission spectroscopy (ICP-OES),Metoden anvendes på analyseløsninger fremstilt ved ekstraksjon med 7 M HNO3 i autoklav i samsvar med Norsk Standard - NS 4770,NGU-Laboratory,1.0,mg/kg,norway-marchem,MarChem_Inorganic_Data_20260805T102709Z.csv#row=2,CC-BY-4.0,government,"[""MISSING_COORDINATE_UNCERTAINTY""]","{""band"":""high"",""completeness"":1.0,""method"":1.0,""overall"":0.943,""qc"":0.92,""source"":0.95,""spatial"":0.8,""version"":""d2-confidence-v1""}"
rec-12932de3f77a052987367261a3292d8a1c279e68e3dbdb866027c04b0bc26833,R1461MC51A_00-01 cm,Zn,sediment,dry_weight_partial_nitric_acid,70.4,70.4,mg/kg,reported,70.4,mg/kg,,1.0,normalized = original * 1,73.353977,33.527978,73.353977,33.527978,EPSG:4326,,2015,0.0,0.01,,,Inductively coupled plasma atomic emission spectroscopy (ICP-OES),Metoden anvendes på analyseløsninger fremstilt ved ekstraksjon med 7 M HNO3 i autoklav i samsvar med Norsk Standard - NS 4770,NGU-Laboratory,2.0,mg/kg,norway-marchem,MarChem_Inorganic_Data_20260805T102709Z.csv#row=2,CC-BY-4.0,government,"[""MISSING_COORDINATE_UNCERTAINTY""]","{""band"":""high"",""completeness"":1.0,""method"":1.0,""overall"":0.943,""qc"":0.92,""source"":0.95,""spatial"":0.8,""version"":""d2-confidence-v1""}"
rec-24630263c56fcc49a74fe91dad1bb3b2875a00dae4124f202b83cf84880512f7,R1474BC97A_11-12 cm,As,sediment,dry_weight_partial_nitric_acid,7.1,7.1,mg/kg,reported,7.1,mg/kg,,1.0,normalized = original * 1,73.046997,35.747727,73.046997,35.747727,EPSG:4326,,2015,0.11,0.12,,,Inductively coupled plasma atomic emission spectroscopy (ICP-OES),Metoden anvendes på analyseløsninger fremstilt ved ekstraksjon med 7 M HNO3 i autoklav i samsvar med Norsk Standard - NS 4770,NGU-Laboratory,2.0,mg/kg,norway-marchem,MarChem_Inorganic_Data_20260805T102709Z.csv#row=39,CC-BY-4.0,government,"[""MISSING_COORDINATE_UNCERTAINTY""]","{""band"":""high"",""completeness"":1.0,""method"":1.0,""overall"":0.943,""qc"":0.92,""source"":0.95,""spatial"":0.8,""version"":""d2-confidence-v1""}"
rec-8ab6e8acd7570499b09ac4a8166cd63aaa3c651bb4c8085ebbb5f9dd4c9ba578,R1474BC97A_11-12 cm,Cu,sediment,dry_weight_partial_nitric_acid,15.4,15.4,mg/kg,reported,15.4,mg/kg,,1.0,normalized = original * 1,73.046997,35.747727,73.046997,35.747727,EPSG:4326,,2015,0.11,0.12,,,Inductively coupled plasma atomic emission spectroscopy (ICP-OES),Metoden anvendes på analyseløsninger fremstilt ved ekstraksjon med 7 M HNO3 i autoklav i samsvar med Norsk Standard - NS 4770,NGU-Laboratory,1.0,mg/kg,norway-marchem,MarChem_Inorganic_Data_20260805T102709Z.csv#row=39,CC-BY-4.0,government,"[""MISSING_COORDINATE_UNCERTAINTY""]","{""band"":""high"",""completeness"":1.0,""method"":1.0,""overall"":0.943,""qc"":0.92,""source"":0.95,""spatial"":0.8,""version"":""d2-confidence-v1""}"
rec-0058596898e83bbcfea8b81ff7f6d8f7d08cfbd70b54b1477e44150b6df5c083,R1474BC97A_11-12 cm,Ni,sediment,dry_weight_partial_nitric_acid,29.3,29.3,mg/kg,reported,29.3,mg/kg,,1.0,normalized = original * 1,73.046997,35.747727,73.046997,35.747727,EPSG:4326,,2015,0.11,0.12,,,Inductively coupled plasma atomic emission spectroscopy (ICP-OES),Metoden anvendes på analyseløsninger fremstilt ved ekstraksjon med 7 M HNO3 i autoklav i samsvar med Norsk Standard - NS 4770,NGU-Laboratory,1.0,mg/kg,norway-marchem,MarChem_Inorganic_Data_20260805T102709Z.csv#row=39,CC-BY-4.0,government,"[""MISSING_COORDINATE_UNCERTAINTY""]","{""band"":""high"",""completeness"":1.0,""method"":1.0,""overall"":0.943,""qc"":0.92,""source"":0.95,""spatial"":0.8,""version"":""d2-confidence-v1""}"
rec-8a9ecf5805136c5647a1bbb41b1eac36848ca6b8270b9b48dff1df5863ca452c,R1474BC97A_11-12 cm,Zn,sediment,dry_weight_partial_nitric_acid,66.3,66.3,mg/kg,reported,66.3,mg/kg,,1.0,normalized = original * 1,73.046997,35.747727,73.046997,35.747727,EPSG:4326,,2015,0.11,0.12,,,Inductively coupled plasma atomic emission spectroscopy (ICP-OES),Metoden anvendes på analyseløsninger fremstilt ved ekstraksjon med 7 M HNO3 i autoklav i samsvar med Norsk Standard - NS 4770,NGU-Laboratory,2.0,mg/kg,norway-marchem,MarChem_Inorganic_Data_20260805T102709Z.csv#row=39,CC-BY-4.0,government,"[""MISSING_COORDINATE_UNCERTAINTY""]","{""band"":""high"",""completeness"":1.0,""method"":1.0,""overall"":0.943,""qc"":0.92,""source"":0.95,""spatial"":0.8,""version"":""d2-confidence-v1""}"
rec-6faabf1fd348a7833b78585925862f6b196b28039f188e9b42f288f5ed5255ae,R1492MC56A_00-01 cm,As,sediment,dry_weight_partial_nitric_acid,29.9,29.9,mg/kg,reported,29.9,mg/kg,,1.0,normalized = original * 1,73.5998,36.5767,73.5998,36.5767,EPSG:4326,,2015,0.0,0.01,,,Inductively coupled plasma atomic emission spectroscopy (ICP-OES),Metoden anvendes på analyseløsninger fremstilt ved ekstraksjon med 7 M HNO3 i autoklav i samsvar med Norsk Standard - NS 4770,NGU-Laboratory,2.0,mg/kg,norway-marchem,MarChem_Inorganic_Data_20260805T102709Z.csv#row=76,CC-BY-4.0,government,"[""MISSING_COORDINATE_UNCERTAINTY""]","{""band"":""high"",""completeness"":1.0,""method"":1.0,""overall"":0.943,""qc"":0.92,""source"":0.95,""spatial"":0.8,""version"":""d2-confidence-v1""}"
rec-fd7f24d2b542f1b007e6b68aeb0d08e5f377717c20871dd4ad786bbb9c96fe08,R1492MC56A_00-01 cm,Cu,sediment,dry_weight_partial_nitric_acid,13.9,13.9,mg/kg,reported,13.9,mg/kg,,1.0,normalized = original * 1,73.5998,36.5767,73.5998,36.5767,EPSG:4326,,2015,0.0,0.01,,,Inductively coupled plasma atomic emission spectroscopy (ICP-OES),Metoden anvendes på analyseløsninger fremstilt ved ekstraksjon med 7 M HNO3 i autoklav i samsvar med Norsk Standard - NS 4770,NGU-Laboratory,1.0,mg/kg,norway-marchem,MarChem_Inorganic_Data_20260805T102709Z.csv#row=76,CC-BY-4.0,government,"[""MISSING_COORDINATE_UNCERTAINTY""]","{""band"":""high"",""completeness"":1.0,""method"":1.0,""overall"":0.943,""qc"":0.92,""source"":0.95,""spatial"":0.8,""version"":""d2-confidence-v1""}"
rec-fd864853c07b21c9183bd7adb21e1d96a2395627bf3b6f55390569318b0b5d17,R1492MC56A_00-01 cm,Ni,sediment,dry_weight_partial_nitric_acid,22.9,22.9,mg/kg,reported,22.9,mg/kg,,1.0,normalized = original * 1,73.5998,36.5767,73.5998,36.5767,EPSG:4326,,2015,0.0,0.01,,,Inductively coupled plasma atomic emission spectroscopy (ICP-OES),Metoden anvendes på analyseløsninger fremstilt ved ekstraksjon med 7 M HNO3 i autoklav i samsvar med Norsk Standard - NS 4770,NGU-Laboratory,1.0,mg/kg,norway-marchem,MarChem_Inorganic_Data_20260805T102709Z.csv#row=76,CC-BY-4.0,government,"[""MISSING_COORDINATE_UNCERTAINTY""]","{""band"":""high"",""completeness"":1.0,""method"":1.0,""overall"":0.943,""qc"":0.92,""source"":0.95,""spatial"":0.8,""version"":""d2-confidence-v1""}"
rec-79447b6cbf74fbc7f98f2a972fa7ef3f54c3bb208fbb57e5f1dae3cef04b210b,R1492MC56A_00-01 cm,Zn,sediment,dry_weight_partial_nitric_acid,58.8,58.8,mg/kg,reported,58.8,mg/kg,,1.0,normalized = original * 1,73.5998,36.5767,73.5998,36.5767,EPSG:4326,,2015,0.0,0.01,,,Inductively coupled plasma atomic emission spectroscopy (ICP-OES),Metoden anvendes på analyseløsninger fremstilt ved ekstraksjon med 7 M HNO3 i autoklav i samsvar med Norsk Standard - NS 4770,NGU-Laboratory,2.0,mg/kg,norway-marchem,MarChem_Inorganic_Data_20260805T102709Z.csv#row=76,CC-BY-4.0,government,"[""MISSING_COORDINATE_UNCERTAINTY""]","{""band"":""high"",""completeness"":1.0,""method"":1.0,""overall"":0.943,""qc"":0.92,""source"":0.95,""spatial"":0.8,""version"":""d2-confidence-v1""}"
rec-dda0c9fcfbd38e6b027121abb980b1b279d2dd3c7d9048d92cc6adf6e8cd2965,R1509MC94A_11-12 cm,As,sediment,dry_weight_partial_nitric_acid,3.9,3.9,mg/kg,reported,3.9,mg/kg,,1.0,normalized = original * 1,65.0408,6.2500,65.0408,6.25,EPSG:4326,,2015,0.11,0.12,,,Inductively coupled plasma atomic emission spectroscopy (ICP-OES),Metoden anvendes på analyseløsninger fremstilt ved ekstraksjon med 7 M HNO3 i autoklav i samsvar med Norsk Standard - NS 4770,NGU-Laboratory,2.0,mg/kg,norway-marchem,MarChem_Inorganic_Data_20260805T102709Z.csv#row=113,CC-BY-4.0,government,"[""MISSING_COORDINATE_UNCERTAINTY""]","{""band"":""high"",""completeness"":1.0,""method"":1.0,""overall"":0.943,""qc"":0.92,""source"":0.95,""spatial"":0.8,""version"":""d2-confidence-v1""}"
rec-31c2cbe87dd5978155a033d450ad578066466b24bfb3816b15c856240d559fe9,R1509MC94A_11-12 cm,Cu,sediment,dry_weight_partial_nitric_acid,5.7,5.7,mg/kg,reported,5.7,mg/kg,,1.0,normalized = original * 1,65.0408,6.2500,65.0408,6.25,EPSG:4326,,2015,0.11,0.12,,,Inductively coupled plasma atomic emission spectroscopy (ICP-OES),Metoden anvendes på analyseløsninger fremstilt ved ekstraksjon med 7 M HNO3 i autoklav i samsvar med Norsk Standard - NS 4770,NGU-Laboratory,1.0,mg/kg,norway-marchem,MarChem_Inorganic_Data_20260805T102709Z.csv#row=113,CC-BY-4.0,government,"[""MISSING_COORDINATE_UNCERTAINTY""]","{""band"":""high"",""completeness"":1.0,""method"":1.0,""overall"":0.943,""qc"":0.92,""source"":0.95,""spatial"":0.8,""version"":""d2-confidence-v1""}"
rec-8604fc061b27ae9d25586a6bf8a5bae0774fe4e95d9cf6ccbda65626d7064b73,R1509MC94A_11-12 cm,Ni,sediment,dry_weight_partial_nitric_acid,12.2,12.2,mg/kg,reported,12.2,mg/kg,,1.0,normalized = original * 1,65.0408,6.2500,65.0408,6.25,EPSG:4326,,2015,0.11,0.12,,,Inductively coupled plasma atomic emission spectroscopy (ICP-OES),Metoden anvendes på analyseløsninger fremstilt ved ekstraksjon med 7 M HNO3 i autoklav i samsvar med Norsk Standard - NS 4770,NGU-Laboratory,1.0,mg/kg,norway-marchem,MarChem_Inorganic_Data_20260805T102709Z.csv#row=113,CC-BY-4.0,government,"[""MISSING_COORDINATE_UNCERTAINTY""]","{""band"":""high"",""completeness"":1.0,""method"":1.0,""overall"":0.943,""qc"":0.92,""source"":0.95,""spatial"":0.8,""version"":""d2-confidence-v1""}"
rec-ce3ab261803c4b8b828e0952272eb1b845f6d90a314fa9f38e6cf1f88b574e4d,R1509MC94A_11-12 cm,Zn,sediment,dry_weight_partial_nitric_acid,27.6,27.6,mg/kg,reported,27.6,mg/kg,,1.0,normalized = original * 1,65.0408,6.2500,65.0408,6.25,EPSG:4326,,2015,0.11,0.12,,,Inductively coupled plasma atomic emission spectroscopy (ICP-OES),Metoden anvendes på analyseløsninger fremstilt ved ekstraksjon med 7 M HNO3 i autoklav i samsvar med Norsk Standard - NS 4770,NGU-Laboratory,2.0,mg/kg,norway-marchem,MarChem_Inorganic_Data_20260805T102709Z.csv#row=113,CC-BY-4.0,government,"[""MISSING_COORDINATE_UNCERTAINTY""]","{""band"":""high"",""completeness"":1.0,""method"":1.0,""overall"":0.943,""qc"":0.92,""source"":0.95,""spatial"":0.8,""version"":""d2-confidence-v1""}"
rec-12ec5298282502a075366c69a0e74b5a45115b0fd4c42f8ebb246bda3fa4d82d,R1521MC96A_32-33 cm,As,sediment,dry_weight_partial_nitric_acid,3.9,3.9,mg/kg,reported,3.9,mg/kg,,1.0,normalized = original * 1,64.4898,6.1622,64.4898,6.1622,EPSG:4326,,2015,0.32,0.33,,,Inductively coupled plasma atomic emission spectroscopy (ICP-OES),Metoden anvendes på analyseløsninger fremstilt ved ekstraksjon med 7 M HNO3 i autoklav i samsvar med Norsk Standard - NS 4770,NGU-Laboratory,2.0,mg/kg,norway-marchem,MarChem_Inorganic_Data_20260805T102709Z.csv#row=149,CC-BY-4.0,government,"[""MISSING_COORDINATE_UNCERTAINTY""]","{""band"":""high"",""completeness"":1.0,""method"":1.0,""overall"":0.943,""qc"":0.92,""source"":0.95,""spatial"":0.8,""version"":""d2-confidence-v1""}"
rec-4d1f81d9955060f051ba0f482d71bbc6efa02c950dee8423e7a6b24315e0ee81,R1521MC96A_32-33 cm,Cu,sediment,dry_weight_partial_nitric_acid,4.9,4.9,mg/kg,reported,4.9,mg/kg,,1.0,normalized = original * 1,64.4898,6.1622,64.4898,6.1622,EPSG:4326,,2015,0.32,0.33,,,Inductively coupled plasma atomic emission spectroscopy (ICP-OES),Metoden anvendes på analyseløsninger fremstilt ved ekstraksjon med 7 M HNO3 i autoklav i samsvar med Norsk Standard - NS 4770,NGU-Laboratory,1.0,mg/kg,norway-marchem,MarChem_Inorganic_Data_20260805T102709Z.csv#row=149,CC-BY-4.0,government,"[""MISSING_COORDINATE_UNCERTAINTY""]","{""band"":""high"",""completeness"":1.0,""method"":1.0,""overall"":0.943,""qc"":0.92,""source"":0.95,""spatial"":0.8,""version"":""d2-confidence-v1""}"
rec-9438a9df8d2ddde5ee72dc082c5ae2fc8980a6267c757683a472878d8b77eb5d,R1521MC96A_32-33 cm,Ni,sediment,dry_weight_partial_nitric_acid,11.4,11.4,mg/kg,reported,11.4,mg/kg,,1.0,normalized = original * 1,64.4898,6.1622,64.4898,6.1622,EPSG:4326,,2015,0.32,0.33,,,Inductively coupled plasma atomic emission spectroscopy (ICP-OES),Metoden anvendes på analyseløsninger fremstilt ved ekstraksjon med 7 M HNO3 i autoklav i samsvar med Norsk Standard - NS 4770,NGU-Laboratory,1.0,mg/kg,norway-marchem,MarChem_Inorganic_Data_20260805T102709Z.csv#row=149,CC-BY-4.0,government,"[""MISSING_COORDINATE_UNCERTAINTY""]","{""band"":""high"",""completeness"":1.0,""method"":1.0,""overall"":0.943,""qc"":0.92,""source"":0.95,""spatial"":0.8,""version"":""d2-confidence-v1""}"
rec-b227c47c3bfc7de8d7e86bc95d9b372c575456a4d5eb75eeb4b77272dca8874a,R1521MC96A_32-33 cm,Zn,sediment,dry_weight_partial_nitric_acid,26.3,26.3,mg/kg,reported,26.3,mg/kg,,1.0,normalized = original * 1,64.4898,6.1622,64.4898,6.1622,EPSG:4326,,2015,0.32,0.33,,,Inductively coupled plasma atomic emission spectroscopy (ICP-OES),Metoden anvendes på analyseløsninger fremstilt ved ekstraksjon med 7 M HNO3 i autoklav i samsvar med Norsk Standard - NS 4770,NGU-Laboratory,2.0,mg/kg,norway-marchem,MarChem_Inorganic_Data_20260805T102709Z.csv#row=149,CC-BY-4.0,government,"[""MISSING_COORDINATE_UNCERTAINTY""]","{""band"":""high"",""completeness"":1.0,""method"":1.0,""overall"":0.943,""qc"":0.92,""source"":0.95,""spatial"":0.8,""version"":""d2-confidence-v1""}"
rec-284507efab50ef52b25dc2abda346f39ed4949cf7d96dbcc3426e9bd4d553052,R1582BC07A_00-01 cm,As,sediment,dry_weight_partial_nitric_acid,49.7,49.7,mg/kg,reported,49.7,mg/kg,,1.0,normalized = original * 1,78.2520,28.5465,78.252,28.5465,EPSG:4326,,2016,0.0,0.01,,,Inductively coupled plasma atomic emission spectroscopy (ICP-OES),Metoden anvendes på analyseløsninger fremstilt ved ekstraksjon med 7 M HNO3 i autoklav i samsvar med Norsk Standard - NS 4770,NGU-Laboratory,2.0,mg/kg,norway-marchem,MarChem_Inorganic_Data_20260805T102709Z.csv#row=213,CC-BY-4.0,government,"[""MISSING_COORDINATE_UNCERTAINTY""]","{""band"":""high"",""completeness"":1.0,""method"":1.0,""overall"":0.943,""qc"":0.92,""source"":0.95,""spatial"":0.8,""version"":""d2-confidence-v1""}"
rec-138eebb1d482e8322dac1042db9a0801293446a0dce64f94e9e981ebb7c6b24a,R1582BC07A_00-01 cm,Cu,sediment,dry_weight_partial_nitric_acid,19.5,19.5,mg/kg,reported,19.5,mg/kg,,1.0,normalized = original * 1,78.2520,28.5465,78.252,28.5465,EPSG:4326,,2016,0.0,0.01,,,Inductively coupled plasma atomic emission spectroscopy (ICP-OES),Metoden anvendes på analyseløsninger fremstilt ved ekstraksjon med 7 M HNO3 i autoklav i samsvar med Norsk Standard - NS 4770,NGU-Laboratory,1.0,mg/kg,norway-marchem,MarChem_Inorganic_Data_20260805T102709Z.csv#row=213,CC-BY-4.0,government,"[""MISSING_COORDINATE_UNCERTAINTY""]","{""band"":""high"",""completeness"":1.0,""method"":1.0,""overall"":0.943,""qc"":0.92,""source"":0.95,""spatial"":0.8,""version"":""d2-confidence-v1""}"
rec-3d914598b94d37829a57498b3e37d4a950cb595f8c4335a12ead3c76ecb8af53,R1582BC07A_00-01 cm,Ni,sediment,dry_weight_partial_nitric_acid,49.5,49.5,mg/kg,reported,49.5,mg/kg,,1.0,normalized = original * 1,78.2520,28.5465,78.252,28.5465,EPSG:4326,,2016,0.0,0.01,,,Inductively coupled plasma atomic emission spectroscopy (ICP-OES),Metoden anvendes på analyseløsninger fremstilt ved ekstraksjon med 7 M HNO3 i autoklav i samsvar med Norsk Standard - NS 4770,NGU-Laboratory,1.0,mg/kg,norway-marchem,MarChem_Inorganic_Data_20260805T102709Z.csv#row=213,CC-BY-4.0,government,"[""MISSING_COORDINATE_UNCERTAINTY""]","{""band"":""high"",""completeness"":1.0,""method"":1.0,""overall"":0.943,""qc"":0.92,""source"":0.95,""spatial"":0.8,""version"":""d2-confidence-v1""}"
rec-f6a57f54b69f9da36c8a87e2a3afc2e276a8b346674658d5afcf67830823fedf,R1582BC07A_00-01 cm,Zn,sediment,dry_weight_partial_nitric_acid,103.0,103.0,mg/kg,reported,103.0,mg/kg,,1.0,normalized = original * 1,78.2520,28.5465,78.252,28.5465,EPSG:4326,,2016,0.0,0.01,,,Inductively coupled plasma atomic emission spectroscopy (ICP-OES),Metoden anvendes på analyseløsninger fremstilt ved ekstraksjon med 7 M HNO3 i autoklav i samsvar med Norsk Standard - NS 4770,NGU-Laboratory,2.0,mg/kg,norway-marchem,MarChem_Inorganic_Data_20260805T102709Z.csv#row=213,CC-BY-4.0,government,"[""MISSING_COORDINATE_UNCERTAINTY""]","{""band"":""high"",""completeness"":1.0,""method"":1.0,""overall"":0.943,""qc"":0.92,""source"":0.95,""spatial"":0.8,""version"":""d2-confidence-v1""}"
rec-f1b4d26a02d06b251a2a2c70513e9db8402966997da5258787b40da0efba2cd7,R1627BC12A_04-05 cm,As,sediment,dry_weight_partial_nitric_acid,11.0,11.0,mg/kg,reported,11.0,mg/kg,,1.0,normalized = original * 1,76.0320,26.6947,76.032,26.6947,EPSG:4326,,2016,0.04,0.05,,,Inductively coupled plasma atomic emission spectroscopy (ICP-OES),Metoden anvendes på analyseløsninger fremstilt ved ekstraksjon med 7 M HNO3 i autoklav i samsvar med Norsk Standard - NS 4770,NGU-Laboratory,2.0,mg/kg,norway-marchem,MarChem_Inorganic_Data_20260805T102709Z.csv#row=269,CC-BY-4.0,government,"[""MISSING_COORDINATE_UNCERTAINTY""]","{""band"":""high"",""completeness"":1.0,""method"":1.0,""overall"":0.943,""qc"":0.92,""source"":0.95,""spatial"":0.8,""version"":""d2-confidence-v1""}"
rec-60a425d5937b4c7e17289de8e76e2866bb0aaa1ee0dc234b2a0d85b1b566f3f8,R1627BC12A_04-05 cm,Cu,sediment,dry_weight_partial_nitric_acid,16.8,16.8,mg/kg,reported,16.8,mg/kg,,1.0,normalized = original * 1,76.0320,26.6947,76.032,26.6947,EPSG:4326,,2016,0.04,0.05,,,Inductively coupled plasma atomic emission spectroscopy (ICP-OES),Metoden anvendes på analyseløsninger fremstilt ved ekstraksjon med 7 M HNO3 i autoklav i samsvar med Norsk Standard - NS 4770,NGU-Laboratory,1.0,mg/kg,norway-marchem,MarChem_Inorganic_Data_20260805T102709Z.csv#row=269,CC-BY-4.0,government,"[""MISSING_COORDINATE_UNCERTAINTY""]","{""band"":""high"",""completeness"":1.0,""method"":1.0,""overall"":0.943,""qc"":0.92,""source"":0.95,""spatial"":0.8,""version"":""d2-confidence-v1""}"
rec-837e722976dad90e1d74ae107f7a16b7488fa2d1fec0456499a04841875f6da8,R1627BC12A_04-05 cm,Ni,sediment,dry_weight_partial_nitric_acid,34.7,34.7,mg/kg,reported,34.7,mg/kg,,1.0,normalized = original * 1,76.0320,26.6947,76.032,26.6947,EPSG:4326,,2016,0.04,0.05,,,Inductively coupled plasma atomic emission spectroscopy (ICP-OES),Metoden anvendes på analyseløsninger fremstilt ved ekstraksjon med 7 M HNO3 i autoklav i samsvar med Norsk Standard - NS 4770,NGU-Laboratory,1.0,mg/kg,norway-marchem,MarChem_Inorganic_Data_20260805T102709Z.csv#row=269,CC-BY-4.0,government,"[""MISSING_COORDINATE_UNCERTAINTY""]","{""band"":""high"",""completeness"":1.0,""method"":1.0,""overall"":0.943,""qc"":0.92,""source"":0.95,""spatial"":0.8,""version"":""d2-confidence-v1""}"
rec-aa97b95e2ddbd836a7dee7af792dbf6f8a8554e2062cf4834b6e17eb083d270b,R1627BC12A_04-05 cm,Zn,sediment,dry_weight_partial_nitric_acid,82.5,82.5,mg/kg,reported,82.5,mg/kg,,1.0,normalized = original * 1,76.0320,26.6947,76.032,26.6947,EPSG:4326,,2016,0.04,0.05,,,Inductively coupled plasma atomic emission spectroscopy (ICP-OES),Metoden anvendes på analyseløsninger fremstilt ved ekstraksjon med 7 M HNO3 i autoklav i samsvar med Norsk Standard - NS 4770,NGU-Laboratory,2.0,mg/kg,norway-marchem,MarChem_Inorganic_Data_20260805T102709Z.csv#row=269,CC-BY-4.0,government,"[""MISSING_COORDINATE_UNCERTAINTY""]","{""band"":""high"",""completeness"":1.0,""method"":1.0,""overall"":0.943,""qc"":0.92,""source"":0.95,""spatial"":0.8,""version"":""d2-confidence-v1""}"
rec-cfb134fd119ef8675c78c2424e4dee618b3fc8dd7d55ca74cc06e6502de9248c,R1676MC01A_00-01 cm,As,sediment,dry_weight_partial_nitric_acid,26.0,26.0,mg/kg,reported,26.0,mg/kg,,1.0,normalized = original * 1,76.1165,17.7675,76.1165,17.7675,EPSG:4326,,2017,0.0,0.01,,,Inductively coupled plasma atomic emission spectroscopy (ICP-OES),Metoden anvendes på analyseløsninger fremstilt ved ekstraksjon med 7 M HNO3 i autoklav i samsvar med Norsk Standard - NS 4770,NGU-Laboratory,2.0,mg/kg,norway-marchem,MarChem_Inorganic_Data_20260805T102709Z.csv#row=399,CC-BY-4.0,government,"[""MISSING_COORDINATE_UNCERTAINTY""]","{""band"":""high"",""completeness"":1.0,""method"":1.0,""overall"":0.943,""qc"":0.92,""source"":0.95,""spatial"":0.8,""version"":""d2-confidence-v1""}"
rec-11b12e69c2e88774b321a1d99e0a0f02f3194a9b04c155fe06bea5123315efc3,R1676MC01A_00-01 cm,Cu,sediment,dry_weight_partial_nitric_acid,13.4,13.4,mg/kg,reported,13.4,mg/kg,,1.0,normalized = original * 1,76.1165,17.7675,76.1165,17.7675,EPSG:4326,,2017,0.0,0.01,,,Inductively coupled plasma atomic emission spectroscopy (ICP-OES),Metoden anvendes på analyseløsninger fremstilt ved ekstraksjon med 7 M HNO3 i autoklav i samsvar med Norsk Standard - NS 4770,NGU-Laboratory,1.0,mg/kg,norway-marchem,MarChem_Inorganic_Data_20260805T102709Z.csv#row=399,CC-BY-4.0,government,"[""MISSING_COORDINATE_UNCERTAINTY""]","{""band"":""high"",""completeness"":1.0,""method"":1.0,""overall"":0.943,""qc"":0.92,""source"":0.95,""spatial"":0.8,""version"":""d2-confidence-v1""}"
rec-e66ecbe9e857e8deec9214bd4ab90d5937407f6cb43be4a99365698a923a75bd,R1676MC01A_00-01 cm,Ni,sediment,dry_weight_partial_nitric_acid,25.2,25.2,mg/kg,reported,25.2,mg/kg,,1.0,normalized = original * 1,76.1165,17.7675,76.1165,17.7675,EPSG:4326,,2017,0.0,0.01,,,Inductively coupled plasma atomic emission spectroscopy (ICP-OES),Metoden anvendes på analyseløsninger fremstilt ved ekstraksjon med 7 M HNO3 i autoklav i samsvar med Norsk Standard - NS 4770,NGU-Laboratory,1.0,mg/kg,norway-marchem,MarChem_Inorganic_Data_20260805T102709Z.csv#row=399,CC-BY-4.0,government,"[""MISSING_COORDINATE_UNCERTAINTY""]","{""band"":""high"",""completeness"":1.0,""method"":1.0,""overall"":0.943,""qc"":0.92,""source"":0.95,""spatial"":0.8,""version"":""d2-confidence-v1""}"
rec-eef577ca4614d33965ef79a1077c9e108994e5ec28020c96c7a38decb8da3ad0,R1676MC01A_00-01 cm,Zn,sediment,dry_weight_partial_nitric_acid,62.3,62.3,mg/kg,reported,62.3,mg/kg,,1.0,normalized = original * 1,76.1165,17.7675,76.1165,17.7675,EPSG:4326,,2017,0.0,0.01,,,Inductively coupled plasma atomic emission spectroscopy (ICP-OES),Metoden anvendes på analyseløsninger fremstilt ved ekstraksjon med 7 M HNO3 i autoklav i samsvar med Norsk Standard - NS 4770,NGU-Laboratory,2.0,mg/kg,norway-marchem,MarChem_Inorganic_Data_20260805T102709Z.csv#row=399,CC-BY-4.0,government,"[""MISSING_COORDINATE_UNCERTAINTY""]","{""band"":""high"",""completeness"":1.0,""method"":1.0,""overall"":0.943,""qc"":0.92,""source"":0.95,""spatial"":0.8,""version"":""d2-confidence-v1""}"
rec-f0b7b6a7ddce9f7afebc46c98aa965d125b43d61aa074d3ce7cf2f03023b296f,R1676MC01A_16-17 cm,As,sediment,dry_weight_partial_nitric_acid,9.1,9.1,mg/kg,reported,9.1,mg/kg,,1.0,normalized = original * 1,76.1165,17.7675,76.1165,17.7675,EPSG:4326,,2017,0.16,0.17,,,Inductively coupled plasma atomic emission spectroscopy (ICP-OES),Metoden anvendes på analyseløsninger fremstilt ved ekstraksjon med 7 M HNO3 i autoklav i samsvar med Norsk Standard - NS 4770,NGU-Laboratory,2.0,mg/kg,norway-marchem,MarChem_Inorganic_Data_20260805T102709Z.csv#row=429,CC-BY-4.0,government,"[""MISSING_COORDINATE_UNCERTAINTY""]","{""band"":""high"",""completeness"":1.0,""method"":1.0,""overall"":0.943,""qc"":0.92,""source"":0.95,""spatial"":0.8,""version"":""d2-confidence-v1""}"
rec-6ab236df71eae9eeb4d4cef3e2fd83f8c17c5e78bb6f10154d12b4fdf968c541,R1676MC01A_16-17 cm,Cu,sediment,dry_weight_partial_nitric_acid,47.9,47.9,mg/kg,reported,47.9,mg/kg,,1.0,normalized = original * 1,76.1165,17.7675,76.1165,17.7675,EPSG:4326,,2017,0.16,0.17,,,Inductively coupled plasma atomic emission spectroscopy (ICP-OES),Metoden anvendes på analyseløsninger fremstilt ved ekstraksjon med 7 M HNO3 i autoklav i samsvar med Norsk Standard - NS 4770,NGU-Laboratory,1.0,mg/kg,norway-marchem,MarChem_Inorganic_Data_20260805T102709Z.csv#row=429,CC-BY-4.0,government,"[""MISSING_COORDINATE_UNCERTAINTY""]","{""band"":""high"",""completeness"":1.0,""method"":1.0,""overall"":0.943,""qc"":0.92,""source"":0.95,""spatial"":0.8,""version"":""d2-confidence-v1""}"
rec-944ff00b2b643f2ba908cdc9e79f5ddd071727279e4f6668e47ea5424ad754e2,R1676MC01A_16-17 cm,Ni,sediment,dry_weight_partial_nitric_acid,29.7,29.7,mg/kg,reported,29.7,mg/kg,,1.0,normalized = original * 1,76.1165,17.7675,76.1165,17.7675,EPSG:4326,,2017,0.16,0.17,,,Inductively coupled plasma atomic emission spectroscopy (ICP-OES),Metoden anvendes på analyseløsninger fremstilt ved ekstraksjon med 7 M HNO3 i autoklav i samsvar med Norsk Standard - NS 4770,NGU-Laboratory,1.0,mg/kg,norway-marchem,MarChem_Inorganic_Data_20260805T102709Z.csv#row=429,CC-BY-4.0,government,"[""MISSING_COORDINATE_UNCERTAINTY""]","{""band"":""high"",""completeness"":1.0,""method"":1.0,""overall"":0.943,""qc"":0.92,""source"":0.95,""spatial"":0.8,""version"":""d2-confidence-v1""}"
rec-b00f70f00a0fd51466a5f01e056e3c4ef1c70318e1ce0167d6509391bbf6a5e9,R1676MC01A_16-17 cm,Zn,sediment,dry_weight_partial_nitric_acid,86.0,86.0,mg/kg,reported,86.0,mg/kg,,1.0,normalized = original * 1,76.1165,17.7675,76.1165,17.7675,EPSG:4326,,2017,0.16,0.17,,,Inductively coupled plasma atomic emission spectroscopy (ICP-OES),Metoden anvendes på analyseløsninger fremstilt ved ekstraksjon med 7 M HNO3 i autoklav i samsvar med Norsk Standard - NS 4770,NGU-Laboratory,2.0,mg/kg,norway-marchem,MarChem_Inorganic_Data_20260805T102709Z.csv#row=429,CC-BY-4.0,government,"[""MISSING_COORDINATE_UNCERTAINTY""]","{""band"":""high"",""completeness"":1.0,""method"":1.0,""overall"":0.943,""qc"":0.92,""source"":0.95,""spatial"":0.8,""version"":""d2-confidence-v1""}"
rec-a66817d7f4581dbee7bd42532d5e4a2f6dee360b6714fc063a1ddd62f3cdc269,R1709MC04A_24-25 cm,As,sediment,dry_weight_partial_nitric_acid,9.9,9.9,mg/kg,reported,9.9,mg/kg,,1.0,normalized = original * 1,73.954937,22.993245,73.954937,22.993245,EPSG:4326,,2017,0.24,0.25,,,Inductively coupled plasma atomic emission spectroscopy (ICP-OES),Metoden anvendes på analyseløsninger fremstilt ved ekstraksjon med 7 M HNO3 i autoklav i samsvar med Norsk Standard - NS 4770,NGU-Laboratory,2.0,mg/kg,norway-marchem,MarChem_Inorganic_Data_20260805T102709Z.csv#row=537,CC-BY-4.0,government,"[""MISSING_COORDINATE_UNCERTAINTY""]","{""band"":""high"",""completeness"":1.0,""method"":1.0,""overall"":0.943,""qc"":0.92,""source"":0.95,""spatial"":0.8,""version"":""d2-confidence-v1""}"
rec-88e1caec9dbb08c4e87efe4f193aaad9e48861cbe7b7433531686ea399cf773a,R1709MC04A_24-25 cm,Cu,sediment,dry_weight_partial_nitric_acid,17.7,17.7,mg/kg,reported,17.7,mg/kg,,1.0,normalized = original * 1,73.954937,22.993245,73.954937,22.993245,EPSG:4326,,2017,0.24,0.25,,,Inductively coupled plasma atomic emission spectroscopy (ICP-OES),Metoden anvendes på analyseløsninger fremstilt ved ekstraksjon med 7 M HNO3 i autoklav i samsvar med Norsk Standard - NS 4770,NGU-Laboratory,1.0,mg/kg,norway-marchem,MarChem_Inorganic_Data_20260805T102709Z.csv#row=537,CC-BY-4.0,government,"[""MISSING_COORDINATE_UNCERTAINTY""]","{""band"":""high"",""completeness"":1.0,""method"":1.0,""overall"":0.943,""qc"":0.92,""source"":0.95,""spatial"":0.8,""version"":""d2-confidence-v1""}"
rec-ed7e15224c3b44f7da8db96115f66581c25121b148715d2492d4b38738d65ffb,R1709MC04A_24-25 cm,Ni,sediment,dry_weight_partial_nitric_acid,34.3,34.3,mg/kg,reported,34.3,mg/kg,,1.0,normalized = original * 1,73.954937,22.993245,73.954937,22.993245,EPSG:4326,,2017,0.24,0.25,,,Inductively coupled plasma atomic emission spectroscopy (ICP-OES),Metoden anvendes på analyseløsninger fremstilt ved ekstraksjon med 7 M HNO3 i autoklav i samsvar med Norsk Standard - NS 4770,NGU-Laboratory,1.0,mg/kg,norway-marchem,MarChem_Inorganic_Data_20260805T102709Z.csv#row=537,CC-BY-4.0,government,"[""MISSING_COORDINATE_UNCERTAINTY""]","{""band"":""high"",""completeness"":1.0,""method"":1.0,""overall"":0.943,""qc"":0.92,""source"":0.95,""spatial"":0.8,""version"":""d2-confidence-v1""}"
rec-bd1abbd3b382bb630a370d59e1f3e36c156f1b44f78f55d935641efa820ea94f,R1709MC04A_24-25 cm,Zn,sediment,dry_weight_partial_nitric_acid,85.1,85.1,mg/kg,reported,85.1,mg/kg,,1.0,normalized = original * 1,73.954937,22.993245,73.954937,22.993245,EPSG:4326,,2017,0.24,0.25,,,Inductively coupled plasma atomic emission spectroscopy (ICP-OES),Metoden anvendes på analyseløsninger fremstilt ved ekstraksjon med 7 M HNO3 i autoklav i samsvar med Norsk Standard - NS 4770,NGU-Laboratory,2.0,mg/kg,norway-marchem,MarChem_Inorganic_Data_20260805T102709Z.csv#row=537,CC-BY-4.0,government,"[""MISSING_COORDINATE_UNCERTAINTY""]","{""band"":""high"",""completeness"":1.0,""method"":1.0,""overall"":0.943,""qc"":0.92,""source"":0.95,""spatial"":0.8,""version"":""d2-confidence-v1""}"
rec-df1ee43a1eddae35b46927c1d80649b722eb33ad3d01581fe42bc5941c78a771,R1751MC06A_00-01 cm,As,sediment,dry_weight_partial_nitric_acid,22.3,22.3,mg/kg,reported,22.3,mg/kg,,1.0,normalized = original * 1,73.9687,33.7757,73.9687,33.7757,EPSG:4326,,2017,0.0,0.01,,,Inductively coupled plasma atomic emission spectroscopy (ICP-OES),Metoden anvendes på analyseløsninger fremstilt ved ekstraksjon med 7 M HNO3 i autoklav i samsvar med Norsk Standard - NS 4770,NGU-Laboratory,2.0,mg/kg,norway-marchem,MarChem_Inorganic_Data_20260805T102709Z.csv#row=547,CC-BY-4.0,government,"[""MISSING_COORDINATE_UNCERTAINTY""]","{""band"":""high"",""completeness"":1.0,""method"":1.0,""overall"":0.943,""qc"":0.92,""source"":0.95,""spatial"":0.8,""version"":""d2-confidence-v1""}"
rec-61bf5621f3a8c5914b9e607619c3c2e6925ee395993d13251feca194afbb6c33,R1751MC06A_00-01 cm,Cu,sediment,dry_weight_partial_nitric_acid,15.7,15.7,mg/kg,reported,15.7,mg/kg,,1.0,normalized = original * 1,73.9687,33.7757,73.9687,33.7757,EPSG:4326,,2017,0.0,0.01,,,Inductively coupled plasma atomic emission spectroscopy (ICP-OES),Metoden anvendes på analyseløsninger fremstilt ved ekstraksjon med 7 M HNO3 i autoklav i samsvar med Norsk Standard - NS 4770,NGU-Laboratory,1.0,mg/kg,norway-marchem,MarChem_Inorganic_Data_20260805T102709Z.csv#row=547,CC-BY-4.0,government,"[""MISSING_COORDINATE_UNCERTAINTY""]","{""band"":""high"",""completeness"":1.0,""method"":1.0,""overall"":0.943,""qc"":0.92,""source"":0.95,""spatial"":0.8,""version"":""d2-confidence-v1""}"
rec-d1cf40788929217f6b06209a00638c0f4ea5a928bb6fce01f1230d36d9058d4b,R1751MC06A_00-01 cm,Ni,sediment,dry_weight_partial_nitric_acid,29.5,29.5,mg/kg,reported,29.5,mg/kg,,1.0,normalized = original * 1,73.9687,33.7757,73.9687,33.7757,EPSG:4326,,2017,0.0,0.01,,,Inductively coupled plasma atomic emission spectroscopy (ICP-OES),Metoden anvendes på analyseløsninger fremstilt ved ekstraksjon med 7 M HNO3 i autoklav i samsvar med Norsk Standard - NS 4770,NGU-Laboratory,1.0,mg/kg,norway-marchem,MarChem_Inorganic_Data_20260805T102709Z.csv#row=547,CC-BY-4.0,government,"[""MISSING_COORDINATE_UNCERTAINTY""]","{""band"":""high"",""completeness"":1.0,""method"":1.0,""overall"":0.943,""qc"":0.92,""source"":0.95,""spatial"":0.8,""version"":""d2-confidence-v1""}"
rec-0d2d1865e48e01ecc6e6a61d7ed4768490e634485d94de6a776a25a27a38706f,R1751MC06A_00-01 cm,Zn,sediment,dry_weight_partial_nitric_acid,75.5,75.5,mg/kg,reported,75.5,mg/kg,,1.0,normalized = original * 1,73.9687,33.7757,73.9687,33.7757,EPSG:4326,,2017,0.0,0.01,,,Inductively coupled plasma atomic emission spectroscopy (ICP-OES),Metoden anvendes på analyseløsninger fremstilt ved ekstraksjon med 7 M HNO3 i autoklav i samsvar med Norsk Standard - NS 4770,NGU-Laboratory,2.0,mg/kg,norway-marchem,MarChem_Inorganic_Data_20260805T102709Z.csv#row=547,CC-BY-4.0,government,"[""MISSING_COORDINATE_UNCERTAINTY""]","{""band"":""high"",""completeness"":1.0,""method"":1.0,""overall"":0.943,""qc"":0.92,""source"":0.95,""spatial"":0.8,""version"":""d2-confidence-v1""}"
rec-e02a0b26047f5dfe8bc8d468f0a87e1bf1fa6327297108902c062be84a2b9a80,R1951MC01A_00-01 cm,As,sediment,dry_weight_partial_nitric_acid,16.1,16.1,mg/kg,reported,16.1,mg/kg,,1.0,normalized = original * 1,74.787690,18.567573,74.78769,18.567573,EPSG:4326,,2019,0.0,0.01,,,Inductively coupled plasma atomic emission spectroscopy (ICP-OES),Prøveframstilling følger prosedyre i LABdok_P03: Framstilling av analyseløsninger etter partiell oppslutning i salpetersyre iht. NS-4770.,NGU-Laboratory,2.0,mg/kg,norway-marchem,MarChem_Inorganic_Data_20260805T102709Z.csv#row=593,CC-BY-4.0,government,"[""MISSING_COORDINATE_UNCERTAINTY""]","{""band"":""high"",""completeness"":1.0,""method"":1.0,""overall"":0.943,""qc"":0.92,""source"":0.95,""spatial"":0.8,""version"":""d2-confidence-v1""}"
rec-d09e1f5f3b1dd447d1beffedc55efa89c0a86beecac134d7055460e4f7c3b549,R1951MC01A_00-01 cm,Cu,sediment,dry_weight_partial_nitric_acid,11.1,11.1,mg/kg,reported,11.1,mg/kg,,1.0,normalized = original * 1,74.787690,18.567573,74.78769,18.567573,EPSG:4326,,2019,0.0,0.01,,,Inductively coupled plasma atomic emission spectroscopy (ICP-OES),Prøveframstilling følger prosedyre i LABdok_P03: Framstilling av analyseløsninger etter partiell oppslutning i salpetersyre iht. NS-4770.,NGU-Laboratory,1.0,mg/kg,norway-marchem,MarChem_Inorganic_Data_20260805T102709Z.csv#row=593,CC-BY-4.0,government,"[""MISSING_COORDINATE_UNCERTAINTY""]","{""band"":""high"",""completeness"":1.0,""method"":1.0,""overall"":0.943,""qc"":0.92,""source"":0.95,""spatial"":0.8,""version"":""d2-confidence-v1""}"
rec-19bd8bf67804c8aac58640ff4845da34d89645c9b1e26bd415be9bcfc07212c7,R1951MC01A_00-01 cm,Ni,sediment,dry_weight_partial_nitric_acid,18.9,18.9,mg/kg,reported,18.9,mg/kg,,1.0,normalized = original * 1,74.787690,18.567573,74.78769,18.567573,EPSG:4326,,2019,0.0,0.01,,,Inductively coupled plasma atomic emission spectroscopy (ICP-OES),Prøveframstilling følger prosedyre i LABdok_P03: Framstilling av analyseløsninger etter partiell oppslutning i salpetersyre iht. NS-4770.,NGU-Laboratory,1.0,mg/kg,norway-marchem,MarChem_Inorganic_Data_20260805T102709Z.csv#row=593,CC-BY-4.0,government,"[""MISSING_COORDINATE_UNCERTAINTY""]","{""band"":""high"",""completeness"":1.0,""method"":1.0,""overall"":0.943,""qc"":0.92,""source"":0.95,""spatial"":0.8,""version"":""d2-confidence-v1""}"
rec-aee0950f8245b4a6b597f10b7243415612e4b45287ae44c7dce57121d87a6d8c,R1951MC01A_00-01 cm,Zn,sediment,dry_weight_partial_nitric_acid,43.2,43.2,mg/kg,reported,43.2,mg/kg,,1.0,normalized = original * 1,74.787690,18.567573,74.78769,18.567573,EPSG:4326,,2019,0.0,0.01,,,Inductively coupled plasma atomic emission spectroscopy (ICP-OES),Prøveframstilling følger prosedyre i LABdok_P03: Framstilling av analyseløsninger etter partiell oppslutning i salpetersyre iht. NS-4770.,NGU-Laboratory,4.0,mg/kg,norway-marchem,MarChem_Inorganic_Data_20260805T102709Z.csv#row=593,CC-BY-4.0,government,"[""MISSING_COORDINATE_UNCERTAINTY""]","{""band"":""high"",""completeness"":1.0,""method"":1.0,""overall"":0.943,""qc"":0.92,""source"":0.95,""spatial"":0.8,""version"":""d2-confidence-v1""}"
rec-b084c656b60f6d6e9a75e8b070f4e4aff21be5760d8d08213f7da000457fd632,R2132MC06A_00-01 cm,As,sediment,dry_weight_partial_nitric_acid,2.7,2.7,mg/kg,reported,2.7,mg/kg,,1.0,normalized = original * 1,63.884697,7.571268,63.884697,7.571268,EPSG:4326,,2020,0.0,0.01,,,Inductively coupled plasma atomic emission spectroscopy (ICP-OES),Prøveframstilling følger prosedyre i LABdok_P03: Framstilling av analyseløsninger etter partiell oppslutning i salpetersyre iht. NS-4770.,NGU-Laboratory,2.0,mg/kg,norway-marchem,MarChem_Inorganic_Data_20260805T102709Z.csv#row=631,CC-BY-4.0,government,"[""MISSING_COORDINATE_UNCERTAINTY""]","{""band"":""high"",""completeness"":1.0,""method"":1.0,""overall"":0.943,""qc"":0.92,""source"":0.95,""spatial"":0.8,""version"":""d2-confidence-v1""}"
rec-1efe6d0c83d2d97ad7fd0d55ebbe6895c6711531d69c3bbae544069b9e67ef42,R2132MC06A_00-01 cm,Cu,sediment,dry_weight_partial_nitric_acid,4.7,4.7,mg/kg,reported,4.7,mg/kg,,1.0,normalized = original * 1,63.884697,7.571268,63.884697,7.571268,EPSG:4326,,2020,0.0,0.01,,,Inductively coupled plasma atomic emission spectroscopy (ICP-OES),Prøveframstilling følger prosedyre i LABdok_P03: Framstilling av analyseløsninger etter partiell oppslutning i salpetersyre iht. NS-4770.,NGU-Laboratory,1.0,mg/kg,norway-marchem,MarChem_Inorganic_Data_20260805T102709Z.csv#row=631,CC-BY-4.0,government,"[""MISSING_COORDINATE_UNCERTAINTY""]","{""band"":""high"",""completeness"":1.0,""method"":1.0,""overall"":0.943,""qc"":0.92,""source"":0.95,""spatial"":0.8,""version"":""d2-confidence-v1""}"
rec-053adae60c89dacbcedf934151aa5970075bfc069313487e0f8fbf0b68fdd273,R2132MC06A_00-01 cm,Ni,sediment,dry_weight_partial_nitric_acid,10.6,10.6,mg/kg,reported,10.6,mg/kg,,1.0,normalized = original * 1,63.884697,7.571268,63.884697,7.571268,EPSG:4326,,2020,0.0,0.01,,,Inductively coupled plasma atomic emission spectroscopy (ICP-OES),Prøveframstilling følger prosedyre i LABdok_P03: Framstilling av analyseløsninger etter partiell oppslutning i salpetersyre iht. NS-4770.,NGU-Laboratory,1.0,mg/kg,norway-marchem,MarChem_Inorganic_Data_20260805T102709Z.csv#row=631,CC-BY-4.0,government,"[""MISSING_COORDINATE_UNCERTAINTY""]","{""band"":""high"",""completeness"":1.0,""method"":1.0,""overall"":0.943,""qc"":0.92,""source"":0.95,""spatial"":0.8,""version"":""d2-confidence-v1""}"
rec-9e069c652708e7f9bef49b59d200286e975c257c141b60332cebe6e87218f488,R2132MC06A_00-01 cm,Zn,sediment,dry_weight_partial_nitric_acid,21.9,21.9,mg/kg,reported,21.9,mg/kg,,1.0,normalized = original * 1,63.884697,7.571268,63.884697,7.571268,EPSG:4326,,2020,0.0,0.01,,,Inductively coupled plasma atomic emission spectroscopy (ICP-OES),Prøveframstilling følger prosedyre i LABdok_P03: Framstilling av analyseløsninger etter partiell oppslutning i salpetersyre iht. NS-4770.,NGU-Laboratory,4.0,mg/kg,norway-marchem,MarChem_Inorganic_Data_20260805T102709Z.csv#row=631,CC-BY-4.0,government,"[""MISSING_COORDINATE_UNCERTAINTY""]","{""band"":""high"",""completeness"":1.0,""method"":1.0,""overall"":0.943,""qc"":0.92,""source"":0.95,""spatial"":0.8,""version"":""d2-confidence-v1""}"
rec-48a0083ddb6cceb4b17682861a2f04ae844d19506c7c5594326f23e53f218097,R2139MC08A_14-15 cm,As,sediment,dry_weight_partial_nitric_acid,2.0,2.0,mg/kg,reported,2.0,mg/kg,,1.0,normalized = original * 1,64.195273,7.355115,64.195273,7.355115,EPSG:4326,,2020,0.14,0.15,,,Inductively coupled plasma atomic emission spectroscopy (ICP-OES),Prøveframstilling følger prosedyre i LABdok_P03: Framstilling av analyseløsninger etter partiell oppslutning i salpetersyre iht. NS-4770.,NGU-Laboratory,2.0,mg/kg,norway-marchem,MarChem_Inorganic_Data_20260805T102709Z.csv#row=636,CC-BY-4.0,government,"[""MISSING_COORDINATE_UNCERTAINTY""]","{""band"":""high"",""completeness"":1.0,""method"":1.0,""overall"":0.943,""qc"":0.92,""source"":0.95,""spatial"":0.8,""version"":""d2-confidence-v1""}"
rec-7b1abbc103524772135e8ec60609c6f3ee0668e26a626899d511cf38d46f35c2,R2139MC08A_14-15 cm,Cu,sediment,dry_weight_partial_nitric_acid,9.4,9.4,mg/kg,reported,9.4,mg/kg,,1.0,normalized = original * 1,64.195273,7.355115,64.195273,7.355115,EPSG:4326,,2020,0.14,0.15,,,Inductively coupled plasma atomic emission spectroscopy (ICP-OES),Prøveframstilling følger prosedyre i LABdok_P03: Framstilling av analyseløsninger etter partiell oppslutning i salpetersyre iht. NS-4770.,NGU-Laboratory,1.0,mg/kg,norway-marchem,MarChem_Inorganic_Data_20260805T102709Z.csv#row=636,CC-BY-4.0,government,"[""MISSING_COORDINATE_UNCERTAINTY""]","{""band"":""high"",""completeness"":1.0,""method"":1.0,""overall"":0.943,""qc"":0.92,""source"":0.95,""spatial"":0.8,""version"":""d2-confidence-v1""}"
rec-aaa9f3108922266cfa26ba106dd447012eeb64d9aeb2f208ee1fe3ceaf9fda9c,R2139MC08A_14-15 cm,Ni,sediment,dry_weight_partial_nitric_acid,19.3,19.3,mg/kg,reported,19.3,mg/kg,,1.0,normalized = original * 1,64.195273,7.355115,64.195273,7.355115,EPSG:4326,,2020,0.14,0.15,,,Inductively coupled plasma atomic emission spectroscopy (ICP-OES),Prøveframstilling følger prosedyre i LABdok_P03: Framstilling av analyseløsninger etter partiell oppslutning i salpetersyre iht. NS-4770.,NGU-Laboratory,1.0,mg/kg,norway-marchem,MarChem_Inorganic_Data_20260805T102709Z.csv#row=636,CC-BY-4.0,government,"[""MISSING_COORDINATE_UNCERTAINTY""]","{""band"":""high"",""completeness"":1.0,""method"":1.0,""overall"":0.943,""qc"":0.92,""source"":0.95,""spatial"":0.8,""version"":""d2-confidence-v1""}"
rec-3a558f426e83194e733ff6301b65352f487e29eec54c562f73f812661b4731d3,R2139MC08A_14-15 cm,Zn,sediment,dry_weight_partial_nitric_acid,38.2,38.2,mg/kg,reported,38.2,mg/kg,,1.0,normalized = original * 1,64.195273,7.355115,64.195273,7.355115,EPSG:4326,,2020,0.14,0.15,,,Inductively coupled plasma atomic emission spectroscopy (ICP-OES),Prøveframstilling følger prosedyre i LABdok_P03: Framstilling av analyseløsninger etter partiell oppslutning i salpetersyre iht. NS-4770.,NGU-Laboratory,4.0,mg/kg,norway-marchem,MarChem_Inorganic_Data_20260805T102709Z.csv#row=636,CC-BY-4.0,government,"[""MISSING_COORDINATE_UNCERTAINTY""]","{""band"":""high"",""completeness"":1.0,""method"":1.0,""overall"":0.943,""qc"":0.92,""source"":0.95,""spatial"":0.8,""version"":""d2-confidence-v1""}"
rec-65fd5cafdba1ddaf8d4946fb095575bfeaddfa42c47c77bdb9e2a42935353029,R2229MC10A_14-15 cm,As,sediment,dry_weight_partial_nitric_acid,<2.0,2.0,mg/kg,lt,,mg/kg,2.0,1.0,normalized = original * 1,64.713538,8.220127,64.713538,8.220127,EPSG:4326,,2020,0.14,0.15,,,Inductively coupled plasma atomic emission spectroscopy (ICP-OES),Prøveframstilling følger prosedyre i LABdok_P03: Framstilling av analyseløsninger etter partiell oppslutning i salpetersyre iht. NS-4770.,NGU-Laboratory,2.0,mg/kg,norway-marchem,MarChem_Inorganic_Data_20260805T102709Z.csv#row=650,CC-BY-4.0,government,"[""CENSORED_VALUE"",""MISSING_COORDINATE_UNCERTAINTY""]","{""band"":""high"",""completeness"":1.0,""method"":1.0,""overall"":0.94,""qc"":0.9,""source"":0.95,""spatial"":0.8,""version"":""d2-confidence-v1""}"
rec-4f4b4e189a45ecf5ae95c5dd7cf4c1287f2fd0594a48fe16977b6220195c08aa,R2229MC10A_14-15 cm,Cu,sediment,dry_weight_partial_nitric_acid,8.9,8.9,mg/kg,reported,8.9,mg/kg,,1.0,normalized = original * 1,64.713538,8.220127,64.713538,8.220127,EPSG:4326,,2020,0.14,0.15,,,Inductively coupled plasma atomic emission spectroscopy (ICP-OES),Prøveframstilling følger prosedyre i LABdok_P03: Framstilling av analyseløsninger etter partiell oppslutning i salpetersyre iht. NS-4770.,NGU-Laboratory,1.0,mg/kg,norway-marchem,MarChem_Inorganic_Data_20260805T102709Z.csv#row=650,CC-BY-4.0,government,"[""MISSING_COORDINATE_UNCERTAINTY""]","{""band"":""high"",""completeness"":1.0,""method"":1.0,""overall"":0.943,""qc"":0.92,""source"":0.95,""spatial"":0.8,""version"":""d2-confidence-v1""}"
rec-7b0277a8dc9069ef63919f305628aa047be1fbb75fbbd25719df96ea74784a8c,R2229MC10A_14-15 cm,Ni,sediment,dry_weight_partial_nitric_acid,21.1,21.1,mg/kg,reported,21.1,mg/kg,,1.0,normalized = original * 1,64.713538,8.220127,64.713538,8.220127,EPSG:4326,,2020,0.14,0.15,,,Inductively coupled plasma atomic emission spectroscopy (ICP-OES),Prøveframstilling følger prosedyre i LABdok_P03: Framstilling av analyseløsninger etter partiell oppslutning i salpetersyre iht. NS-4770.,NGU-Laboratory,1.0,mg/kg,norway-marchem,MarChem_Inorganic_Data_20260805T102709Z.csv#row=650,CC-BY-4.0,government,"[""MISSING_COORDINATE_UNCERTAINTY""]","{""band"":""high"",""completeness"":1.0,""method"":1.0,""overall"":0.943,""qc"":0.92,""source"":0.95,""spatial"":0.8,""version"":""d2-confidence-v1""}"
rec-3aa0f16b264a543223eae552b4b3e9ca927bc81629f9d39672b15d25a1ad3315,R2229MC10A_14-15 cm,Zn,sediment,dry_weight_partial_nitric_acid,42.0,42.0,mg/kg,reported,42.0,mg/kg,,1.0,normalized = original * 1,64.713538,8.220127,64.713538,8.220127,EPSG:4326,,2020,0.14,0.15,,,Inductively coupled plasma atomic emission spectroscopy (ICP-OES),Prøveframstilling følger prosedyre i LABdok_P03: Framstilling av analyseløsninger etter partiell oppslutning i salpetersyre iht. NS-4770.,NGU-Laboratory,4.0,mg/kg,norway-marchem,MarChem_Inorganic_Data_20260805T102709Z.csv#row=650,CC-BY-4.0,government,"[""MISSING_COORDINATE_UNCERTAINTY""]","{""band"":""high"",""completeness"":1.0,""method"":1.0,""overall"":0.943,""qc"":0.92,""source"":0.95,""spatial"":0.8,""version"":""d2-confidence-v1""}"
rec-46c105cf67c76541c4211246fc7a808c89b9a0349c128f18e6b1b878decd760d,R2373MC01A_00-01 cm,As,sediment,dry_weight_partial_nitric_acid,16.8,16.8,mg/kg,reported,16.8,mg/kg,,1.0,normalized = original * 1,61.136023,5.759125,61.136023,5.759125,EPSG:4326,,2021,0.0,0.01,,,Inductively coupled plasma atomic emission spectroscopy (ICP-OES),Prøveframstilling følger prosedyre i LABdok_P03: Framstilling av analyseløsninger etter partiell oppslutning i salpetersyre iht. NS-4770.,NGU-Laboratory,2.0,mg/kg,norway-marchem,MarChem_Inorganic_Data_20260805T102709Z.csv#row=739,CC-BY-4.0,government,"[""MISSING_COORDINATE_UNCERTAINTY""]","{""band"":""high"",""completeness"":1.0,""method"":1.0,""overall"":0.943,""qc"":0.92,""source"":0.95,""spatial"":0.8,""version"":""d2-confidence-v1""}"
rec-d0f25e63fa59a55e7f1c39119c040507c7c53cd540438b5b11196102740673d6,R2373MC01A_00-01 cm,Cu,sediment,dry_weight_partial_nitric_acid,42.9,42.9,mg/kg,reported,42.9,mg/kg,,1.0,normalized = original * 1,61.136023,5.759125,61.136023,5.759125,EPSG:4326,,2021,0.0,0.01,,,Inductively coupled plasma atomic emission spectroscopy (ICP-OES),Prøveframstilling følger prosedyre i LABdok_P03: Framstilling av analyseløsninger etter partiell oppslutning i salpetersyre iht. NS-4770.,NGU-Laboratory,1.0,mg/kg,norway-marchem,MarChem_Inorganic_Data_20260805T102709Z.csv#row=739,CC-BY-4.0,government,"[""MISSING_COORDINATE_UNCERTAINTY""]","{""band"":""high"",""completeness"":1.0,""method"":1.0,""overall"":0.943,""qc"":0.92,""source"":0.95,""spatial"":0.8,""version"":""d2-confidence-v1""}"
rec-8e9601022630b2a226d1b01fd8596565803dfd899ca39183e274d7a9751da5cc,R2373MC01A_00-01 cm,Ni,sediment,dry_weight_partial_nitric_acid,49.3,49.3,mg/kg,reported,49.3,mg/kg,,1.0,normalized = original * 1,61.136023,5.759125,61.136023,5.759125,EPSG:4326,,2021,0.0,0.01,,,Inductively coupled plasma atomic emission spectroscopy (ICP-OES),Prøveframstilling følger prosedyre i LABdok_P03: Framstilling av analyseløsninger etter partiell oppslutning i salpetersyre iht. NS-4770.,NGU-Laboratory,1.0,mg/kg,norway-marchem,MarChem_Inorganic_Data_20260805T102709Z.csv#row=739,CC-BY-4.0,government,"[""MISSING_COORDINATE_UNCERTAINTY""]","{""band"":""high"",""completeness"":1.0,""method"":1.0,""overall"":0.943,""qc"":0.92,""source"":0.95,""spatial"":0.8,""version"":""d2-confidence-v1""}"
rec-a80dd9ccdf00fefccdde79c7a2913c4973c37de939657e58e30de64119f4c799,R2373MC01A_00-01 cm,Zn,sediment,dry_weight_partial_nitric_acid,146.0,146.0,mg/kg,reported,146.0,mg/kg,,1.0,normalized = original * 1,61.136023,5.759125,61.136023,5.759125,EPSG:4326,,2021,0.0,0.01,,,Inductively coupled plasma atomic emission spectroscopy (ICP-OES),Prøveframstilling følger prosedyre i LABdok_P03: Framstilling av analyseløsninger etter partiell oppslutning i salpetersyre iht. NS-4770.,NGU-Laboratory,4.0,mg/kg,norway-marchem,MarChem_Inorganic_Data_20260805T102709Z.csv#row=739,CC-BY-4.0,government,"[""MISSING_COORDINATE_UNCERTAINTY""]","{""band"":""high"",""completeness"":1.0,""method"":1.0,""overall"":0.943,""qc"":0.92,""source"":0.95,""spatial"":0.8,""version"":""d2-confidence-v1""}"
rec-b080ff5b0dc6a1862084bd77f6f47cd5c12c10ac4eddc0f5ebcf27c388cbf348,R2373MC01A_04-05 cm,As,sediment,dry_weight_partial_nitric_acid,13.2,13.2,mg/kg,reported,13.2,mg/kg,,1.0,normalized = original * 1,61.136023,5.759125,61.136023,5.759125,EPSG:4326,,2021,0.04,0.05,,,Inductively coupled plasma atomic emission spectroscopy (ICP-OES),Prøveframstilling følger prosedyre i LABdok_P03: Framstilling av analyseløsninger etter partiell oppslutning i salpetersyre iht. NS-4770.,NGU-Laboratory,2.0,mg/kg,norway-marchem,MarChem_Inorganic_Data_20260805T102709Z.csv#row=741,CC-BY-4.0,government,"[""MISSING_COORDINATE_UNCERTAINTY""]","{""band"":""high"",""completeness"":1.0,""method"":1.0,""overall"":0.943,""qc"":0.92,""source"":0.95,""spatial"":0.8,""version"":""d2-confidence-v1""}"
rec-274a4f329c5e7b8d44e301b0724818da646c5d5e1829e7f4dce92279b33a1507,R2373MC01A_04-05 cm,Cu,sediment,dry_weight_partial_nitric_acid,44.0,44.0,mg/kg,reported,44.0,mg/kg,,1.0,normalized = original * 1,61.136023,5.759125,61.136023,5.759125,EPSG:4326,,2021,0.04,0.05,,,Inductively coupled plasma atomic emission spectroscopy (ICP-OES),Prøveframstilling følger prosedyre i LABdok_P03: Framstilling av analyseløsninger etter partiell oppslutning i salpetersyre iht. NS-4770.,NGU-Laboratory,1.0,mg/kg,norway-marchem,MarChem_Inorganic_Data_20260805T102709Z.csv#row=741,CC-BY-4.0,government,"[""MISSING_COORDINATE_UNCERTAINTY""]","{""band"":""high"",""completeness"":1.0,""method"":1.0,""overall"":0.943,""qc"":0.92,""source"":0.95,""spatial"":0.8,""version"":""d2-confidence-v1""}"
rec-cd9c123ae70da11446385e8863e3a81281cb7d67d36fe700520a94d9dd362c87,R2373MC01A_04-05 cm,Ni,sediment,dry_weight_partial_nitric_acid,49.8,49.8,mg/kg,reported,49.8,mg/kg,,1.0,normalized = original * 1,61.136023,5.759125,61.136023,5.759125,EPSG:4326,,2021,0.04,0.05,,,Inductively coupled plasma atomic emission spectroscopy (ICP-OES),Prøveframstilling følger prosedyre i LABdok_P03: Framstilling av analyseløsninger etter partiell oppslutning i salpetersyre iht. NS-4770.,NGU-Laboratory,1.0,mg/kg,norway-marchem,MarChem_Inorganic_Data_20260805T102709Z.csv#row=741,CC-BY-4.0,government,"[""MISSING_COORDINATE_UNCERTAINTY""]","{""band"":""high"",""completeness"":1.0,""method"":1.0,""overall"":0.943,""qc"":0.92,""source"":0.95,""spatial"":0.8,""version"":""d2-confidence-v1""}"
rec-a30840ab17cd9801a6d62a5818f13f2fb472eed49b0bfd400a000fefa7b2db55,R2373MC01A_04-05 cm,Zn,sediment,dry_weight_partial_nitric_acid,154.0,154.0,mg/kg,reported,154.0,mg/kg,,1.0,normalized = original * 1,61.136023,5.759125,61.136023,5.759125,EPSG:4326,,2021,0.04,0.05,,,Inductively coupled plasma atomic emission spectroscopy (ICP-OES),Prøveframstilling følger prosedyre i LABdok_P03: Framstilling av analyseløsninger etter partiell oppslutning i salpetersyre iht. NS-4770.,NGU-Laboratory,4.0,mg/kg,norway-marchem,MarChem_Inorganic_Data_20260805T102709Z.csv#row=741,CC-BY-4.0,government,"[""MISSING_COORDINATE_UNCERTAINTY""]","{""band"":""high"",""completeness"":1.0,""method"":1.0,""overall"":0.943,""qc"":0.92,""source"":0.95,""spatial"":0.8,""version"":""d2-confidence-v1""}"
rec-14d37839bc0a3e34bcfb3e40d1b791a4ba7df158547d7dd622160658e822343f,R2608MC13A_00-01 cm,As,sediment,dry_weight_partial_nitric_acid,5.2,5.2,mg/kg,reported,5.2,mg/kg,,1.0,normalized = original * 1,64.592550,9.819355,64.59255,9.819355,EPSG:4326,,2021,0.0,0.01,,,Inductively coupled plasma atomic emission spectroscopy (ICP-OES),Prøveframstilling følger prosedyre i LABdok_P03: Framstilling av analyseløsninger etter partiell oppslutning i salpetersyre iht. NS-4770.,NGU-Laboratory,2.0,mg/kg,norway-marchem,MarChem_Inorganic_Data_20260805T102709Z.csv#row=804,CC-BY-4.0,government,"[""MISSING_COORDINATE_UNCERTAINTY""]","{""band"":""high"",""completeness"":1.0,""method"":1.0,""overall"":0.943,""qc"":0.92,""source"":0.95,""spatial"":0.8,""version"":""d2-confidence-v1""}"
rec-08ea2f02831bd4a0e3799fe53dde27a6927887d437f21d2230002ece863ffe56,R2608MC13A_00-01 cm,Cu,sediment,dry_weight_partial_nitric_acid,10.8,10.8,mg/kg,reported,10.8,mg/kg,,1.0,normalized = original * 1,64.592550,9.819355,64.59255,9.819355,EPSG:4326,,2021,0.0,0.01,,,Inductively coupled plasma atomic emission spectroscopy (ICP-OES),Prøveframstilling følger prosedyre i LABdok_P03: Framstilling av analyseløsninger etter partiell oppslutning i salpetersyre iht. NS-4770.,NGU-Laboratory,1.0,mg/kg,norway-marchem,MarChem_Inorganic_Data_20260805T102709Z.csv#row=804,CC-BY-4.0,government,"[""MISSING_COORDINATE_UNCERTAINTY""]","{""band"":""high"",""completeness"":1.0,""method"":1.0,""overall"":0.943,""qc"":0.92,""source"":0.95,""spatial"":0.8,""version"":""d2-confidence-v1""}"
rec-f15d71e495417f950c0baa7b222427da9e0cb22f687531be04c1e4668e138f93,R2608MC13A_00-01 cm,Ni,sediment,dry_weight_partial_nitric_acid,21.8,21.8,mg/kg,reported,21.8,mg/kg,,1.0,normalized = original * 1,64.592550,9.819355,64.59255,9.819355,EPSG:4326,,2021,0.0,0.01,,,Inductively coupled plasma atomic emission spectroscopy (ICP-OES),Prøveframstilling følger prosedyre i LABdok_P03: Framstilling av analyseløsninger etter partiell oppslutning i salpetersyre iht. NS-4770.,NGU-Laboratory,1.0,mg/kg,norway-marchem,MarChem_Inorganic_Data_20260805T102709Z.csv#row=804,CC-BY-4.0,government,"[""MISSING_COORDINATE_UNCERTAINTY""]","{""band"":""high"",""completeness"":1.0,""method"":1.0,""overall"":0.943,""qc"":0.92,""source"":0.95,""spatial"":0.8,""version"":""d2-confidence-v1""}"
rec-0b390cd82d9f6a7742446ed372abda4574f3e582049a98e40cd4e5667c93096b,R2608MC13A_00-01 cm,Zn,sediment,dry_weight_partial_nitric_acid,46.2,46.2,mg/kg,reported,46.2,mg/kg,,1.0,normalized = original * 1,64.592550,9.819355,64.59255,9.819355,EPSG:4326,,2021,0.0,0.01,,,Inductively coupled plasma atomic emission spectroscopy (ICP-OES),Prøveframstilling følger prosedyre i LABdok_P03: Framstilling av analyseløsninger etter partiell oppslutning i salpetersyre iht. NS-4770.,NGU-Laboratory,4.0,mg/kg,norway-marchem,MarChem_Inorganic_Data_20260805T102709Z.csv#row=804,CC-BY-4.0,government,"[""MISSING_COORDINATE_UNCERTAINTY""]","{""band"":""high"",""completeness"":1.0,""method"":1.0,""overall"":0.943,""qc"":0.92,""source"":0.95,""spatial"":0.8,""version"":""d2-confidence-v1""}"
rec-a7235280ab618a4e2e58fb8ffebb9166221d25d632040fab772cbb88496cbb25,R3120MC10A_00-01 cm,As,sediment,dry_weight_partial_nitric_acid,17.8,17.8,mg/kg,reported,17.8,mg/kg,,1.0,normalized = original * 1,59.551741,4.275607,59.551741,4.275607,EPSG:4326,,2022,0.0,0.01,,,Inductively coupled plasma atomic emission spectroscopy (ICP-OES),Prøveframstilling følger prosedyre i LABdok_P03: Framstilling av analyseløsninger etter partiell oppslutning i salpetersyre iht. NS-4770.,NGU-Laboratory,2.0,mg/kg,norway-marchem,MarChem_Inorganic_Data_20260805T102709Z.csv#row=846,CC-BY-4.0,government,"[""MISSING_COORDINATE_UNCERTAINTY""]","{""band"":""high"",""completeness"":1.0,""method"":1.0,""overall"":0.943,""qc"":0.92,""source"":0.95,""spatial"":0.8,""version"":""d2-confidence-v1""}"
rec-8be62c5a14e9df91763f5c6ccc491ecd22f2e9b48e15acca23413713f442d039,R3120MC10A_00-01 cm,Cu,sediment,dry_weight_partial_nitric_acid,12.5,12.5,mg/kg,reported,12.5,mg/kg,,1.0,normalized = original * 1,59.551741,4.275607,59.551741,4.275607,EPSG:4326,,2022,0.0,0.01,,,Inductively coupled plasma atomic emission spectroscopy (ICP-OES),Prøveframstilling følger prosedyre i LABdok_P03: Framstilling av analyseløsninger etter partiell oppslutning i salpetersyre iht. NS-4770.,NGU-Laboratory,1.0,mg/kg,norway-marchem,MarChem_Inorganic_Data_20260805T102709Z.csv#row=846,CC-BY-4.0,government,"[""MISSING_COORDINATE_UNCERTAINTY""]","{""band"":""high"",""completeness"":1.0,""method"":1.0,""overall"":0.943,""qc"":0.92,""source"":0.95,""spatial"":0.8,""version"":""d2-confidence-v1""}"
rec-93acf084c108b4b91fd53214785142f155f40a917c9d1538e5c2261d62f519d3,R3120MC10A_00-01 cm,Ni,sediment,dry_weight_partial_nitric_acid,26.4,26.4,mg/kg,reported,26.4,mg/kg,,1.0,normalized = original * 1,59.551741,4.275607,59.551741,4.275607,EPSG:4326,,2022,0.0,0.01,,,Inductively coupled plasma atomic emission spectroscopy (ICP-OES),Prøveframstilling følger prosedyre i LABdok_P03: Framstilling av analyseløsninger etter partiell oppslutning i salpetersyre iht. NS-4770.,NGU-Laboratory,1.0,mg/kg,norway-marchem,MarChem_Inorganic_Data_20260805T102709Z.csv#row=846,CC-BY-4.0,government,"[""MISSING_COORDINATE_UNCERTAINTY""]","{""band"":""high"",""completeness"":1.0,""method"":1.0,""overall"":0.943,""qc"":0.92,""source"":0.95,""spatial"":0.8,""version"":""d2-confidence-v1""}"
rec-693b533bd06d16cd61273b0f68ee17327a45e5521b92a5b46bc4e80dc49b0a19,R3120MC10A_00-01 cm,Zn,sediment,dry_weight_partial_nitric_acid,64.6,64.6,mg/kg,reported,64.6,mg/kg,,1.0,normalized = original * 1,59.551741,4.275607,59.551741,4.275607,EPSG:4326,,2022,0.0,0.01,,,Inductively coupled plasma atomic emission spectroscopy (ICP-OES),Prøveframstilling følger prosedyre i LABdok_P03: Framstilling av analyseløsninger etter partiell oppslutning i salpetersyre iht. NS-4770.,NGU-Laboratory,4.0,mg/kg,norway-marchem,MarChem_Inorganic_Data_20260805T102709Z.csv#row=846,CC-BY-4.0,government,"[""MISSING_COORDINATE_UNCERTAINTY""]","{""band"":""high"",""completeness"":1.0,""method"":1.0,""overall"":0.943,""qc"":0.92,""source"":0.95,""spatial"":0.8,""version"":""d2-confidence-v1""}"
rec-48b24fe07592f4f2f44970eaeda2bba3b5510fcfa75b0dcfc9312e94fe7f9d73,R3165MC14A_02-03 cm,As,sediment,dry_weight_partial_nitric_acid,17.2,17.2,mg/kg,reported,17.2,mg/kg,,1.0,normalized = original * 1,58.812880,10.247057,58.81288,10.247057,EPSG:4326,,2022,0.02,0.03,,,Inductively coupled plasma atomic emission spectroscopy (ICP-OES),Prøveframstilling følger prosedyre i LABdok_P03: Framstilling av analyseløsninger etter partiell oppslutning i salpetersyre iht. NS-4770.,NGU-Laboratory,2.0,mg/kg,norway-marchem,MarChem_Inorganic_Data_20260805T102709Z.csv#row=869,CC-BY-4.0,government,"[""MISSING_COORDINATE_UNCERTAINTY""]","{""band"":""high"",""completeness"":1.0,""method"":1.0,""overall"":0.943,""qc"":0.92,""source"":0.95,""spatial"":0.8,""version"":""d2-confidence-v1""}"
rec-1e42b27718c1cb2b3d9bccdea0881e3efb42a51774a43c9523f33d60160a9bab,R3165MC14A_02-03 cm,Cu,sediment,dry_weight_partial_nitric_acid,17.5,17.5,mg/kg,reported,17.5,mg/kg,,1.0,normalized = original * 1,58.812880,10.247057,58.81288,10.247057,EPSG:4326,,2022,0.02,0.03,,,Inductively coupled plasma atomic emission spectroscopy (ICP-OES),Prøveframstilling følger prosedyre i LABdok_P03: Framstilling av analyseløsninger etter partiell oppslutning i salpetersyre iht. NS-4770.,NGU-Laboratory,1.0,mg/kg,norway-marchem,MarChem_Inorganic_Data_20260805T102709Z.csv#row=869,CC-BY-4.0,government,"[""MISSING_COORDINATE_UNCERTAINTY""]","{""band"":""high"",""completeness"":1.0,""method"":1.0,""overall"":0.943,""qc"":0.92,""source"":0.95,""spatial"":0.8,""version"":""d2-confidence-v1""}"
rec-907dd8787e21f3b6d5e446fb10ec42cb24361ee572189cdb11feda9f9b1983cf,R3165MC14A_02-03 cm,Ni,sediment,dry_weight_partial_nitric_acid,29.7,29.7,mg/kg,reported,29.7,mg/kg,,1.0,normalized = original * 1,58.812880,10.247057,58.81288,10.247057,EPSG:4326,,2022,0.02,0.03,,,Inductively coupled plasma atomic emission spectroscopy (ICP-OES),Prøveframstilling følger prosedyre i LABdok_P03: Framstilling av analyseløsninger etter partiell oppslutning i salpetersyre iht. NS-4770.,NGU-Laboratory,1.0,mg/kg,norway-marchem,MarChem_Inorganic_Data_20260805T102709Z.csv#row=869,CC-BY-4.0,government,"[""MISSING_COORDINATE_UNCERTAINTY""]","{""band"":""high"",""completeness"":1.0,""method"":1.0,""overall"":0.943,""qc"":0.92,""source"":0.95,""spatial"":0.8,""version"":""d2-confidence-v1""}"
rec-f4896b29ab24a8c08f2671f4a2741f9a31faa9eca8008efae049f93f51c4e4c5,R3165MC14A_02-03 cm,Zn,sediment,dry_weight_partial_nitric_acid,87.8,87.8,mg/kg,reported,87.8,mg/kg,,1.0,normalized = original * 1,58.812880,10.247057,58.81288,10.247057,EPSG:4326,,2022,0.02,0.03,,,Inductively coupled plasma atomic emission spectroscopy (ICP-OES),Prøveframstilling følger prosedyre i LABdok_P03: Framstilling av analyseløsninger etter partiell oppslutning i salpetersyre iht. NS-4770.,NGU-Laboratory,4.0,mg/kg,norway-marchem,MarChem_Inorganic_Data_20260805T102709Z.csv#row=869,CC-BY-4.0,government,"[""MISSING_COORDINATE_UNCERTAINTY""]","{""band"":""high"",""completeness"":1.0,""method"":1.0,""overall"":0.943,""qc"":0.92,""source"":0.95,""spatial"":0.8,""version"":""d2-confidence-v1""}"
rec-72643be7412f76a58da26790b487542b18248685edaf456b2200d2d61d51d14d,R2924MC02A_10-11 cm,As,sediment,dry_weight_partial_nitric_acid,43.5,43.5,mg/kg,reported,43.5,mg/kg,,1.0,normalized = original * 1,81.409639,26.953759,81.409639,26.953759,EPSG:4326,,2022,0.1,0.11,,,Inductively coupled plasma atomic emission spectroscopy (ICP-OES),Prøveframstilling følger prosedyre i LABdok_P03: Framstilling av analyseløsninger etter partiell oppslutning i salpetersyre iht. NS-4770.,NGU-Laboratory,2.0,mg/kg,norway-marchem,MarChem_Inorganic_Data_20260805T102709Z.csv#row=908,CC-BY-4.0,government,"[""MISSING_COORDINATE_UNCERTAINTY""]","{""band"":""high"",""completeness"":1.0,""method"":1.0,""overall"":0.943,""qc"":0.92,""source"":0.95,""spatial"":0.8,""version"":""d2-confidence-v1""}"
rec-eb5a8dab3dcd84906ef0f999eb940ea855156cf4be15d1be8606c2bc5671d1c3,R2924MC02A_10-11 cm,Cu,sediment,dry_weight_partial_nitric_acid,24.3,24.3,mg/kg,reported,24.3,mg/kg,,1.0,normalized = original * 1,81.409639,26.953759,81.409639,26.953759,EPSG:4326,,2022,0.1,0.11,,,Inductively coupled plasma atomic emission spectroscopy (ICP-OES),Prøveframstilling følger prosedyre i LABdok_P03: Framstilling av analyseløsninger etter partiell oppslutning i salpetersyre iht. NS-4770.,NGU-Laboratory,1.0,mg/kg,norway-marchem,MarChem_Inorganic_Data_20260805T102709Z.csv#row=908,CC-BY-4.0,government,"[""MISSING_COORDINATE_UNCERTAINTY""]","{""band"":""high"",""completeness"":1.0,""method"":1.0,""overall"":0.943,""qc"":0.92,""source"":0.95,""spatial"":0.8,""version"":""d2-confidence-v1""}"
rec-7806463a5f958e7822e344ffe95cc6136cfc5d2d872a522d5f7c36e4d20b96a6,R2924MC02A_10-11 cm,Ni,sediment,dry_weight_partial_nitric_acid,55.4,55.4,mg/kg,reported,55.4,mg/kg,,1.0,normalized = original * 1,81.409639,26.953759,81.409639,26.953759,EPSG:4326,,2022,0.1,0.11,,,Inductively coupled plasma atomic emission spectroscopy (ICP-OES),Prøveframstilling følger prosedyre i LABdok_P03: Framstilling av analyseløsninger etter partiell oppslutning i salpetersyre iht. NS-4770.,NGU-Laboratory,1.0,mg/kg,norway-marchem,MarChem_Inorganic_Data_20260805T102709Z.csv#row=908,CC-BY-4.0,government,"[""MISSING_COORDINATE_UNCERTAINTY""]","{""band"":""high"",""completeness"":1.0,""method"":1.0,""overall"":0.943,""qc"":0.92,""source"":0.95,""spatial"":0.8,""version"":""d2-confidence-v1""}"
rec-d98bb4c0363eed4127e11e8278af4da34b3b4153bc96030695b9a0b6db488ee1,R2924MC02A_10-11 cm,Zn,sediment,dry_weight_partial_nitric_acid,83.5,83.5,mg/kg,reported,83.5,mg/kg,,1.0,normalized = original * 1,81.409639,26.953759,81.409639,26.953759,EPSG:4326,,2022,0.1,0.11,,,Inductively coupled plasma atomic emission spectroscopy (ICP-OES),Prøveframstilling følger prosedyre i LABdok_P03: Framstilling av analyseløsninger etter partiell oppslutning i salpetersyre iht. NS-4770.,NGU-Laboratory,4.0,mg/kg,norway-marchem,MarChem_Inorganic_Data_20260805T102709Z.csv#row=908,CC-BY-4.0,government,"[""MISSING_COORDINATE_UNCERTAINTY""]","{""band"":""high"",""completeness"":1.0,""method"":1.0,""overall"":0.943,""qc"":0.92,""source"":0.95,""spatial"":0.8,""version"":""d2-confidence-v1""}"
rec-d0e29f1f3803d46ee78b7042982051de5eaea408e8955dac107269a25fd90f4c,R2924MC02A_24-25 cm,As,sediment,dry_weight_partial_nitric_acid,147.0,147.0,mg/kg,reported,147.0,mg/kg,,1.0,normalized = original * 1,81.409639,26.953759,81.409639,26.953759,EPSG:4326,,2022,0.24,0.25,,,Inductively coupled plasma atomic emission spectroscopy (ICP-OES),Prøveframstilling følger prosedyre i LABdok_P03: Framstilling av analyseløsninger etter partiell oppslutning i salpetersyre iht. NS-4770.,NGU-Laboratory,2.0,mg/kg,norway-marchem,MarChem_Inorganic_Data_20260805T102709Z.csv#row=910,CC-BY-4.0,government,"[""MISSING_COORDINATE_UNCERTAINTY""]","{""band"":""high"",""completeness"":1.0,""method"":1.0,""overall"":0.943,""qc"":0.92,""source"":0.95,""spatial"":0.8,""version"":""d2-confidence-v1""}"
rec-028f50d3b21b4c4e60e3273b097f3f1945623e9b5137b3580ef0eaa0edc60767,R2924MC02A_24-25 cm,Cu,sediment,dry_weight_partial_nitric_acid,25.5,25.5,mg/kg,reported,25.5,mg/kg,,1.0,normalized = original * 1,81.409639,26.953759,81.409639,26.953759,EPSG:4326,,2022,0.24,0.25,,,Inductively coupled plasma atomic emission spectroscopy (ICP-OES),Prøveframstilling følger prosedyre i LABdok_P03: Framstilling av analyseløsninger etter partiell oppslutning i salpetersyre iht. NS-4770.,NGU-Laboratory,1.0,mg/kg,norway-marchem,MarChem_Inorganic_Data_20260805T102709Z.csv#row=910,CC-BY-4.0,government,"[""MISSING_COORDINATE_UNCERTAINTY""]","{""band"":""high"",""completeness"":1.0,""method"":1.0,""overall"":0.943,""qc"":0.92,""source"":0.95,""spatial"":0.8,""version"":""d2-confidence-v1""}"
rec-aa57221c658a332e6fd9865d77d3a6cde2d31da0b782ea56eff259e9da659ed1,R2924MC02A_24-25 cm,Ni,sediment,dry_weight_partial_nitric_acid,43.9,43.9,mg/kg,reported,43.9,mg/kg,,1.0,normalized = original * 1,81.409639,26.953759,81.409639,26.953759,EPSG:4326,,2022,0.24,0.25,,,Inductively coupled plasma atomic emission spectroscopy (ICP-OES),Prøveframstilling følger prosedyre i LABdok_P03: Framstilling av analyseløsninger etter partiell oppslutning i salpetersyre iht. NS-4770.,NGU-Laboratory,1.0,mg/kg,norway-marchem,MarChem_Inorganic_Data_20260805T102709Z.csv#row=910,CC-BY-4.0,government,"[""MISSING_COORDINATE_UNCERTAINTY""]","{""band"":""high"",""completeness"":1.0,""method"":1.0,""overall"":0.943,""qc"":0.92,""source"":0.95,""spatial"":0.8,""version"":""d2-confidence-v1""}"
rec-de0ee93028cd1683039d0b1871a71a36873971290311429b02c42249985e6c3c,R2924MC02A_24-25 cm,Zn,sediment,dry_weight_partial_nitric_acid,80.0,80.0,mg/kg,reported,80.0,mg/kg,,1.0,normalized = original * 1,81.409639,26.953759,81.409639,26.953759,EPSG:4326,,2022,0.24,0.25,,,Inductively coupled plasma atomic emission spectroscopy (ICP-OES),Prøveframstilling følger prosedyre i LABdok_P03: Framstilling av analyseløsninger etter partiell oppslutning i salpetersyre iht. NS-4770.,NGU-Laboratory,4.0,mg/kg,norway-marchem,MarChem_Inorganic_Data_20260805T102709Z.csv#row=910,CC-BY-4.0,government,"[""MISSING_COORDINATE_UNCERTAINTY""]","{""band"":""high"",""completeness"":1.0,""method"":1.0,""overall"":0.943,""qc"":0.92,""source"":0.95,""spatial"":0.8,""version"":""d2-confidence-v1""}"
rec-a847a37b1c90f97956d7fab8ed75465bb1b58ed9a219780ac16848c566bc5757,R3188MC05A_00-01 cm,As,sediment,dry_weight_partial_nitric_acid,10.9,10.9,mg/kg,reported,10.9,mg/kg,,1.0,normalized = original * 1,59.576102,4.930292,59.576102,4.930292,EPSG:4326,,2023,0.0,0.01,,,Inductively coupled plasma atomic emission spectroscopy (ICP-OES),Prøveframstilling følger prosedyre i LABdok_P03: Framstilling av analyseløsninger etter partiell oppslutning i salpetersyre iht. NS-4770.,NGU-Laboratory,2.0,mg/kg,norway-marchem,MarChem_Inorganic_Data_20260805T102709Z.csv#row=955,CC-BY-4.0,government,"[""MISSING_COORDINATE_UNCERTAINTY""]","{""band"":""high"",""completeness"":1.0,""method"":1.0,""overall"":0.943,""qc"":0.92,""source"":0.95,""spatial"":0.8,""version"":""d2-confidence-v1""}"
rec-99fc9b078d1a159c2e492f4863c401fedc86e980a9369e614958165c18765810,R3188MC05A_00-01 cm,Cu,sediment,dry_weight_partial_nitric_acid,13.1,13.1,mg/kg,reported,13.1,mg/kg,,1.0,normalized = original * 1,59.576102,4.930292,59.576102,4.930292,EPSG:4326,,2023,0.0,0.01,,,Inductively coupled plasma atomic emission spectroscopy (ICP-OES),Prøveframstilling følger prosedyre i LABdok_P03: Framstilling av analyseløsninger etter partiell oppslutning i salpetersyre iht. NS-4770.,NGU-Laboratory,1.0,mg/kg,norway-marchem,MarChem_Inorganic_Data_20260805T102709Z.csv#row=955,CC-BY-4.0,government,"[""MISSING_COORDINATE_UNCERTAINTY""]","{""band"":""high"",""completeness"":1.0,""method"":1.0,""overall"":0.943,""qc"":0.92,""source"":0.95,""spatial"":0.8,""version"":""d2-confidence-v1""}"
rec-00b1810cb0d76ac56b3ad6084f6c3dfb4f6ca38d9a6df73e6f02da4bb17ed0e7,R3188MC05A_00-01 cm,Ni,sediment,dry_weight_partial_nitric_acid,25.7,25.7,mg/kg,reported,25.7,mg/kg,,1.0,normalized = original * 1,59.576102,4.930292,59.576102,4.930292,EPSG:4326,,2023,0.0,0.01,,,Inductively coupled plasma atomic emission spectroscopy (ICP-OES),Prøveframstilling følger prosedyre i LABdok_P03: Framstilling av analyseløsninger etter partiell oppslutning i salpetersyre iht. NS-4770.,NGU-Laboratory,1.0,mg/kg,norway-marchem,MarChem_Inorganic_Data_20260805T102709Z.csv#row=955,CC-BY-4.0,government,"[""MISSING_COORDINATE_UNCERTAINTY""]","{""band"":""high"",""completeness"":1.0,""method"":1.0,""overall"":0.943,""qc"":0.92,""source"":0.95,""spatial"":0.8,""version"":""d2-confidence-v1""}"
rec-9ed380208718fa3ef24ada2c8920b3456894a05b1616c8748288b658934fefb7,R3188MC05A_00-01 cm,Zn,sediment,dry_weight_partial_nitric_acid,69.4,69.4,mg/kg,reported,69.4,mg/kg,,1.0,normalized = original * 1,59.576102,4.930292,59.576102,4.930292,EPSG:4326,,2023,0.0,0.01,,,Inductively coupled plasma atomic emission spectroscopy (ICP-OES),Prøveframstilling følger prosedyre i LABdok_P03: Framstilling av analyseløsninger etter partiell oppslutning i salpetersyre iht. NS-4770.,NGU-Laboratory,4.0,mg/kg,norway-marchem,MarChem_Inorganic_Data_20260805T102709Z.csv#row=955,CC-BY-4.0,government,"[""MISSING_COORDINATE_UNCERTAINTY""]","{""band"":""high"",""completeness"":1.0,""method"":1.0,""overall"":0.943,""qc"":0.92,""source"":0.95,""spatial"":0.8,""version"":""d2-confidence-v1""}"
rec-132ee9c50577d7fb1cb8be05355a490731900a7881eee6cacfd9190d709cfe25,R3425MC23A_00-01 cm,As,sediment,dry_weight_partial_nitric_acid,24.4,24.4,mg/kg,reported,24.4,mg/kg,,1.0,normalized = original * 1,56.732085,5.198095,56.732085,5.198095,EPSG:4326,,2024,0.0,0.01,,,Inductively coupled plasma atomic emission spectroscopy (ICP-OES),Prøveframstilling følger prosedyre i LABdok_P03: Framstilling av analyseløsninger etter partiell oppslutning i salpetersyre iht. NS-4770.,NGU-Laboratory,2.0,mg/kg,norway-marchem,MarChem_Inorganic_Data_20260805T102709Z.csv#row=996,CC-BY-4.0,government,"[""MISSING_COORDINATE_UNCERTAINTY""]","{""band"":""high"",""completeness"":1.0,""method"":1.0,""overall"":0.943,""qc"":0.92,""source"":0.95,""spatial"":0.8,""version"":""d2-confidence-v1""}"
rec-7db8cf8baf623ec661ab76a2a1b4ca53e6a1e53ba1287da11388ce9eae6f3c24,R3425MC23A_00-01 cm,Cu,sediment,dry_weight_partial_nitric_acid,11.7,11.7,mg/kg,reported,11.7,mg/kg,,1.0,normalized = original * 1,56.732085,5.198095,56.732085,5.198095,EPSG:4326,,2024,0.0,0.01,,,Inductively coupled plasma atomic emission spectroscopy (ICP-OES),Prøveframstilling følger prosedyre i LABdok_P03: Framstilling av analyseløsninger etter partiell oppslutning i salpetersyre iht. NS-4770.,NGU-Laboratory,1.0,mg/kg,norway-marchem,MarChem_Inorganic_Data_20260805T102709Z.csv#row=996,CC-BY-4.0,government,"[""MISSING_COORDINATE_UNCERTAINTY""]","{""band"":""high"",""completeness"":1.0,""method"":1.0,""overall"":0.943,""qc"":0.92,""source"":0.95,""spatial"":0.8,""version"":""d2-confidence-v1""}"
rec-31616c6d06c177e97b6909c770cccde2fb2d75828d6a72072fd44d9e9039c43c,R3425MC23A_00-01 cm,Ni,sediment,dry_weight_partial_nitric_acid,25.6,25.6,mg/kg,reported,25.6,mg/kg,,1.0,normalized = original * 1,56.732085,5.198095,56.732085,5.198095,EPSG:4326,,2024,0.0,0.01,,,Inductively coupled plasma atomic emission spectroscopy (ICP-OES),Prøveframstilling følger prosedyre i LABdok_P03: Framstilling av analyseløsninger etter partiell oppslutning i salpetersyre iht. NS-4770.,NGU-Laboratory,1.0,mg/kg,norway-marchem,MarChem_Inorganic_Data_20260805T102709Z.csv#row=996,CC-BY-4.0,government,"[""MISSING_COORDINATE_UNCERTAINTY""]","{""band"":""high"",""completeness"":1.0,""method"":1.0,""overall"":0.943,""qc"":0.92,""source"":0.95,""spatial"":0.8,""version"":""d2-confidence-v1""}"
rec-d6b0f90a0de6fc2c6ff6035e7042fd592d8ff92b3e8aa6845254e43227c767b9,R3425MC23A_00-01 cm,Zn,sediment,dry_weight_partial_nitric_acid,68.4,68.4,mg/kg,reported,68.4,mg/kg,,1.0,normalized = original * 1,56.732085,5.198095,56.732085,5.198095,EPSG:4326,,2024,0.0,0.01,,,Inductively coupled plasma atomic emission spectroscopy (ICP-OES),Prøveframstilling følger prosedyre i LABdok_P03: Framstilling av analyseløsninger etter partiell oppslutning i salpetersyre iht. NS-4770.,NGU-Laboratory,4.0,mg/kg,norway-marchem,MarChem_Inorganic_Data_20260805T102709Z.csv#row=996,CC-BY-4.0,government,"[""MISSING_COORDINATE_UNCERTAINTY""]","{""band"":""high"",""completeness"":1.0,""method"":1.0,""overall"":0.943,""qc"":0.92,""source"":0.95,""spatial"":0.8,""version"":""d2-confidence-v1""}"
rec-4b8294b1544ea4e0716e4c9c4bfa247d58ce226b72abf4563f87a3db8bc7cda0,R3560MC20A_00-01 cm,As,sediment,dry_weight_partial_nitric_acid,18.1,18.1,mg/kg,reported,18.1,mg/kg,,1.0,normalized = original * 1,59.364231,4.244871,59.364231,4.244871,EPSG:4326,,2024,0.0,0.01,,,Inductively coupled plasma atomic emission spectroscopy (ICP-OES),Prøveframstilling følger prosedyre i LABdok_P03: Framstilling av analyseløsninger etter partiell oppslutning i salpetersyre iht. NS-4770.,NGU-Laboratory,2.0,mg/kg,norway-marchem,MarChem_Inorganic_Data_20260805T102709Z.csv#row=1006,CC-BY-4.0,government,"[""MISSING_COORDINATE_UNCERTAINTY""]","{""band"":""high"",""completeness"":1.0,""method"":1.0,""overall"":0.943,""qc"":0.92,""source"":0.95,""spatial"":0.8,""version"":""d2-confidence-v1""}"
rec-3f79707b88e4ecf9802c5c3804a1c354a85fb5402f2162277a7e101301671838,R3560MC20A_00-01 cm,Cu,sediment,dry_weight_partial_nitric_acid,14.6,14.6,mg/kg,reported,14.6,mg/kg,,1.0,normalized = original * 1,59.364231,4.244871,59.364231,4.244871,EPSG:4326,,2024,0.0,0.01,,,Inductively coupled plasma atomic emission spectroscopy (ICP-OES),Prøveframstilling følger prosedyre i LABdok_P03: Framstilling av analyseløsninger etter partiell oppslutning i salpetersyre iht. NS-4770.,NGU-Laboratory,1.0,mg/kg,norway-marchem,MarChem_Inorganic_Data_20260805T102709Z.csv#row=1006,CC-BY-4.0,government,"[""MISSING_COORDINATE_UNCERTAINTY""]","{""band"":""high"",""completeness"":1.0,""method"":1.0,""overall"":0.943,""qc"":0.92,""source"":0.95,""spatial"":0.8,""version"":""d2-confidence-v1""}"
rec-8421983de9353fd3261bbd5baaf9944bb2d8f4dd6f3a916809df65b6696b36ab,R3560MC20A_00-01 cm,Ni,sediment,dry_weight_partial_nitric_acid,29.5,29.5,mg/kg,reported,29.5,mg/kg,,1.0,normalized = original * 1,59.364231,4.244871,59.364231,4.244871,EPSG:4326,,2024,0.0,0.01,,,Inductively coupled plasma atomic emission spectroscopy (ICP-OES),Prøveframstilling følger prosedyre i LABdok_P03: Framstilling av analyseløsninger etter partiell oppslutning i salpetersyre iht. NS-4770.,NGU-Laboratory,1.0,mg/kg,norway-marchem,MarChem_Inorganic_Data_20260805T102709Z.csv#row=1006,CC-BY-4.0,government,"[""MISSING_COORDINATE_UNCERTAINTY""]","{""band"":""high"",""completeness"":1.0,""method"":1.0,""overall"":0.943,""qc"":0.92,""source"":0.95,""spatial"":0.8,""version"":""d2-confidence-v1""}"
rec-21c3b92f928b09c15594db40fc6b3fe48b58033107863e716bc71065f3790e4c,R3560MC20A_00-01 cm,Zn,sediment,dry_weight_partial_nitric_acid,74.3,74.3,mg/kg,reported,74.3,mg/kg,,1.0,normalized = original * 1,59.364231,4.244871,59.364231,4.244871,EPSG:4326,,2024,0.0,0.01,,,Inductively coupled plasma atomic emission spectroscopy (ICP-OES),Prøveframstilling følger prosedyre i LABdok_P03: Framstilling av analyseløsninger etter partiell oppslutning i salpetersyre iht. NS-4770.,NGU-Laboratory,4.0,mg/kg,norway-marchem,MarChem_Inorganic_Data_20260805T102709Z.csv#row=1006,CC-BY-4.0,government,"[""MISSING_COORDINATE_UNCERTAINTY""]","{""band"":""high"",""completeness"":1.0,""method"":1.0,""overall"":0.943,""qc"":0.92,""source"":0.95,""spatial"":0.8,""version"":""d2-confidence-v1""}"
rec-905697a776222545b74abb0aabbe10b3e86b77cf7e53d630dd8c12c63a016be1,R3579GR20A_00-01 cm,As,sediment,dry_weight_partial_nitric_acid,<2.0,2.0,mg/kg,lt,,mg/kg,2.0,1.0,normalized = original * 1,57.141142,4.529466,57.141142,4.529466,EPSG:4326,,2024,0.0,0.01,,,Inductively coupled plasma atomic emission spectroscopy (ICP-OES),Prøveframstilling følger prosedyre i LABdok_P03: Framstilling av analyseløsninger etter partiell oppslutning i salpetersyre iht. NS-4770.,NGU-Laboratory,2.0,mg/kg,norway-marchem,MarChem_Inorganic_Data_20260805T102709Z.csv#row=1014,CC-BY-4.0,government,"[""CENSORED_VALUE"",""MISSING_COORDINATE_UNCERTAINTY""]","{""band"":""high"",""completeness"":1.0,""method"":1.0,""overall"":0.94,""qc"":0.9,""source"":0.95,""spatial"":0.8,""version"":""d2-confidence-v1""}"
rec-431e31198cbd44c4a8863a6c38060425fd58aa82e879f7f5859d562bd334952d,R3579GR20A_00-01 cm,Cu,sediment,dry_weight_partial_nitric_acid,<1.0,1.0,mg/kg,lt,,mg/kg,1.0,1.0,normalized = original * 1,57.141142,4.529466,57.141142,4.529466,EPSG:4326,,2024,0.0,0.01,,,Inductively coupled plasma atomic emission spectroscopy (ICP-OES),Prøveframstilling følger prosedyre i LABdok_P03: Framstilling av analyseløsninger etter partiell oppslutning i salpetersyre iht. NS-4770.,NGU-Laboratory,1.0,mg/kg,norway-marchem,MarChem_Inorganic_Data_20260805T102709Z.csv#row=1014,CC-BY-4.0,government,"[""CENSORED_VALUE"",""MISSING_COORDINATE_UNCERTAINTY""]","{""band"":""high"",""completeness"":1.0,""method"":1.0,""overall"":0.94,""qc"":0.9,""source"":0.95,""spatial"":0.8,""version"":""d2-confidence-v1""}"
rec-4aa202c7c8f607e2e6b7a94aca0e11658b629f33602e86b4312676d5001dd566,R3579GR20A_00-01 cm,Ni,sediment,dry_weight_partial_nitric_acid,1.1,1.1,mg/kg,reported,1.1,mg/kg,,1.0,normalized = original * 1,57.141142,4.529466,57.141142,4.529466,EPSG:4326,,2024,0.0,0.01,,,Inductively coupled plasma atomic emission spectroscopy (ICP-OES),Prøveframstilling følger prosedyre i LABdok_P03: Framstilling av analyseløsninger etter partiell oppslutning i salpetersyre iht. NS-4770.,NGU-Laboratory,1.0,mg/kg,norway-marchem,MarChem_Inorganic_Data_20260805T102709Z.csv#row=1014,CC-BY-4.0,government,"[""MISSING_COORDINATE_UNCERTAINTY""]","{""band"":""high"",""completeness"":1.0,""method"":1.0,""overall"":0.943,""qc"":0.92,""source"":0.95,""spatial"":0.8,""version"":""d2-confidence-v1""}"
rec-b7b8becca1c0044f302f0a27dd7ad93bc3a661d32b7f2ebce0ee0d92e9d92787,R3579GR20A_00-01 cm,Zn,sediment,dry_weight_partial_nitric_acid,<4.0,4.0,mg/kg,lt,,mg/kg,4.0,1.0,normalized = original * 1,57.141142,4.529466,57.141142,4.529466,EPSG:4326,,2024,0.0,0.01,,,Inductively coupled plasma atomic emission spectroscopy (ICP-OES),Prøveframstilling følger prosedyre i LABdok_P03: Framstilling av analyseløsninger etter partiell oppslutning i salpetersyre iht. NS-4770.,NGU-Laboratory,4.0,mg/kg,norway-marchem,MarChem_Inorganic_Data_20260805T102709Z.csv#row=1014,CC-BY-4.0,government,"[""CENSORED_VALUE"",""MISSING_COORDINATE_UNCERTAINTY""]","{""band"":""high"",""completeness"":1.0,""method"":1.0,""overall"":0.94,""qc"":0.9,""source"":0.95,""spatial"":0.8,""version"":""d2-confidence-v1""}"
rec-d80d469b69dfcd499ee744655f9a4dd428911c13fe0cb3609a45838d939141ce,R3579GR20A_01-02 cm,As,sediment,dry_weight_partial_nitric_acid,<2.0,2.0,mg/kg,lt,,mg/kg,2.0,1.0,normalized = original * 1,57.141142,4.529466,57.141142,4.529466,EPSG:4326,,2024,0.01,0.02,,,Inductively coupled plasma atomic emission spectroscopy (ICP-OES),Prøveframstilling følger prosedyre i LABdok_P03: Framstilling av analyseløsninger etter partiell oppslutning i salpetersyre iht. NS-4770.,NGU-Laboratory,2.0,mg/kg,norway-marchem,MarChem_Inorganic_Data_20260805T102709Z.csv#row=1015,CC-BY-4.0,government,"[""CENSORED_VALUE"",""MISSING_COORDINATE_UNCERTAINTY""]","{""band"":""high"",""completeness"":1.0,""method"":1.0,""overall"":0.94,""qc"":0.9,""source"":0.95,""spatial"":0.8,""version"":""d2-confidence-v1""}"
rec-0817210fb1419c4c39557a43603a962696d8fac23990d50966923f27fec8d4d1,R3579GR20A_01-02 cm,Cu,sediment,dry_weight_partial_nitric_acid,<1.0,1.0,mg/kg,lt,,mg/kg,1.0,1.0,normalized = original * 1,57.141142,4.529466,57.141142,4.529466,EPSG:4326,,2024,0.01,0.02,,,Inductively coupled plasma atomic emission spectroscopy (ICP-OES),Prøveframstilling følger prosedyre i LABdok_P03: Framstilling av analyseløsninger etter partiell oppslutning i salpetersyre iht. NS-4770.,NGU-Laboratory,1.0,mg/kg,norway-marchem,MarChem_Inorganic_Data_20260805T102709Z.csv#row=1015,CC-BY-4.0,government,"[""CENSORED_VALUE"",""MISSING_COORDINATE_UNCERTAINTY""]","{""band"":""high"",""completeness"":1.0,""method"":1.0,""overall"":0.94,""qc"":0.9,""source"":0.95,""spatial"":0.8,""version"":""d2-confidence-v1""}"
rec-0e03dfea8226c944590776d6a003209feb2f1e1f14e1c1e8c6932a33d13e1ee1,R3579GR20A_01-02 cm,Ni,sediment,dry_weight_partial_nitric_acid,<1.0,1.0,mg/kg,lt,,mg/kg,1.0,1.0,normalized = original * 1,57.141142,4.529466,57.141142,4.529466,EPSG:4326,,2024,0.01,0.02,,,Inductively coupled plasma atomic emission spectroscopy (ICP-OES),Prøveframstilling følger prosedyre i LABdok_P03: Framstilling av analyseløsninger etter partiell oppslutning i salpetersyre iht. NS-4770.,NGU-Laboratory,1.0,mg/kg,norway-marchem,MarChem_Inorganic_Data_20260805T102709Z.csv#row=1015,CC-BY-4.0,government,"[""CENSORED_VALUE"",""MISSING_COORDINATE_UNCERTAINTY""]","{""band"":""high"",""completeness"":1.0,""method"":1.0,""overall"":0.94,""qc"":0.9,""source"":0.95,""spatial"":0.8,""version"":""d2-confidence-v1""}"
rec-eda29bf76edb5f9e2aa9b262c0312480d07d2e0e71a3f12225574d1c68a2695d,R3579GR20A_01-02 cm,Zn,sediment,dry_weight_partial_nitric_acid,<4.0,4.0,mg/kg,lt,,mg/kg,4.0,1.0,normalized = original * 1,57.141142,4.529466,57.141142,4.529466,EPSG:4326,,2024,0.01,0.02,,,Inductively coupled plasma atomic emission spectroscopy (ICP-OES),Prøveframstilling følger prosedyre i LABdok_P03: Framstilling av analyseløsninger etter partiell oppslutning i salpetersyre iht. NS-4770.,NGU-Laboratory,4.0,mg/kg,norway-marchem,MarChem_Inorganic_Data_20260805T102709Z.csv#row=1015,CC-BY-4.0,government,"[""CENSORED_VALUE"",""MISSING_COORDINATE_UNCERTAINTY""]","{""band"":""high"",""completeness"":1.0,""method"":1.0,""overall"":0.94,""qc"":0.9,""source"":0.95,""spatial"":0.8,""version"":""d2-confidence-v1""}"
rec-49d55d053dd40239861d3721c9c4c618b230650f2abee4c5839557d4c8779cd2,R3510MC05A_36-37 cm,As,sediment,dry_weight_partial_nitric_acid,10.7,10.7,mg/kg,reported,10.7,mg/kg,,1.0,normalized = original * 1,79.629880,29.145813,79.62988,29.145813,EPSG:4326,,2024,0.36,0.37,,,Inductively coupled plasma atomic emission spectroscopy (ICP-OES),Prøveframstilling følger prosedyre i LABdok_P03: Framstilling av analyseløsninger etter partiell oppslutning i salpetersyre iht. NS-4770.,NGU-Laboratory,2.0,mg/kg,norway-marchem,MarChem_Inorganic_Data_20260805T102709Z.csv#row=1071,CC-BY-4.0,government,"[""MISSING_COORDINATE_UNCERTAINTY""]","{""band"":""high"",""completeness"":1.0,""method"":1.0,""overall"":0.943,""qc"":0.92,""source"":0.95,""spatial"":0.8,""version"":""d2-confidence-v1""}"
rec-2792c76d2c9232ef9f070629123f0bfc1b5df6d82296e505743906c2fe9b5e57,R3510MC05A_36-37 cm,Cu,sediment,dry_weight_partial_nitric_acid,23.8,23.8,mg/kg,reported,23.8,mg/kg,,1.0,normalized = original * 1,79.629880,29.145813,79.62988,29.145813,EPSG:4326,,2024,0.36,0.37,,,Inductively coupled plasma atomic emission spectroscopy (ICP-OES),Prøveframstilling følger prosedyre i LABdok_P03: Framstilling av analyseløsninger etter partiell oppslutning i salpetersyre iht. NS-4770.,NGU-Laboratory,1.0,mg/kg,norway-marchem,MarChem_Inorganic_Data_20260805T102709Z.csv#row=1071,CC-BY-4.0,government,"[""MISSING_COORDINATE_UNCERTAINTY""]","{""band"":""high"",""completeness"":1.0,""method"":1.0,""overall"":0.943,""qc"":0.92,""source"":0.95,""spatial"":0.8,""version"":""d2-confidence-v1""}"
rec-5b15e2be44e8012ec96d1bdd04538b2b397776fe2ca842f258fc884ba4b270e7,R3510MC05A_36-37 cm,Ni,sediment,dry_weight_partial_nitric_acid,44.5,44.5,mg/kg,reported,44.5,mg/kg,,1.0,normalized = original * 1,79.629880,29.145813,79.62988,29.145813,EPSG:4326,,2024,0.36,0.37,,,Inductively coupled plasma atomic emission spectroscopy (ICP-OES),Prøveframstilling følger prosedyre i LABdok_P03: Framstilling av analyseløsninger etter partiell oppslutning i salpetersyre iht. NS-4770.,NGU-Laboratory,1.0,mg/kg,norway-marchem,MarChem_Inorganic_Data_20260805T102709Z.csv#row=1071,CC-BY-4.0,government,"[""MISSING_COORDINATE_UNCERTAINTY""]","{""band"":""high"",""completeness"":1.0,""method"":1.0,""overall"":0.943,""qc"":0.92,""source"":0.95,""spatial"":0.8,""version"":""d2-confidence-v1""}"
rec-2d1f984d90d977e64bcbb78c2e649cc8a1cbf11dd5b1aa754237bc9347d5e715,R3510MC05A_36-37 cm,Zn,sediment,dry_weight_partial_nitric_acid,105.0,105.0,mg/kg,reported,105.0,mg/kg,,1.0,normalized = original * 1,79.629880,29.145813,79.62988,29.145813,EPSG:4326,,2024,0.36,0.37,,,Inductively coupled plasma atomic emission spectroscopy (ICP-OES),Prøveframstilling følger prosedyre i LABdok_P03: Framstilling av analyseløsninger etter partiell oppslutning i salpetersyre iht. NS-4770.,NGU-Laboratory,4.0,mg/kg,norway-marchem,MarChem_Inorganic_Data_20260805T102709Z.csv#row=1071,CC-BY-4.0,government,"[""MISSING_COORDINATE_UNCERTAINTY""]","{""band"":""high"",""completeness"":1.0,""method"":1.0,""overall"":0.943,""qc"":0.92,""source"":0.95,""spatial"":0.8,""version"":""d2-confidence-v1""}"
rec-42ced7d671e1b008dd14ef34a1c4d323e8ab53ef2dc6765ff8d6d64b767013a6,GA01|13|14.9m,Ni,water,dissolved_seawater_molar_per_mass,2.144948,2.144948,nmol/kg,reported,2.144948,nmol/kg,,1.0,normalized = original * 1,41.3829,-13.887604,41.3829,-13.887604,EPSG:4326,,2014-05-24T23:03:50,14.9,14.9,,global_ocean_cruise_track,,dissolved_fraction; contributor-specific protocol,,,,geotraces-idp2025,IDP2025_seawater_GEOTRACES_IDP2025_Seawater_9ZNEKNrP.txt#row=53,CC-BY-4.0,official_curated,"[""MISSING_ANALYTICAL_METHOD"",""MISSING_COORDINATE_UNCERTAINTY""]","{""band"":""high"",""completeness"":0.909091,""method"":0.666667,""overall"":0.861152,""qc"":0.84,""source"":1.0,""spatial"":0.8,""version"":""d2-confidence-v1""}"
rec-f3546151aba79c60b52c485d96b047a3a4da13f191dc6f6eb187dc4b42cd172a,GA01|13|14.9m,Zn,water,dissolved_seawater_molar_per_mass,0.074824,0.074824,nmol/kg,reported,0.074824,nmol/kg,,1.0,normalized = original * 1,41.3829,-13.887604,41.3829,-13.887604,EPSG:4326,,2014-05-24T23:03:50,14.9,14.9,,global_ocean_cruise_track,,dissolved_fraction; contributor-specific protocol,,,,geotraces-idp2025,IDP2025_seawater_GEOTRACES_IDP2025_Seawater_9ZNEKNrP.txt#row=53,CC-BY-4.0,official_curated,"[""MISSING_ANALYTICAL_METHOD"",""MISSING_COORDINATE_UNCERTAINTY""]","{""band"":""high"",""completeness"":0.909091,""method"":0.666667,""overall"":0.861152,""qc"":0.84,""source"":1.0,""spatial"":0.8,""version"":""d2-confidence-v1""}"
rec-45b11e981edba1076a3dd24d34e7080b136e84ca700e48a4a6450db0a3c145b9,GA01|13|59.5m,Ni,water,dissolved_seawater_molar_per_mass,2.450863,2.450863,nmol/kg,reported,2.450863,nmol/kg,,1.0,normalized = original * 1,41.3829,-13.887604,41.3829,-13.887604,EPSG:4326,,2014-05-24T23:03:50,59.5,59.5,,global_ocean_cruise_track,,dissolved_fraction; contributor-specific protocol,,,,geotraces-idp2025,IDP2025_seawater_GEOTRACES_IDP2025_Seawater_9ZNEKNrP.txt#row=96,CC-BY-4.0,official_curated,"[""MISSING_ANALYTICAL_METHOD"",""MISSING_COORDINATE_UNCERTAINTY""]","{""band"":""high"",""completeness"":0.909091,""method"":0.666667,""overall"":0.861152,""qc"":0.84,""source"":1.0,""spatial"":0.8,""version"":""d2-confidence-v1""}"
rec-f6238625cc9e957ee0adc8ee870fbc83f687647341325b52624d5ddf561d8854,GA01|13|59.5m,Zn,water,dissolved_seawater_molar_per_mass,0.35851,0.35851,nmol/kg,reported,0.35851,nmol/kg,,1.0,normalized = original * 1,41.3829,-13.887604,41.3829,-13.887604,EPSG:4326,,2014-05-24T23:03:50,59.5,59.5,,global_ocean_cruise_track,,dissolved_fraction; contributor-specific protocol,,,,geotraces-idp2025,IDP2025_seawater_GEOTRACES_IDP2025_Seawater_9ZNEKNrP.txt#row=96,CC-BY-4.0,official_curated,"[""MISSING_ANALYTICAL_METHOD"",""MISSING_COORDINATE_UNCERTAINTY""]","{""band"":""high"",""completeness"":0.909091,""method"":0.666667,""overall"":0.861152,""qc"":0.84,""source"":1.0,""spatial"":0.8,""version"":""d2-confidence-v1""}"
rec-c48ea0c35398ec6e58a223c960360cf7fc47146fdf67877c15519e93e55e8c50,GA01|13|99.1m,Ni,water,dissolved_seawater_molar_per_mass,2.629792,2.629792,nmol/kg,reported,2.629792,nmol/kg,,1.0,normalized = original * 1,41.3829,-13.887604,41.3829,-13.887604,EPSG:4326,,2014-05-24T23:03:50,99.1,99.1,,global_ocean_cruise_track,,dissolved_fraction; contributor-specific protocol,,,,geotraces-idp2025,IDP2025_seawater_GEOTRACES_IDP2025_Seawater_9ZNEKNrP.txt#row=125,CC-BY-4.0,official_curated,"[""MISSING_ANALYTICAL_METHOD"",""MISSING_COORDINATE_UNCERTAINTY""]","{""band"":""high"",""completeness"":0.909091,""method"":0.666667,""overall"":0.861152,""qc"":0.84,""source"":1.0,""spatial"":0.8,""version"":""d2-confidence-v1""}"
rec-ef4d3760a5a1e8e7e257cbd5b5980d13e12de371b61f8ef66a2a72b69d521afc,GA01|13|99.1m,Zn,water,dissolved_seawater_molar_per_mass,0.125532,0.125532,nmol/kg,reported,0.125532,nmol/kg,,1.0,normalized = original * 1,41.3829,-13.887604,41.3829,-13.887604,EPSG:4326,,2014-05-24T23:03:50,99.1,99.1,,global_ocean_cruise_track,,dissolved_fraction; contributor-specific protocol,,,,geotraces-idp2025,IDP2025_seawater_GEOTRACES_IDP2025_Seawater_9ZNEKNrP.txt#row=125,CC-BY-4.0,official_curated,"[""MISSING_ANALYTICAL_METHOD"",""MISSING_COORDINATE_UNCERTAINTY""]","{""band"":""high"",""completeness"":0.909091,""method"":0.666667,""overall"":0.861152,""qc"":0.84,""source"":1.0,""spatial"":0.8,""version"":""d2-confidence-v1""}"
rec-5c73afb2ceb641af63807219c4ecdd2818d25c2156fa8ce2e8c3f1c21bf99532,GA01|13|148.9m,Ni,water,dissolved_seawater_molar_per_mass,2.739713,2.739713,nmol/kg,reported,2.739713,nmol/kg,,1.0,normalized = original * 1,41.3829,-13.887604,41.3829,-13.887604,EPSG:4326,,2014-05-24T23:03:50,148.9,148.9,,global_ocean_cruise_track,,dissolved_fraction; contributor-specific protocol,,,,geotraces-idp2025,IDP2025_seawater_GEOTRACES_IDP2025_Seawater_9ZNEKNrP.txt#row=144,CC-BY-4.0,official_curated,"[""MISSING_ANALYTICAL_METHOD"",""MISSING_COORDINATE_UNCERTAINTY""]","{""band"":""high"",""completeness"":0.909091,""method"":0.666667,""overall"":0.861152,""qc"":0.84,""source"":1.0,""spatial"":0.8,""version"":""d2-confidence-v1""}"
rec-5aadc27c996ecf384efee9aa3b1ca48f723308cbc5a0066fb23b2af2c189338e,GA01|13|148.9m,Zn,water,dissolved_seawater_molar_per_mass,0.195598,0.195598,nmol/kg,reported,0.195598,nmol/kg,,1.0,normalized = original * 1,41.3829,-13.887604,41.3829,-13.887604,EPSG:4326,,2014-05-24T23:03:50,148.9,148.9,,global_ocean_cruise_track,,dissolved_fraction; contributor-specific protocol,,,,geotraces-idp2025,IDP2025_seawater_GEOTRACES_IDP2025_Seawater_9ZNEKNrP.txt#row=144,CC-BY-4.0,official_curated,"[""MISSING_ANALYTICAL_METHOD"",""MISSING_COORDINATE_UNCERTAINTY""]","{""band"":""high"",""completeness"":0.909091,""method"":0.666667,""overall"":0.861152,""qc"":0.84,""source"":1.0,""spatial"":0.8,""version"":""d2-confidence-v1""}"
rec-adfd4e36f13ba9abbb2fe1cdfe480b15cf8b61c133bb49324b9997c140f579a6,GA01|13|198.5m,Ni,water,dissolved_seawater_molar_per_mass,2.719651,2.719651,nmol/kg,reported,2.719651,nmol/kg,,1.0,normalized = original * 1,41.3829,-13.887604,41.3829,-13.887604,EPSG:4326,,2014-05-24T23:03:50,198.5,198.5,,global_ocean_cruise_track,,dissolved_fraction; contributor-specific protocol,,,,geotraces-idp2025,IDP2025_seawater_GEOTRACES_IDP2025_Seawater_9ZNEKNrP.txt#row=154,CC-BY-4.0,official_curated,"[""MISSING_ANALYTICAL_METHOD"",""MISSING_COORDINATE_UNCERTAINTY""]","{""band"":""high"",""completeness"":0.909091,""method"":0.666667,""overall"":0.861152,""qc"":0.84,""source"":1.0,""spatial"":0.8,""version"":""d2-confidence-v1""}"
rec-195e7eefb01a80f67515f68a0a5a018dcc0dc51bb458c0c1a22c1d6d90efc77f,GA01|13|198.5m,Zn,water,dissolved_seawater_molar_per_mass,0.150564,0.150564,nmol/kg,reported,0.150564,nmol/kg,,1.0,normalized = original * 1,41.3829,-13.887604,41.3829,-13.887604,EPSG:4326,,2014-05-24T23:03:50,198.5,198.5,,global_ocean_cruise_track,,dissolved_fraction; contributor-specific protocol,,,,geotraces-idp2025,IDP2025_seawater_GEOTRACES_IDP2025_Seawater_9ZNEKNrP.txt#row=154,CC-BY-4.0,official_curated,"[""MISSING_ANALYTICAL_METHOD"",""MISSING_COORDINATE_UNCERTAINTY""]","{""band"":""high"",""completeness"":0.909091,""method"":0.666667,""overall"":0.861152,""qc"":0.84,""source"":1.0,""spatial"":0.8,""version"":""d2-confidence-v1""}"
rec-9a214efd09194cd0ef50754288625a31618da75e27f243f8a44e3c989d369b6c,GA01|13|298.1m,Ni,water,dissolved_seawater_molar_per_mass,2.804783,2.804783,nmol/kg,reported,2.804783,nmol/kg,,1.0,normalized = original * 1,41.3829,-13.887604,41.3829,-13.887604,EPSG:4326,,2014-05-24T23:03:50,298.1,298.1,,global_ocean_cruise_track,,dissolved_fraction; contributor-specific protocol,,,,geotraces-idp2025,IDP2025_seawater_GEOTRACES_IDP2025_Seawater_9ZNEKNrP.txt#row=168,CC-BY-4.0,official_curated,"[""MISSING_ANALYTICAL_METHOD"",""MISSING_COORDINATE_UNCERTAINTY""]","{""band"":""high"",""completeness"":0.909091,""method"":0.666667,""overall"":0.861152,""qc"":0.84,""source"":1.0,""spatial"":0.8,""version"":""d2-confidence-v1""}"
rec-e078966252da55a5d3f5e272ea3a014715fd9528fd6ebdaa788c6fa34f5ca0c9,GA01|13|298.1m,Zn,water,dissolved_seawater_molar_per_mass,0.372402,0.372402,nmol/kg,reported,0.372402,nmol/kg,,1.0,normalized = original * 1,41.3829,-13.887604,41.3829,-13.887604,EPSG:4326,,2014-05-24T23:03:50,298.1,298.1,,global_ocean_cruise_track,,dissolved_fraction; contributor-specific protocol,,,,geotraces-idp2025,IDP2025_seawater_GEOTRACES_IDP2025_Seawater_9ZNEKNrP.txt#row=168,CC-BY-4.0,official_curated,"[""MISSING_ANALYTICAL_METHOD"",""MISSING_COORDINATE_UNCERTAINTY""]","{""band"":""high"",""completeness"":0.909091,""method"":0.666667,""overall"":0.861152,""qc"":0.84,""source"":1.0,""spatial"":0.8,""version"":""d2-confidence-v1""}"
rec-fdcc9ccd1fc0bf5a5ebfb21da8dc8cd585460dfa16d045488fe11d4fe77cc11a,GA01|13|495.2m,Ni,water,dissolved_seawater_molar_per_mass,3.063481,3.063481,nmol/kg,reported,3.063481,nmol/kg,,1.0,normalized = original * 1,41.3829,-13.887604,41.3829,-13.887604,EPSG:4326,,2014-05-24T23:03:50,495.2,495.2,,global_ocean_cruise_track,,dissolved_fraction; contributor-specific protocol,,,,geotraces-idp2025,IDP2025_seawater_GEOTRACES_IDP2025_Seawater_9ZNEKNrP.txt#row=182,CC-BY-4.0,official_curated,"[""MISSING_ANALYTICAL_METHOD"",""MISSING_COORDINATE_UNCERTAINTY""]","{""band"":""high"",""completeness"":0.909091,""method"":0.666667,""overall"":0.861152,""qc"":0.84,""source"":1.0,""spatial"":0.8,""version"":""d2-confidence-v1""}"
rec-44a0061e1dd305162c62a113a399112781322600e52947752cf2f6967ddcb7f6,GA01|13|495.2m,Zn,water,dissolved_seawater_molar_per_mass,0.838259,0.838259,nmol/kg,reported,0.838259,nmol/kg,,1.0,normalized = original * 1,41.3829,-13.887604,41.3829,-13.887604,EPSG:4326,,2014-05-24T23:03:50,495.2,495.2,,global_ocean_cruise_track,,dissolved_fraction; contributor-specific protocol,,,,geotraces-idp2025,IDP2025_seawater_GEOTRACES_IDP2025_Seawater_9ZNEKNrP.txt#row=182,CC-BY-4.0,official_curated,"[""MISSING_ANALYTICAL_METHOD"",""MISSING_COORDINATE_UNCERTAINTY""]","{""band"":""high"",""completeness"":0.909091,""method"":0.666667,""overall"":0.861152,""qc"":0.84,""source"":1.0,""spatial"":0.8,""version"":""d2-confidence-v1""}"
rec-e0b47197b5b954a522066151259bdd477ed123af5279cda4e13a20998cf5114d,GA01|13|594.9m,Ni,water,dissolved_seawater_molar_per_mass,3.199645,3.199645,nmol/kg,reported,3.199645,nmol/kg,,1.0,normalized = original * 1,41.3829,-13.887604,41.3829,-13.887604,EPSG:4326,,2014-05-24T23:03:50,594.9,594.9,,global_ocean_cruise_track,,dissolved_fraction; contributor-specific protocol,,,,geotraces-idp2025,IDP2025_seawater_GEOTRACES_IDP2025_Seawater_9ZNEKNrP.txt#row=187,CC-BY-4.0,official_curated,"[""MISSING_ANALYTICAL_METHOD"",""MISSING_COORDINATE_UNCERTAINTY""]","{""band"":""high"",""completeness"":0.909091,""method"":0.666667,""overall"":0.861152,""qc"":0.84,""source"":1.0,""spatial"":0.8,""version"":""d2-confidence-v1""}"
rec-1677aef1da3744b2efa8c71fe9c4ed8310263e5799dde26469d3d8c2e98e523c,GA01|13|594.9m,Zn,water,dissolved_seawater_molar_per_mass,1.020454,1.020454,nmol/kg,reported,1.020454,nmol/kg,,1.0,normalized = original * 1,41.3829,-13.887604,41.3829,-13.887604,EPSG:4326,,2014-05-24T23:03:50,594.9,594.9,,global_ocean_cruise_track,,dissolved_fraction; contributor-specific protocol,,,,geotraces-idp2025,IDP2025_seawater_GEOTRACES_IDP2025_Seawater_9ZNEKNrP.txt#row=187,CC-BY-4.0,official_curated,"[""MISSING_ANALYTICAL_METHOD"",""MISSING_COORDINATE_UNCERTAINTY""]","{""band"":""high"",""completeness"":0.909091,""method"":0.666667,""overall"":0.861152,""qc"":0.84,""source"":1.0,""spatial"":0.8,""version"":""d2-confidence-v1""}"
rec-50cbd8d61d5aac5c8ce920290fd976bad7feaa194089740190f407cf17f07b77,GA01|13|790.3m,Ni,water,dissolved_seawater_molar_per_mass,3.658931,3.658931,nmol/kg,reported,3.658931,nmol/kg,,1.0,normalized = original * 1,41.3829,-13.887604,41.3829,-13.887604,EPSG:4326,,2014-05-24T23:03:50,790.3,790.3,,global_ocean_cruise_track,,dissolved_fraction; contributor-specific protocol,,,,geotraces-idp2025,IDP2025_seawater_GEOTRACES_IDP2025_Seawater_9ZNEKNrP.txt#row=198,CC-BY-4.0,official_curated,"[""MISSING_ANALYTICAL_METHOD"",""MISSING_COORDINATE_UNCERTAINTY""]","{""band"":""high"",""completeness"":0.909091,""method"":0.666667,""overall"":0.861152,""qc"":0.84,""source"":1.0,""spatial"":0.8,""version"":""d2-confidence-v1""}"
rec-3038ee1520fee2721c3599446a3d68595c58d3d5514071612d9640814b29f6d6,GA01|13|790.3m,Zn,water,dissolved_seawater_molar_per_mass,2.148983,2.148983,nmol/kg,reported,2.148983,nmol/kg,,1.0,normalized = original * 1,41.3829,-13.887604,41.3829,-13.887604,EPSG:4326,,2014-05-24T23:03:50,790.3,790.3,,global_ocean_cruise_track,,dissolved_fraction; contributor-specific protocol,,,,geotraces-idp2025,IDP2025_seawater_GEOTRACES_IDP2025_Seawater_9ZNEKNrP.txt#row=198,CC-BY-4.0,official_curated,"[""MISSING_ANALYTICAL_METHOD"",""MISSING_COORDINATE_UNCERTAINTY""]","{""band"":""high"",""completeness"":0.909091,""method"":0.666667,""overall"":0.861152,""qc"":0.84,""source"":1.0,""spatial"":0.8,""version"":""d2-confidence-v1""}"
rec-5417ae2f9f9203de308f0261e8cd12aa0cbb7615781473624a8b3c124c74669f,GA01|13|990.2m,Ni,water,dissolved_seawater_molar_per_mass,3.836179,3.836179,nmol/kg,reported,3.836179,nmol/kg,,1.0,normalized = original * 1,41.3829,-13.887604,41.3829,-13.887604,EPSG:4326,,2014-05-24T23:03:50,990.2,990.2,,global_ocean_cruise_track,,dissolved_fraction; contributor-specific protocol,,,,geotraces-idp2025,IDP2025_seawater_GEOTRACES_IDP2025_Seawater_9ZNEKNrP.txt#row=208,CC-BY-4.0,official_curated,"[""MISSING_ANALYTICAL_METHOD"",""MISSING_COORDINATE_UNCERTAINTY""]","{""band"":""high"",""completeness"":0.909091,""method"":0.666667,""overall"":0.861152,""qc"":0.84,""source"":1.0,""spatial"":0.8,""version"":""d2-confidence-v1""}"
rec-11e373b629fa2a302d5ec54bacc543609bc8da05b1929c0adc9cb907de90bee1,GA01|13|1187.3m,Ni,water,dissolved_seawater_molar_per_mass,3.837632,3.837632,nmol/kg,reported,3.837632,nmol/kg,,1.0,normalized = original * 1,41.3829,-13.887604,41.3829,-13.887604,EPSG:4326,,2014-05-24T23:03:50,1187.3,1187.3,,global_ocean_cruise_track,,dissolved_fraction; contributor-specific protocol,,,,geotraces-idp2025,IDP2025_seawater_GEOTRACES_IDP2025_Seawater_9ZNEKNrP.txt#row=217,CC-BY-4.0,official_curated,"[""MISSING_ANALYTICAL_METHOD"",""MISSING_COORDINATE_UNCERTAINTY""]","{""band"":""high"",""completeness"":0.909091,""method"":0.666667,""overall"":0.861152,""qc"":0.84,""source"":1.0,""spatial"":0.8,""version"":""d2-confidence-v1""}"
rec-630e71ee90eefbd7d4d5d35f81b28546d23ad1ef50d11c4ff1913f66ff0157e6,GA01|13|1187.3m,Zn,water,dissolved_seawater_molar_per_mass,1.769945,1.769945,nmol/kg,reported,1.769945,nmol/kg,,1.0,normalized = original * 1,41.3829,-13.887604,41.3829,-13.887604,EPSG:4326,,2014-05-24T23:03:50,1187.3,1187.3,,global_ocean_cruise_track,,dissolved_fraction; contributor-specific protocol,,,,geotraces-idp2025,IDP2025_seawater_GEOTRACES_IDP2025_Seawater_9ZNEKNrP.txt#row=217,CC-BY-4.0,official_curated,"[""MISSING_ANALYTICAL_METHOD"",""MISSING_COORDINATE_UNCERTAINTY""]","{""band"":""high"",""completeness"":0.909091,""method"":0.666667,""overall"":0.861152,""qc"":0.84,""source"":1.0,""spatial"":0.8,""version"":""d2-confidence-v1""}"
rec-eb81c4049f0688b2b039be893b161c02e4ed95ca04cf77ed61f3d52edc7cd0bd,GA01|13|1975.3m,Ni,water,dissolved_seawater_molar_per_mass,3.971616,3.971616,nmol/kg,reported,3.971616,nmol/kg,,1.0,normalized = original * 1,41.3829,-13.887604,41.3829,-13.887604,EPSG:4326,,2014-05-24T23:03:50,1975.3,1975.3,,global_ocean_cruise_track,,dissolved_fraction; contributor-specific protocol,,,,geotraces-idp2025,IDP2025_seawater_GEOTRACES_IDP2025_Seawater_9ZNEKNrP.txt#row=230,CC-BY-4.0,official_curated,"[""MISSING_ANALYTICAL_METHOD"",""MISSING_COORDINATE_UNCERTAINTY""]","{""band"":""high"",""completeness"":0.909091,""method"":0.666667,""overall"":0.861152,""qc"":0.84,""source"":1.0,""spatial"":0.8,""version"":""d2-confidence-v1""}"
rec-74fa308894407c2a8967d1c4dee26e09ccc1813f607d17c14306b0e4101dd8aa,GA01|13|1975.3m,Zn,water,dissolved_seawater_molar_per_mass,1.877942,1.877942,nmol/kg,reported,1.877942,nmol/kg,,1.0,normalized = original * 1,41.3829,-13.887604,41.3829,-13.887604,EPSG:4326,,2014-05-24T23:03:50,1975.3,1975.3,,global_ocean_cruise_track,,dissolved_fraction; contributor-specific protocol,,,,geotraces-idp2025,IDP2025_seawater_GEOTRACES_IDP2025_Seawater_9ZNEKNrP.txt#row=230,CC-BY-4.0,official_curated,"[""MISSING_ANALYTICAL_METHOD"",""MISSING_COORDINATE_UNCERTAINTY""]","{""band"":""high"",""completeness"":0.909091,""method"":0.666667,""overall"":0.861152,""qc"":0.84,""source"":1.0,""spatial"":0.8,""version"":""d2-confidence-v1""}"
rec-a813d51a5867071a8d4f24ca51d1b376d2e4aa47e6be0a56fcbfb6dee32aaa93,GA01|13|2466.2m,Ni,water,dissolved_seawater_molar_per_mass,4.373907,4.373907,nmol/kg,reported,4.373907,nmol/kg,,1.0,normalized = original * 1,41.3829,-13.887604,41.3829,-13.887604,EPSG:4326,,2014-05-24T23:03:50,2466.2,2466.2,,global_ocean_cruise_track,,dissolved_fraction; contributor-specific protocol,,,,geotraces-idp2025,IDP2025_seawater_GEOTRACES_IDP2025_Seawater_9ZNEKNrP.txt#row=239,CC-BY-4.0,official_curated,"[""MISSING_ANALYTICAL_METHOD"",""MISSING_COORDINATE_UNCERTAINTY""]","{""band"":""high"",""completeness"":0.909091,""method"":0.666667,""overall"":0.861152,""qc"":0.84,""source"":1.0,""spatial"":0.8,""version"":""d2-confidence-v1""}"
rec-7a46f31127f345e0992f1aeea944507ea833d2e04dc410f09a400c5a4bf88b6c,GA01|13|2466.2m,Zn,water,dissolved_seawater_molar_per_mass,2.016448,2.016448,nmol/kg,reported,2.016448,nmol/kg,,1.0,normalized = original * 1,41.3829,-13.887604,41.3829,-13.887604,EPSG:4326,,2014-05-24T23:03:50,2466.2,2466.2,,global_ocean_cruise_track,,dissolved_fraction; contributor-specific protocol,,,,geotraces-idp2025,IDP2025_seawater_GEOTRACES_IDP2025_Seawater_9ZNEKNrP.txt#row=239,CC-BY-4.0,official_curated,"[""MISSING_ANALYTICAL_METHOD"",""MISSING_COORDINATE_UNCERTAINTY""]","{""band"":""high"",""completeness"":0.909091,""method"":0.666667,""overall"":0.861152,""qc"":0.84,""source"":1.0,""spatial"":0.8,""version"":""d2-confidence-v1""}"
rec-060b0c9a893245adc315f28b1fa632a53b1b601be45a9f02d218f8bac6694fe2,GA01|13|2951.8m,Ni,water,dissolved_seawater_molar_per_mass,4.876222,4.876222,nmol/kg,reported,4.876222,nmol/kg,,1.0,normalized = original * 1,41.3829,-13.887604,41.3829,-13.887604,EPSG:4326,,2014-05-24T23:03:50,2951.8,2951.8,,global_ocean_cruise_track,,dissolved_fraction; contributor-specific protocol,,,,geotraces-idp2025,IDP2025_seawater_GEOTRACES_IDP2025_Seawater_9ZNEKNrP.txt#row=244,CC-BY-4.0,official_curated,"[""MISSING_ANALYTICAL_METHOD"",""MISSING_COORDINATE_UNCERTAINTY""]","{""band"":""high"",""completeness"":0.909091,""method"":0.666667,""overall"":0.861152,""qc"":0.84,""source"":1.0,""spatial"":0.8,""version"":""d2-confidence-v1""}"
rec-9a202a4f3be72c765a4ebc5bd31bf66bb6be7e0025f8de86b332e0d3940253f8,GA01|13|2951.8m,Zn,water,dissolved_seawater_molar_per_mass,2.611973,2.611973,nmol/kg,reported,2.611973,nmol/kg,,1.0,normalized = original * 1,41.3829,-13.887604,41.3829,-13.887604,EPSG:4326,,2014-05-24T23:03:50,2951.8,2951.8,,global_ocean_cruise_track,,dissolved_fraction; contributor-specific protocol,,,,geotraces-idp2025,IDP2025_seawater_GEOTRACES_IDP2025_Seawater_9ZNEKNrP.txt#row=244,CC-BY-4.0,official_curated,"[""MISSING_ANALYTICAL_METHOD"",""MISSING_COORDINATE_UNCERTAINTY""]","{""band"":""high"",""completeness"":0.909091,""method"":0.666667,""overall"":0.861152,""qc"":0.84,""source"":1.0,""spatial"":0.8,""version"":""d2-confidence-v1""}"
rec-5461a0a47bd4cca80b93fe37d306d2bcee0d4aedffe199f929c2e6091ac276b6,GA01|13|3932.3m,Ni,water,dissolved_seawater_molar_per_mass,5.680176,5.680176,nmol/kg,reported,5.680176,nmol/kg,,1.0,normalized = original * 1,41.3829,-13.887604,41.3829,-13.887604,EPSG:4326,,2014-05-24T23:03:50,3932.3,3932.3,,global_ocean_cruise_track,,dissolved_fraction; contributor-specific protocol,,,,geotraces-idp2025,IDP2025_seawater_GEOTRACES_IDP2025_Seawater_9ZNEKNrP.txt#row=256,CC-BY-4.0,official_curated,"[""MISSING_ANALYTICAL_METHOD"",""MISSING_COORDINATE_UNCERTAINTY""]","{""band"":""high"",""completeness"":0.909091,""method"":0.666667,""overall"":0.861152,""qc"":0.84,""source"":1.0,""spatial"":0.8,""version"":""d2-confidence-v1""}"
rec-5983f5db3c77f80db87d164dda84eab45fbc7010f01405ae12d2595b34b48d21,GA01|13|3932.3m,Zn,water,dissolved_seawater_molar_per_mass,2.826912,2.826912,nmol/kg,reported,2.826912,nmol/kg,,1.0,normalized = original * 1,41.3829,-13.887604,41.3829,-13.887604,EPSG:4326,,2014-05-24T23:03:50,3932.3,3932.3,,global_ocean_cruise_track,,dissolved_fraction; contributor-specific protocol,,,,geotraces-idp2025,IDP2025_seawater_GEOTRACES_IDP2025_Seawater_9ZNEKNrP.txt#row=256,CC-BY-4.0,official_curated,"[""MISSING_ANALYTICAL_METHOD"",""MISSING_COORDINATE_UNCERTAINTY""]","{""band"":""high"",""completeness"":0.909091,""method"":0.666667,""overall"":0.861152,""qc"":0.84,""source"":1.0,""spatial"":0.8,""version"":""d2-confidence-v1""}"
rec-6f514118c62f0edacfb4d8258a9347254b951fd03a9aeb6929edbfc56724392e,GA01|13|4904.1m,Ni,water,dissolved_seawater_molar_per_mass,5.461539,5.461539,nmol/kg,reported,5.461539,nmol/kg,,1.0,normalized = original * 1,41.3829,-13.887604,41.3829,-13.887604,EPSG:4326,,2014-05-24T23:03:50,4904.1,4904.1,,global_ocean_cruise_track,,dissolved_fraction; contributor-specific protocol,,,,geotraces-idp2025,IDP2025_seawater_GEOTRACES_IDP2025_Seawater_9ZNEKNrP.txt#row=269,CC-BY-4.0,official_curated,"[""MISSING_ANALYTICAL_METHOD"",""MISSING_COORDINATE_UNCERTAINTY""]","{""band"":""high"",""completeness"":0.909091,""method"":0.666667,""overall"":0.861152,""qc"":0.84,""source"":1.0,""spatial"":0.8,""version"":""d2-confidence-v1""}"
rec-268eac5af191bb8ab90ca340e3c9c42526c6bde9570923efd1b5e77f5ac15856,GA01|13|4904.1m,Zn,water,dissolved_seawater_molar_per_mass,2.897639,2.897639,nmol/kg,reported,2.897639,nmol/kg,,1.0,normalized = original * 1,41.3829,-13.887604,41.3829,-13.887604,EPSG:4326,,2014-05-24T23:03:50,4904.1,4904.1,,global_ocean_cruise_track,,dissolved_fraction; contributor-specific protocol,,,,geotraces-idp2025,IDP2025_seawater_GEOTRACES_IDP2025_Seawater_9ZNEKNrP.txt#row=269,CC-BY-4.0,official_curated,"[""MISSING_ANALYTICAL_METHOD"",""MISSING_COORDINATE_UNCERTAINTY""]","{""band"":""high"",""completeness"":0.909091,""method"":0.666667,""overall"":0.861152,""qc"":0.84,""source"":1.0,""spatial"":0.8,""version"":""d2-confidence-v1""}"
rec-7aa4f6ee69c2b94e4202b2a707fe724a0f082fd0b2f8ce2e7f8799529b34c0e9,GA01|13|5329.9m,Zn,water,dissolved_seawater_molar_per_mass,3.654908,3.654908,nmol/kg,reported,3.654908,nmol/kg,,1.0,normalized = original * 1,41.3829,-13.887604,41.3829,-13.887604,EPSG:4326,,2014-05-24T23:03:50,5329.9,5329.9,,global_ocean_cruise_track,,dissolved_fraction; contributor-specific protocol,,,,geotraces-idp2025,IDP2025_seawater_GEOTRACES_IDP2025_Seawater_9ZNEKNrP.txt#row=282,CC-BY-4.0,official_curated,"[""MISSING_ANALYTICAL_METHOD"",""MISSING_COORDINATE_UNCERTAINTY""]","{""band"":""high"",""completeness"":0.909091,""method"":0.666667,""overall"":0.861152,""qc"":0.84,""source"":1.0,""spatial"":0.8,""version"":""d2-confidence-v1""}"
rec-397df3634c82929c1c1a85911cd1a0f6752923dc2ac00ca91baaca1fcdb4a09b,GA03|Station 10|135.4m,Cu,water,dissolved_seawater_molar_per_mass,1.169,1.169,nmol/kg,reported,1.169,nmol/kg,,1.0,normalized = original * 1,31.749399,-64.171906,31.749399,-64.171906,EPSG:4326,,2011-11-20T17:06:54,135.4,135.4,,global_ocean_cruise_track,,dissolved_fraction; contributor-specific protocol,,,,geotraces-idp2025,IDP2025_seawater_GEOTRACES_IDP2025_Seawater_9ZNEKNrP.txt#row=6420,CC-BY-4.0,official_curated,"[""MISSING_ANALYTICAL_METHOD"",""MISSING_COORDINATE_UNCERTAINTY""]","{""band"":""high"",""completeness"":0.909091,""method"":0.666667,""overall"":0.861152,""qc"":0.84,""source"":1.0,""spatial"":0.8,""version"":""d2-confidence-v1""}"
rec-5398106e9c8ece7ce1d228a4e6e79c384efae22c4954948322bb8e51e1968b8b,GA03|Station 10|186.1m,Cu,water,dissolved_seawater_molar_per_mass,1.187,1.187,nmol/kg,reported,1.187,nmol/kg,,1.0,normalized = original * 1,31.749399,-64.171906,31.749399,-64.171906,EPSG:4326,,2011-11-20T17:06:54,186.1,186.1,,global_ocean_cruise_track,,dissolved_fraction; contributor-specific protocol,,,,geotraces-idp2025,IDP2025_seawater_GEOTRACES_IDP2025_Seawater_9ZNEKNrP.txt#row=6428,CC-BY-4.0,official_curated,"[""MISSING_ANALYTICAL_METHOD"",""MISSING_COORDINATE_UNCERTAINTY""]","{""band"":""high"",""completeness"":0.909091,""method"":0.666667,""overall"":0.861152,""qc"":0.84,""source"":1.0,""spatial"":0.8,""version"":""d2-confidence-v1""}"
rec-433fc0f1a68b863f7ef7c90859309a3e57e88ff3c39138e65d127cf7d432c068,GA03|Station 10|236.3m,Cu,water,dissolved_seawater_molar_per_mass,1.022,1.022,nmol/kg,reported,1.022,nmol/kg,,1.0,normalized = original * 1,31.749399,-64.171906,31.749399,-64.171906,EPSG:4326,,2011-11-20T17:06:54,236.3,236.3,,global_ocean_cruise_track,,dissolved_fraction; contributor-specific protocol,,,,geotraces-idp2025,IDP2025_seawater_GEOTRACES_IDP2025_Seawater_9ZNEKNrP.txt#row=6432,CC-BY-4.0,official_curated,"[""MISSING_ANALYTICAL_METHOD"",""MISSING_COORDINATE_UNCERTAINTY""]","{""band"":""high"",""completeness"":0.909091,""method"":0.666667,""overall"":0.861152,""qc"":0.84,""source"":1.0,""spatial"":0.8,""version"":""d2-confidence-v1""}"
rec-3ed39acd4de518fb59d25b49aea1630f6059155b530d3893012e0817bbe0bd73,GA03|Station 10|286.6m,Cu,water,dissolved_seawater_molar_per_mass,1.241,1.241,nmol/kg,reported,1.241,nmol/kg,,1.0,normalized = original * 1,31.749399,-64.171906,31.749399,-64.171906,EPSG:4326,,2011-11-20T17:06:54,286.6,286.6,,global_ocean_cruise_track,,dissolved_fraction; contributor-specific protocol,,,,geotraces-idp2025,IDP2025_seawater_GEOTRACES_IDP2025_Seawater_9ZNEKNrP.txt#row=6437,CC-BY-4.0,official_curated,"[""MISSING_ANALYTICAL_METHOD"",""MISSING_COORDINATE_UNCERTAINTY""]","{""band"":""high"",""completeness"":0.909091,""method"":0.666667,""overall"":0.861152,""qc"":0.84,""source"":1.0,""spatial"":0.8,""version"":""d2-confidence-v1""}"
rec-c5ecaba62171d5712b9600594467ec75593bb25a9396dffc4ff42d58482f1d12,GA03|Station 10|345.7m,Cu,water,dissolved_seawater_molar_per_mass,0.864,0.864,nmol/kg,reported,0.864,nmol/kg,,1.0,normalized = original * 1,31.749399,-64.171906,31.749399,-64.171906,EPSG:4326,,2011-11-20T17:06:54,345.7,345.7,,global_ocean_cruise_track,,dissolved_fraction; contributor-specific protocol,,,,geotraces-idp2025,IDP2025_seawater_GEOTRACES_IDP2025_Seawater_9ZNEKNrP.txt#row=6440,CC-BY-4.0,official_curated,"[""MISSING_ANALYTICAL_METHOD"",""MISSING_COORDINATE_UNCERTAINTY""]","{""band"":""high"",""completeness"":0.909091,""method"":0.666667,""overall"":0.861152,""qc"":0.84,""source"":1.0,""spatial"":0.8,""version"":""d2-confidence-v1""}"
rec-0937f40bb39787365112b6590cee2cc9ed0c2b83574a9751780a20a5afd47c2e,GA03|Station 10|420.9m,Cu,water,dissolved_seawater_molar_per_mass,0.883,0.883,nmol/kg,reported,0.883,nmol/kg,,1.0,normalized = original * 1,31.749399,-64.171906,31.749399,-64.171906,EPSG:4326,,2011-11-20T17:06:54,420.9,420.9,,global_ocean_cruise_track,,dissolved_fraction; contributor-specific protocol,,,,geotraces-idp2025,IDP2025_seawater_GEOTRACES_IDP2025_Seawater_9ZNEKNrP.txt#row=6444,CC-BY-4.0,official_curated,"[""MISSING_ANALYTICAL_METHOD"",""MISSING_COORDINATE_UNCERTAINTY""]","{""band"":""high"",""completeness"":0.909091,""method"":0.666667,""overall"":0.861152,""qc"":0.84,""source"":1.0,""spatial"":0.8,""version"":""d2-confidence-v1""}"
rec-fc0072d6a393430af6e05c8bd3e4702e6b042138622a8a446dbb20d9a89d8910,GA03|Station 10|500.8m,Cu,water,dissolved_seawater_molar_per_mass,1.106,1.106,nmol/kg,reported,1.106,nmol/kg,,1.0,normalized = original * 1,31.749399,-64.171906,31.749399,-64.171906,EPSG:4326,,2011-11-20T17:06:54,500.8,500.8,,global_ocean_cruise_track,,dissolved_fraction; contributor-specific protocol,,,,geotraces-idp2025,IDP2025_seawater_GEOTRACES_IDP2025_Seawater_9ZNEKNrP.txt#row=6449,CC-BY-4.0,official_curated,"[""MISSING_ANALYTICAL_METHOD"",""MISSING_COORDINATE_UNCERTAINTY""]","{""band"":""high"",""completeness"":0.909091,""method"":0.666667,""overall"":0.861152,""qc"":0.84,""source"":1.0,""spatial"":0.8,""version"":""d2-confidence-v1""}"
rec-5ecea214816e6782398ddcc8df098f7333ca4165118bff300fdd25c33a6214f9,GA03|Station 10|576.7m,Cu,water,dissolved_seawater_molar_per_mass,1.004,1.004,nmol/kg,reported,1.004,nmol/kg,,1.0,normalized = original * 1,31.749399,-64.171906,31.749399,-64.171906,EPSG:4326,,2011-11-20T17:06:54,576.7,576.7,,global_ocean_cruise_track,,dissolved_fraction; contributor-specific protocol,,,,geotraces-idp2025,IDP2025_seawater_GEOTRACES_IDP2025_Seawater_9ZNEKNrP.txt#row=6453,CC-BY-4.0,official_curated,"[""MISSING_ANALYTICAL_METHOD"",""MISSING_COORDINATE_UNCERTAINTY""]","{""band"":""high"",""completeness"":0.909091,""method"":0.666667,""overall"":0.861152,""qc"":0.84,""source"":1.0,""spatial"":0.8,""version"":""d2-confidence-v1""}"
rec-8fe72c876ec0c87c9623d8bcbb39682381dd6ce127f98c2b095dcb08742f9b97,GA03|Station 10|801.2m,Cu,water,dissolved_seawater_molar_per_mass,1.142,1.142,nmol/kg,reported,1.142,nmol/kg,,1.0,normalized = original * 1,31.749399,-64.171906,31.749399,-64.171906,EPSG:4326,,2011-11-20T17:06:54,801.2,801.2,,global_ocean_cruise_track,,dissolved_fraction; contributor-specific protocol,,,,geotraces-idp2025,IDP2025_seawater_GEOTRACES_IDP2025_Seawater_9ZNEKNrP.txt#row=6463,CC-BY-4.0,official_curated,"[""MISSING_ANALYTICAL_METHOD"",""MISSING_COORDINATE_UNCERTAINTY""]","{""band"":""high"",""completeness"":0.909091,""method"":0.666667,""overall"":0.861152,""qc"":0.84,""source"":1.0,""spatial"":0.8,""version"":""d2-confidence-v1""}"
rec-088afba3751d89a2a6ed364ce7f7f007d66df7520193f11fd0f2418104dc0c35,GA03|Station 10|972.2m,Cu,water,dissolved_seawater_molar_per_mass,1.299,1.299,nmol/kg,reported,1.299,nmol/kg,,1.0,normalized = original * 1,31.749399,-64.171906,31.749399,-64.171906,EPSG:4326,,2011-11-20T17:06:54,972.2,972.2,,global_ocean_cruise_track,,dissolved_fraction; contributor-specific protocol,,,,geotraces-idp2025,IDP2025_seawater_GEOTRACES_IDP2025_Seawater_9ZNEKNrP.txt#row=6470,CC-BY-4.0,official_curated,"[""MISSING_ANALYTICAL_METHOD"",""MISSING_COORDINATE_UNCERTAINTY""]","{""band"":""high"",""completeness"":0.909091,""method"":0.666667,""overall"":0.861152,""qc"":0.84,""source"":1.0,""spatial"":0.8,""version"":""d2-confidence-v1""}"
rec-c541a7c88e7c23fb428a722f460afda421688ad8cb7be39172c2095a679d1711,GA03|Station 10|1075.8m,Cu,water,dissolved_seawater_molar_per_mass,1.286,1.286,nmol/kg,reported,1.286,nmol/kg,,1.0,normalized = original * 1,31.749399,-64.171906,31.749399,-64.171906,EPSG:4326,,2011-11-20T17:06:54,1075.8,1075.8,,global_ocean_cruise_track,,dissolved_fraction; contributor-specific protocol,,,,geotraces-idp2025,IDP2025_seawater_GEOTRACES_IDP2025_Seawater_9ZNEKNrP.txt#row=6471,CC-BY-4.0,official_curated,"[""MISSING_ANALYTICAL_METHOD"",""MISSING_COORDINATE_UNCERTAINTY""]","{""band"":""high"",""completeness"":0.909091,""method"":0.666667,""overall"":0.861152,""qc"":0.84,""source"":1.0,""spatial"":0.8,""version"":""d2-confidence-v1""}"
rec-5508ee3ce28e0c81aa64c2e0512570f19291018573ea326ae1dcafe4a164bf38,GA03|Station 10|1200.5m,Cu,water,dissolved_seawater_molar_per_mass,1.246,1.246,nmol/kg,reported,1.246,nmol/kg,,1.0,normalized = original * 1,31.749399,-64.171906,31.749399,-64.171906,EPSG:4326,,2011-11-20T17:06:54,1200.5,1200.5,,global_ocean_cruise_track,,dissolved_fraction; contributor-specific protocol,,,,geotraces-idp2025,IDP2025_seawater_GEOTRACES_IDP2025_Seawater_9ZNEKNrP.txt#row=6474,CC-BY-4.0,official_curated,"[""MISSING_ANALYTICAL_METHOD"",""MISSING_COORDINATE_UNCERTAINTY""]","{""band"":""high"",""completeness"":0.909091,""method"":0.666667,""overall"":0.861152,""qc"":0.84,""source"":1.0,""spatial"":0.8,""version"":""d2-confidence-v1""}"
rec-6c205b12535227229bd5cd3e68254c4845caf7b042a5173f829ec1f1cc2127a8,GA03|Station 10|1351.5m,Cu,water,dissolved_seawater_molar_per_mass,1.228,1.228,nmol/kg,reported,1.228,nmol/kg,,1.0,normalized = original * 1,31.749399,-64.171906,31.749399,-64.171906,EPSG:4326,,2011-11-20T17:06:54,1351.5,1351.5,,global_ocean_cruise_track,,dissolved_fraction; contributor-specific protocol,,,,geotraces-idp2025,IDP2025_seawater_GEOTRACES_IDP2025_Seawater_9ZNEKNrP.txt#row=6478,CC-BY-4.0,official_curated,"[""MISSING_ANALYTICAL_METHOD"",""MISSING_COORDINATE_UNCERTAINTY""]","{""band"":""high"",""completeness"":0.909091,""method"":0.666667,""overall"":0.861152,""qc"":0.84,""source"":1.0,""spatial"":0.8,""version"":""d2-confidence-v1""}"
rec-7e08c04fb744923b09f61e87c8770ac6d0135eca38bb546a4169161f954c9d80,GA03|Station 10|1500.7m,Cu,water,dissolved_seawater_molar_per_mass,1.268,1.268,nmol/kg,reported,1.268,nmol/kg,,1.0,normalized = original * 1,31.749399,-64.171906,31.749399,-64.171906,EPSG:4326,,2011-11-20T17:06:54,1500.7,1500.7,,global_ocean_cruise_track,,dissolved_fraction; contributor-specific protocol,,,,geotraces-idp2025,IDP2025_seawater_GEOTRACES_IDP2025_Seawater_9ZNEKNrP.txt#row=6483,CC-BY-4.0,official_curated,"[""MISSING_ANALYTICAL_METHOD"",""MISSING_COORDINATE_UNCERTAINTY""]","{""band"":""high"",""completeness"":0.909091,""method"":0.666667,""overall"":0.861152,""qc"":0.84,""source"":1.0,""spatial"":0.8,""version"":""d2-confidence-v1""}"
rec-dac983d1e966126d53b542084fe19bbd768212561b93bfdb182ae66c048f4105,GA03|Station 10|1650.8m,Cu,water,dissolved_seawater_molar_per_mass,1.314,1.314,nmol/kg,reported,1.314,nmol/kg,,1.0,normalized = original * 1,31.749399,-64.171906,31.749399,-64.171906,EPSG:4326,,2011-11-20T17:06:54,1650.8,1650.8,,global_ocean_cruise_track,,dissolved_fraction; contributor-specific protocol,,,,geotraces-idp2025,IDP2025_seawater_GEOTRACES_IDP2025_Seawater_9ZNEKNrP.txt#row=6486,CC-BY-4.0,official_curated,"[""MISSING_ANALYTICAL_METHOD"",""MISSING_COORDINATE_UNCERTAINTY""]","{""band"":""high"",""completeness"":0.909091,""method"":0.666667,""overall"":0.861152,""qc"":0.84,""source"":1.0,""spatial"":0.8,""version"":""d2-confidence-v1""}"
rec-ceca5795ce79bc05f58151c826530415e02d17e26db03087b8c56495089a2a95,GA03|Station 10|1951m,Cu,water,dissolved_seawater_molar_per_mass,1.344,1.344,nmol/kg,reported,1.344,nmol/kg,,1.0,normalized = original * 1,31.749399,-64.171906,31.749399,-64.171906,EPSG:4326,,2011-11-20T17:06:54,1951.0,1951.0,,global_ocean_cruise_track,,dissolved_fraction; contributor-specific protocol,,,,geotraces-idp2025,IDP2025_seawater_GEOTRACES_IDP2025_Seawater_9ZNEKNrP.txt#row=6492,CC-BY-4.0,official_curated,"[""MISSING_ANALYTICAL_METHOD"",""MISSING_COORDINATE_UNCERTAINTY""]","{""band"":""high"",""completeness"":0.909091,""method"":0.666667,""overall"":0.861152,""qc"":0.84,""source"":1.0,""spatial"":0.8,""version"":""d2-confidence-v1""}"
rec-b66c0ee94ee5fbfc914b019e645c1d792810ed6eeeb57ad9c54e8c60020bc785,CAN00018|2001-09-25T13:45|0.3|As-Tot,As,water,freshwater_total_fraction,0.0005,0.0005,mg/l,reported,0.5,ug/L,,1000.0,normalized = original * 1000,60.12,-137.97,60.12,-137.97,EPSG:4326,,2001-09-25T13:45,0.3,0.3,,,Inductively Coupled Plasma (ICP) Method with AsH3 Generation and S2O8 Digestion,GEMStat total operational fraction,,,,gemstat-open-archive,Arsenic.csv#row=25632,CC-BY-4.0,official_curated,"[""MISSING_COORDINATE_UNCERTAINTY""]","{""band"":""high"",""completeness"":1.0,""method"":1.0,""overall"":0.958,""qc"":0.92,""source"":1.0,""spatial"":0.8,""version"":""d2-confidence-v1""}"
rec-14c2096bbe24e7214422a068cde15e03de5683623af109ae8f27c4769d46ba32,CAN00018|2001-09-25T13:45|0.3|As-Tot,As,water,freshwater_total_fraction,0.0005,0.0005,mg/l,reported,0.5,ug/L,,1000.0,normalized = original * 1000,60.12,-137.97,60.12,-137.97,EPSG:4326,,2001-09-25T13:45,0.3,0.3,,,"Determination of total arsenic, antimony and selenium by inductively coupled argon plasma",GEMStat total operational fraction,,,,gemstat-open-archive,Arsenic.csv#row=25633,CC-BY-4.0,official_curated,"[""MISSING_COORDINATE_UNCERTAINTY""]","{""band"":""high"",""completeness"":1.0,""method"":1.0,""overall"":0.958,""qc"":0.92,""source"":1.0,""spatial"":0.8,""version"":""d2-confidence-v1""}"
rec-292526db99b756942bbd8c0f017078be8fdca835aee283d9f64328e5673ec371,CAN00018|2001-09-25T13:55|1.0|As-Tot,As,water,freshwater_total_fraction,0.0001,0.0001,mg/l,reported,0.1,ug/L,,1000.0,normalized = original * 1000,60.12,-137.97,60.12,-137.97,EPSG:4326,,2001-09-25T13:55,1.0,1.0,,,Inductively Coupled Plasma (ICP) Method with AsH3 Generation and S2O8 Digestion,GEMStat total operational fraction,,,,gemstat-open-archive,Arsenic.csv#row=25634,CC-BY-4.0,official_curated,"[""MISSING_COORDINATE_UNCERTAINTY""]","{""band"":""high"",""completeness"":1.0,""method"":1.0,""overall"":0.958,""qc"":0.92,""source"":1.0,""spatial"":0.8,""version"":""d2-confidence-v1""}"
rec-5e84da54544f6b9b62c71320b912e48025a9dc62d7c8c29d63c418ea3f43cee4,CAN00018|2002-01-16T14:00|0.3|As-Tot,As,water,freshwater_total_fraction,0.0005,0.0005,mg/l,reported,0.5,ug/L,,1000.0,normalized = original * 1000,60.12,-137.97,60.12,-137.97,EPSG:4326,,2002-01-16T14:00,0.3,0.3,,,Inductively Coupled Plasma (ICP) Method with AsH3 Generation and S2O8 Digestion,GEMStat total operational fraction,,,,gemstat-open-archive,Arsenic.csv#row=25635,CC-BY-4.0,official_curated,"[""MISSING_COORDINATE_UNCERTAINTY""]","{""band"":""high"",""completeness"":1.0,""method"":1.0,""overall"":0.958,""qc"":0.92,""source"":1.0,""spatial"":0.8,""version"":""d2-confidence-v1""}"
rec-71b833a6bf1468e46c50df4bf26162312cc260a13257129e8e9a79ebba05818f,CAN00018|2002-01-16T14:00|0.3|As-Tot,As,water,freshwater_total_fraction,0.0005,0.0005,mg/l,reported,0.5,ug/L,,1000.0,normalized = original * 1000,60.12,-137.97,60.12,-137.97,EPSG:4326,,2002-01-16T14:00,0.3,0.3,,,"Determination of total arsenic, antimony and selenium by inductively coupled argon plasma",GEMStat total operational fraction,,,,gemstat-open-archive,Arsenic.csv#row=25636,CC-BY-4.0,official_curated,"[""MISSING_COORDINATE_UNCERTAINTY""]","{""band"":""high"",""completeness"":1.0,""method"":1.0,""overall"":0.958,""qc"":0.92,""source"":1.0,""spatial"":0.8,""version"":""d2-confidence-v1""}"
rec-23edc1d52c885bfa8fe15de4c7aa76d1731ef7c183ff543d98b254c5be2ca0d0,CAN00018|2003-04-09T11:00|0.3|As-Tot,As,water,freshwater_total_fraction,0.0007,0.0007,mg/l,reported,0.7,ug/L,,1000.0,normalized = original * 1000,60.12,-137.97,60.12,-137.97,EPSG:4326,,2003-04-09T11:00,0.3,0.3,,,Inductively-Coupled Plasma Sector Field Mass Spectrometry with Closed Vessel Digestion,GEMStat total operational fraction,,,,gemstat-open-archive,Arsenic.csv#row=25637,CC-BY-4.0,official_curated,"[""MISSING_COORDINATE_UNCERTAINTY""]","{""band"":""high"",""completeness"":1.0,""method"":1.0,""overall"":0.958,""qc"":0.92,""source"":1.0,""spatial"":0.8,""version"":""d2-confidence-v1""}"
rec-e4d2b92ac4d6fe936c7ee0a75cd868bc045d6a47d033cd2202ffe1da834928a4,CAN00018|2003-04-09T11:00|0.3|As-Tot,As,water,freshwater_total_fraction,0.73,0.73,µg/l,reported,0.73,ug/L,,1.0,normalized = original * 1,60.12,-137.97,60.12,-137.97,EPSG:4326,,2003-04-09T11:00,0.3,0.3,,,Total metals with in-bottle digestion and inductively coupled plasma-sector field mass spectrometer,GEMStat total operational fraction,,,,gemstat-open-archive,Arsenic.csv#row=25638,CC-BY-4.0,official_curated,"[""MISSING_COORDINATE_UNCERTAINTY""]","{""band"":""high"",""completeness"":1.0,""method"":1.0,""overall"":0.958,""qc"":0.92,""source"":1.0,""spatial"":0.8,""version"":""d2-confidence-v1""}"
rec-c1dc35a4b785554936c3bb23b6445b66d3fedfa5cb156d563d04e279143f5c2d,CAN00018|2003-05-23T12:50|0.3|As-Tot,As,water,freshwater_total_fraction,0.72,0.72,µg/l,reported,0.72,ug/L,,1.0,normalized = original * 1,60.12,-137.97,60.12,-137.97,EPSG:4326,,2003-05-23T12:50,0.3,0.3,,,Total metals with in-bottle digestion and inductively coupled plasma-sector field mass spectrometer,GEMStat total operational fraction,,,,gemstat-open-archive,Arsenic.csv#row=25640,CC-BY-4.0,official_curated,"[""MISSING_COORDINATE_UNCERTAINTY""]","{""band"":""high"",""completeness"":1.0,""method"":1.0,""overall"":0.958,""qc"":0.92,""source"":1.0,""spatial"":0.8,""version"":""d2-confidence-v1""}"
rec-98ef687ce1b99c47805bc9512c3522bae45a84ae568ad6d7cd7da666ef43b490,CAN00018|2003-06-19T13:30|0.3|As-Tot,As,water,freshwater_total_fraction,0.9,0.9,µg/l,reported,0.9,ug/L,,1.0,normalized = original * 1,60.12,-137.97,60.12,-137.97,EPSG:4326,,2003-06-19T13:30,0.3,0.3,,,Total metals with in-bottle digestion and inductively coupled plasma-sector field mass spectrometer,GEMStat total operational fraction,,,,gemstat-open-archive,Arsenic.csv#row=25641,CC-BY-4.0,official_curated,"[""MISSING_COORDINATE_UNCERTAINTY""]","{""band"":""high"",""completeness"":1.0,""method"":1.0,""overall"":0.958,""qc"":0.92,""source"":1.0,""spatial"":0.8,""version"":""d2-confidence-v1""}"
rec-148ccb7c7373ee9bfc7021a3d78f2c8e4ffc20f3ca2aa52c0549f95f4e130b5f,CAN00018|2004-02-25T11:30|0.3|As-Tot,As,water,freshwater_total_fraction,0.82,0.82,µg/l,reported,0.82,ug/L,,1.0,normalized = original * 1,60.12,-137.97,60.12,-137.97,EPSG:4326,,2004-02-25T11:30,0.3,0.3,,,Total metals with in-bottle digestion and inductively coupled plasma-sector field mass spectrometer,GEMStat total operational fraction,,,,gemstat-open-archive,Arsenic.csv#row=25644,CC-BY-4.0,official_curated,"[""MISSING_COORDINATE_UNCERTAINTY""]","{""band"":""high"",""completeness"":1.0,""method"":1.0,""overall"":0.958,""qc"":0.92,""source"":1.0,""spatial"":0.8,""version"":""d2-confidence-v1""}"
rec-90a5f62b74c15902becba5fde16dd5340a6b8627fda0e8a89d8e296b70b5ae57,CAN00018|2004-06-04T13:55|0.3|As-Tot,As,water,freshwater_total_fraction,0.86,0.86,µg/l,reported,0.86,ug/L,,1.0,normalized = original * 1,60.12,-137.97,60.12,-137.97,EPSG:4326,,2004-06-04T13:55,0.3,0.3,,,Total metals with in-bottle digestion and inductively coupled plasma-sector field mass spectrometer,GEMStat total operational fraction,,,,gemstat-open-archive,Arsenic.csv#row=25645,CC-BY-4.0,official_curated,"[""MISSING_COORDINATE_UNCERTAINTY""]","{""band"":""high"",""completeness"":1.0,""method"":1.0,""overall"":0.958,""qc"":0.92,""source"":1.0,""spatial"":0.8,""version"":""d2-confidence-v1""}"
rec-2166a4f7663d420fb02489ae205820ec054393d156d808a9a0784cab71aaba54,CAN00018|2004-08-18T13:50|0.3|As-Tot,As,water,freshwater_total_fraction,1.66,1.66,µg/l,reported,1.66,ug/L,,1.0,normalized = original * 1,60.12,-137.97,60.12,-137.97,EPSG:4326,,2004-08-18T13:50,0.3,0.3,,,Total metals with in-bottle digestion and inductively coupled plasma-sector field mass spectrometer,GEMStat total operational fraction,,,,gemstat-open-archive,Arsenic.csv#row=25647,CC-BY-4.0,official_curated,"[""MISSING_COORDINATE_UNCERTAINTY""]","{""band"":""high"",""completeness"":1.0,""method"":1.0,""overall"":0.958,""qc"":0.92,""source"":1.0,""spatial"":0.8,""version"":""d2-confidence-v1""}"
rec-a52ee4b335cece84fc97c82054b50a3d0964a7232635c9c9d38e127bbe44f951,CAN00021|2003-11-03T11:51|0.3|As-Tot,As,water,freshwater_total_fraction,0.01,0.01,µg/l,lt,,ug/L,0.01,1.0,normalized = original * 1,51.21,-117.7,51.21,-117.7,EPSG:4326,,2003-11-03T11:51,0.3,0.3,,,Total metals with in-bottle digestion and inductively coupled plasma-sector field mass spectrometer,GEMStat total operational fraction,,0.01,µg/l,gemstat-open-archive,Arsenic.csv#row=26008,CC-BY-4.0,official_curated,"[""CENSORED_VALUE"",""MISSING_COORDINATE_UNCERTAINTY""]","{""band"":""high"",""completeness"":1.0,""method"":1.0,""overall"":0.955,""qc"":0.9,""source"":1.0,""spatial"":0.8,""version"":""d2-confidence-v1""}"
rec-59ae0d96455f41f2fd9407a88e8ad463a86fced2fab35247409d10c1ee1d6260,CAN00021|2006-12-11T12:38|0.3|As-Tot,As,water,freshwater_total_fraction,0.01,0.01,µg/l,lt,,ug/L,0.01,1.0,normalized = original * 1,51.21,-117.7,51.21,-117.7,EPSG:4326,,2006-12-11T12:38,0.3,0.3,,,Total metals with in-bottle digestion and inductively coupled plasma-sector field mass spectrometer,GEMStat total operational fraction,,0.01,µg/l,gemstat-open-archive,Arsenic.csv#row=26052,CC-BY-4.0,official_curated,"[""CENSORED_VALUE"",""MISSING_COORDINATE_UNCERTAINTY""]","{""band"":""high"",""completeness"":1.0,""method"":1.0,""overall"":0.955,""qc"":0.9,""source"":1.0,""spatial"":0.8,""version"":""d2-confidence-v1""}"
rec-69dca43172f30904b599d3c948ba0565377baea3af0b23ffa5289ef0b5360f94,CAN00022|2003-03-26T10:50|0.3|As-Sus,As,water,freshwater_suspended_fraction,0.02,0.02,µg/l,reported,0.02,ug/L,,1.0,normalized = original * 1,51.42,-116.44,51.42,-116.44,EPSG:4326,,2003-03-26T10:50,0.3,0.3,,,Extractable metals with inductively coupled argon plasma-sector field mass spectrometer (ICP-SFMS),GEMStat suspended operational fraction,,,,gemstat-open-archive,Arsenic.csv#row=26261,CC-BY-4.0,official_curated,"[""MISSING_COORDINATE_UNCERTAINTY""]","{""band"":""high"",""completeness"":1.0,""method"":1.0,""overall"":0.958,""qc"":0.92,""source"":1.0,""spatial"":0.8,""version"":""d2-confidence-v1""}"
rec-01c48412cf4affe17aacbb8121b5dbf950f2ff678c4ef79c7e0b736c61b83c6a,CAN00022|2003-04-08T09:30|0.3|As-Sus,As,water,freshwater_suspended_fraction,0.01,0.01,µg/l,reported,0.01,ug/L,,1.0,normalized = original * 1,51.42,-116.44,51.42,-116.44,EPSG:4326,,2003-04-08T09:30,0.3,0.3,,,Extractable metals with inductively coupled argon plasma-sector field mass spectrometer (ICP-SFMS),GEMStat suspended operational fraction,,,,gemstat-open-archive,Arsenic.csv#row=26263,CC-BY-4.0,official_curated,"[""MISSING_COORDINATE_UNCERTAINTY""]","{""band"":""high"",""completeness"":1.0,""method"":1.0,""overall"":0.958,""qc"":0.92,""source"":1.0,""spatial"":0.8,""version"":""d2-confidence-v1""}"
rec-a39e1474a42174d61594c7aede1ff565c52c8920bbd493d599db7e568b3ffc8a,CAN00023|2000-01-05T12:00|0.3|As-Tot,As,water,freshwater_total_fraction,0.0001,0.0001,mg/l,lt,,ug/L,0.1,1000.0,normalized = original * 1000,49.02,-117.6,49.02,-117.6,EPSG:4326,,2000-01-05T12:00,0.3,0.3,,,Inductively Coupled Plasma (ICP) Method with AsH3 Generation and S2O8 Digestion,GEMStat total operational fraction,,0.0001,mg/l,gemstat-open-archive,Arsenic.csv#row=26598,CC-BY-4.0,official_curated,"[""CENSORED_VALUE"",""MISSING_COORDINATE_UNCERTAINTY""]","{""band"":""high"",""completeness"":1.0,""method"":1.0,""overall"":0.955,""qc"":0.9,""source"":1.0,""spatial"":0.8,""version"":""d2-confidence-v1""}"
rec-f3596a041632ab3042a2a5895f92571ebe93e7c435c739d46c5cff7ab3112e53,CAN00023|2000-01-05T12:00|0.3|As-Tot,As,water,freshwater_total_fraction,0.0001,0.0001,mg/l,lt,,ug/L,0.1,1000.0,normalized = original * 1000,49.02,-117.6,49.02,-117.6,EPSG:4326,,2000-01-05T12:00,0.3,0.3,,,"Determination of total arsenic, antimony and selenium by inductively coupled argon plasma",GEMStat total operational fraction,,0.0001,mg/l,gemstat-open-archive,Arsenic.csv#row=26599,CC-BY-4.0,official_curated,"[""CENSORED_VALUE"",""MISSING_COORDINATE_UNCERTAINTY""]","{""band"":""high"",""completeness"":1.0,""method"":1.0,""overall"":0.955,""qc"":0.9,""source"":1.0,""spatial"":0.8,""version"":""d2-confidence-v1""}"
rec-0d038be0e34f78bd3a2bb5158cceae13c9d55b34ad45e1c996b777dda5d22f1d,CAN00023|2003-03-10T10:15|0.3|As-Sus,As,water,freshwater_suspended_fraction,0.23,0.23,µg/l,reported,0.23,ug/L,,1.0,normalized = original * 1,49.02,-117.6,49.02,-117.6,EPSG:4326,,2003-03-10T10:15,0.3,0.3,,,Extractable metals with inductively coupled argon plasma-sector field mass spectrometer (ICP-SFMS),GEMStat suspended operational fraction,,,,gemstat-open-archive,Arsenic.csv#row=26931,CC-BY-4.0,official_curated,"[""MISSING_COORDINATE_UNCERTAINTY""]","{""band"":""high"",""completeness"":1.0,""method"":1.0,""overall"":0.958,""qc"":0.92,""source"":1.0,""spatial"":0.8,""version"":""d2-confidence-v1""}"
rec-1aaaa473d985d703019e7c2450ddcee9549a709c3b75d4093e569f418f5efb0f,CAN00023|2003-03-18T10:15|0.3|As-Sus,As,water,freshwater_suspended_fraction,0.23,0.23,µg/l,reported,0.23,ug/L,,1.0,normalized = original * 1,49.02,-117.6,49.02,-117.6,EPSG:4326,,2003-03-18T10:15,0.3,0.3,,,Extractable metals with inductively coupled argon plasma-sector field mass spectrometer (ICP-SFMS),GEMStat suspended operational fraction,,,,gemstat-open-archive,Arsenic.csv#row=26933,CC-BY-4.0,official_curated,"[""MISSING_COORDINATE_UNCERTAINTY""]","{""band"":""high"",""completeness"":1.0,""method"":1.0,""overall"":0.958,""qc"":0.92,""source"":1.0,""spatial"":0.8,""version"":""d2-confidence-v1""}"
rec-0080ccbf9f62c4997175b5be6e224f47238eec3644e91b558ab53fe6cb056a38,CAN00023|2003-03-24T12:30|0.3|As-Sus,As,water,freshwater_suspended_fraction,0.32,0.32,µg/l,reported,0.32,ug/L,,1.0,normalized = original * 1,49.02,-117.6,49.02,-117.6,EPSG:4326,,2003-03-24T12:30,0.3,0.3,,,Extractable metals with inductively coupled argon plasma-sector field mass spectrometer (ICP-SFMS),GEMStat suspended operational fraction,,,,gemstat-open-archive,Arsenic.csv#row=26935,CC-BY-4.0,official_curated,"[""MISSING_COORDINATE_UNCERTAINTY""]","{""band"":""high"",""completeness"":1.0,""method"":1.0,""overall"":0.958,""qc"":0.92,""source"":1.0,""spatial"":0.8,""version"":""d2-confidence-v1""}"
rec-5036ba2909cf423603fd8eadc73842df56affc804d316c1600e415997de1ae1d,CAN00023|2003-03-31T10:30|0.3|As-Sus,As,water,freshwater_suspended_fraction,0.33,0.33,µg/l,reported,0.33,ug/L,,1.0,normalized = original * 1,49.02,-117.6,49.02,-117.6,EPSG:4326,,2003-03-31T10:30,0.3,0.3,,,Extractable metals with inductively coupled argon plasma-sector field mass spectrometer (ICP-SFMS),GEMStat suspended operational fraction,,,,gemstat-open-archive,Arsenic.csv#row=26937,CC-BY-4.0,official_curated,"[""MISSING_COORDINATE_UNCERTAINTY""]","{""band"":""high"",""completeness"":1.0,""method"":1.0,""overall"":0.958,""qc"":0.92,""source"":1.0,""spatial"":0.8,""version"":""d2-confidence-v1""}"
rec-e542a7cacf1ada5d621bf92ecbde3fab9407ebcb81349ec860584c3dbb39d200,CAN00023|2009-08-03T00:00|0.3|As-Dis,As,water,freshwater_dissolved_fraction,0.17,0.17,µg/l,reported,0.17,ug/L,,1.0,normalized = original * 1,49.02,-117.6,49.02,-117.6,EPSG:4326,,2009-08-03T00:00,0.3,0.3,,,Dissolved metals with in-bottle digestion using inductively coupled plasma-sector field MS,GEMStat dissolved operational fraction,,,,gemstat-open-archive,Arsenic.csv#row=27494,CC-BY-4.0,official_curated,"[""MISSING_COORDINATE_UNCERTAINTY""]","{""band"":""high"",""completeness"":1.0,""method"":1.0,""overall"":0.958,""qc"":0.92,""source"":1.0,""spatial"":0.8,""version"":""d2-confidence-v1""}"
rec-bc67b8fa4c23a447fc9d408984720ca474beaf9b05a138f4a37ab8a183c4cb3f,CAN00023|2009-08-11T10:05|0.3|As-Dis,As,water,freshwater_dissolved_fraction,0.17,0.17,µg/l,reported,0.17,ug/L,,1.0,normalized = original * 1,49.02,-117.6,49.02,-117.6,EPSG:4326,,2009-08-11T10:05,0.3,0.3,,,Dissolved metals with in-bottle digestion using inductively coupled plasma-sector field MS,GEMStat dissolved operational fraction,,,,gemstat-open-archive,Arsenic.csv#row=27496,CC-BY-4.0,official_curated,"[""MISSING_COORDINATE_UNCERTAINTY""]","{""band"":""high"",""completeness"":1.0,""method"":1.0,""overall"":0.958,""qc"":0.92,""source"":1.0,""spatial"":0.8,""version"":""d2-confidence-v1""}"
rec-204f857c9522fe6d5696962f80c0cdbac622aa1d1734e1b3ff16668b91826a2f,CAN00023|2009-08-17T09:30|0.3|As-Dis,As,water,freshwater_dissolved_fraction,0.19,0.19,µg/l,reported,0.19,ug/L,,1.0,normalized = original * 1,49.02,-117.6,49.02,-117.6,EPSG:4326,,2009-08-17T09:30,0.3,0.3,,,Dissolved metals with in-bottle digestion using inductively coupled plasma-sector field MS,GEMStat dissolved operational fraction,,,,gemstat-open-archive,Arsenic.csv#row=27498,CC-BY-4.0,official_curated,"[""MISSING_COORDINATE_UNCERTAINTY""]","{""band"":""high"",""completeness"":1.0,""method"":1.0,""overall"":0.958,""qc"":0.92,""source"":1.0,""spatial"":0.8,""version"":""d2-confidence-v1""}"
rec-b27f37dbe718fb10554d56fc5a63338a938cb4f5f0ddd05d54d680d096455ccc,CAN00023|2009-08-25T11:35|0.3|As-Dis,As,water,freshwater_dissolved_fraction,0.19,0.19,µg/l,reported,0.19,ug/L,,1.0,normalized = original * 1,49.02,-117.6,49.02,-117.6,EPSG:4326,,2009-08-25T11:35,0.3,0.3,,,Dissolved metals with in-bottle digestion using inductively coupled plasma-sector field MS,GEMStat dissolved operational fraction,,,,gemstat-open-archive,Arsenic.csv#row=27500,CC-BY-4.0,official_curated,"[""MISSING_COORDINATE_UNCERTAINTY""]","{""band"":""high"",""completeness"":1.0,""method"":1.0,""overall"":0.958,""qc"":0.92,""source"":1.0,""spatial"":0.8,""version"":""d2-confidence-v1""}"
rec-1654f3d0396902c2c382d7393aef0757bff016c580a6d7dd1aeaefc93cd710d3,CAN00023|2009-09-01T10:55|0.3|As-Dis,As,water,freshwater_dissolved_fraction,0.19,0.19,µg/l,reported,0.19,ug/L,,1.0,normalized = original * 1,49.02,-117.6,49.02,-117.6,EPSG:4326,,2009-09-01T10:55,0.3,0.3,,,Dissolved metals with in-bottle digestion using inductively coupled plasma-sector field MS,GEMStat dissolved operational fraction,,,,gemstat-open-archive,Arsenic.csv#row=27502,CC-BY-4.0,official_curated,"[""MISSING_COORDINATE_UNCERTAINTY""]","{""band"":""high"",""completeness"":1.0,""method"":1.0,""overall"":0.958,""qc"":0.92,""source"":1.0,""spatial"":0.8,""version"":""d2-confidence-v1""}"
rec-b06df2480fc633845660eabd6198a037e4934f1a8a2f70c2976b097b6dd54043,CAN00023|2009-09-16T10:10|0.3|As-Dis,As,water,freshwater_dissolved_fraction,0.21,0.21,µg/l,reported,0.21,ug/L,,1.0,normalized = original * 1,49.02,-117.6,49.02,-117.6,EPSG:4326,,2009-09-16T10:10,0.3,0.3,,,Dissolved metals with in-bottle digestion using inductively coupled plasma-sector field MS,GEMStat dissolved operational fraction,,,,gemstat-open-archive,Arsenic.csv#row=27505,CC-BY-4.0,official_curated,"[""MISSING_COORDINATE_UNCERTAINTY""]","{""band"":""high"",""completeness"":1.0,""method"":1.0,""overall"":0.958,""qc"":0.92,""source"":1.0,""spatial"":0.8,""version"":""d2-confidence-v1""}"
rec-5af9e652a8510b6a17227b9783e84c747e1fe17954b0ce0678c49ed2f42beb3f,CAN00026|2000-01-04T00:00|0.3|As-Dis,As,water,freshwater_dissolved_fraction,0.0001,0.0001,mg/l,lt,,ug/L,0.1,1000.0,normalized = original * 1000,49.18,-115.17,49.18,-115.17,EPSG:4326,,2000-01-04T00:00,0.3,0.3,,,Inductively Coupled Plasma (ICP) Method with AsH3 Generation and S2O8 Digestion,GEMStat dissolved operational fraction,,0.0001,mg/l,gemstat-open-archive,Arsenic.csv#row=28756,CC-BY-4.0,official_curated,"[""CENSORED_VALUE"",""MISSING_COORDINATE_UNCERTAINTY""]","{""band"":""high"",""completeness"":1.0,""method"":1.0,""overall"":0.955,""qc"":0.9,""source"":1.0,""spatial"":0.8,""version"":""d2-confidence-v1""}"
rec-018bf2e5e23f2f185d1f0232bd0d59bb72351f1b4dc064167a491e46bcdddcb8,CAN00026|2000-01-04T00:00|0.3|As-Dis,As,water,freshwater_dissolved_fraction,0.0001,0.0001,mg/l,lt,,ug/L,0.1,1000.0,normalized = original * 1000,49.18,-115.17,49.18,-115.17,EPSG:4326,,2000-01-04T00:00,0.3,0.3,,,"Determination of dissolved arsenic, antimony and selenium by inductively coupled argon plasma",GEMStat dissolved operational fraction,,0.0001,mg/l,gemstat-open-archive,Arsenic.csv#row=28757,CC-BY-4.0,official_curated,"[""CENSORED_VALUE"",""MISSING_COORDINATE_UNCERTAINTY""]","{""band"":""high"",""completeness"":1.0,""method"":1.0,""overall"":0.955,""qc"":0.9,""source"":1.0,""spatial"":0.8,""version"":""d2-confidence-v1""}"
rec-6eff7f944767a16476be01e52dfcecf3a3b3240da933ed4d06e4da2a483a06a5,CAN00026|2000-02-14T08:10|0.3|As-Dis,As,water,freshwater_dissolved_fraction,0.0002,0.0002,mg/l,reported,0.2,ug/L,,1000.0,normalized = original * 1000,49.18,-115.17,49.18,-115.17,EPSG:4326,,2000-02-14T08:10,0.3,0.3,,,Inductively Coupled Plasma (ICP) Method with AsH3 Generation and S2O8 Digestion,GEMStat dissolved operational fraction,,,,gemstat-open-archive,Arsenic.csv#row=28766,CC-BY-4.0,official_curated,"[""MISSING_COORDINATE_UNCERTAINTY""]","{""band"":""high"",""completeness"":1.0,""method"":1.0,""overall"":0.958,""qc"":0.92,""source"":1.0,""spatial"":0.8,""version"":""d2-confidence-v1""}"
rec-ccadcac82c4a3fdf878259a68b741954332b98edf26968a9a50bcca81c16e918,CAN00026|2000-02-14T08:10|0.3|As-Dis,As,water,freshwater_dissolved_fraction,0.0002,0.0002,mg/l,reported,0.2,ug/L,,1000.0,normalized = original * 1000,49.18,-115.17,49.18,-115.17,EPSG:4326,,2000-02-14T08:10,0.3,0.3,,,"Determination of dissolved arsenic, antimony and selenium by inductively coupled argon plasma",GEMStat dissolved operational fraction,,,,gemstat-open-archive,Arsenic.csv#row=28767,CC-BY-4.0,official_curated,"[""MISSING_COORDINATE_UNCERTAINTY""]","{""band"":""high"",""completeness"":1.0,""method"":1.0,""overall"":0.958,""qc"":0.92,""source"":1.0,""spatial"":0.8,""version"":""d2-confidence-v1""}"
rec-af34255e6e9723de992e93290e00c8fe2ae68e839a64db675c34593c97bdc754,CAN00026|2000-04-10T08:20|0.3|As-Dis,As,water,freshwater_dissolved_fraction,0.0002,0.0002,mg/l,reported,0.2,ug/L,,1000.0,normalized = original * 1000,49.18,-115.17,49.18,-115.17,EPSG:4326,,2000-04-10T08:20,0.3,0.3,,,Inductively Coupled Plasma (ICP) Method with AsH3 Generation and S2O8 Digestion,GEMStat dissolved operational fraction,,,,gemstat-open-archive,Arsenic.csv#row=28782,CC-BY-4.0,official_curated,"[""MISSING_COORDINATE_UNCERTAINTY""]","{""band"":""high"",""completeness"":1.0,""method"":1.0,""overall"":0.958,""qc"":0.92,""source"":1.0,""spatial"":0.8,""version"":""d2-confidence-v1""}"
rec-6b4180e23c3b135624f5a847a1a98b0a9db639eec8490f6431f3404f0b9bc83f,CAN00026|2000-04-10T08:20|0.3|As-Dis,As,water,freshwater_dissolved_fraction,0.0002,0.0002,mg/l,reported,0.2,ug/L,,1000.0,normalized = original * 1000,49.18,-115.17,49.18,-115.17,EPSG:4326,,2000-04-10T08:20,0.3,0.3,,,"Determination of dissolved arsenic, antimony and selenium by inductively coupled argon plasma",GEMStat dissolved operational fraction,,,,gemstat-open-archive,Arsenic.csv#row=28783,CC-BY-4.0,official_curated,"[""MISSING_COORDINATE_UNCERTAINTY""]","{""band"":""high"",""completeness"":1.0,""method"":1.0,""overall"":0.958,""qc"":0.92,""source"":1.0,""spatial"":0.8,""version"":""d2-confidence-v1""}"
rec-ad813dce7642aa684552484456efc722841e534ac212590ced7e5849d506dda6,CAN00026|2000-04-24T08:25|0.3|As-Dis,As,water,freshwater_dissolved_fraction,0.0002,0.0002,mg/l,reported,0.2,ug/L,,1000.0,normalized = original * 1000,49.18,-115.17,49.18,-115.17,EPSG:4326,,2000-04-24T08:25,0.3,0.3,,,Inductively Coupled Plasma (ICP) Method with AsH3 Generation and S2O8 Digestion,GEMStat dissolved operational fraction,,,,gemstat-open-archive,Arsenic.csv#row=28786,CC-BY-4.0,official_curated,"[""MISSING_COORDINATE_UNCERTAINTY""]","{""band"":""high"",""completeness"":1.0,""method"":1.0,""overall"":0.958,""qc"":0.92,""source"":1.0,""spatial"":0.8,""version"":""d2-confidence-v1""}"
rec-9fe846c40b233c08c4c35698ec484812715e8cd92994fe236dce6ffc17ae058a,CAN00026|2000-04-24T08:25|0.3|As-Dis,As,water,freshwater_dissolved_fraction,0.0002,0.0002,mg/l,reported,0.2,ug/L,,1000.0,normalized = original * 1000,49.18,-115.17,49.18,-115.17,EPSG:4326,,2000-04-24T08:25,0.3,0.3,,,"Determination of dissolved arsenic, antimony and selenium by inductively coupled argon plasma",GEMStat dissolved operational fraction,,,,gemstat-open-archive,Arsenic.csv#row=28787,CC-BY-4.0,official_curated,"[""MISSING_COORDINATE_UNCERTAINTY""]","{""band"":""high"",""completeness"":1.0,""method"":1.0,""overall"":0.958,""qc"":0.92,""source"":1.0,""spatial"":0.8,""version"":""d2-confidence-v1""}"
rec-33b454764827453eca26323919da46e5dca1e264621aa14067d2d9a92f6fc75d,CAN00055|2003-03-24T13:35|0.3|As-Sus,As,water,freshwater_suspended_fraction,0.5,0.5,µg/l,lt,,ug/L,0.5,1.0,normalized = original * 1,53.534,-57.495,53.534,-57.495,EPSG:4326,,2003-03-24T13:35,0.3,0.3,,,Extractable elements in acid preserved samples are analyzed by ICP-MS.,GEMStat suspended operational fraction,,0.5,µg/l,gemstat-open-archive,Arsenic.csv#row=32040,CC-BY-4.0,official_curated,"[""CENSORED_VALUE"",""MISSING_COORDINATE_UNCERTAINTY""]","{""band"":""high"",""completeness"":1.0,""method"":1.0,""overall"":0.955,""qc"":0.9,""source"":1.0,""spatial"":0.8,""version"":""d2-confidence-v1""}"
rec-6ad80ce7863f1e2011deae1cf5966497d6742901191f4e5170bc9b153b021d9d,CAN00055|2003-06-09T15:00|0.3|As-Sus,As,water,freshwater_suspended_fraction,0.3,0.3,µg/l,lt,,ug/L,0.3,1.0,normalized = original * 1,53.534,-57.495,53.534,-57.495,EPSG:4326,,2003-06-09T15:00,0.3,0.3,,,Extractable elements in acid preserved samples are analyzed by ICP-MS.,GEMStat suspended operational fraction,,0.3,µg/l,gemstat-open-archive,Arsenic.csv#row=32041,CC-BY-4.0,official_curated,"[""CENSORED_VALUE"",""MISSING_COORDINATE_UNCERTAINTY""]","{""band"":""high"",""completeness"":1.0,""method"":1.0,""overall"":0.955,""qc"":0.9,""source"":1.0,""spatial"":0.8,""version"":""d2-confidence-v1""}"
rec-83c41b2876e3980fdea1fc33f79de22f87e551f966766f54bc0a041f0a922aa4,CAN00067|2003-11-18T16:00|0.3|As-Dis,As,water,freshwater_dissolved_fraction,0.01,0.01,µg/l,lt,,ug/L,0.01,1.0,normalized = original * 1,53.6,-102.1167,53.6,-102.1167,EPSG:4326,,2003-11-18T16:00,0.3,0.3,,,Dissolved metals with in-bottle digestion using inductively coupled plasma-sector field MS,GEMStat dissolved operational fraction,,0.01,µg/l,gemstat-open-archive,Arsenic.csv#row=34408,CC-BY-4.0,official_curated,"[""CENSORED_VALUE"",""MISSING_COORDINATE_UNCERTAINTY""]","{""band"":""high"",""completeness"":1.0,""method"":1.0,""overall"":0.955,""qc"":0.9,""source"":1.0,""spatial"":0.8,""version"":""d2-confidence-v1""}"
rec-d29aaca2aa72a55f0ab0ca5cc79477cc3cf88052d6eaae0f891060af121fe69b,CAN00090|2001-04-30T12:00|0.3|As-Sus,As,water,freshwater_suspended_fraction,0.5,0.5,µg/l,lt,,ug/L,0.5,1.0,normalized = original * 1,54.3319,-61.6408,54.3319,-61.6408,EPSG:4326,,2001-04-30T12:00,0.3,0.3,,,Extractable elements in acid preserved samples are analyzed by ICP-MS.,GEMStat suspended operational fraction,,0.5,µg/l,gemstat-open-archive,Arsenic.csv#row=35650,CC-BY-4.0,official_curated,"[""CENSORED_VALUE"",""MISSING_COORDINATE_UNCERTAINTY""]","{""band"":""high"",""completeness"":1.0,""method"":1.0,""overall"":0.955,""qc"":0.9,""source"":1.0,""spatial"":0.8,""version"":""d2-confidence-v1""}"
rec-2d37b3f87b40dc100b9c824bb195b5bfe9c8207e6cd30c7f5c74233574c26f7c,CAN00090|2001-07-15T14:00|0.3|As-Sus,As,water,freshwater_suspended_fraction,0.5,0.5,µg/l,lt,,ug/L,0.5,1.0,normalized = original * 1,54.3319,-61.6408,54.3319,-61.6408,EPSG:4326,,2001-07-15T14:00,0.3,0.3,,,Extractable elements in acid preserved samples are analyzed by ICP-MS.,GEMStat suspended operational fraction,,0.5,µg/l,gemstat-open-archive,Arsenic.csv#row=35651,CC-BY-4.0,official_curated,"[""CENSORED_VALUE"",""MISSING_COORDINATE_UNCERTAINTY""]","{""band"":""high"",""completeness"":1.0,""method"":1.0,""overall"":0.955,""qc"":0.9,""source"":1.0,""spatial"":0.8,""version"":""d2-confidence-v1""}"
rec-57025b5dd52e213076d32e1adce7aee96fe84f97565c7563cb389b1da982f221,CAN00173|2007-01-24T14:00|0.3|As-Dis,As,water,freshwater_dissolved_fraction,0.01,0.01,µg/l,lt,,ug/L,0.01,1.0,normalized = original * 1,51.4433,-116.2117,51.4433,-116.2117,EPSG:4326,,2007-01-24T14:00,0.3,0.3,,,Dissolved metals with in-bottle digestion using inductively coupled plasma-sector field MS,GEMStat dissolved operational fraction,,0.01,µg/l,gemstat-open-archive,Arsenic.csv#row=41733,CC-BY-4.0,official_curated,"[""CENSORED_VALUE"",""MISSING_COORDINATE_UNCERTAINTY""]","{""band"":""high"",""completeness"":1.0,""method"":1.0,""overall"":0.955,""qc"":0.9,""source"":1.0,""spatial"":0.8,""version"":""d2-confidence-v1""}"
rec-3ad9ff06c58646d1bebcbd22585430c9f4639b70f360710c552c13c2ec8f9f27,CAN00212|2008-09-17T12:00|0.3|As-Sus,As,water,freshwater_suspended_fraction,0.2,0.2,µg/l,reported,0.2,ug/L,,1.0,normalized = original * 1,45.6272,-65.078,45.6272,-65.078,EPSG:4326,,2008-09-17T12:00,0.3,0.3,,,Extractable elements in acid preserved samples are analyzed by ICP-MS.,GEMStat suspended operational fraction,,,,gemstat-open-archive,Arsenic.csv#row=49916,CC-BY-4.0,official_curated,"[""MISSING_COORDINATE_UNCERTAINTY""]","{""band"":""high"",""completeness"":1.0,""method"":1.0,""overall"":0.958,""qc"":0.92,""source"":1.0,""spatial"":0.8,""version"":""d2-confidence-v1""}"
rec-2f90884f099a353804fb8a5559aa041c20f9f7a0448a73d44c7ce847a3088ad9,CAN00212|2009-06-03T10:15|0.3|As-Sus,As,water,freshwater_suspended_fraction,0.1,0.1,µg/l,reported,0.1,ug/L,,1.0,normalized = original * 1,45.6272,-65.078,45.6272,-65.078,EPSG:4326,,2009-06-03T10:15,0.3,0.3,,,Extractable elements in acid preserved samples are analyzed by ICP-MS.,GEMStat suspended operational fraction,,,,gemstat-open-archive,Arsenic.csv#row=49917,CC-BY-4.0,official_curated,"[""MISSING_COORDINATE_UNCERTAINTY""]","{""band"":""high"",""completeness"":1.0,""method"":1.0,""overall"":0.958,""qc"":0.92,""source"":1.0,""spatial"":0.8,""version"":""d2-confidence-v1""}"
rec-82feb318d659932d4a6661c5da7bde56ea68536063e653f2de6a4ecc346a518f,CAN00212|2009-09-14T09:40|0.3|As-Sus,As,water,freshwater_suspended_fraction,0.1,0.1,µg/l,reported,0.1,ug/L,,1.0,normalized = original * 1,45.6272,-65.078,45.6272,-65.078,EPSG:4326,,2009-09-14T09:40,0.3,0.3,,,Extractable elements in acid preserved samples are analyzed by ICP-MS.,GEMStat suspended operational fraction,,,,gemstat-open-archive,Arsenic.csv#row=49918,CC-BY-4.0,official_curated,"[""MISSING_COORDINATE_UNCERTAINTY""]","{""band"":""high"",""completeness"":1.0,""method"":1.0,""overall"":0.958,""qc"":0.92,""source"":1.0,""spatial"":0.8,""version"":""d2-confidence-v1""}"
rec-11332770a0a068603b20eba0687bb929fd6e5aa41fe8c29a54f53b8e1b2ab959,CAN00212|2010-09-13T09:30|0.3|As-Sus,As,water,freshwater_suspended_fraction,0.16,0.16,µg/l,reported,0.16,ug/L,,1.0,normalized = original * 1,45.6272,-65.078,45.6272,-65.078,EPSG:4326,,2010-09-13T09:30,0.3,0.3,,,Extractable metals by inductively coupled plasma-collision/reaction cell-mass spectrometry,GEMStat suspended operational fraction,,,,gemstat-open-archive,Arsenic.csv#row=49920,CC-BY-4.0,official_curated,"[""MISSING_COORDINATE_UNCERTAINTY""]","{""band"":""high"",""completeness"":1.0,""method"":1.0,""overall"":0.958,""qc"":0.92,""source"":1.0,""spatial"":0.8,""version"":""d2-confidence-v1""}"
rec-f7ec6deff749ac5a924b2e5d01eace8c105b6125fc520a0d1643bec26c21892e,CAN00214|2004-10-26T12:00|0.3|As-Sus,As,water,freshwater_suspended_fraction,0.1,0.1,µg/l,reported,0.1,ug/L,,1.0,normalized = original * 1,49.5967,-57.7333,49.5967,-57.7333,EPSG:4326,,2004-10-26T12:00,0.3,0.3,,,Extractable elements in acid preserved samples are analyzed by ICP-MS.,GEMStat suspended operational fraction,,,,gemstat-open-archive,Arsenic.csv#row=49953,CC-BY-4.0,official_curated,"[""MISSING_COORDINATE_UNCERTAINTY""]","{""band"":""high"",""completeness"":1.0,""method"":1.0,""overall"":0.958,""qc"":0.92,""source"":1.0,""spatial"":0.8,""version"":""d2-confidence-v1""}"
rec-ad7bacdc1f5e2863ab4ba8b593a3fa3034949d934aa316212245d892ee03a7ed,CAN00214|2008-07-08T12:00|0.3|As-Sus,As,water,freshwater_suspended_fraction,0.2,0.2,µg/l,reported,0.2,ug/L,,1.0,normalized = original * 1,49.5967,-57.7333,49.5967,-57.7333,EPSG:4326,,2008-07-08T12:00,0.3,0.3,,,Extractable elements in acid preserved samples are analyzed by ICP-MS.,GEMStat suspended operational fraction,,,,gemstat-open-archive,Arsenic.csv#row=49956,CC-BY-4.0,official_curated,"[""MISSING_COORDINATE_UNCERTAINTY""]","{""band"":""high"",""completeness"":1.0,""method"":1.0,""overall"":0.958,""qc"":0.92,""source"":1.0,""spatial"":0.8,""version"":""d2-confidence-v1""}"
