item_id,record_id,source_id,stage_owner,severity,status,issue_code,field,observed_value,detail,recommended_action,auto_recheck
ITER|profile%3Acdogs-210102-lake-sediment%3Apkg-0134c%3A21%3A0180%3A000001%3AAs_Col%3AAs%3A0|CENSORED_OBSERVATION|censored|lt,profile:cdogs-210102-lake-sediment:pkg-0134c:21:0180:000001:As_Col:As:0,cdogs-210102-lake-sediment,D2,info,scientific_limit,CENSORED_OBSERVATION,censored,lt,这是检出限/定量限约束的删失观测，不等同于零，也不自动视为采集失败。,保留原始 qualifier 与 censoring limit；默认从普通相关和异常筛查中排除，或使用明确的删失统计模型。,false
ITER|profile%3Acdogs-210102-lake-sediment%3Apkg-0134c%3A21%3A0180%3A000001%3AAs_Col%3AAs%3A0|GEOLOGIC_CONTEXT_MISSING|matched_geologic_unit|,profile:cdogs-210102-lake-sediment:pkg-0134c:21:0180:000001:As_Col:As:0,cdogs-210102-lake-sediment,D2,info,review_required,GEOLOGIC_CONTEXT_MISSING,matched_geologic_unit,,记录没有来源直报或空间匹配的地质单元。,在比例尺与边界不确定性允许时执行空间匹配，并记录地图源、版本、匹配方法和边界距离；否则保留缺失。,true
ITER|profile%3Acdogs-210102-lake-sediment%3Apkg-0134c%3A21%3A0180%3A000001%3ACu_AAS%3ACu%3A0|GEOLOGIC_CONTEXT_MISSING|matched_geologic_unit|,profile:cdogs-210102-lake-sediment:pkg-0134c:21:0180:000001:Cu_AAS:Cu:0,cdogs-210102-lake-sediment,D2,info,review_required,GEOLOGIC_CONTEXT_MISSING,matched_geologic_unit,,记录没有来源直报或空间匹配的地质单元。,在比例尺与边界不确定性允许时执行空间匹配，并记录地图源、版本、匹配方法和边界距离；否则保留缺失。,true
ITER|profile%3Acdogs-210102-lake-sediment%3Apkg-0134c%3A21%3A0180%3A000001%3AHg_AAS%3AHg%3A0|GEOLOGIC_CONTEXT_MISSING|matched_geologic_unit|,profile:cdogs-210102-lake-sediment:pkg-0134c:21:0180:000001:Hg_AAS:Hg:0,cdogs-210102-lake-sediment,D2,info,review_required,GEOLOGIC_CONTEXT_MISSING,matched_geologic_unit,,记录没有来源直报或空间匹配的地质单元。,在比例尺与边界不确定性允许时执行空间匹配，并记录地图源、版本、匹配方法和边界距离；否则保留缺失。,true
ITER|profile%3Acdogs-210102-lake-sediment%3Apkg-0134c%3A21%3A0180%3A000001%3ANi_AAS%3ANi%3A0|GEOLOGIC_CONTEXT_MISSING|matched_geologic_unit|,profile:cdogs-210102-lake-sediment:pkg-0134c:21:0180:000001:Ni_AAS:Ni:0,cdogs-210102-lake-sediment,D2,info,review_required,GEOLOGIC_CONTEXT_MISSING,matched_geologic_unit,,记录没有来源直报或空间匹配的地质单元。,在比例尺与边界不确定性允许时执行空间匹配，并记录地图源、版本、匹配方法和边界距离；否则保留缺失。,true
ITER|profile%3Acdogs-210102-lake-sediment%3Apkg-0134c%3A21%3A0180%3A000001%3APb_AAS%3APb%3A0|GEOLOGIC_CONTEXT_MISSING|matched_geologic_unit|,profile:cdogs-210102-lake-sediment:pkg-0134c:21:0180:000001:Pb_AAS:Pb:0,cdogs-210102-lake-sediment,D2,info,review_required,GEOLOGIC_CONTEXT_MISSING,matched_geologic_unit,,记录没有来源直报或空间匹配的地质单元。,在比例尺与边界不确定性允许时执行空间匹配，并记录地图源、版本、匹配方法和边界距离；否则保留缺失。,true
ITER|profile%3Acdogs-210102-lake-sediment%3Apkg-0134c%3A21%3A0180%3A000001%3AZn_AAS%3AZn%3A0|GEOLOGIC_CONTEXT_MISSING|matched_geologic_unit|,profile:cdogs-210102-lake-sediment:pkg-0134c:21:0180:000001:Zn_AAS:Zn:0,cdogs-210102-lake-sediment,D2,info,review_required,GEOLOGIC_CONTEXT_MISSING,matched_geologic_unit,,记录没有来源直报或空间匹配的地质单元。,在比例尺与边界不确定性允许时执行空间匹配，并记录地图源、版本、匹配方法和边界距离；否则保留缺失。,true
ITER|profile%3Acdogs-210102-lake-sediment%3Apkg-0134c%3A21%3A0180%3A000004%3AAs_Col%3AAs%3A0|CENSORED_OBSERVATION|censored|lt,profile:cdogs-210102-lake-sediment:pkg-0134c:21:0180:000004:As_Col:As:0,cdogs-210102-lake-sediment,D2,info,scientific_limit,CENSORED_OBSERVATION,censored,lt,这是检出限/定量限约束的删失观测，不等同于零，也不自动视为采集失败。,保留原始 qualifier 与 censoring limit；默认从普通相关和异常筛查中排除，或使用明确的删失统计模型。,false
ITER|profile%3Acdogs-210102-lake-sediment%3Apkg-0134c%3A21%3A0180%3A000004%3AAs_Col%3AAs%3A0|GEOLOGIC_CONTEXT_MISSING|matched_geologic_unit|,profile:cdogs-210102-lake-sediment:pkg-0134c:21:0180:000004:As_Col:As:0,cdogs-210102-lake-sediment,D2,info,review_required,GEOLOGIC_CONTEXT_MISSING,matched_geologic_unit,,记录没有来源直报或空间匹配的地质单元。,在比例尺与边界不确定性允许时执行空间匹配，并记录地图源、版本、匹配方法和边界距离；否则保留缺失。,true
ITER|profile%3Acdogs-210102-lake-sediment%3Apkg-0134c%3A21%3A0180%3A000004%3ACu_AAS%3ACu%3A0|GEOLOGIC_CONTEXT_MISSING|matched_geologic_unit|,profile:cdogs-210102-lake-sediment:pkg-0134c:21:0180:000004:Cu_AAS:Cu:0,cdogs-210102-lake-sediment,D2,info,review_required,GEOLOGIC_CONTEXT_MISSING,matched_geologic_unit,,记录没有来源直报或空间匹配的地质单元。,在比例尺与边界不确定性允许时执行空间匹配，并记录地图源、版本、匹配方法和边界距离；否则保留缺失。,true
ITER|profile%3Acdogs-210102-lake-sediment%3Apkg-0134c%3A21%3A0180%3A000004%3AHg_AAS%3AHg%3A0|GEOLOGIC_CONTEXT_MISSING|matched_geologic_unit|,profile:cdogs-210102-lake-sediment:pkg-0134c:21:0180:000004:Hg_AAS:Hg:0,cdogs-210102-lake-sediment,D2,info,review_required,GEOLOGIC_CONTEXT_MISSING,matched_geologic_unit,,记录没有来源直报或空间匹配的地质单元。,在比例尺与边界不确定性允许时执行空间匹配，并记录地图源、版本、匹配方法和边界距离；否则保留缺失。,true
ITER|profile%3Acdogs-210102-lake-sediment%3Apkg-0134c%3A21%3A0180%3A000004%3ANi_AAS%3ANi%3A0|GEOLOGIC_CONTEXT_MISSING|matched_geologic_unit|,profile:cdogs-210102-lake-sediment:pkg-0134c:21:0180:000004:Ni_AAS:Ni:0,cdogs-210102-lake-sediment,D2,info,review_required,GEOLOGIC_CONTEXT_MISSING,matched_geologic_unit,,记录没有来源直报或空间匹配的地质单元。,在比例尺与边界不确定性允许时执行空间匹配，并记录地图源、版本、匹配方法和边界距离；否则保留缺失。,true
ITER|profile%3Acdogs-210102-lake-sediment%3Apkg-0134c%3A21%3A0180%3A000004%3APb_AAS%3APb%3A0|GEOLOGIC_CONTEXT_MISSING|matched_geologic_unit|,profile:cdogs-210102-lake-sediment:pkg-0134c:21:0180:000004:Pb_AAS:Pb:0,cdogs-210102-lake-sediment,D2,info,review_required,GEOLOGIC_CONTEXT_MISSING,matched_geologic_unit,,记录没有来源直报或空间匹配的地质单元。,在比例尺与边界不确定性允许时执行空间匹配，并记录地图源、版本、匹配方法和边界距离；否则保留缺失。,true
ITER|profile%3Acdogs-210102-lake-sediment%3Apkg-0134c%3A21%3A0180%3A000004%3AZn_AAS%3AZn%3A0|GEOLOGIC_CONTEXT_MISSING|matched_geologic_unit|,profile:cdogs-210102-lake-sediment:pkg-0134c:21:0180:000004:Zn_AAS:Zn:0,cdogs-210102-lake-sediment,D2,info,review_required,GEOLOGIC_CONTEXT_MISSING,matched_geologic_unit,,记录没有来源直报或空间匹配的地质单元。,在比例尺与边界不确定性允许时执行空间匹配，并记录地图源、版本、匹配方法和边界距离；否则保留缺失。,true
ITER|profile%3Acdogs-210102-lake-sediment%3Apkg-0134c%3A21%3A0180%3A000005%3AAs_Col%3AAs%3A0|GEOLOGIC_CONTEXT_MISSING|matched_geologic_unit|,profile:cdogs-210102-lake-sediment:pkg-0134c:21:0180:000005:As_Col:As:0,cdogs-210102-lake-sediment,D2,info,review_required,GEOLOGIC_CONTEXT_MISSING,matched_geologic_unit,,记录没有来源直报或空间匹配的地质单元。,在比例尺与边界不确定性允许时执行空间匹配，并记录地图源、版本、匹配方法和边界距离；否则保留缺失。,true
ITER|profile%3Acdogs-210102-lake-sediment%3Apkg-0134c%3A21%3A0180%3A000005%3ACu_AAS%3ACu%3A0|GEOLOGIC_CONTEXT_MISSING|matched_geologic_unit|,profile:cdogs-210102-lake-sediment:pkg-0134c:21:0180:000005:Cu_AAS:Cu:0,cdogs-210102-lake-sediment,D2,info,review_required,GEOLOGIC_CONTEXT_MISSING,matched_geologic_unit,,记录没有来源直报或空间匹配的地质单元。,在比例尺与边界不确定性允许时执行空间匹配，并记录地图源、版本、匹配方法和边界距离；否则保留缺失。,true
ITER|profile%3Acdogs-210102-lake-sediment%3Apkg-0134c%3A21%3A0180%3A000005%3AHg_AAS%3AHg%3A0|GEOLOGIC_CONTEXT_MISSING|matched_geologic_unit|,profile:cdogs-210102-lake-sediment:pkg-0134c:21:0180:000005:Hg_AAS:Hg:0,cdogs-210102-lake-sediment,D2,info,review_required,GEOLOGIC_CONTEXT_MISSING,matched_geologic_unit,,记录没有来源直报或空间匹配的地质单元。,在比例尺与边界不确定性允许时执行空间匹配，并记录地图源、版本、匹配方法和边界距离；否则保留缺失。,true
ITER|profile%3Acdogs-210102-lake-sediment%3Apkg-0134c%3A21%3A0180%3A000005%3ANi_AAS%3ANi%3A0|GEOLOGIC_CONTEXT_MISSING|matched_geologic_unit|,profile:cdogs-210102-lake-sediment:pkg-0134c:21:0180:000005:Ni_AAS:Ni:0,cdogs-210102-lake-sediment,D2,info,review_required,GEOLOGIC_CONTEXT_MISSING,matched_geologic_unit,,记录没有来源直报或空间匹配的地质单元。,在比例尺与边界不确定性允许时执行空间匹配，并记录地图源、版本、匹配方法和边界距离；否则保留缺失。,true
ITER|profile%3Acdogs-210102-lake-sediment%3Apkg-0134c%3A21%3A0180%3A000005%3APb_AAS%3APb%3A0|GEOLOGIC_CONTEXT_MISSING|matched_geologic_unit|,profile:cdogs-210102-lake-sediment:pkg-0134c:21:0180:000005:Pb_AAS:Pb:0,cdogs-210102-lake-sediment,D2,info,review_required,GEOLOGIC_CONTEXT_MISSING,matched_geologic_unit,,记录没有来源直报或空间匹配的地质单元。,在比例尺与边界不确定性允许时执行空间匹配，并记录地图源、版本、匹配方法和边界距离；否则保留缺失。,true
ITER|profile%3Acdogs-210102-lake-sediment%3Apkg-0134c%3A21%3A0180%3A000005%3AZn_AAS%3AZn%3A0|GEOLOGIC_CONTEXT_MISSING|matched_geologic_unit|,profile:cdogs-210102-lake-sediment:pkg-0134c:21:0180:000005:Zn_AAS:Zn:0,cdogs-210102-lake-sediment,D2,info,review_required,GEOLOGIC_CONTEXT_MISSING,matched_geologic_unit,,记录没有来源直报或空间匹配的地质单元。,在比例尺与边界不确定性允许时执行空间匹配，并记录地图源、版本、匹配方法和边界距离；否则保留缺失。,true
ITER|profile%3Acdogs-210102-lake-sediment%3Apkg-0134c%3A21%3A0180%3A000008%3AAs_Col%3AAs%3A0|GEOLOGIC_CONTEXT_MISSING|matched_geologic_unit|,profile:cdogs-210102-lake-sediment:pkg-0134c:21:0180:000008:As_Col:As:0,cdogs-210102-lake-sediment,D2,info,review_required,GEOLOGIC_CONTEXT_MISSING,matched_geologic_unit,,记录没有来源直报或空间匹配的地质单元。,在比例尺与边界不确定性允许时执行空间匹配，并记录地图源、版本、匹配方法和边界距离；否则保留缺失。,true
ITER|profile%3Acdogs-210102-lake-sediment%3Apkg-0134c%3A21%3A0180%3A000008%3ACu_AAS%3ACu%3A0|GEOLOGIC_CONTEXT_MISSING|matched_geologic_unit|,profile:cdogs-210102-lake-sediment:pkg-0134c:21:0180:000008:Cu_AAS:Cu:0,cdogs-210102-lake-sediment,D2,info,review_required,GEOLOGIC_CONTEXT_MISSING,matched_geologic_unit,,记录没有来源直报或空间匹配的地质单元。,在比例尺与边界不确定性允许时执行空间匹配，并记录地图源、版本、匹配方法和边界距离；否则保留缺失。,true
ITER|profile%3Acdogs-210102-lake-sediment%3Apkg-0134c%3A21%3A0180%3A000008%3AHg_AAS%3AHg%3A0|CENSORED_OBSERVATION|censored|lt,profile:cdogs-210102-lake-sediment:pkg-0134c:21:0180:000008:Hg_AAS:Hg:0,cdogs-210102-lake-sediment,D2,info,scientific_limit,CENSORED_OBSERVATION,censored,lt,这是检出限/定量限约束的删失观测，不等同于零，也不自动视为采集失败。,保留原始 qualifier 与 censoring limit；默认从普通相关和异常筛查中排除，或使用明确的删失统计模型。,false
ITER|profile%3Acdogs-210102-lake-sediment%3Apkg-0134c%3A21%3A0180%3A000008%3AHg_AAS%3AHg%3A0|GEOLOGIC_CONTEXT_MISSING|matched_geologic_unit|,profile:cdogs-210102-lake-sediment:pkg-0134c:21:0180:000008:Hg_AAS:Hg:0,cdogs-210102-lake-sediment,D2,info,review_required,GEOLOGIC_CONTEXT_MISSING,matched_geologic_unit,,记录没有来源直报或空间匹配的地质单元。,在比例尺与边界不确定性允许时执行空间匹配，并记录地图源、版本、匹配方法和边界距离；否则保留缺失。,true
ITER|profile%3Acdogs-210102-lake-sediment%3Apkg-0134c%3A21%3A0180%3A000008%3ANi_AAS%3ANi%3A0|GEOLOGIC_CONTEXT_MISSING|matched_geologic_unit|,profile:cdogs-210102-lake-sediment:pkg-0134c:21:0180:000008:Ni_AAS:Ni:0,cdogs-210102-lake-sediment,D2,info,review_required,GEOLOGIC_CONTEXT_MISSING,matched_geologic_unit,,记录没有来源直报或空间匹配的地质单元。,在比例尺与边界不确定性允许时执行空间匹配，并记录地图源、版本、匹配方法和边界距离；否则保留缺失。,true
ITER|profile%3Acdogs-210102-lake-sediment%3Apkg-0134c%3A21%3A0180%3A000008%3APb_AAS%3APb%3A0|GEOLOGIC_CONTEXT_MISSING|matched_geologic_unit|,profile:cdogs-210102-lake-sediment:pkg-0134c:21:0180:000008:Pb_AAS:Pb:0,cdogs-210102-lake-sediment,D2,info,review_required,GEOLOGIC_CONTEXT_MISSING,matched_geologic_unit,,记录没有来源直报或空间匹配的地质单元。,在比例尺与边界不确定性允许时执行空间匹配，并记录地图源、版本、匹配方法和边界距离；否则保留缺失。,true
ITER|profile%3Acdogs-210102-lake-sediment%3Apkg-0134c%3A21%3A0180%3A000008%3AZn_AAS%3AZn%3A0|GEOLOGIC_CONTEXT_MISSING|matched_geologic_unit|,profile:cdogs-210102-lake-sediment:pkg-0134c:21:0180:000008:Zn_AAS:Zn:0,cdogs-210102-lake-sediment,D2,info,review_required,GEOLOGIC_CONTEXT_MISSING,matched_geologic_unit,,记录没有来源直报或空间匹配的地质单元。,在比例尺与边界不确定性允许时执行空间匹配，并记录地图源、版本、匹配方法和边界距离；否则保留缺失。,true
ITER|profile%3Acdogs-210102-lake-sediment%3Apkg-0134c%3A21%3A0180%3A000012%3AAs_Col%3AAs%3A0|GEOLOGIC_CONTEXT_MISSING|matched_geologic_unit|,profile:cdogs-210102-lake-sediment:pkg-0134c:21:0180:000012:As_Col:As:0,cdogs-210102-lake-sediment,D2,info,review_required,GEOLOGIC_CONTEXT_MISSING,matched_geologic_unit,,记录没有来源直报或空间匹配的地质单元。,在比例尺与边界不确定性允许时执行空间匹配，并记录地图源、版本、匹配方法和边界距离；否则保留缺失。,true
ITER|profile%3Acdogs-210102-lake-sediment%3Apkg-0134c%3A21%3A0180%3A000012%3AAs_Col%3AAs%3A0|NORMALIZATION_FAILED|normalized_value|,profile:cdogs-210102-lake-sediment:pkg-0134c:21:0180:000012:As_Col:As:0,cdogs-210102-lake-sediment,D2,error,action_required,NORMALIZATION_FAILED,normalized_value,,非删失测定没有可用标准值。,检查原值解析、单位词表、物质基准和换算公式；不能证明可换算时保留失败状态，不得猜值。,true
ITER|profile%3Acdogs-210102-lake-sediment%3Apkg-0134c%3A21%3A0180%3A000012%3AAs_Col%3AAs%3A0|QC_ERROR_REVIEW|qc_flags|INVALID_NUMERIC_VALUE,profile:cdogs-210102-lake-sediment:pkg-0134c:21:0180:000012:As_Col:As:0,cdogs-210102-lake-sediment,D2,error,action_required,QC_ERROR_REVIEW,qc_flags,INVALID_NUMERIC_VALUE,记录含错误级或不可支持的 QC 标志：INVALID_NUMERIC_VALUE,按 QC 规则修复源字段或映射；修复前保持排除，不要删除原始记录。,true
ITER|profile%3Acdogs-210102-lake-sediment%3Apkg-0134c%3A21%3A0180%3A000012%3ACu_AAS%3ACu%3A0|GEOLOGIC_CONTEXT_MISSING|matched_geologic_unit|,profile:cdogs-210102-lake-sediment:pkg-0134c:21:0180:000012:Cu_AAS:Cu:0,cdogs-210102-lake-sediment,D2,info,review_required,GEOLOGIC_CONTEXT_MISSING,matched_geologic_unit,,记录没有来源直报或空间匹配的地质单元。,在比例尺与边界不确定性允许时执行空间匹配，并记录地图源、版本、匹配方法和边界距离；否则保留缺失。,true
ITER|profile%3Acdogs-210102-lake-sediment%3Apkg-0134c%3A21%3A0180%3A000012%3ACu_AAS%3ACu%3A0|NORMALIZATION_FAILED|normalized_value|,profile:cdogs-210102-lake-sediment:pkg-0134c:21:0180:000012:Cu_AAS:Cu:0,cdogs-210102-lake-sediment,D2,error,action_required,NORMALIZATION_FAILED,normalized_value,,非删失测定没有可用标准值。,检查原值解析、单位词表、物质基准和换算公式；不能证明可换算时保留失败状态，不得猜值。,true
ITER|profile%3Acdogs-210102-lake-sediment%3Apkg-0134c%3A21%3A0180%3A000012%3ACu_AAS%3ACu%3A0|QC_ERROR_REVIEW|qc_flags|INVALID_NUMERIC_VALUE,profile:cdogs-210102-lake-sediment:pkg-0134c:21:0180:000012:Cu_AAS:Cu:0,cdogs-210102-lake-sediment,D2,error,action_required,QC_ERROR_REVIEW,qc_flags,INVALID_NUMERIC_VALUE,记录含错误级或不可支持的 QC 标志：INVALID_NUMERIC_VALUE,按 QC 规则修复源字段或映射；修复前保持排除，不要删除原始记录。,true
ITER|profile%3Acdogs-210102-lake-sediment%3Apkg-0134c%3A21%3A0180%3A000012%3AHg_AAS%3AHg%3A0|GEOLOGIC_CONTEXT_MISSING|matched_geologic_unit|,profile:cdogs-210102-lake-sediment:pkg-0134c:21:0180:000012:Hg_AAS:Hg:0,cdogs-210102-lake-sediment,D2,info,review_required,GEOLOGIC_CONTEXT_MISSING,matched_geologic_unit,,记录没有来源直报或空间匹配的地质单元。,在比例尺与边界不确定性允许时执行空间匹配，并记录地图源、版本、匹配方法和边界距离；否则保留缺失。,true
ITER|profile%3Acdogs-210102-lake-sediment%3Apkg-0134c%3A21%3A0180%3A000012%3AHg_AAS%3AHg%3A0|NORMALIZATION_FAILED|normalized_value|,profile:cdogs-210102-lake-sediment:pkg-0134c:21:0180:000012:Hg_AAS:Hg:0,cdogs-210102-lake-sediment,D2,error,action_required,NORMALIZATION_FAILED,normalized_value,,非删失测定没有可用标准值。,检查原值解析、单位词表、物质基准和换算公式；不能证明可换算时保留失败状态，不得猜值。,true
ITER|profile%3Acdogs-210102-lake-sediment%3Apkg-0134c%3A21%3A0180%3A000012%3AHg_AAS%3AHg%3A0|QC_ERROR_REVIEW|qc_flags|INVALID_NUMERIC_VALUE,profile:cdogs-210102-lake-sediment:pkg-0134c:21:0180:000012:Hg_AAS:Hg:0,cdogs-210102-lake-sediment,D2,error,action_required,QC_ERROR_REVIEW,qc_flags,INVALID_NUMERIC_VALUE,记录含错误级或不可支持的 QC 标志：INVALID_NUMERIC_VALUE,按 QC 规则修复源字段或映射；修复前保持排除，不要删除原始记录。,true
ITER|profile%3Acdogs-210102-lake-sediment%3Apkg-0134c%3A21%3A0180%3A000012%3ANi_AAS%3ANi%3A0|GEOLOGIC_CONTEXT_MISSING|matched_geologic_unit|,profile:cdogs-210102-lake-sediment:pkg-0134c:21:0180:000012:Ni_AAS:Ni:0,cdogs-210102-lake-sediment,D2,info,review_required,GEOLOGIC_CONTEXT_MISSING,matched_geologic_unit,,记录没有来源直报或空间匹配的地质单元。,在比例尺与边界不确定性允许时执行空间匹配，并记录地图源、版本、匹配方法和边界距离；否则保留缺失。,true
ITER|profile%3Acdogs-210102-lake-sediment%3Apkg-0134c%3A21%3A0180%3A000012%3ANi_AAS%3ANi%3A0|NORMALIZATION_FAILED|normalized_value|,profile:cdogs-210102-lake-sediment:pkg-0134c:21:0180:000012:Ni_AAS:Ni:0,cdogs-210102-lake-sediment,D2,error,action_required,NORMALIZATION_FAILED,normalized_value,,非删失测定没有可用标准值。,检查原值解析、单位词表、物质基准和换算公式；不能证明可换算时保留失败状态，不得猜值。,true
ITER|profile%3Acdogs-210102-lake-sediment%3Apkg-0134c%3A21%3A0180%3A000012%3ANi_AAS%3ANi%3A0|QC_ERROR_REVIEW|qc_flags|INVALID_NUMERIC_VALUE,profile:cdogs-210102-lake-sediment:pkg-0134c:21:0180:000012:Ni_AAS:Ni:0,cdogs-210102-lake-sediment,D2,error,action_required,QC_ERROR_REVIEW,qc_flags,INVALID_NUMERIC_VALUE,记录含错误级或不可支持的 QC 标志：INVALID_NUMERIC_VALUE,按 QC 规则修复源字段或映射；修复前保持排除，不要删除原始记录。,true
ITER|profile%3Acdogs-210102-lake-sediment%3Apkg-0134c%3A21%3A0180%3A000012%3APb_AAS%3APb%3A0|GEOLOGIC_CONTEXT_MISSING|matched_geologic_unit|,profile:cdogs-210102-lake-sediment:pkg-0134c:21:0180:000012:Pb_AAS:Pb:0,cdogs-210102-lake-sediment,D2,info,review_required,GEOLOGIC_CONTEXT_MISSING,matched_geologic_unit,,记录没有来源直报或空间匹配的地质单元。,在比例尺与边界不确定性允许时执行空间匹配，并记录地图源、版本、匹配方法和边界距离；否则保留缺失。,true
ITER|profile%3Acdogs-210102-lake-sediment%3Apkg-0134c%3A21%3A0180%3A000012%3APb_AAS%3APb%3A0|NORMALIZATION_FAILED|normalized_value|,profile:cdogs-210102-lake-sediment:pkg-0134c:21:0180:000012:Pb_AAS:Pb:0,cdogs-210102-lake-sediment,D2,error,action_required,NORMALIZATION_FAILED,normalized_value,,非删失测定没有可用标准值。,检查原值解析、单位词表、物质基准和换算公式；不能证明可换算时保留失败状态，不得猜值。,true
ITER|profile%3Acdogs-210102-lake-sediment%3Apkg-0134c%3A21%3A0180%3A000012%3APb_AAS%3APb%3A0|QC_ERROR_REVIEW|qc_flags|INVALID_NUMERIC_VALUE,profile:cdogs-210102-lake-sediment:pkg-0134c:21:0180:000012:Pb_AAS:Pb:0,cdogs-210102-lake-sediment,D2,error,action_required,QC_ERROR_REVIEW,qc_flags,INVALID_NUMERIC_VALUE,记录含错误级或不可支持的 QC 标志：INVALID_NUMERIC_VALUE,按 QC 规则修复源字段或映射；修复前保持排除，不要删除原始记录。,true
ITER|profile%3Acdogs-210102-lake-sediment%3Apkg-0134c%3A21%3A0180%3A000012%3AZn_AAS%3AZn%3A0|GEOLOGIC_CONTEXT_MISSING|matched_geologic_unit|,profile:cdogs-210102-lake-sediment:pkg-0134c:21:0180:000012:Zn_AAS:Zn:0,cdogs-210102-lake-sediment,D2,info,review_required,GEOLOGIC_CONTEXT_MISSING,matched_geologic_unit,,记录没有来源直报或空间匹配的地质单元。,在比例尺与边界不确定性允许时执行空间匹配，并记录地图源、版本、匹配方法和边界距离；否则保留缺失。,true
ITER|profile%3Acdogs-210102-lake-sediment%3Apkg-0134c%3A21%3A0180%3A000012%3AZn_AAS%3AZn%3A0|NORMALIZATION_FAILED|normalized_value|,profile:cdogs-210102-lake-sediment:pkg-0134c:21:0180:000012:Zn_AAS:Zn:0,cdogs-210102-lake-sediment,D2,error,action_required,NORMALIZATION_FAILED,normalized_value,,非删失测定没有可用标准值。,检查原值解析、单位词表、物质基准和换算公式；不能证明可换算时保留失败状态，不得猜值。,true
ITER|profile%3Acdogs-210102-lake-sediment%3Apkg-0134c%3A21%3A0180%3A000012%3AZn_AAS%3AZn%3A0|QC_ERROR_REVIEW|qc_flags|INVALID_NUMERIC_VALUE,profile:cdogs-210102-lake-sediment:pkg-0134c:21:0180:000012:Zn_AAS:Zn:0,cdogs-210102-lake-sediment,D2,error,action_required,QC_ERROR_REVIEW,qc_flags,INVALID_NUMERIC_VALUE,记录含错误级或不可支持的 QC 标志：INVALID_NUMERIC_VALUE,按 QC 规则修复源字段或映射；修复前保持排除，不要删除原始记录。,true
ITER|profile%3Acdogs-210102-lake-sediment%3Apkg-0134c%3A21%3A0180%3A000013%3AAs_Col%3AAs%3A0|CENSORED_OBSERVATION|censored|lt,profile:cdogs-210102-lake-sediment:pkg-0134c:21:0180:000013:As_Col:As:0,cdogs-210102-lake-sediment,D2,info,scientific_limit,CENSORED_OBSERVATION,censored,lt,这是检出限/定量限约束的删失观测，不等同于零，也不自动视为采集失败。,保留原始 qualifier 与 censoring limit；默认从普通相关和异常筛查中排除，或使用明确的删失统计模型。,false
ITER|profile%3Acdogs-210102-lake-sediment%3Apkg-0134c%3A21%3A0180%3A000013%3AAs_Col%3AAs%3A0|GEOLOGIC_CONTEXT_MISSING|matched_geologic_unit|,profile:cdogs-210102-lake-sediment:pkg-0134c:21:0180:000013:As_Col:As:0,cdogs-210102-lake-sediment,D2,info,review_required,GEOLOGIC_CONTEXT_MISSING,matched_geologic_unit,,记录没有来源直报或空间匹配的地质单元。,在比例尺与边界不确定性允许时执行空间匹配，并记录地图源、版本、匹配方法和边界距离；否则保留缺失。,true
ITER|profile%3Acdogs-210102-lake-sediment%3Apkg-0134c%3A21%3A0180%3A000013%3ACu_AAS%3ACu%3A0|GEOLOGIC_CONTEXT_MISSING|matched_geologic_unit|,profile:cdogs-210102-lake-sediment:pkg-0134c:21:0180:000013:Cu_AAS:Cu:0,cdogs-210102-lake-sediment,D2,info,review_required,GEOLOGIC_CONTEXT_MISSING,matched_geologic_unit,,记录没有来源直报或空间匹配的地质单元。,在比例尺与边界不确定性允许时执行空间匹配，并记录地图源、版本、匹配方法和边界距离；否则保留缺失。,true
ITER|profile%3Acdogs-210102-lake-sediment%3Apkg-0134c%3A21%3A0180%3A000013%3AHg_AAS%3AHg%3A0|GEOLOGIC_CONTEXT_MISSING|matched_geologic_unit|,profile:cdogs-210102-lake-sediment:pkg-0134c:21:0180:000013:Hg_AAS:Hg:0,cdogs-210102-lake-sediment,D2,info,review_required,GEOLOGIC_CONTEXT_MISSING,matched_geologic_unit,,记录没有来源直报或空间匹配的地质单元。,在比例尺与边界不确定性允许时执行空间匹配，并记录地图源、版本、匹配方法和边界距离；否则保留缺失。,true
ITER|profile%3Acdogs-210102-lake-sediment%3Apkg-0134c%3A21%3A0180%3A000013%3ANi_AAS%3ANi%3A0|GEOLOGIC_CONTEXT_MISSING|matched_geologic_unit|,profile:cdogs-210102-lake-sediment:pkg-0134c:21:0180:000013:Ni_AAS:Ni:0,cdogs-210102-lake-sediment,D2,info,review_required,GEOLOGIC_CONTEXT_MISSING,matched_geologic_unit,,记录没有来源直报或空间匹配的地质单元。,在比例尺与边界不确定性允许时执行空间匹配，并记录地图源、版本、匹配方法和边界距离；否则保留缺失。,true
ITER|profile%3Acdogs-210102-lake-sediment%3Apkg-0134c%3A21%3A0180%3A000013%3APb_AAS%3APb%3A0|GEOLOGIC_CONTEXT_MISSING|matched_geologic_unit|,profile:cdogs-210102-lake-sediment:pkg-0134c:21:0180:000013:Pb_AAS:Pb:0,cdogs-210102-lake-sediment,D2,info,review_required,GEOLOGIC_CONTEXT_MISSING,matched_geologic_unit,,记录没有来源直报或空间匹配的地质单元。,在比例尺与边界不确定性允许时执行空间匹配，并记录地图源、版本、匹配方法和边界距离；否则保留缺失。,true
ITER|profile%3Acdogs-210102-lake-sediment%3Apkg-0134c%3A21%3A0180%3A000013%3AZn_AAS%3AZn%3A0|GEOLOGIC_CONTEXT_MISSING|matched_geologic_unit|,profile:cdogs-210102-lake-sediment:pkg-0134c:21:0180:000013:Zn_AAS:Zn:0,cdogs-210102-lake-sediment,D2,info,review_required,GEOLOGIC_CONTEXT_MISSING,matched_geologic_unit,,记录没有来源直报或空间匹配的地质单元。,在比例尺与边界不确定性允许时执行空间匹配，并记录地图源、版本、匹配方法和边界距离；否则保留缺失。,true
ITER|profile%3Acdogs-210102-lake-sediment%3Apkg-0134c%3A21%3A0180%3A000014%3AAs_Col%3AAs%3A0|CENSORED_OBSERVATION|censored|lt,profile:cdogs-210102-lake-sediment:pkg-0134c:21:0180:000014:As_Col:As:0,cdogs-210102-lake-sediment,D2,info,scientific_limit,CENSORED_OBSERVATION,censored,lt,这是检出限/定量限约束的删失观测，不等同于零，也不自动视为采集失败。,保留原始 qualifier 与 censoring limit；默认从普通相关和异常筛查中排除，或使用明确的删失统计模型。,false
ITER|profile%3Acdogs-210102-lake-sediment%3Apkg-0134c%3A21%3A0180%3A000014%3AAs_Col%3AAs%3A0|GEOLOGIC_CONTEXT_MISSING|matched_geologic_unit|,profile:cdogs-210102-lake-sediment:pkg-0134c:21:0180:000014:As_Col:As:0,cdogs-210102-lake-sediment,D2,info,review_required,GEOLOGIC_CONTEXT_MISSING,matched_geologic_unit,,记录没有来源直报或空间匹配的地质单元。,在比例尺与边界不确定性允许时执行空间匹配，并记录地图源、版本、匹配方法和边界距离；否则保留缺失。,true
ITER|profile%3Acdogs-210102-lake-sediment%3Apkg-0134c%3A21%3A0180%3A000014%3ACu_AAS%3ACu%3A0|GEOLOGIC_CONTEXT_MISSING|matched_geologic_unit|,profile:cdogs-210102-lake-sediment:pkg-0134c:21:0180:000014:Cu_AAS:Cu:0,cdogs-210102-lake-sediment,D2,info,review_required,GEOLOGIC_CONTEXT_MISSING,matched_geologic_unit,,记录没有来源直报或空间匹配的地质单元。,在比例尺与边界不确定性允许时执行空间匹配，并记录地图源、版本、匹配方法和边界距离；否则保留缺失。,true
ITER|profile%3Acdogs-210102-lake-sediment%3Apkg-0134c%3A21%3A0180%3A000014%3AHg_AAS%3AHg%3A0|GEOLOGIC_CONTEXT_MISSING|matched_geologic_unit|,profile:cdogs-210102-lake-sediment:pkg-0134c:21:0180:000014:Hg_AAS:Hg:0,cdogs-210102-lake-sediment,D2,info,review_required,GEOLOGIC_CONTEXT_MISSING,matched_geologic_unit,,记录没有来源直报或空间匹配的地质单元。,在比例尺与边界不确定性允许时执行空间匹配，并记录地图源、版本、匹配方法和边界距离；否则保留缺失。,true
ITER|profile%3Acdogs-210102-lake-sediment%3Apkg-0134c%3A21%3A0180%3A000014%3ANi_AAS%3ANi%3A0|CENSORED_OBSERVATION|censored|lt,profile:cdogs-210102-lake-sediment:pkg-0134c:21:0180:000014:Ni_AAS:Ni:0,cdogs-210102-lake-sediment,D2,info,scientific_limit,CENSORED_OBSERVATION,censored,lt,这是检出限/定量限约束的删失观测，不等同于零，也不自动视为采集失败。,保留原始 qualifier 与 censoring limit；默认从普通相关和异常筛查中排除，或使用明确的删失统计模型。,false
ITER|profile%3Acdogs-210102-lake-sediment%3Apkg-0134c%3A21%3A0180%3A000014%3ANi_AAS%3ANi%3A0|GEOLOGIC_CONTEXT_MISSING|matched_geologic_unit|,profile:cdogs-210102-lake-sediment:pkg-0134c:21:0180:000014:Ni_AAS:Ni:0,cdogs-210102-lake-sediment,D2,info,review_required,GEOLOGIC_CONTEXT_MISSING,matched_geologic_unit,,记录没有来源直报或空间匹配的地质单元。,在比例尺与边界不确定性允许时执行空间匹配，并记录地图源、版本、匹配方法和边界距离；否则保留缺失。,true
ITER|profile%3Acdogs-210102-lake-sediment%3Apkg-0134c%3A21%3A0180%3A000014%3APb_AAS%3APb%3A0|GEOLOGIC_CONTEXT_MISSING|matched_geologic_unit|,profile:cdogs-210102-lake-sediment:pkg-0134c:21:0180:000014:Pb_AAS:Pb:0,cdogs-210102-lake-sediment,D2,info,review_required,GEOLOGIC_CONTEXT_MISSING,matched_geologic_unit,,记录没有来源直报或空间匹配的地质单元。,在比例尺与边界不确定性允许时执行空间匹配，并记录地图源、版本、匹配方法和边界距离；否则保留缺失。,true
ITER|profile%3Acdogs-210102-lake-sediment%3Apkg-0134c%3A21%3A0180%3A000014%3AZn_AAS%3AZn%3A0|GEOLOGIC_CONTEXT_MISSING|matched_geologic_unit|,profile:cdogs-210102-lake-sediment:pkg-0134c:21:0180:000014:Zn_AAS:Zn:0,cdogs-210102-lake-sediment,D2,info,review_required,GEOLOGIC_CONTEXT_MISSING,matched_geologic_unit,,记录没有来源直报或空间匹配的地质单元。,在比例尺与边界不确定性允许时执行空间匹配，并记录地图源、版本、匹配方法和边界距离；否则保留缺失。,true
ITER|profile%3Acdogs-210102-lake-sediment%3Apkg-0134c%3A21%3A0180%3A000017%3AAs_Col%3AAs%3A0|CENSORED_OBSERVATION|censored|lt,profile:cdogs-210102-lake-sediment:pkg-0134c:21:0180:000017:As_Col:As:0,cdogs-210102-lake-sediment,D2,info,scientific_limit,CENSORED_OBSERVATION,censored,lt,这是检出限/定量限约束的删失观测，不等同于零，也不自动视为采集失败。,保留原始 qualifier 与 censoring limit；默认从普通相关和异常筛查中排除，或使用明确的删失统计模型。,false
ITER|profile%3Acdogs-210102-lake-sediment%3Apkg-0134c%3A21%3A0180%3A000017%3AAs_Col%3AAs%3A0|GEOLOGIC_CONTEXT_MISSING|matched_geologic_unit|,profile:cdogs-210102-lake-sediment:pkg-0134c:21:0180:000017:As_Col:As:0,cdogs-210102-lake-sediment,D2,info,review_required,GEOLOGIC_CONTEXT_MISSING,matched_geologic_unit,,记录没有来源直报或空间匹配的地质单元。,在比例尺与边界不确定性允许时执行空间匹配，并记录地图源、版本、匹配方法和边界距离；否则保留缺失。,true
ITER|profile%3Acdogs-210102-lake-sediment%3Apkg-0134c%3A21%3A0180%3A000017%3ACu_AAS%3ACu%3A0|GEOLOGIC_CONTEXT_MISSING|matched_geologic_unit|,profile:cdogs-210102-lake-sediment:pkg-0134c:21:0180:000017:Cu_AAS:Cu:0,cdogs-210102-lake-sediment,D2,info,review_required,GEOLOGIC_CONTEXT_MISSING,matched_geologic_unit,,记录没有来源直报或空间匹配的地质单元。,在比例尺与边界不确定性允许时执行空间匹配，并记录地图源、版本、匹配方法和边界距离；否则保留缺失。,true
ITER|profile%3Acdogs-210102-lake-sediment%3Apkg-0134c%3A21%3A0180%3A000017%3AHg_AAS%3AHg%3A0|GEOLOGIC_CONTEXT_MISSING|matched_geologic_unit|,profile:cdogs-210102-lake-sediment:pkg-0134c:21:0180:000017:Hg_AAS:Hg:0,cdogs-210102-lake-sediment,D2,info,review_required,GEOLOGIC_CONTEXT_MISSING,matched_geologic_unit,,记录没有来源直报或空间匹配的地质单元。,在比例尺与边界不确定性允许时执行空间匹配，并记录地图源、版本、匹配方法和边界距离；否则保留缺失。,true
ITER|profile%3Acdogs-210102-lake-sediment%3Apkg-0134c%3A21%3A0180%3A000017%3ANi_AAS%3ANi%3A0|GEOLOGIC_CONTEXT_MISSING|matched_geologic_unit|,profile:cdogs-210102-lake-sediment:pkg-0134c:21:0180:000017:Ni_AAS:Ni:0,cdogs-210102-lake-sediment,D2,info,review_required,GEOLOGIC_CONTEXT_MISSING,matched_geologic_unit,,记录没有来源直报或空间匹配的地质单元。,在比例尺与边界不确定性允许时执行空间匹配，并记录地图源、版本、匹配方法和边界距离；否则保留缺失。,true
ITER|profile%3Acdogs-210102-lake-sediment%3Apkg-0134c%3A21%3A0180%3A000017%3APb_AAS%3APb%3A0|CENSORED_OBSERVATION|censored|lt,profile:cdogs-210102-lake-sediment:pkg-0134c:21:0180:000017:Pb_AAS:Pb:0,cdogs-210102-lake-sediment,D2,info,scientific_limit,CENSORED_OBSERVATION,censored,lt,这是检出限/定量限约束的删失观测，不等同于零，也不自动视为采集失败。,保留原始 qualifier 与 censoring limit；默认从普通相关和异常筛查中排除，或使用明确的删失统计模型。,false
ITER|profile%3Acdogs-210102-lake-sediment%3Apkg-0134c%3A21%3A0180%3A000017%3APb_AAS%3APb%3A0|GEOLOGIC_CONTEXT_MISSING|matched_geologic_unit|,profile:cdogs-210102-lake-sediment:pkg-0134c:21:0180:000017:Pb_AAS:Pb:0,cdogs-210102-lake-sediment,D2,info,review_required,GEOLOGIC_CONTEXT_MISSING,matched_geologic_unit,,记录没有来源直报或空间匹配的地质单元。,在比例尺与边界不确定性允许时执行空间匹配，并记录地图源、版本、匹配方法和边界距离；否则保留缺失。,true
ITER|profile%3Acdogs-210102-lake-sediment%3Apkg-0134c%3A21%3A0180%3A000017%3AZn_AAS%3AZn%3A0|GEOLOGIC_CONTEXT_MISSING|matched_geologic_unit|,profile:cdogs-210102-lake-sediment:pkg-0134c:21:0180:000017:Zn_AAS:Zn:0,cdogs-210102-lake-sediment,D2,info,review_required,GEOLOGIC_CONTEXT_MISSING,matched_geologic_unit,,记录没有来源直报或空间匹配的地质单元。,在比例尺与边界不确定性允许时执行空间匹配，并记录地图源、版本、匹配方法和边界距离；否则保留缺失。,true
ITER|profile%3Acdogs-210102-lake-water%3Apkg-0136c%3A21%3A0182%3A000001%3AU_FT%3AU%3A0|GEOLOGIC_CONTEXT_MISSING|matched_geologic_unit|,profile:cdogs-210102-lake-water:pkg-0136c:21:0182:000001:U_FT:U:0,cdogs-210102-lake-water,D2,info,review_required,GEOLOGIC_CONTEXT_MISSING,matched_geologic_unit,,记录没有来源直报或空间匹配的地质单元。,在比例尺与边界不确定性允许时执行空间匹配，并记录地图源、版本、匹配方法和边界距离；否则保留缺失。,true
ITER|profile%3Acdogs-210102-lake-water%3Apkg-0136c%3A21%3A0182%3A000001%3AU_FT%3AU%3A0|NORMALIZATION_FAILED|normalized_value|,profile:cdogs-210102-lake-water:pkg-0136c:21:0182:000001:U_FT:U:0,cdogs-210102-lake-water,D2,error,action_required,NORMALIZATION_FAILED,normalized_value,,非删失测定没有可用标准值。,检查原值解析、单位词表、物质基准和换算公式；不能证明可换算时保留失败状态，不得猜值。,true
ITER|profile%3Acdogs-210102-lake-water%3Apkg-0136c%3A21%3A0182%3A000001%3AU_FT%3AU%3A0|QC_ERROR_REVIEW|qc_flags|INVALID_NUMERIC_VALUE,profile:cdogs-210102-lake-water:pkg-0136c:21:0182:000001:U_FT:U:0,cdogs-210102-lake-water,D2,error,action_required,QC_ERROR_REVIEW,qc_flags,INVALID_NUMERIC_VALUE,记录含错误级或不可支持的 QC 标志：INVALID_NUMERIC_VALUE,按 QC 规则修复源字段或映射；修复前保持排除，不要删除原始记录。,true
ITER|profile%3Acdogs-210102-lake-water%3Apkg-0136c%3A21%3A0182%3A000002%3AU_FT%3AU%3A0|GEOLOGIC_CONTEXT_MISSING|matched_geologic_unit|,profile:cdogs-210102-lake-water:pkg-0136c:21:0182:000002:U_FT:U:0,cdogs-210102-lake-water,D2,info,review_required,GEOLOGIC_CONTEXT_MISSING,matched_geologic_unit,,记录没有来源直报或空间匹配的地质单元。,在比例尺与边界不确定性允许时执行空间匹配，并记录地图源、版本、匹配方法和边界距离；否则保留缺失。,true
ITER|profile%3Acdogs-210102-lake-water%3Apkg-0136c%3A21%3A0182%3A000002%3AU_FT%3AU%3A0|NORMALIZATION_FAILED|normalized_value|,profile:cdogs-210102-lake-water:pkg-0136c:21:0182:000002:U_FT:U:0,cdogs-210102-lake-water,D2,error,action_required,NORMALIZATION_FAILED,normalized_value,,非删失测定没有可用标准值。,检查原值解析、单位词表、物质基准和换算公式；不能证明可换算时保留失败状态，不得猜值。,true
ITER|profile%3Acdogs-210102-lake-water%3Apkg-0136c%3A21%3A0182%3A000004%3AU_FT%3AU%3A0|GEOLOGIC_CONTEXT_MISSING|matched_geologic_unit|,profile:cdogs-210102-lake-water:pkg-0136c:21:0182:000004:U_FT:U:0,cdogs-210102-lake-water,D2,info,review_required,GEOLOGIC_CONTEXT_MISSING,matched_geologic_unit,,记录没有来源直报或空间匹配的地质单元。,在比例尺与边界不确定性允许时执行空间匹配，并记录地图源、版本、匹配方法和边界距离；否则保留缺失。,true
ITER|profile%3Acdogs-210102-lake-water%3Apkg-0136c%3A21%3A0182%3A000004%3AU_FT%3AU%3A0|NORMALIZATION_FAILED|normalized_value|,profile:cdogs-210102-lake-water:pkg-0136c:21:0182:000004:U_FT:U:0,cdogs-210102-lake-water,D2,error,action_required,NORMALIZATION_FAILED,normalized_value,,非删失测定没有可用标准值。,检查原值解析、单位词表、物质基准和换算公式；不能证明可换算时保留失败状态，不得猜值。,true
ITER|profile%3Acdogs-210102-lake-water%3Apkg-0136c%3A21%3A0182%3A000005%3AU_FT%3AU%3A0|GEOLOGIC_CONTEXT_MISSING|matched_geologic_unit|,profile:cdogs-210102-lake-water:pkg-0136c:21:0182:000005:U_FT:U:0,cdogs-210102-lake-water,D2,info,review_required,GEOLOGIC_CONTEXT_MISSING,matched_geologic_unit,,记录没有来源直报或空间匹配的地质单元。,在比例尺与边界不确定性允许时执行空间匹配，并记录地图源、版本、匹配方法和边界距离；否则保留缺失。,true
ITER|profile%3Acdogs-210102-lake-water%3Apkg-0136c%3A21%3A0182%3A000005%3AU_FT%3AU%3A0|NORMALIZATION_FAILED|normalized_value|,profile:cdogs-210102-lake-water:pkg-0136c:21:0182:000005:U_FT:U:0,cdogs-210102-lake-water,D2,error,action_required,NORMALIZATION_FAILED,normalized_value,,非删失测定没有可用标准值。,检查原值解析、单位词表、物质基准和换算公式；不能证明可换算时保留失败状态，不得猜值。,true
ITER|profile%3Acdogs-210102-lake-water%3Apkg-0136c%3A21%3A0182%3A000008%3AU_FT%3AU%3A0|GEOLOGIC_CONTEXT_MISSING|matched_geologic_unit|,profile:cdogs-210102-lake-water:pkg-0136c:21:0182:000008:U_FT:U:0,cdogs-210102-lake-water,D2,info,review_required,GEOLOGIC_CONTEXT_MISSING,matched_geologic_unit,,记录没有来源直报或空间匹配的地质单元。,在比例尺与边界不确定性允许时执行空间匹配，并记录地图源、版本、匹配方法和边界距离；否则保留缺失。,true
ITER|profile%3Acdogs-210102-lake-water%3Apkg-0136c%3A21%3A0182%3A000008%3AU_FT%3AU%3A0|NORMALIZATION_FAILED|normalized_value|,profile:cdogs-210102-lake-water:pkg-0136c:21:0182:000008:U_FT:U:0,cdogs-210102-lake-water,D2,error,action_required,NORMALIZATION_FAILED,normalized_value,,非删失测定没有可用标准值。,检查原值解析、单位词表、物质基准和换算公式；不能证明可换算时保留失败状态，不得猜值。,true
ITER|profile%3Acdogs-210102-lake-water%3Apkg-0136c%3A21%3A0182%3A000010%3AU_FT%3AU%3A0|GEOLOGIC_CONTEXT_MISSING|matched_geologic_unit|,profile:cdogs-210102-lake-water:pkg-0136c:21:0182:000010:U_FT:U:0,cdogs-210102-lake-water,D2,info,review_required,GEOLOGIC_CONTEXT_MISSING,matched_geologic_unit,,记录没有来源直报或空间匹配的地质单元。,在比例尺与边界不确定性允许时执行空间匹配，并记录地图源、版本、匹配方法和边界距离；否则保留缺失。,true
ITER|profile%3Acdogs-210102-lake-water%3Apkg-0136c%3A21%3A0182%3A000010%3AU_FT%3AU%3A0|NORMALIZATION_FAILED|normalized_value|,profile:cdogs-210102-lake-water:pkg-0136c:21:0182:000010:U_FT:U:0,cdogs-210102-lake-water,D2,error,action_required,NORMALIZATION_FAILED,normalized_value,,非删失测定没有可用标准值。,检查原值解析、单位词表、物质基准和换算公式；不能证明可换算时保留失败状态，不得猜值。,true
ITER|profile%3Acdogs-210102-lake-water%3Apkg-0136c%3A21%3A0182%3A000015%3AU_FT%3AU%3A0|GEOLOGIC_CONTEXT_MISSING|matched_geologic_unit|,profile:cdogs-210102-lake-water:pkg-0136c:21:0182:000015:U_FT:U:0,cdogs-210102-lake-water,D2,info,review_required,GEOLOGIC_CONTEXT_MISSING,matched_geologic_unit,,记录没有来源直报或空间匹配的地质单元。,在比例尺与边界不确定性允许时执行空间匹配，并记录地图源、版本、匹配方法和边界距离；否则保留缺失。,true
ITER|profile%3Acdogs-210102-lake-water%3Apkg-0136c%3A21%3A0182%3A000015%3AU_FT%3AU%3A0|NORMALIZATION_FAILED|normalized_value|,profile:cdogs-210102-lake-water:pkg-0136c:21:0182:000015:U_FT:U:0,cdogs-210102-lake-water,D2,error,action_required,NORMALIZATION_FAILED,normalized_value,,非删失测定没有可用标准值。,检查原值解析、单位词表、物质基准和换算公式；不能证明可换算时保留失败状态，不得猜值。,true
ITER|profile%3Acdogs-210102-lake-water%3Apkg-0136c%3A21%3A0182%3A000018%3AU_FT%3AU%3A0|CENSORED_OBSERVATION|censored|lt,profile:cdogs-210102-lake-water:pkg-0136c:21:0182:000018:U_FT:U:0,cdogs-210102-lake-water,D2,info,scientific_limit,CENSORED_OBSERVATION,censored,lt,这是检出限/定量限约束的删失观测，不等同于零，也不自动视为采集失败。,保留原始 qualifier 与 censoring limit；默认从普通相关和异常筛查中排除，或使用明确的删失统计模型。,false
ITER|profile%3Acdogs-210102-lake-water%3Apkg-0136c%3A21%3A0182%3A000018%3AU_FT%3AU%3A0|GEOLOGIC_CONTEXT_MISSING|matched_geologic_unit|,profile:cdogs-210102-lake-water:pkg-0136c:21:0182:000018:U_FT:U:0,cdogs-210102-lake-water,D2,info,review_required,GEOLOGIC_CONTEXT_MISSING,matched_geologic_unit,,记录没有来源直报或空间匹配的地质单元。,在比例尺与边界不确定性允许时执行空间匹配，并记录地图源、版本、匹配方法和边界距离；否则保留缺失。,true
ITER|profile%3Acdogs-210102-lake-water%3Apkg-0136c%3A21%3A0182%3A000021%3AU_FT%3AU%3A0|GEOLOGIC_CONTEXT_MISSING|matched_geologic_unit|,profile:cdogs-210102-lake-water:pkg-0136c:21:0182:000021:U_FT:U:0,cdogs-210102-lake-water,D2,info,review_required,GEOLOGIC_CONTEXT_MISSING,matched_geologic_unit,,记录没有来源直报或空间匹配的地质单元。,在比例尺与边界不确定性允许时执行空间匹配，并记录地图源、版本、匹配方法和边界距离；否则保留缺失。,true
ITER|profile%3Acdogs-210102-lake-water%3Apkg-0136c%3A21%3A0182%3A000021%3AU_FT%3AU%3A0|NORMALIZATION_FAILED|normalized_value|,profile:cdogs-210102-lake-water:pkg-0136c:21:0182:000021:U_FT:U:0,cdogs-210102-lake-water,D2,error,action_required,NORMALIZATION_FAILED,normalized_value,,非删失测定没有可用标准值。,检查原值解析、单位词表、物质基准和换算公式；不能证明可换算时保留失败状态，不得猜值。,true
ITER|profile%3Acdogs-210102-lake-water%3Apkg-0136c%3A21%3A0182%3A000021%3AU_FT%3AU%3A0|QC_ERROR_REVIEW|qc_flags|INVALID_NUMERIC_VALUE,profile:cdogs-210102-lake-water:pkg-0136c:21:0182:000021:U_FT:U:0,cdogs-210102-lake-water,D2,error,action_required,QC_ERROR_REVIEW,qc_flags,INVALID_NUMERIC_VALUE,记录含错误级或不可支持的 QC 标志：INVALID_NUMERIC_VALUE,按 QC 规则修复源字段或映射；修复前保持排除，不要删除原始记录。,true
ITER|profile%3Acdogs-210102-lake-water%3Apkg-0136c%3A21%3A0182%3A000023%3AU_FT%3AU%3A0|CENSORED_OBSERVATION|censored|lt,profile:cdogs-210102-lake-water:pkg-0136c:21:0182:000023:U_FT:U:0,cdogs-210102-lake-water,D2,info,scientific_limit,CENSORED_OBSERVATION,censored,lt,这是检出限/定量限约束的删失观测，不等同于零，也不自动视为采集失败。,保留原始 qualifier 与 censoring limit；默认从普通相关和异常筛查中排除，或使用明确的删失统计模型。,false
ITER|profile%3Acdogs-210102-lake-water%3Apkg-0136c%3A21%3A0182%3A000023%3AU_FT%3AU%3A0|GEOLOGIC_CONTEXT_MISSING|matched_geologic_unit|,profile:cdogs-210102-lake-water:pkg-0136c:21:0182:000023:U_FT:U:0,cdogs-210102-lake-water,D2,info,review_required,GEOLOGIC_CONTEXT_MISSING,matched_geologic_unit,,记录没有来源直报或空间匹配的地质单元。,在比例尺与边界不确定性允许时执行空间匹配，并记录地图源、版本、匹配方法和边界距离；否则保留缺失。,true
ITER|profile%3Acdogs-210102-lake-water%3Apkg-0136c%3A21%3A0182%3A000024%3AU_FT%3AU%3A0|CENSORED_OBSERVATION|censored|lt,profile:cdogs-210102-lake-water:pkg-0136c:21:0182:000024:U_FT:U:0,cdogs-210102-lake-water,D2,info,scientific_limit,CENSORED_OBSERVATION,censored,lt,这是检出限/定量限约束的删失观测，不等同于零，也不自动视为采集失败。,保留原始 qualifier 与 censoring limit；默认从普通相关和异常筛查中排除，或使用明确的删失统计模型。,false
ITER|profile%3Acdogs-210102-lake-water%3Apkg-0136c%3A21%3A0182%3A000024%3AU_FT%3AU%3A0|GEOLOGIC_CONTEXT_MISSING|matched_geologic_unit|,profile:cdogs-210102-lake-water:pkg-0136c:21:0182:000024:U_FT:U:0,cdogs-210102-lake-water,D2,info,review_required,GEOLOGIC_CONTEXT_MISSING,matched_geologic_unit,,记录没有来源直报或空间匹配的地质单元。,在比例尺与边界不确定性允许时执行空间匹配，并记录地图源、版本、匹配方法和边界距离；否则保留缺失。,true
ITER|profile%3Acdogs-210102-lake-water%3Apkg-0136c%3A21%3A0182%3A000025%3AU_FT%3AU%3A0|GEOLOGIC_CONTEXT_MISSING|matched_geologic_unit|,profile:cdogs-210102-lake-water:pkg-0136c:21:0182:000025:U_FT:U:0,cdogs-210102-lake-water,D2,info,review_required,GEOLOGIC_CONTEXT_MISSING,matched_geologic_unit,,记录没有来源直报或空间匹配的地质单元。,在比例尺与边界不确定性允许时执行空间匹配，并记录地图源、版本、匹配方法和边界距离；否则保留缺失。,true
ITER|profile%3Acdogs-210102-lake-water%3Apkg-0136c%3A21%3A0182%3A000025%3AU_FT%3AU%3A0|NORMALIZATION_FAILED|normalized_value|,profile:cdogs-210102-lake-water:pkg-0136c:21:0182:000025:U_FT:U:0,cdogs-210102-lake-water,D2,error,action_required,NORMALIZATION_FAILED,normalized_value,,非删失测定没有可用标准值。,检查原值解析、单位词表、物质基准和换算公式；不能证明可换算时保留失败状态，不得猜值。,true
ITER|profile%3Acdogs-210102-lake-water%3Apkg-0136c%3A21%3A0182%3A000041%3AU_FT%3AU%3A0|GEOLOGIC_CONTEXT_MISSING|matched_geologic_unit|,profile:cdogs-210102-lake-water:pkg-0136c:21:0182:000041:U_FT:U:0,cdogs-210102-lake-water,D2,info,review_required,GEOLOGIC_CONTEXT_MISSING,matched_geologic_unit,,记录没有来源直报或空间匹配的地质单元。,在比例尺与边界不确定性允许时执行空间匹配，并记录地图源、版本、匹配方法和边界距离；否则保留缺失。,true
ITER|profile%3Acdogs-210102-lake-water%3Apkg-0136c%3A21%3A0182%3A000041%3AU_FT%3AU%3A0|NORMALIZATION_FAILED|normalized_value|,profile:cdogs-210102-lake-water:pkg-0136c:21:0182:000041:U_FT:U:0,cdogs-210102-lake-water,D2,error,action_required,NORMALIZATION_FAILED,normalized_value,,非删失测定没有可用标准值。,检查原值解析、单位词表、物质基准和换算公式；不能证明可换算时保留失败状态，不得猜值。,true
ITER|profile%3Acdogs-210102-lake-water%3Apkg-0136c%3A21%3A0182%3A000041%3AU_FT%3AU%3A0|QC_ERROR_REVIEW|qc_flags|INVALID_NUMERIC_VALUE,profile:cdogs-210102-lake-water:pkg-0136c:21:0182:000041:U_FT:U:0,cdogs-210102-lake-water,D2,error,action_required,QC_ERROR_REVIEW,qc_flags,INVALID_NUMERIC_VALUE,记录含错误级或不可支持的 QC 标志：INVALID_NUMERIC_VALUE,按 QC 规则修复源字段或映射；修复前保持排除，不要删除原始记录。,true
ITER|profile%3Acdogs-210102-lake-water%3Apkg-0136c%3A21%3A0182%3A000048%3AU_FT%3AU%3A0|CENSORED_OBSERVATION|censored|lt,profile:cdogs-210102-lake-water:pkg-0136c:21:0182:000048:U_FT:U:0,cdogs-210102-lake-water,D2,info,scientific_limit,CENSORED_OBSERVATION,censored,lt,这是检出限/定量限约束的删失观测，不等同于零，也不自动视为采集失败。,保留原始 qualifier 与 censoring limit；默认从普通相关和异常筛查中排除，或使用明确的删失统计模型。,false
ITER|profile%3Acdogs-210102-lake-water%3Apkg-0136c%3A21%3A0182%3A000048%3AU_FT%3AU%3A0|GEOLOGIC_CONTEXT_MISSING|matched_geologic_unit|,profile:cdogs-210102-lake-water:pkg-0136c:21:0182:000048:U_FT:U:0,cdogs-210102-lake-water,D2,info,review_required,GEOLOGIC_CONTEXT_MISSING,matched_geologic_unit,,记录没有来源直报或空间匹配的地质单元。,在比例尺与边界不确定性允许时执行空间匹配，并记录地图源、版本、匹配方法和边界距离；否则保留缺失。,true
ITER|profile%3Acdogs-210102-lake-water%3Apkg-0136c%3A21%3A0182%3A000049%3AU_FT%3AU%3A0|GEOLOGIC_CONTEXT_MISSING|matched_geologic_unit|,profile:cdogs-210102-lake-water:pkg-0136c:21:0182:000049:U_FT:U:0,cdogs-210102-lake-water,D2,info,review_required,GEOLOGIC_CONTEXT_MISSING,matched_geologic_unit,,记录没有来源直报或空间匹配的地质单元。,在比例尺与边界不确定性允许时执行空间匹配，并记录地图源、版本、匹配方法和边界距离；否则保留缺失。,true
ITER|profile%3Acdogs-210102-lake-water%3Apkg-0136c%3A21%3A0182%3A000049%3AU_FT%3AU%3A0|NORMALIZATION_FAILED|normalized_value|,profile:cdogs-210102-lake-water:pkg-0136c:21:0182:000049:U_FT:U:0,cdogs-210102-lake-water,D2,error,action_required,NORMALIZATION_FAILED,normalized_value,,非删失测定没有可用标准值。,检查原值解析、单位词表、物质基准和换算公式；不能证明可换算时保留失败状态，不得猜值。,true
ITER|profile%3Acdogs-210102-lake-water%3Apkg-0136c%3A21%3A0182%3A000050%3AU_FT%3AU%3A0|GEOLOGIC_CONTEXT_MISSING|matched_geologic_unit|,profile:cdogs-210102-lake-water:pkg-0136c:21:0182:000050:U_FT:U:0,cdogs-210102-lake-water,D2,info,review_required,GEOLOGIC_CONTEXT_MISSING,matched_geologic_unit,,记录没有来源直报或空间匹配的地质单元。,在比例尺与边界不确定性允许时执行空间匹配，并记录地图源、版本、匹配方法和边界距离；否则保留缺失。,true
ITER|profile%3Acdogs-210102-lake-water%3Apkg-0136c%3A21%3A0182%3A000050%3AU_FT%3AU%3A0|NORMALIZATION_FAILED|normalized_value|,profile:cdogs-210102-lake-water:pkg-0136c:21:0182:000050:U_FT:U:0,cdogs-210102-lake-water,D2,error,action_required,NORMALIZATION_FAILED,normalized_value,,非删失测定没有可用标准值。,检查原值解析、单位词表、物质基准和换算公式；不能证明可换算时保留失败状态，不得猜值。,true
ITER|profile%3Acdogs-210102-lake-water%3Apkg-0136c%3A21%3A0182%3A000061%3AU_FT%3AU%3A0|GEOLOGIC_CONTEXT_MISSING|matched_geologic_unit|,profile:cdogs-210102-lake-water:pkg-0136c:21:0182:000061:U_FT:U:0,cdogs-210102-lake-water,D2,info,review_required,GEOLOGIC_CONTEXT_MISSING,matched_geologic_unit,,记录没有来源直报或空间匹配的地质单元。,在比例尺与边界不确定性允许时执行空间匹配，并记录地图源、版本、匹配方法和边界距离；否则保留缺失。,true
ITER|profile%3Acdogs-210102-lake-water%3Apkg-0136c%3A21%3A0182%3A000061%3AU_FT%3AU%3A0|NORMALIZATION_FAILED|normalized_value|,profile:cdogs-210102-lake-water:pkg-0136c:21:0182:000061:U_FT:U:0,cdogs-210102-lake-water,D2,error,action_required,NORMALIZATION_FAILED,normalized_value,,非删失测定没有可用标准值。,检查原值解析、单位词表、物质基准和换算公式；不能证明可换算时保留失败状态，不得猜值。,true
ITER|profile%3Acdogs-210102-lake-water%3Apkg-0136c%3A21%3A0182%3A000061%3AU_FT%3AU%3A0|QC_ERROR_REVIEW|qc_flags|INVALID_NUMERIC_VALUE,profile:cdogs-210102-lake-water:pkg-0136c:21:0182:000061:U_FT:U:0,cdogs-210102-lake-water,D2,error,action_required,QC_ERROR_REVIEW,qc_flags,INVALID_NUMERIC_VALUE,记录含错误级或不可支持的 QC 标志：INVALID_NUMERIC_VALUE,按 QC 规则修复源字段或映射；修复前保持排除，不要删除原始记录。,true
ITER|profile%3Acdogs-210102-lake-water%3Apkg-0136c%3A21%3A0182%3A000062%3AU_FT%3AU%3A0|GEOLOGIC_CONTEXT_MISSING|matched_geologic_unit|,profile:cdogs-210102-lake-water:pkg-0136c:21:0182:000062:U_FT:U:0,cdogs-210102-lake-water,D2,info,review_required,GEOLOGIC_CONTEXT_MISSING,matched_geologic_unit,,记录没有来源直报或空间匹配的地质单元。,在比例尺与边界不确定性允许时执行空间匹配，并记录地图源、版本、匹配方法和边界距离；否则保留缺失。,true
ITER|profile%3Acdogs-210102-lake-water%3Apkg-0136c%3A21%3A0182%3A000062%3AU_FT%3AU%3A0|NORMALIZATION_FAILED|normalized_value|,profile:cdogs-210102-lake-water:pkg-0136c:21:0182:000062:U_FT:U:0,cdogs-210102-lake-water,D2,error,action_required,NORMALIZATION_FAILED,normalized_value,,非删失测定没有可用标准值。,检查原值解析、单位词表、物质基准和换算公式；不能证明可换算时保留失败状态，不得猜值。,true
ITER|profile%3Acdogs-210102-lake-water%3Apkg-0136c%3A21%3A0182%3A000063%3AU_FT%3AU%3A0|GEOLOGIC_CONTEXT_MISSING|matched_geologic_unit|,profile:cdogs-210102-lake-water:pkg-0136c:21:0182:000063:U_FT:U:0,cdogs-210102-lake-water,D2,info,review_required,GEOLOGIC_CONTEXT_MISSING,matched_geologic_unit,,记录没有来源直报或空间匹配的地质单元。,在比例尺与边界不确定性允许时执行空间匹配，并记录地图源、版本、匹配方法和边界距离；否则保留缺失。,true
ITER|profile%3Acdogs-210102-lake-water%3Apkg-0136c%3A21%3A0182%3A000063%3AU_FT%3AU%3A0|NORMALIZATION_FAILED|normalized_value|,profile:cdogs-210102-lake-water:pkg-0136c:21:0182:000063:U_FT:U:0,cdogs-210102-lake-water,D2,error,action_required,NORMALIZATION_FAILED,normalized_value,,非删失测定没有可用标准值。,检查原值解析、单位词表、物质基准和换算公式；不能证明可换算时保留失败状态，不得猜值。,true
ITER|profile%3Acdogs-210102-lake-water%3Apkg-0136c%3A21%3A0182%3A000076%3AU_FT%3AU%3A0|CENSORED_OBSERVATION|censored|lt,profile:cdogs-210102-lake-water:pkg-0136c:21:0182:000076:U_FT:U:0,cdogs-210102-lake-water,D2,info,scientific_limit,CENSORED_OBSERVATION,censored,lt,这是检出限/定量限约束的删失观测，不等同于零，也不自动视为采集失败。,保留原始 qualifier 与 censoring limit；默认从普通相关和异常筛查中排除，或使用明确的删失统计模型。,false
ITER|profile%3Acdogs-210102-lake-water%3Apkg-0136c%3A21%3A0182%3A000076%3AU_FT%3AU%3A0|GEOLOGIC_CONTEXT_MISSING|matched_geologic_unit|,profile:cdogs-210102-lake-water:pkg-0136c:21:0182:000076:U_FT:U:0,cdogs-210102-lake-water,D2,info,review_required,GEOLOGIC_CONTEXT_MISSING,matched_geologic_unit,,记录没有来源直报或空间匹配的地质单元。,在比例尺与边界不确定性允许时执行空间匹配，并记录地图源、版本、匹配方法和边界距离；否则保留缺失。,true
ITER|profile%3Acdogs-210102-lake-water%3Apkg-0136c%3A21%3A0182%3A000081%3AU_FT%3AU%3A0|GEOLOGIC_CONTEXT_MISSING|matched_geologic_unit|,profile:cdogs-210102-lake-water:pkg-0136c:21:0182:000081:U_FT:U:0,cdogs-210102-lake-water,D2,info,review_required,GEOLOGIC_CONTEXT_MISSING,matched_geologic_unit,,记录没有来源直报或空间匹配的地质单元。,在比例尺与边界不确定性允许时执行空间匹配，并记录地图源、版本、匹配方法和边界距离；否则保留缺失。,true
ITER|profile%3Acdogs-210102-lake-water%3Apkg-0136c%3A21%3A0182%3A000081%3AU_FT%3AU%3A0|NORMALIZATION_FAILED|normalized_value|,profile:cdogs-210102-lake-water:pkg-0136c:21:0182:000081:U_FT:U:0,cdogs-210102-lake-water,D2,error,action_required,NORMALIZATION_FAILED,normalized_value,,非删失测定没有可用标准值。,检查原值解析、单位词表、物质基准和换算公式；不能证明可换算时保留失败状态，不得猜值。,true
ITER|profile%3Acdogs-210102-lake-water%3Apkg-0136c%3A21%3A0182%3A000081%3AU_FT%3AU%3A0|QC_ERROR_REVIEW|qc_flags|INVALID_NUMERIC_VALUE,profile:cdogs-210102-lake-water:pkg-0136c:21:0182:000081:U_FT:U:0,cdogs-210102-lake-water,D2,error,action_required,QC_ERROR_REVIEW,qc_flags,INVALID_NUMERIC_VALUE,记录含错误级或不可支持的 QC 标志：INVALID_NUMERIC_VALUE,按 QC 规则修复源字段或映射；修复前保持排除，不要删除原始记录。,true
ITER|profile%3Acdogs-210102-lake-water%3Apkg-0136c%3A21%3A0182%3A000083%3AU_FT%3AU%3A0|GEOLOGIC_CONTEXT_MISSING|matched_geologic_unit|,profile:cdogs-210102-lake-water:pkg-0136c:21:0182:000083:U_FT:U:0,cdogs-210102-lake-water,D2,info,review_required,GEOLOGIC_CONTEXT_MISSING,matched_geologic_unit,,记录没有来源直报或空间匹配的地质单元。,在比例尺与边界不确定性允许时执行空间匹配，并记录地图源、版本、匹配方法和边界距离；否则保留缺失。,true
ITER|profile%3Acdogs-210102-lake-water%3Apkg-0136c%3A21%3A0182%3A000083%3AU_FT%3AU%3A0|NORMALIZATION_FAILED|normalized_value|,profile:cdogs-210102-lake-water:pkg-0136c:21:0182:000083:U_FT:U:0,cdogs-210102-lake-water,D2,error,action_required,NORMALIZATION_FAILED,normalized_value,,非删失测定没有可用标准值。,检查原值解析、单位词表、物质基准和换算公式；不能证明可换算时保留失败状态，不得猜值。,true
ITER|profile%3Acdogs-210102-lake-water%3Apkg-0136c%3A21%3A0182%3A000084%3AU_FT%3AU%3A0|GEOLOGIC_CONTEXT_MISSING|matched_geologic_unit|,profile:cdogs-210102-lake-water:pkg-0136c:21:0182:000084:U_FT:U:0,cdogs-210102-lake-water,D2,info,review_required,GEOLOGIC_CONTEXT_MISSING,matched_geologic_unit,,记录没有来源直报或空间匹配的地质单元。,在比例尺与边界不确定性允许时执行空间匹配，并记录地图源、版本、匹配方法和边界距离；否则保留缺失。,true
ITER|profile%3Acdogs-210102-lake-water%3Apkg-0136c%3A21%3A0182%3A000084%3AU_FT%3AU%3A0|NORMALIZATION_FAILED|normalized_value|,profile:cdogs-210102-lake-water:pkg-0136c:21:0182:000084:U_FT:U:0,cdogs-210102-lake-water,D2,error,action_required,NORMALIZATION_FAILED,normalized_value,,非删失测定没有可用标准值。,检查原值解析、单位词表、物质基准和换算公式；不能证明可换算时保留失败状态，不得猜值。,true
ITER|profile%3Acdogs-210102-lake-water%3Apkg-0136c%3A21%3A0182%3A000087%3AU_FT%3AU%3A0|GEOLOGIC_CONTEXT_MISSING|matched_geologic_unit|,profile:cdogs-210102-lake-water:pkg-0136c:21:0182:000087:U_FT:U:0,cdogs-210102-lake-water,D2,info,review_required,GEOLOGIC_CONTEXT_MISSING,matched_geologic_unit,,记录没有来源直报或空间匹配的地质单元。,在比例尺与边界不确定性允许时执行空间匹配，并记录地图源、版本、匹配方法和边界距离；否则保留缺失。,true
ITER|profile%3Acdogs-210102-lake-water%3Apkg-0136c%3A21%3A0182%3A000087%3AU_FT%3AU%3A0|NORMALIZATION_FAILED|normalized_value|,profile:cdogs-210102-lake-water:pkg-0136c:21:0182:000087:U_FT:U:0,cdogs-210102-lake-water,D2,error,action_required,NORMALIZATION_FAILED,normalized_value,,非删失测定没有可用标准值。,检查原值解析、单位词表、物质基准和换算公式；不能证明可换算时保留失败状态，不得猜值。,true
ITER|profile%3Acdogs-210102-lake-water%3Apkg-0136c%3A21%3A0182%3A000100%3AU_FT%3AU%3A0|GEOLOGIC_CONTEXT_MISSING|matched_geologic_unit|,profile:cdogs-210102-lake-water:pkg-0136c:21:0182:000100:U_FT:U:0,cdogs-210102-lake-water,D2,info,review_required,GEOLOGIC_CONTEXT_MISSING,matched_geologic_unit,,记录没有来源直报或空间匹配的地质单元。,在比例尺与边界不确定性允许时执行空间匹配，并记录地图源、版本、匹配方法和边界距离；否则保留缺失。,true
ITER|profile%3Acdogs-210102-lake-water%3Apkg-0136c%3A21%3A0182%3A000100%3AU_FT%3AU%3A0|NORMALIZATION_FAILED|normalized_value|,profile:cdogs-210102-lake-water:pkg-0136c:21:0182:000100:U_FT:U:0,cdogs-210102-lake-water,D2,error,action_required,NORMALIZATION_FAILED,normalized_value,,非删失测定没有可用标准值。,检查原值解析、单位词表、物质基准和换算公式；不能证明可换算时保留失败状态，不得猜值。,true
ITER|profile%3Acdogs-210102-lake-water%3Apkg-0136c%3A21%3A0182%3A000100%3AU_FT%3AU%3A0|QC_ERROR_REVIEW|qc_flags|INVALID_NUMERIC_VALUE,profile:cdogs-210102-lake-water:pkg-0136c:21:0182:000100:U_FT:U:0,cdogs-210102-lake-water,D2,error,action_required,QC_ERROR_REVIEW,qc_flags,INVALID_NUMERIC_VALUE,记录含错误级或不可支持的 QC 标志：INVALID_NUMERIC_VALUE,按 QC 规则修复源字段或映射；修复前保持排除，不要删除原始记录。,true
ITER|profile%3Acdogs-210102-lake-water%3Apkg-0136c%3A21%3A0182%3A000102%3AU_FT%3AU%3A0|CENSORED_OBSERVATION|censored|lt,profile:cdogs-210102-lake-water:pkg-0136c:21:0182:000102:U_FT:U:0,cdogs-210102-lake-water,D2,info,scientific_limit,CENSORED_OBSERVATION,censored,lt,这是检出限/定量限约束的删失观测，不等同于零，也不自动视为采集失败。,保留原始 qualifier 与 censoring limit；默认从普通相关和异常筛查中排除，或使用明确的删失统计模型。,false
ITER|profile%3Acdogs-210102-lake-water%3Apkg-0136c%3A21%3A0182%3A000102%3AU_FT%3AU%3A0|GEOLOGIC_CONTEXT_MISSING|matched_geologic_unit|,profile:cdogs-210102-lake-water:pkg-0136c:21:0182:000102:U_FT:U:0,cdogs-210102-lake-water,D2,info,review_required,GEOLOGIC_CONTEXT_MISSING,matched_geologic_unit,,记录没有来源直报或空间匹配的地质单元。,在比例尺与边界不确定性允许时执行空间匹配，并记录地图源、版本、匹配方法和边界距离；否则保留缺失。,true
ITER|profile%3Acdogs-210102-lake-water%3Apkg-0136c%3A21%3A0182%3A000103%3AU_FT%3AU%3A0|CENSORED_OBSERVATION|censored|lt,profile:cdogs-210102-lake-water:pkg-0136c:21:0182:000103:U_FT:U:0,cdogs-210102-lake-water,D2,info,scientific_limit,CENSORED_OBSERVATION,censored,lt,这是检出限/定量限约束的删失观测，不等同于零，也不自动视为采集失败。,保留原始 qualifier 与 censoring limit；默认从普通相关和异常筛查中排除，或使用明确的删失统计模型。,false
ITER|profile%3Acdogs-210102-lake-water%3Apkg-0136c%3A21%3A0182%3A000103%3AU_FT%3AU%3A0|GEOLOGIC_CONTEXT_MISSING|matched_geologic_unit|,profile:cdogs-210102-lake-water:pkg-0136c:21:0182:000103:U_FT:U:0,cdogs-210102-lake-water,D2,info,review_required,GEOLOGIC_CONTEXT_MISSING,matched_geologic_unit,,记录没有来源直报或空间匹配的地质单元。,在比例尺与边界不确定性允许时执行空间匹配，并记录地图源、版本、匹配方法和边界距离；否则保留缺失。,true
ITER|profile%3Acdogs-210102-lake-water%3Apkg-0136c%3A21%3A0182%3A000113%3AU_FT%3AU%3A0|GEOLOGIC_CONTEXT_MISSING|matched_geologic_unit|,profile:cdogs-210102-lake-water:pkg-0136c:21:0182:000113:U_FT:U:0,cdogs-210102-lake-water,D2,info,review_required,GEOLOGIC_CONTEXT_MISSING,matched_geologic_unit,,记录没有来源直报或空间匹配的地质单元。,在比例尺与边界不确定性允许时执行空间匹配，并记录地图源、版本、匹配方法和边界距离；否则保留缺失。,true
ITER|profile%3Acdogs-210102-lake-water%3Apkg-0136c%3A21%3A0182%3A000113%3AU_FT%3AU%3A0|NORMALIZATION_FAILED|normalized_value|,profile:cdogs-210102-lake-water:pkg-0136c:21:0182:000113:U_FT:U:0,cdogs-210102-lake-water,D2,error,action_required,NORMALIZATION_FAILED,normalized_value,,非删失测定没有可用标准值。,检查原值解析、单位词表、物质基准和换算公式；不能证明可换算时保留失败状态，不得猜值。,true
ITER|profile%3Acdogs-210102-lake-water%3Apkg-0136c%3A21%3A0182%3A000120%3AU_FT%3AU%3A0|GEOLOGIC_CONTEXT_MISSING|matched_geologic_unit|,profile:cdogs-210102-lake-water:pkg-0136c:21:0182:000120:U_FT:U:0,cdogs-210102-lake-water,D2,info,review_required,GEOLOGIC_CONTEXT_MISSING,matched_geologic_unit,,记录没有来源直报或空间匹配的地质单元。,在比例尺与边界不确定性允许时执行空间匹配，并记录地图源、版本、匹配方法和边界距离；否则保留缺失。,true
ITER|profile%3Acdogs-210102-lake-water%3Apkg-0136c%3A21%3A0182%3A000120%3AU_FT%3AU%3A0|NORMALIZATION_FAILED|normalized_value|,profile:cdogs-210102-lake-water:pkg-0136c:21:0182:000120:U_FT:U:0,cdogs-210102-lake-water,D2,error,action_required,NORMALIZATION_FAILED,normalized_value,,非删失测定没有可用标准值。,检查原值解析、单位词表、物质基准和换算公式；不能证明可换算时保留失败状态，不得猜值。,true
ITER|profile%3Acdogs-210102-lake-water%3Apkg-0136c%3A21%3A0182%3A000120%3AU_FT%3AU%3A0|QC_ERROR_REVIEW|qc_flags|INVALID_NUMERIC_VALUE,profile:cdogs-210102-lake-water:pkg-0136c:21:0182:000120:U_FT:U:0,cdogs-210102-lake-water,D2,error,action_required,QC_ERROR_REVIEW,qc_flags,INVALID_NUMERIC_VALUE,记录含错误级或不可支持的 QC 标志：INVALID_NUMERIC_VALUE,按 QC 规则修复源字段或映射；修复前保持排除，不要删除原始记录。,true
ITER|profile%3Acdogs-210102-lake-water%3Apkg-0136c%3A21%3A0182%3A000446%3AU_FT%3AU%3A0|GEOLOGIC_CONTEXT_MISSING|matched_geologic_unit|,profile:cdogs-210102-lake-water:pkg-0136c:21:0182:000446:U_FT:U:0,cdogs-210102-lake-water,D2,info,review_required,GEOLOGIC_CONTEXT_MISSING,matched_geologic_unit,,记录没有来源直报或空间匹配的地质单元。,在比例尺与边界不确定性允许时执行空间匹配，并记录地图源、版本、匹配方法和边界距离；否则保留缺失。,true
ITER|profile%3Acdogs-210102-lake-water%3Apkg-0136c%3A21%3A0182%3A000446%3AU_FT%3AU%3A0|NORMALIZATION_FAILED|normalized_value|,profile:cdogs-210102-lake-water:pkg-0136c:21:0182:000446:U_FT:U:0,cdogs-210102-lake-water,D2,error,action_required,NORMALIZATION_FAILED,normalized_value,,非删失测定没有可用标准值。,检查原值解析、单位词表、物质基准和换算公式；不能证明可换算时保留失败状态，不得猜值。,true
ITER|profile%3Acdogs-210102-lake-water%3Apkg-0136c%3A21%3A0182%3A000446%3AU_FT%3AU%3A0|QC_ERROR_REVIEW|qc_flags|INVALID_NUMERIC_VALUE,profile:cdogs-210102-lake-water:pkg-0136c:21:0182:000446:U_FT:U:0,cdogs-210102-lake-water,D2,error,action_required,QC_ERROR_REVIEW,qc_flags,INVALID_NUMERIC_VALUE,记录含错误级或不可支持的 QC 标志：INVALID_NUMERIC_VALUE,按 QC 规则修复源字段或映射；修复前保持排除，不要删除原始记录。,true
ITER|profile%3Asrc-source-record-v2%257Cbrazil-sgb-florianopolis-soil%257C1046-JC-L-001%257CJBC211%257C2%257Cgeoquimica_florianopolis_1985.zip%252FFlorianopolis_Geoquimica_Solo.xlsx%2523row%253D2%253Bhttps%253A%252F%252Fgeoportal.sgb.gov.br%252Fserver%252Frest%252Fservices%252Fgeoquimica%252Fgeoquimica_integrada%252FFeatureServer%252F5%2523OBJECTID%253D87954%3AAs%3A0|GEOLOGIC_CONTEXT_MISSING|matched_geologic_unit|,profile:src-source-record-v2%7Cbrazil-sgb-florianopolis-soil%7C1046-JC-L-001%7CJBC211%7C2%7Cgeoquimica_florianopolis_1985.zip%2FFlorianopolis_Geoquimica_Solo.xlsx%23row%3D2%3Bhttps%3A%2F%2Fgeoportal.sgb.gov.br%2Fserver%2Frest%2Fservices%2Fgeoquimica%2Fgeoquimica_integrada%2FFeatureServer%2F5%23OBJECTID%3D87954:As:0,brazil-sgb-florianopolis-soil,D2,info,review_required,GEOLOGIC_CONTEXT_MISSING,matched_geologic_unit,,记录没有来源直报或空间匹配的地质单元。,在比例尺与边界不确定性允许时执行空间匹配，并记录地图源、版本、匹配方法和边界距离；否则保留缺失。,true
ITER|profile%3Asrc-source-record-v2%257Cbrazil-sgb-florianopolis-soil%257C1046-JC-L-001%257CJBC211%257C2%257Cgeoquimica_florianopolis_1985.zip%252FFlorianopolis_Geoquimica_Solo.xlsx%2523row%253D2%253Bhttps%253A%252F%252Fgeoportal.sgb.gov.br%252Fserver%252Frest%252Fservices%252Fgeoquimica%252Fgeoquimica_integrada%252FFeatureServer%252F5%2523OBJECTID%253D87954%3AAs%3A0|NORMALIZATION_FAILED|normalized_value|,profile:src-source-record-v2%7Cbrazil-sgb-florianopolis-soil%7C1046-JC-L-001%7CJBC211%7C2%7Cgeoquimica_florianopolis_1985.zip%2FFlorianopolis_Geoquimica_Solo.xlsx%23row%3D2%3Bhttps%3A%2F%2Fgeoportal.sgb.gov.br%2Fserver%2Frest%2Fservices%2Fgeoquimica%2Fgeoquimica_integrada%2FFeatureServer%2F5%23OBJECTID%3D87954:As:0,brazil-sgb-florianopolis-soil,D2,error,action_required,NORMALIZATION_FAILED,normalized_value,,非删失测定没有可用标准值。,检查原值解析、单位词表、物质基准和换算公式；不能证明可换算时保留失败状态，不得猜值。,true
ITER|profile%3Asrc-source-record-v2%257Cbrazil-sgb-florianopolis-soil%257C1046-JC-L-001%257CJBC211%257C2%257Cgeoquimica_florianopolis_1985.zip%252FFlorianopolis_Geoquimica_Solo.xlsx%2523row%253D2%253Bhttps%253A%252F%252Fgeoportal.sgb.gov.br%252Fserver%252Frest%252Fservices%252Fgeoquimica%252Fgeoquimica_integrada%252FFeatureServer%252F5%2523OBJECTID%253D87954%3ACr%3A1|GEOLOGIC_CONTEXT_MISSING|matched_geologic_unit|,profile:src-source-record-v2%7Cbrazil-sgb-florianopolis-soil%7C1046-JC-L-001%7CJBC211%7C2%7Cgeoquimica_florianopolis_1985.zip%2FFlorianopolis_Geoquimica_Solo.xlsx%23row%3D2%3Bhttps%3A%2F%2Fgeoportal.sgb.gov.br%2Fserver%2Frest%2Fservices%2Fgeoquimica%2Fgeoquimica_integrada%2FFeatureServer%2F5%23OBJECTID%3D87954:Cr:1,brazil-sgb-florianopolis-soil,D2,info,review_required,GEOLOGIC_CONTEXT_MISSING,matched_geologic_unit,,记录没有来源直报或空间匹配的地质单元。,在比例尺与边界不确定性允许时执行空间匹配，并记录地图源、版本、匹配方法和边界距离；否则保留缺失。,true
ITER|profile%3Asrc-source-record-v2%257Cbrazil-sgb-florianopolis-soil%257C1046-JC-L-001%257CJBC211%257C2%257Cgeoquimica_florianopolis_1985.zip%252FFlorianopolis_Geoquimica_Solo.xlsx%2523row%253D2%253Bhttps%253A%252F%252Fgeoportal.sgb.gov.br%252Fserver%252Frest%252Fservices%252Fgeoquimica%252Fgeoquimica_integrada%252FFeatureServer%252F5%2523OBJECTID%253D87954%3ACu%3A2|GEOLOGIC_CONTEXT_MISSING|matched_geologic_unit|,profile:src-source-record-v2%7Cbrazil-sgb-florianopolis-soil%7C1046-JC-L-001%7CJBC211%7C2%7Cgeoquimica_florianopolis_1985.zip%2FFlorianopolis_Geoquimica_Solo.xlsx%23row%3D2%3Bhttps%3A%2F%2Fgeoportal.sgb.gov.br%2Fserver%2Frest%2Fservices%2Fgeoquimica%2Fgeoquimica_integrada%2FFeatureServer%2F5%23OBJECTID%3D87954:Cu:2,brazil-sgb-florianopolis-soil,D2,info,review_required,GEOLOGIC_CONTEXT_MISSING,matched_geologic_unit,,记录没有来源直报或空间匹配的地质单元。,在比例尺与边界不确定性允许时执行空间匹配，并记录地图源、版本、匹配方法和边界距离；否则保留缺失。,true
ITER|profile%3Asrc-source-record-v2%257Cbrazil-sgb-florianopolis-soil%257C1046-JC-L-001%257CJBC211%257C2%257Cgeoquimica_florianopolis_1985.zip%252FFlorianopolis_Geoquimica_Solo.xlsx%2523row%253D2%253Bhttps%253A%252F%252Fgeoportal.sgb.gov.br%252Fserver%252Frest%252Fservices%252Fgeoquimica%252Fgeoquimica_integrada%252FFeatureServer%252F5%2523OBJECTID%253D87954%3ANi%3A3|GEOLOGIC_CONTEXT_MISSING|matched_geologic_unit|,profile:src-source-record-v2%7Cbrazil-sgb-florianopolis-soil%7C1046-JC-L-001%7CJBC211%7C2%7Cgeoquimica_florianopolis_1985.zip%2FFlorianopolis_Geoquimica_Solo.xlsx%23row%3D2%3Bhttps%3A%2F%2Fgeoportal.sgb.gov.br%2Fserver%2Frest%2Fservices%2Fgeoquimica%2Fgeoquimica_integrada%2FFeatureServer%2F5%23OBJECTID%3D87954:Ni:3,brazil-sgb-florianopolis-soil,D2,info,review_required,GEOLOGIC_CONTEXT_MISSING,matched_geologic_unit,,记录没有来源直报或空间匹配的地质单元。,在比例尺与边界不确定性允许时执行空间匹配，并记录地图源、版本、匹配方法和边界距离；否则保留缺失。,true
ITER|profile%3Asrc-source-record-v2%257Cbrazil-sgb-florianopolis-soil%257C1046-JC-L-001%257CJBC211%257C2%257Cgeoquimica_florianopolis_1985.zip%252FFlorianopolis_Geoquimica_Solo.xlsx%2523row%253D2%253Bhttps%253A%252F%252Fgeoportal.sgb.gov.br%252Fserver%252Frest%252Fservices%252Fgeoquimica%252Fgeoquimica_integrada%252FFeatureServer%252F5%2523OBJECTID%253D87954%3APb%3A4|GEOLOGIC_CONTEXT_MISSING|matched_geologic_unit|,profile:src-source-record-v2%7Cbrazil-sgb-florianopolis-soil%7C1046-JC-L-001%7CJBC211%7C2%7Cgeoquimica_florianopolis_1985.zip%2FFlorianopolis_Geoquimica_Solo.xlsx%23row%3D2%3Bhttps%3A%2F%2Fgeoportal.sgb.gov.br%2Fserver%2Frest%2Fservices%2Fgeoquimica%2Fgeoquimica_integrada%2FFeatureServer%2F5%23OBJECTID%3D87954:Pb:4,brazil-sgb-florianopolis-soil,D2,info,review_required,GEOLOGIC_CONTEXT_MISSING,matched_geologic_unit,,记录没有来源直报或空间匹配的地质单元。,在比例尺与边界不确定性允许时执行空间匹配，并记录地图源、版本、匹配方法和边界距离；否则保留缺失。,true
ITER|profile%3Asrc-source-record-v2%257Cbrazil-sgb-florianopolis-soil%257C1046-JC-L-001%257CJBC211%257C2%257Cgeoquimica_florianopolis_1985.zip%252FFlorianopolis_Geoquimica_Solo.xlsx%2523row%253D2%253Bhttps%253A%252F%252Fgeoportal.sgb.gov.br%252Fserver%252Frest%252Fservices%252Fgeoquimica%252Fgeoquimica_integrada%252FFeatureServer%252F5%2523OBJECTID%253D87954%3AZn%3A5|GEOLOGIC_CONTEXT_MISSING|matched_geologic_unit|,profile:src-source-record-v2%7Cbrazil-sgb-florianopolis-soil%7C1046-JC-L-001%7CJBC211%7C2%7Cgeoquimica_florianopolis_1985.zip%2FFlorianopolis_Geoquimica_Solo.xlsx%23row%3D2%3Bhttps%3A%2F%2Fgeoportal.sgb.gov.br%2Fserver%2Frest%2Fservices%2Fgeoquimica%2Fgeoquimica_integrada%2FFeatureServer%2F5%23OBJECTID%3D87954:Zn:5,brazil-sgb-florianopolis-soil,D2,info,review_required,GEOLOGIC_CONTEXT_MISSING,matched_geologic_unit,,记录没有来源直报或空间匹配的地质单元。,在比例尺与边界不确定性允许时执行空间匹配，并记录地图源、版本、匹配方法和边界距离；否则保留缺失。,true
ITER|profile%3Asrc-source-record-v2%257Cbrazil-sgb-florianopolis-soil%257C1046-JC-L-001%257CJBC211%257C2%257Cgeoquimica_florianopolis_1985.zip%252FFlorianopolis_Geoquimica_Solo.xlsx%2523row%253D2%253Bhttps%253A%252F%252Fgeoportal.sgb.gov.br%252Fserver%252Frest%252Fservices%252Fgeoquimica%252Fgeoquimica_integrada%252FFeatureServer%252F5%2523OBJECTID%253D87954%3AZn%3A5|NORMALIZATION_FAILED|normalized_value|,profile:src-source-record-v2%7Cbrazil-sgb-florianopolis-soil%7C1046-JC-L-001%7CJBC211%7C2%7Cgeoquimica_florianopolis_1985.zip%2FFlorianopolis_Geoquimica_Solo.xlsx%23row%3D2%3Bhttps%3A%2F%2Fgeoportal.sgb.gov.br%2Fserver%2Frest%2Fservices%2Fgeoquimica%2Fgeoquimica_integrada%2FFeatureServer%2F5%23OBJECTID%3D87954:Zn:5,brazil-sgb-florianopolis-soil,D2,error,action_required,NORMALIZATION_FAILED,normalized_value,,非删失测定没有可用标准值。,检查原值解析、单位词表、物质基准和换算公式；不能证明可换算时保留失败状态，不得猜值。,true
ITER|profile%3Asrc-source-record-v2%257Cbrazil-sgb-florianopolis-soil%257C1046-JC-L-007%257CJBC339%257C8%257Cgeoquimica_florianopolis_1985.zip%252FFlorianopolis_Geoquimica_Solo.xlsx%2523row%253D8%253Bhttps%253A%252F%252Fgeoportal.sgb.gov.br%252Fserver%252Frest%252Fservices%252Fgeoquimica%252Fgeoquimica_integrada%252FFeatureServer%252F5%2523OBJECTID%253D87966%3AAs%3A0|GEOLOGIC_CONTEXT_MISSING|matched_geologic_unit|,profile:src-source-record-v2%7Cbrazil-sgb-florianopolis-soil%7C1046-JC-L-007%7CJBC339%7C8%7Cgeoquimica_florianopolis_1985.zip%2FFlorianopolis_Geoquimica_Solo.xlsx%23row%3D8%3Bhttps%3A%2F%2Fgeoportal.sgb.gov.br%2Fserver%2Frest%2Fservices%2Fgeoquimica%2Fgeoquimica_integrada%2FFeatureServer%2F5%23OBJECTID%3D87966:As:0,brazil-sgb-florianopolis-soil,D2,info,review_required,GEOLOGIC_CONTEXT_MISSING,matched_geologic_unit,,记录没有来源直报或空间匹配的地质单元。,在比例尺与边界不确定性允许时执行空间匹配，并记录地图源、版本、匹配方法和边界距离；否则保留缺失。,true
ITER|profile%3Asrc-source-record-v2%257Cbrazil-sgb-florianopolis-soil%257C1046-JC-L-007%257CJBC339%257C8%257Cgeoquimica_florianopolis_1985.zip%252FFlorianopolis_Geoquimica_Solo.xlsx%2523row%253D8%253Bhttps%253A%252F%252Fgeoportal.sgb.gov.br%252Fserver%252Frest%252Fservices%252Fgeoquimica%252Fgeoquimica_integrada%252FFeatureServer%252F5%2523OBJECTID%253D87966%3AAs%3A0|NORMALIZATION_FAILED|normalized_value|,profile:src-source-record-v2%7Cbrazil-sgb-florianopolis-soil%7C1046-JC-L-007%7CJBC339%7C8%7Cgeoquimica_florianopolis_1985.zip%2FFlorianopolis_Geoquimica_Solo.xlsx%23row%3D8%3Bhttps%3A%2F%2Fgeoportal.sgb.gov.br%2Fserver%2Frest%2Fservices%2Fgeoquimica%2Fgeoquimica_integrada%2FFeatureServer%2F5%23OBJECTID%3D87966:As:0,brazil-sgb-florianopolis-soil,D2,error,action_required,NORMALIZATION_FAILED,normalized_value,,非删失测定没有可用标准值。,检查原值解析、单位词表、物质基准和换算公式；不能证明可换算时保留失败状态，不得猜值。,true
ITER|profile%3Asrc-source-record-v2%257Cbrazil-sgb-florianopolis-soil%257C1046-JC-L-007%257CJBC339%257C8%257Cgeoquimica_florianopolis_1985.zip%252FFlorianopolis_Geoquimica_Solo.xlsx%2523row%253D8%253Bhttps%253A%252F%252Fgeoportal.sgb.gov.br%252Fserver%252Frest%252Fservices%252Fgeoquimica%252Fgeoquimica_integrada%252FFeatureServer%252F5%2523OBJECTID%253D87966%3ACr%3A1|GEOLOGIC_CONTEXT_MISSING|matched_geologic_unit|,profile:src-source-record-v2%7Cbrazil-sgb-florianopolis-soil%7C1046-JC-L-007%7CJBC339%7C8%7Cgeoquimica_florianopolis_1985.zip%2FFlorianopolis_Geoquimica_Solo.xlsx%23row%3D8%3Bhttps%3A%2F%2Fgeoportal.sgb.gov.br%2Fserver%2Frest%2Fservices%2Fgeoquimica%2Fgeoquimica_integrada%2FFeatureServer%2F5%23OBJECTID%3D87966:Cr:1,brazil-sgb-florianopolis-soil,D2,info,review_required,GEOLOGIC_CONTEXT_MISSING,matched_geologic_unit,,记录没有来源直报或空间匹配的地质单元。,在比例尺与边界不确定性允许时执行空间匹配，并记录地图源、版本、匹配方法和边界距离；否则保留缺失。,true
ITER|profile%3Asrc-source-record-v2%257Cbrazil-sgb-florianopolis-soil%257C1046-JC-L-007%257CJBC339%257C8%257Cgeoquimica_florianopolis_1985.zip%252FFlorianopolis_Geoquimica_Solo.xlsx%2523row%253D8%253Bhttps%253A%252F%252Fgeoportal.sgb.gov.br%252Fserver%252Frest%252Fservices%252Fgeoquimica%252Fgeoquimica_integrada%252FFeatureServer%252F5%2523OBJECTID%253D87966%3ACu%3A2|GEOLOGIC_CONTEXT_MISSING|matched_geologic_unit|,profile:src-source-record-v2%7Cbrazil-sgb-florianopolis-soil%7C1046-JC-L-007%7CJBC339%7C8%7Cgeoquimica_florianopolis_1985.zip%2FFlorianopolis_Geoquimica_Solo.xlsx%23row%3D8%3Bhttps%3A%2F%2Fgeoportal.sgb.gov.br%2Fserver%2Frest%2Fservices%2Fgeoquimica%2Fgeoquimica_integrada%2FFeatureServer%2F5%23OBJECTID%3D87966:Cu:2,brazil-sgb-florianopolis-soil,D2,info,review_required,GEOLOGIC_CONTEXT_MISSING,matched_geologic_unit,,记录没有来源直报或空间匹配的地质单元。,在比例尺与边界不确定性允许时执行空间匹配，并记录地图源、版本、匹配方法和边界距离；否则保留缺失。,true
ITER|profile%3Asrc-source-record-v2%257Cbrazil-sgb-florianopolis-soil%257C1046-JC-L-007%257CJBC339%257C8%257Cgeoquimica_florianopolis_1985.zip%252FFlorianopolis_Geoquimica_Solo.xlsx%2523row%253D8%253Bhttps%253A%252F%252Fgeoportal.sgb.gov.br%252Fserver%252Frest%252Fservices%252Fgeoquimica%252Fgeoquimica_integrada%252FFeatureServer%252F5%2523OBJECTID%253D87966%3ANi%3A3|GEOLOGIC_CONTEXT_MISSING|matched_geologic_unit|,profile:src-source-record-v2%7Cbrazil-sgb-florianopolis-soil%7C1046-JC-L-007%7CJBC339%7C8%7Cgeoquimica_florianopolis_1985.zip%2FFlorianopolis_Geoquimica_Solo.xlsx%23row%3D8%3Bhttps%3A%2F%2Fgeoportal.sgb.gov.br%2Fserver%2Frest%2Fservices%2Fgeoquimica%2Fgeoquimica_integrada%2FFeatureServer%2F5%23OBJECTID%3D87966:Ni:3,brazil-sgb-florianopolis-soil,D2,info,review_required,GEOLOGIC_CONTEXT_MISSING,matched_geologic_unit,,记录没有来源直报或空间匹配的地质单元。,在比例尺与边界不确定性允许时执行空间匹配，并记录地图源、版本、匹配方法和边界距离；否则保留缺失。,true
ITER|profile%3Asrc-source-record-v2%257Cbrazil-sgb-florianopolis-soil%257C1046-JC-L-007%257CJBC339%257C8%257Cgeoquimica_florianopolis_1985.zip%252FFlorianopolis_Geoquimica_Solo.xlsx%2523row%253D8%253Bhttps%253A%252F%252Fgeoportal.sgb.gov.br%252Fserver%252Frest%252Fservices%252Fgeoquimica%252Fgeoquimica_integrada%252FFeatureServer%252F5%2523OBJECTID%253D87966%3APb%3A4|GEOLOGIC_CONTEXT_MISSING|matched_geologic_unit|,profile:src-source-record-v2%7Cbrazil-sgb-florianopolis-soil%7C1046-JC-L-007%7CJBC339%7C8%7Cgeoquimica_florianopolis_1985.zip%2FFlorianopolis_Geoquimica_Solo.xlsx%23row%3D8%3Bhttps%3A%2F%2Fgeoportal.sgb.gov.br%2Fserver%2Frest%2Fservices%2Fgeoquimica%2Fgeoquimica_integrada%2FFeatureServer%2F5%23OBJECTID%3D87966:Pb:4,brazil-sgb-florianopolis-soil,D2,info,review_required,GEOLOGIC_CONTEXT_MISSING,matched_geologic_unit,,记录没有来源直报或空间匹配的地质单元。,在比例尺与边界不确定性允许时执行空间匹配，并记录地图源、版本、匹配方法和边界距离；否则保留缺失。,true
ITER|profile%3Asrc-source-record-v2%257Cbrazil-sgb-florianopolis-soil%257C1046-JC-L-007%257CJBC339%257C8%257Cgeoquimica_florianopolis_1985.zip%252FFlorianopolis_Geoquimica_Solo.xlsx%2523row%253D8%253Bhttps%253A%252F%252Fgeoportal.sgb.gov.br%252Fserver%252Frest%252Fservices%252Fgeoquimica%252Fgeoquimica_integrada%252FFeatureServer%252F5%2523OBJECTID%253D87966%3AZn%3A5|GEOLOGIC_CONTEXT_MISSING|matched_geologic_unit|,profile:src-source-record-v2%7Cbrazil-sgb-florianopolis-soil%7C1046-JC-L-007%7CJBC339%7C8%7Cgeoquimica_florianopolis_1985.zip%2FFlorianopolis_Geoquimica_Solo.xlsx%23row%3D8%3Bhttps%3A%2F%2Fgeoportal.sgb.gov.br%2Fserver%2Frest%2Fservices%2Fgeoquimica%2Fgeoquimica_integrada%2FFeatureServer%2F5%23OBJECTID%3D87966:Zn:5,brazil-sgb-florianopolis-soil,D2,info,review_required,GEOLOGIC_CONTEXT_MISSING,matched_geologic_unit,,记录没有来源直报或空间匹配的地质单元。,在比例尺与边界不确定性允许时执行空间匹配，并记录地图源、版本、匹配方法和边界距离；否则保留缺失。,true
ITER|profile%3Asrc-source-record-v2%257Cbrazil-sgb-florianopolis-soil%257C1046-JC-L-007%257CJBC339%257C8%257Cgeoquimica_florianopolis_1985.zip%252FFlorianopolis_Geoquimica_Solo.xlsx%2523row%253D8%253Bhttps%253A%252F%252Fgeoportal.sgb.gov.br%252Fserver%252Frest%252Fservices%252Fgeoquimica%252Fgeoquimica_integrada%252FFeatureServer%252F5%2523OBJECTID%253D87966%3AZn%3A5|NORMALIZATION_FAILED|normalized_value|,profile:src-source-record-v2%7Cbrazil-sgb-florianopolis-soil%7C1046-JC-L-007%7CJBC339%7C8%7Cgeoquimica_florianopolis_1985.zip%2FFlorianopolis_Geoquimica_Solo.xlsx%23row%3D8%3Bhttps%3A%2F%2Fgeoportal.sgb.gov.br%2Fserver%2Frest%2Fservices%2Fgeoquimica%2Fgeoquimica_integrada%2FFeatureServer%2F5%23OBJECTID%3D87966:Zn:5,brazil-sgb-florianopolis-soil,D2,error,action_required,NORMALIZATION_FAILED,normalized_value,,非删失测定没有可用标准值。,检查原值解析、单位词表、物质基准和换算公式；不能证明可换算时保留失败状态，不得猜值。,true
ITER|profile%3Asrc-source-record-v2%257Cbrazil-sgb-florianopolis-soil%257C1046-JC-L-022%257CJBC354%257C23%257Cgeoquimica_florianopolis_1985.zip%252FFlorianopolis_Geoquimica_Solo.xlsx%2523row%253D23%253Bhttps%253A%252F%252Fgeoportal.sgb.gov.br%252Fserver%252Frest%252Fservices%252Fgeoquimica%252Fgeoquimica_integrada%252FFeatureServer%252F5%2523OBJECTID%253D87987%3AAs%3A0|GEOLOGIC_CONTEXT_MISSING|matched_geologic_unit|,profile:src-source-record-v2%7Cbrazil-sgb-florianopolis-soil%7C1046-JC-L-022%7CJBC354%7C23%7Cgeoquimica_florianopolis_1985.zip%2FFlorianopolis_Geoquimica_Solo.xlsx%23row%3D23%3Bhttps%3A%2F%2Fgeoportal.sgb.gov.br%2Fserver%2Frest%2Fservices%2Fgeoquimica%2Fgeoquimica_integrada%2FFeatureServer%2F5%23OBJECTID%3D87987:As:0,brazil-sgb-florianopolis-soil,D2,info,review_required,GEOLOGIC_CONTEXT_MISSING,matched_geologic_unit,,记录没有来源直报或空间匹配的地质单元。,在比例尺与边界不确定性允许时执行空间匹配，并记录地图源、版本、匹配方法和边界距离；否则保留缺失。,true
ITER|profile%3Asrc-source-record-v2%257Cbrazil-sgb-florianopolis-soil%257C1046-JC-L-022%257CJBC354%257C23%257Cgeoquimica_florianopolis_1985.zip%252FFlorianopolis_Geoquimica_Solo.xlsx%2523row%253D23%253Bhttps%253A%252F%252Fgeoportal.sgb.gov.br%252Fserver%252Frest%252Fservices%252Fgeoquimica%252Fgeoquimica_integrada%252FFeatureServer%252F5%2523OBJECTID%253D87987%3AAs%3A0|NORMALIZATION_FAILED|normalized_value|,profile:src-source-record-v2%7Cbrazil-sgb-florianopolis-soil%7C1046-JC-L-022%7CJBC354%7C23%7Cgeoquimica_florianopolis_1985.zip%2FFlorianopolis_Geoquimica_Solo.xlsx%23row%3D23%3Bhttps%3A%2F%2Fgeoportal.sgb.gov.br%2Fserver%2Frest%2Fservices%2Fgeoquimica%2Fgeoquimica_integrada%2FFeatureServer%2F5%23OBJECTID%3D87987:As:0,brazil-sgb-florianopolis-soil,D2,error,action_required,NORMALIZATION_FAILED,normalized_value,,非删失测定没有可用标准值。,检查原值解析、单位词表、物质基准和换算公式；不能证明可换算时保留失败状态，不得猜值。,true
ITER|profile%3Asrc-source-record-v2%257Cbrazil-sgb-florianopolis-soil%257C1046-JC-L-022%257CJBC354%257C23%257Cgeoquimica_florianopolis_1985.zip%252FFlorianopolis_Geoquimica_Solo.xlsx%2523row%253D23%253Bhttps%253A%252F%252Fgeoportal.sgb.gov.br%252Fserver%252Frest%252Fservices%252Fgeoquimica%252Fgeoquimica_integrada%252FFeatureServer%252F5%2523OBJECTID%253D87987%3ACr%3A1|GEOLOGIC_CONTEXT_MISSING|matched_geologic_unit|,profile:src-source-record-v2%7Cbrazil-sgb-florianopolis-soil%7C1046-JC-L-022%7CJBC354%7C23%7Cgeoquimica_florianopolis_1985.zip%2FFlorianopolis_Geoquimica_Solo.xlsx%23row%3D23%3Bhttps%3A%2F%2Fgeoportal.sgb.gov.br%2Fserver%2Frest%2Fservices%2Fgeoquimica%2Fgeoquimica_integrada%2FFeatureServer%2F5%23OBJECTID%3D87987:Cr:1,brazil-sgb-florianopolis-soil,D2,info,review_required,GEOLOGIC_CONTEXT_MISSING,matched_geologic_unit,,记录没有来源直报或空间匹配的地质单元。,在比例尺与边界不确定性允许时执行空间匹配，并记录地图源、版本、匹配方法和边界距离；否则保留缺失。,true
ITER|profile%3Asrc-source-record-v2%257Cbrazil-sgb-florianopolis-soil%257C1046-JC-L-022%257CJBC354%257C23%257Cgeoquimica_florianopolis_1985.zip%252FFlorianopolis_Geoquimica_Solo.xlsx%2523row%253D23%253Bhttps%253A%252F%252Fgeoportal.sgb.gov.br%252Fserver%252Frest%252Fservices%252Fgeoquimica%252Fgeoquimica_integrada%252FFeatureServer%252F5%2523OBJECTID%253D87987%3ACu%3A2|GEOLOGIC_CONTEXT_MISSING|matched_geologic_unit|,profile:src-source-record-v2%7Cbrazil-sgb-florianopolis-soil%7C1046-JC-L-022%7CJBC354%7C23%7Cgeoquimica_florianopolis_1985.zip%2FFlorianopolis_Geoquimica_Solo.xlsx%23row%3D23%3Bhttps%3A%2F%2Fgeoportal.sgb.gov.br%2Fserver%2Frest%2Fservices%2Fgeoquimica%2Fgeoquimica_integrada%2FFeatureServer%2F5%23OBJECTID%3D87987:Cu:2,brazil-sgb-florianopolis-soil,D2,info,review_required,GEOLOGIC_CONTEXT_MISSING,matched_geologic_unit,,记录没有来源直报或空间匹配的地质单元。,在比例尺与边界不确定性允许时执行空间匹配，并记录地图源、版本、匹配方法和边界距离；否则保留缺失。,true
ITER|profile%3Asrc-source-record-v2%257Cbrazil-sgb-florianopolis-soil%257C1046-JC-L-022%257CJBC354%257C23%257Cgeoquimica_florianopolis_1985.zip%252FFlorianopolis_Geoquimica_Solo.xlsx%2523row%253D23%253Bhttps%253A%252F%252Fgeoportal.sgb.gov.br%252Fserver%252Frest%252Fservices%252Fgeoquimica%252Fgeoquimica_integrada%252FFeatureServer%252F5%2523OBJECTID%253D87987%3ANi%3A3|GEOLOGIC_CONTEXT_MISSING|matched_geologic_unit|,profile:src-source-record-v2%7Cbrazil-sgb-florianopolis-soil%7C1046-JC-L-022%7CJBC354%7C23%7Cgeoquimica_florianopolis_1985.zip%2FFlorianopolis_Geoquimica_Solo.xlsx%23row%3D23%3Bhttps%3A%2F%2Fgeoportal.sgb.gov.br%2Fserver%2Frest%2Fservices%2Fgeoquimica%2Fgeoquimica_integrada%2FFeatureServer%2F5%23OBJECTID%3D87987:Ni:3,brazil-sgb-florianopolis-soil,D2,info,review_required,GEOLOGIC_CONTEXT_MISSING,matched_geologic_unit,,记录没有来源直报或空间匹配的地质单元。,在比例尺与边界不确定性允许时执行空间匹配，并记录地图源、版本、匹配方法和边界距离；否则保留缺失。,true
ITER|profile%3Asrc-source-record-v2%257Cbrazil-sgb-florianopolis-soil%257C1046-JC-L-022%257CJBC354%257C23%257Cgeoquimica_florianopolis_1985.zip%252FFlorianopolis_Geoquimica_Solo.xlsx%2523row%253D23%253Bhttps%253A%252F%252Fgeoportal.sgb.gov.br%252Fserver%252Frest%252Fservices%252Fgeoquimica%252Fgeoquimica_integrada%252FFeatureServer%252F5%2523OBJECTID%253D87987%3APb%3A4|GEOLOGIC_CONTEXT_MISSING|matched_geologic_unit|,profile:src-source-record-v2%7Cbrazil-sgb-florianopolis-soil%7C1046-JC-L-022%7CJBC354%7C23%7Cgeoquimica_florianopolis_1985.zip%2FFlorianopolis_Geoquimica_Solo.xlsx%23row%3D23%3Bhttps%3A%2F%2Fgeoportal.sgb.gov.br%2Fserver%2Frest%2Fservices%2Fgeoquimica%2Fgeoquimica_integrada%2FFeatureServer%2F5%23OBJECTID%3D87987:Pb:4,brazil-sgb-florianopolis-soil,D2,info,review_required,GEOLOGIC_CONTEXT_MISSING,matched_geologic_unit,,记录没有来源直报或空间匹配的地质单元。,在比例尺与边界不确定性允许时执行空间匹配，并记录地图源、版本、匹配方法和边界距离；否则保留缺失。,true
ITER|profile%3Asrc-source-record-v2%257Cbrazil-sgb-florianopolis-soil%257C1046-JC-L-022%257CJBC354%257C23%257Cgeoquimica_florianopolis_1985.zip%252FFlorianopolis_Geoquimica_Solo.xlsx%2523row%253D23%253Bhttps%253A%252F%252Fgeoportal.sgb.gov.br%252Fserver%252Frest%252Fservices%252Fgeoquimica%252Fgeoquimica_integrada%252FFeatureServer%252F5%2523OBJECTID%253D87987%3AZn%3A5|GEOLOGIC_CONTEXT_MISSING|matched_geologic_unit|,profile:src-source-record-v2%7Cbrazil-sgb-florianopolis-soil%7C1046-JC-L-022%7CJBC354%7C23%7Cgeoquimica_florianopolis_1985.zip%2FFlorianopolis_Geoquimica_Solo.xlsx%23row%3D23%3Bhttps%3A%2F%2Fgeoportal.sgb.gov.br%2Fserver%2Frest%2Fservices%2Fgeoquimica%2Fgeoquimica_integrada%2FFeatureServer%2F5%23OBJECTID%3D87987:Zn:5,brazil-sgb-florianopolis-soil,D2,info,review_required,GEOLOGIC_CONTEXT_MISSING,matched_geologic_unit,,记录没有来源直报或空间匹配的地质单元。,在比例尺与边界不确定性允许时执行空间匹配，并记录地图源、版本、匹配方法和边界距离；否则保留缺失。,true
ITER|profile%3Asrc-source-record-v2%257Cbrazil-sgb-florianopolis-soil%257C1046-JC-L-022%257CJBC354%257C23%257Cgeoquimica_florianopolis_1985.zip%252FFlorianopolis_Geoquimica_Solo.xlsx%2523row%253D23%253Bhttps%253A%252F%252Fgeoportal.sgb.gov.br%252Fserver%252Frest%252Fservices%252Fgeoquimica%252Fgeoquimica_integrada%252FFeatureServer%252F5%2523OBJECTID%253D87987%3AZn%3A5|NORMALIZATION_FAILED|normalized_value|,profile:src-source-record-v2%7Cbrazil-sgb-florianopolis-soil%7C1046-JC-L-022%7CJBC354%7C23%7Cgeoquimica_florianopolis_1985.zip%2FFlorianopolis_Geoquimica_Solo.xlsx%23row%3D23%3Bhttps%3A%2F%2Fgeoportal.sgb.gov.br%2Fserver%2Frest%2Fservices%2Fgeoquimica%2Fgeoquimica_integrada%2FFeatureServer%2F5%23OBJECTID%3D87987:Zn:5,brazil-sgb-florianopolis-soil,D2,error,action_required,NORMALIZATION_FAILED,normalized_value,,非删失测定没有可用标准值。,检查原值解析、单位词表、物质基准和换算公式；不能证明可换算时保留失败状态，不得猜值。,true
ITER|profile%3Asrc-source-record-v2%257Cbrazil-sgb-florianopolis-soil%257C1046-JC-L-028%257CJBC360%257C29%257Cgeoquimica_florianopolis_1985.zip%252FFlorianopolis_Geoquimica_Solo.xlsx%2523row%253D29%253Bhttps%253A%252F%252Fgeoportal.sgb.gov.br%252Fserver%252Frest%252Fservices%252Fgeoquimica%252Fgeoquimica_integrada%252FFeatureServer%252F5%2523OBJECTID%253D87993%3AAs%3A0|GEOLOGIC_CONTEXT_MISSING|matched_geologic_unit|,profile:src-source-record-v2%7Cbrazil-sgb-florianopolis-soil%7C1046-JC-L-028%7CJBC360%7C29%7Cgeoquimica_florianopolis_1985.zip%2FFlorianopolis_Geoquimica_Solo.xlsx%23row%3D29%3Bhttps%3A%2F%2Fgeoportal.sgb.gov.br%2Fserver%2Frest%2Fservices%2Fgeoquimica%2Fgeoquimica_integrada%2FFeatureServer%2F5%23OBJECTID%3D87993:As:0,brazil-sgb-florianopolis-soil,D2,info,review_required,GEOLOGIC_CONTEXT_MISSING,matched_geologic_unit,,记录没有来源直报或空间匹配的地质单元。,在比例尺与边界不确定性允许时执行空间匹配，并记录地图源、版本、匹配方法和边界距离；否则保留缺失。,true
ITER|profile%3Asrc-source-record-v2%257Cbrazil-sgb-florianopolis-soil%257C1046-JC-L-028%257CJBC360%257C29%257Cgeoquimica_florianopolis_1985.zip%252FFlorianopolis_Geoquimica_Solo.xlsx%2523row%253D29%253Bhttps%253A%252F%252Fgeoportal.sgb.gov.br%252Fserver%252Frest%252Fservices%252Fgeoquimica%252Fgeoquimica_integrada%252FFeatureServer%252F5%2523OBJECTID%253D87993%3AAs%3A0|NORMALIZATION_FAILED|normalized_value|,profile:src-source-record-v2%7Cbrazil-sgb-florianopolis-soil%7C1046-JC-L-028%7CJBC360%7C29%7Cgeoquimica_florianopolis_1985.zip%2FFlorianopolis_Geoquimica_Solo.xlsx%23row%3D29%3Bhttps%3A%2F%2Fgeoportal.sgb.gov.br%2Fserver%2Frest%2Fservices%2Fgeoquimica%2Fgeoquimica_integrada%2FFeatureServer%2F5%23OBJECTID%3D87993:As:0,brazil-sgb-florianopolis-soil,D2,error,action_required,NORMALIZATION_FAILED,normalized_value,,非删失测定没有可用标准值。,检查原值解析、单位词表、物质基准和换算公式；不能证明可换算时保留失败状态，不得猜值。,true
ITER|profile%3Asrc-source-record-v2%257Cbrazil-sgb-florianopolis-soil%257C1046-JC-L-028%257CJBC360%257C29%257Cgeoquimica_florianopolis_1985.zip%252FFlorianopolis_Geoquimica_Solo.xlsx%2523row%253D29%253Bhttps%253A%252F%252Fgeoportal.sgb.gov.br%252Fserver%252Frest%252Fservices%252Fgeoquimica%252Fgeoquimica_integrada%252FFeatureServer%252F5%2523OBJECTID%253D87993%3ACr%3A1|GEOLOGIC_CONTEXT_MISSING|matched_geologic_unit|,profile:src-source-record-v2%7Cbrazil-sgb-florianopolis-soil%7C1046-JC-L-028%7CJBC360%7C29%7Cgeoquimica_florianopolis_1985.zip%2FFlorianopolis_Geoquimica_Solo.xlsx%23row%3D29%3Bhttps%3A%2F%2Fgeoportal.sgb.gov.br%2Fserver%2Frest%2Fservices%2Fgeoquimica%2Fgeoquimica_integrada%2FFeatureServer%2F5%23OBJECTID%3D87993:Cr:1,brazil-sgb-florianopolis-soil,D2,info,review_required,GEOLOGIC_CONTEXT_MISSING,matched_geologic_unit,,记录没有来源直报或空间匹配的地质单元。,在比例尺与边界不确定性允许时执行空间匹配，并记录地图源、版本、匹配方法和边界距离；否则保留缺失。,true
ITER|profile%3Asrc-source-record-v2%257Cbrazil-sgb-florianopolis-soil%257C1046-JC-L-028%257CJBC360%257C29%257Cgeoquimica_florianopolis_1985.zip%252FFlorianopolis_Geoquimica_Solo.xlsx%2523row%253D29%253Bhttps%253A%252F%252Fgeoportal.sgb.gov.br%252Fserver%252Frest%252Fservices%252Fgeoquimica%252Fgeoquimica_integrada%252FFeatureServer%252F5%2523OBJECTID%253D87993%3ACu%3A2|GEOLOGIC_CONTEXT_MISSING|matched_geologic_unit|,profile:src-source-record-v2%7Cbrazil-sgb-florianopolis-soil%7C1046-JC-L-028%7CJBC360%7C29%7Cgeoquimica_florianopolis_1985.zip%2FFlorianopolis_Geoquimica_Solo.xlsx%23row%3D29%3Bhttps%3A%2F%2Fgeoportal.sgb.gov.br%2Fserver%2Frest%2Fservices%2Fgeoquimica%2Fgeoquimica_integrada%2FFeatureServer%2F5%23OBJECTID%3D87993:Cu:2,brazil-sgb-florianopolis-soil,D2,info,review_required,GEOLOGIC_CONTEXT_MISSING,matched_geologic_unit,,记录没有来源直报或空间匹配的地质单元。,在比例尺与边界不确定性允许时执行空间匹配，并记录地图源、版本、匹配方法和边界距离；否则保留缺失。,true
ITER|profile%3Asrc-source-record-v2%257Cbrazil-sgb-florianopolis-soil%257C1046-JC-L-028%257CJBC360%257C29%257Cgeoquimica_florianopolis_1985.zip%252FFlorianopolis_Geoquimica_Solo.xlsx%2523row%253D29%253Bhttps%253A%252F%252Fgeoportal.sgb.gov.br%252Fserver%252Frest%252Fservices%252Fgeoquimica%252Fgeoquimica_integrada%252FFeatureServer%252F5%2523OBJECTID%253D87993%3ANi%3A3|GEOLOGIC_CONTEXT_MISSING|matched_geologic_unit|,profile:src-source-record-v2%7Cbrazil-sgb-florianopolis-soil%7C1046-JC-L-028%7CJBC360%7C29%7Cgeoquimica_florianopolis_1985.zip%2FFlorianopolis_Geoquimica_Solo.xlsx%23row%3D29%3Bhttps%3A%2F%2Fgeoportal.sgb.gov.br%2Fserver%2Frest%2Fservices%2Fgeoquimica%2Fgeoquimica_integrada%2FFeatureServer%2F5%23OBJECTID%3D87993:Ni:3,brazil-sgb-florianopolis-soil,D2,info,review_required,GEOLOGIC_CONTEXT_MISSING,matched_geologic_unit,,记录没有来源直报或空间匹配的地质单元。,在比例尺与边界不确定性允许时执行空间匹配，并记录地图源、版本、匹配方法和边界距离；否则保留缺失。,true
ITER|profile%3Asrc-source-record-v2%257Cbrazil-sgb-florianopolis-soil%257C1046-JC-L-028%257CJBC360%257C29%257Cgeoquimica_florianopolis_1985.zip%252FFlorianopolis_Geoquimica_Solo.xlsx%2523row%253D29%253Bhttps%253A%252F%252Fgeoportal.sgb.gov.br%252Fserver%252Frest%252Fservices%252Fgeoquimica%252Fgeoquimica_integrada%252FFeatureServer%252F5%2523OBJECTID%253D87993%3APb%3A4|GEOLOGIC_CONTEXT_MISSING|matched_geologic_unit|,profile:src-source-record-v2%7Cbrazil-sgb-florianopolis-soil%7C1046-JC-L-028%7CJBC360%7C29%7Cgeoquimica_florianopolis_1985.zip%2FFlorianopolis_Geoquimica_Solo.xlsx%23row%3D29%3Bhttps%3A%2F%2Fgeoportal.sgb.gov.br%2Fserver%2Frest%2Fservices%2Fgeoquimica%2Fgeoquimica_integrada%2FFeatureServer%2F5%23OBJECTID%3D87993:Pb:4,brazil-sgb-florianopolis-soil,D2,info,review_required,GEOLOGIC_CONTEXT_MISSING,matched_geologic_unit,,记录没有来源直报或空间匹配的地质单元。,在比例尺与边界不确定性允许时执行空间匹配，并记录地图源、版本、匹配方法和边界距离；否则保留缺失。,true
ITER|profile%3Asrc-source-record-v2%257Cbrazil-sgb-florianopolis-soil%257C1046-JC-L-028%257CJBC360%257C29%257Cgeoquimica_florianopolis_1985.zip%252FFlorianopolis_Geoquimica_Solo.xlsx%2523row%253D29%253Bhttps%253A%252F%252Fgeoportal.sgb.gov.br%252Fserver%252Frest%252Fservices%252Fgeoquimica%252Fgeoquimica_integrada%252FFeatureServer%252F5%2523OBJECTID%253D87993%3AZn%3A5|GEOLOGIC_CONTEXT_MISSING|matched_geologic_unit|,profile:src-source-record-v2%7Cbrazil-sgb-florianopolis-soil%7C1046-JC-L-028%7CJBC360%7C29%7Cgeoquimica_florianopolis_1985.zip%2FFlorianopolis_Geoquimica_Solo.xlsx%23row%3D29%3Bhttps%3A%2F%2Fgeoportal.sgb.gov.br%2Fserver%2Frest%2Fservices%2Fgeoquimica%2Fgeoquimica_integrada%2FFeatureServer%2F5%23OBJECTID%3D87993:Zn:5,brazil-sgb-florianopolis-soil,D2,info,review_required,GEOLOGIC_CONTEXT_MISSING,matched_geologic_unit,,记录没有来源直报或空间匹配的地质单元。,在比例尺与边界不确定性允许时执行空间匹配，并记录地图源、版本、匹配方法和边界距离；否则保留缺失。,true
ITER|profile%3Asrc-source-record-v2%257Cbrazil-sgb-florianopolis-soil%257C1046-JC-L-028%257CJBC360%257C29%257Cgeoquimica_florianopolis_1985.zip%252FFlorianopolis_Geoquimica_Solo.xlsx%2523row%253D29%253Bhttps%253A%252F%252Fgeoportal.sgb.gov.br%252Fserver%252Frest%252Fservices%252Fgeoquimica%252Fgeoquimica_integrada%252FFeatureServer%252F5%2523OBJECTID%253D87993%3AZn%3A5|NORMALIZATION_FAILED|normalized_value|,profile:src-source-record-v2%7Cbrazil-sgb-florianopolis-soil%7C1046-JC-L-028%7CJBC360%7C29%7Cgeoquimica_florianopolis_1985.zip%2FFlorianopolis_Geoquimica_Solo.xlsx%23row%3D29%3Bhttps%3A%2F%2Fgeoportal.sgb.gov.br%2Fserver%2Frest%2Fservices%2Fgeoquimica%2Fgeoquimica_integrada%2FFeatureServer%2F5%23OBJECTID%3D87993:Zn:5,brazil-sgb-florianopolis-soil,D2,error,action_required,NORMALIZATION_FAILED,normalized_value,,非删失测定没有可用标准值。,检查原值解析、单位词表、物质基准和换算公式；不能证明可换算时保留失败状态，不得猜值。,true
ITER|profile%3Asrc-source-record-v2%257Cbrazil-sgb-florianopolis-soil%257C1046-JC-L-032%257CJBC364%257C33%257Cgeoquimica_florianopolis_1985.zip%252FFlorianopolis_Geoquimica_Solo.xlsx%2523row%253D33%253Bhttps%253A%252F%252Fgeoportal.sgb.gov.br%252Fserver%252Frest%252Fservices%252Fgeoquimica%252Fgeoquimica_integrada%252FFeatureServer%252F5%2523OBJECTID%253D87997%3AAs%3A0|GEOLOGIC_CONTEXT_MISSING|matched_geologic_unit|,profile:src-source-record-v2%7Cbrazil-sgb-florianopolis-soil%7C1046-JC-L-032%7CJBC364%7C33%7Cgeoquimica_florianopolis_1985.zip%2FFlorianopolis_Geoquimica_Solo.xlsx%23row%3D33%3Bhttps%3A%2F%2Fgeoportal.sgb.gov.br%2Fserver%2Frest%2Fservices%2Fgeoquimica%2Fgeoquimica_integrada%2FFeatureServer%2F5%23OBJECTID%3D87997:As:0,brazil-sgb-florianopolis-soil,D2,info,review_required,GEOLOGIC_CONTEXT_MISSING,matched_geologic_unit,,记录没有来源直报或空间匹配的地质单元。,在比例尺与边界不确定性允许时执行空间匹配，并记录地图源、版本、匹配方法和边界距离；否则保留缺失。,true
ITER|profile%3Asrc-source-record-v2%257Cbrazil-sgb-florianopolis-soil%257C1046-JC-L-032%257CJBC364%257C33%257Cgeoquimica_florianopolis_1985.zip%252FFlorianopolis_Geoquimica_Solo.xlsx%2523row%253D33%253Bhttps%253A%252F%252Fgeoportal.sgb.gov.br%252Fserver%252Frest%252Fservices%252Fgeoquimica%252Fgeoquimica_integrada%252FFeatureServer%252F5%2523OBJECTID%253D87997%3AAs%3A0|NORMALIZATION_FAILED|normalized_value|,profile:src-source-record-v2%7Cbrazil-sgb-florianopolis-soil%7C1046-JC-L-032%7CJBC364%7C33%7Cgeoquimica_florianopolis_1985.zip%2FFlorianopolis_Geoquimica_Solo.xlsx%23row%3D33%3Bhttps%3A%2F%2Fgeoportal.sgb.gov.br%2Fserver%2Frest%2Fservices%2Fgeoquimica%2Fgeoquimica_integrada%2FFeatureServer%2F5%23OBJECTID%3D87997:As:0,brazil-sgb-florianopolis-soil,D2,error,action_required,NORMALIZATION_FAILED,normalized_value,,非删失测定没有可用标准值。,检查原值解析、单位词表、物质基准和换算公式；不能证明可换算时保留失败状态，不得猜值。,true
ITER|profile%3Asrc-source-record-v2%257Cbrazil-sgb-florianopolis-soil%257C1046-JC-L-032%257CJBC364%257C33%257Cgeoquimica_florianopolis_1985.zip%252FFlorianopolis_Geoquimica_Solo.xlsx%2523row%253D33%253Bhttps%253A%252F%252Fgeoportal.sgb.gov.br%252Fserver%252Frest%252Fservices%252Fgeoquimica%252Fgeoquimica_integrada%252FFeatureServer%252F5%2523OBJECTID%253D87997%3ACr%3A1|GEOLOGIC_CONTEXT_MISSING|matched_geologic_unit|,profile:src-source-record-v2%7Cbrazil-sgb-florianopolis-soil%7C1046-JC-L-032%7CJBC364%7C33%7Cgeoquimica_florianopolis_1985.zip%2FFlorianopolis_Geoquimica_Solo.xlsx%23row%3D33%3Bhttps%3A%2F%2Fgeoportal.sgb.gov.br%2Fserver%2Frest%2Fservices%2Fgeoquimica%2Fgeoquimica_integrada%2FFeatureServer%2F5%23OBJECTID%3D87997:Cr:1,brazil-sgb-florianopolis-soil,D2,info,review_required,GEOLOGIC_CONTEXT_MISSING,matched_geologic_unit,,记录没有来源直报或空间匹配的地质单元。,在比例尺与边界不确定性允许时执行空间匹配，并记录地图源、版本、匹配方法和边界距离；否则保留缺失。,true
ITER|profile%3Asrc-source-record-v2%257Cbrazil-sgb-florianopolis-soil%257C1046-JC-L-032%257CJBC364%257C33%257Cgeoquimica_florianopolis_1985.zip%252FFlorianopolis_Geoquimica_Solo.xlsx%2523row%253D33%253Bhttps%253A%252F%252Fgeoportal.sgb.gov.br%252Fserver%252Frest%252Fservices%252Fgeoquimica%252Fgeoquimica_integrada%252FFeatureServer%252F5%2523OBJECTID%253D87997%3ACu%3A2|GEOLOGIC_CONTEXT_MISSING|matched_geologic_unit|,profile:src-source-record-v2%7Cbrazil-sgb-florianopolis-soil%7C1046-JC-L-032%7CJBC364%7C33%7Cgeoquimica_florianopolis_1985.zip%2FFlorianopolis_Geoquimica_Solo.xlsx%23row%3D33%3Bhttps%3A%2F%2Fgeoportal.sgb.gov.br%2Fserver%2Frest%2Fservices%2Fgeoquimica%2Fgeoquimica_integrada%2FFeatureServer%2F5%23OBJECTID%3D87997:Cu:2,brazil-sgb-florianopolis-soil,D2,info,review_required,GEOLOGIC_CONTEXT_MISSING,matched_geologic_unit,,记录没有来源直报或空间匹配的地质单元。,在比例尺与边界不确定性允许时执行空间匹配，并记录地图源、版本、匹配方法和边界距离；否则保留缺失。,true
ITER|profile%3Asrc-source-record-v2%257Cbrazil-sgb-florianopolis-soil%257C1046-JC-L-032%257CJBC364%257C33%257Cgeoquimica_florianopolis_1985.zip%252FFlorianopolis_Geoquimica_Solo.xlsx%2523row%253D33%253Bhttps%253A%252F%252Fgeoportal.sgb.gov.br%252Fserver%252Frest%252Fservices%252Fgeoquimica%252Fgeoquimica_integrada%252FFeatureServer%252F5%2523OBJECTID%253D87997%3ANi%3A3|GEOLOGIC_CONTEXT_MISSING|matched_geologic_unit|,profile:src-source-record-v2%7Cbrazil-sgb-florianopolis-soil%7C1046-JC-L-032%7CJBC364%7C33%7Cgeoquimica_florianopolis_1985.zip%2FFlorianopolis_Geoquimica_Solo.xlsx%23row%3D33%3Bhttps%3A%2F%2Fgeoportal.sgb.gov.br%2Fserver%2Frest%2Fservices%2Fgeoquimica%2Fgeoquimica_integrada%2FFeatureServer%2F5%23OBJECTID%3D87997:Ni:3,brazil-sgb-florianopolis-soil,D2,info,review_required,GEOLOGIC_CONTEXT_MISSING,matched_geologic_unit,,记录没有来源直报或空间匹配的地质单元。,在比例尺与边界不确定性允许时执行空间匹配，并记录地图源、版本、匹配方法和边界距离；否则保留缺失。,true
ITER|profile%3Asrc-source-record-v2%257Cbrazil-sgb-florianopolis-soil%257C1046-JC-L-032%257CJBC364%257C33%257Cgeoquimica_florianopolis_1985.zip%252FFlorianopolis_Geoquimica_Solo.xlsx%2523row%253D33%253Bhttps%253A%252F%252Fgeoportal.sgb.gov.br%252Fserver%252Frest%252Fservices%252Fgeoquimica%252Fgeoquimica_integrada%252FFeatureServer%252F5%2523OBJECTID%253D87997%3APb%3A4|GEOLOGIC_CONTEXT_MISSING|matched_geologic_unit|,profile:src-source-record-v2%7Cbrazil-sgb-florianopolis-soil%7C1046-JC-L-032%7CJBC364%7C33%7Cgeoquimica_florianopolis_1985.zip%2FFlorianopolis_Geoquimica_Solo.xlsx%23row%3D33%3Bhttps%3A%2F%2Fgeoportal.sgb.gov.br%2Fserver%2Frest%2Fservices%2Fgeoquimica%2Fgeoquimica_integrada%2FFeatureServer%2F5%23OBJECTID%3D87997:Pb:4,brazil-sgb-florianopolis-soil,D2,info,review_required,GEOLOGIC_CONTEXT_MISSING,matched_geologic_unit,,记录没有来源直报或空间匹配的地质单元。,在比例尺与边界不确定性允许时执行空间匹配，并记录地图源、版本、匹配方法和边界距离；否则保留缺失。,true
ITER|profile%3Asrc-source-record-v2%257Cbrazil-sgb-florianopolis-soil%257C1046-JC-L-032%257CJBC364%257C33%257Cgeoquimica_florianopolis_1985.zip%252FFlorianopolis_Geoquimica_Solo.xlsx%2523row%253D33%253Bhttps%253A%252F%252Fgeoportal.sgb.gov.br%252Fserver%252Frest%252Fservices%252Fgeoquimica%252Fgeoquimica_integrada%252FFeatureServer%252F5%2523OBJECTID%253D87997%3AZn%3A5|GEOLOGIC_CONTEXT_MISSING|matched_geologic_unit|,profile:src-source-record-v2%7Cbrazil-sgb-florianopolis-soil%7C1046-JC-L-032%7CJBC364%7C33%7Cgeoquimica_florianopolis_1985.zip%2FFlorianopolis_Geoquimica_Solo.xlsx%23row%3D33%3Bhttps%3A%2F%2Fgeoportal.sgb.gov.br%2Fserver%2Frest%2Fservices%2Fgeoquimica%2Fgeoquimica_integrada%2FFeatureServer%2F5%23OBJECTID%3D87997:Zn:5,brazil-sgb-florianopolis-soil,D2,info,review_required,GEOLOGIC_CONTEXT_MISSING,matched_geologic_unit,,记录没有来源直报或空间匹配的地质单元。,在比例尺与边界不确定性允许时执行空间匹配，并记录地图源、版本、匹配方法和边界距离；否则保留缺失。,true
ITER|profile%3Asrc-source-record-v2%257Cbrazil-sgb-florianopolis-soil%257C1046-JC-L-032%257CJBC364%257C33%257Cgeoquimica_florianopolis_1985.zip%252FFlorianopolis_Geoquimica_Solo.xlsx%2523row%253D33%253Bhttps%253A%252F%252Fgeoportal.sgb.gov.br%252Fserver%252Frest%252Fservices%252Fgeoquimica%252Fgeoquimica_integrada%252FFeatureServer%252F5%2523OBJECTID%253D87997%3AZn%3A5|NORMALIZATION_FAILED|normalized_value|,profile:src-source-record-v2%7Cbrazil-sgb-florianopolis-soil%7C1046-JC-L-032%7CJBC364%7C33%7Cgeoquimica_florianopolis_1985.zip%2FFlorianopolis_Geoquimica_Solo.xlsx%23row%3D33%3Bhttps%3A%2F%2Fgeoportal.sgb.gov.br%2Fserver%2Frest%2Fservices%2Fgeoquimica%2Fgeoquimica_integrada%2FFeatureServer%2F5%23OBJECTID%3D87997:Zn:5,brazil-sgb-florianopolis-soil,D2,error,action_required,NORMALIZATION_FAILED,normalized_value,,非删失测定没有可用标准值。,检查原值解析、单位词表、物质基准和换算公式；不能证明可换算时保留失败状态，不得猜值。,true
ITER|profile%3Asrc-source-record-v2%257Cbrazil-sgb-florianopolis-stream-sediment%257C1046-HM-S-020%257CJAY017%257C9%257Cgeoquimica_florianopolis_1985.zip%252FFlorianopolis_Geoquimica_Sedimento_de_Corrente.xlsx%2523row%253D9%253Bhttps%253A%252F%252Fgeoportal.sgb.gov.br%252Fserver%252Frest%252Fservices%252Fgeoquimica%252Fgeoquimica_integrada%252FFeatureServer%252F2%2523OBJECTID%253D86997%3AAs%3A0|GEOLOGIC_CONTEXT_MISSING|matched_geologic_unit|,profile:src-source-record-v2%7Cbrazil-sgb-florianopolis-stream-sediment%7C1046-HM-S-020%7CJAY017%7C9%7Cgeoquimica_florianopolis_1985.zip%2FFlorianopolis_Geoquimica_Sedimento_de_Corrente.xlsx%23row%3D9%3Bhttps%3A%2F%2Fgeoportal.sgb.gov.br%2Fserver%2Frest%2Fservices%2Fgeoquimica%2Fgeoquimica_integrada%2FFeatureServer%2F2%23OBJECTID%3D86997:As:0,brazil-sgb-florianopolis-stream-sediment,D2,info,review_required,GEOLOGIC_CONTEXT_MISSING,matched_geologic_unit,,记录没有来源直报或空间匹配的地质单元。,在比例尺与边界不确定性允许时执行空间匹配，并记录地图源、版本、匹配方法和边界距离；否则保留缺失。,true
ITER|profile%3Asrc-source-record-v2%257Cbrazil-sgb-florianopolis-stream-sediment%257C1046-HM-S-020%257CJAY017%257C9%257Cgeoquimica_florianopolis_1985.zip%252FFlorianopolis_Geoquimica_Sedimento_de_Corrente.xlsx%2523row%253D9%253Bhttps%253A%252F%252Fgeoportal.sgb.gov.br%252Fserver%252Frest%252Fservices%252Fgeoquimica%252Fgeoquimica_integrada%252FFeatureServer%252F2%2523OBJECTID%253D86997%3AAs%3A0|NORMALIZATION_FAILED|normalized_value|,profile:src-source-record-v2%7Cbrazil-sgb-florianopolis-stream-sediment%7C1046-HM-S-020%7CJAY017%7C9%7Cgeoquimica_florianopolis_1985.zip%2FFlorianopolis_Geoquimica_Sedimento_de_Corrente.xlsx%23row%3D9%3Bhttps%3A%2F%2Fgeoportal.sgb.gov.br%2Fserver%2Frest%2Fservices%2Fgeoquimica%2Fgeoquimica_integrada%2FFeatureServer%2F2%23OBJECTID%3D86997:As:0,brazil-sgb-florianopolis-stream-sediment,D2,error,action_required,NORMALIZATION_FAILED,normalized_value,,非删失测定没有可用标准值。,检查原值解析、单位词表、物质基准和换算公式；不能证明可换算时保留失败状态，不得猜值。,true
ITER|profile%3Asrc-source-record-v2%257Cbrazil-sgb-florianopolis-stream-sediment%257C1046-HM-S-020%257CJAY017%257C9%257Cgeoquimica_florianopolis_1985.zip%252FFlorianopolis_Geoquimica_Sedimento_de_Corrente.xlsx%2523row%253D9%253Bhttps%253A%252F%252Fgeoportal.sgb.gov.br%252Fserver%252Frest%252Fservices%252Fgeoquimica%252Fgeoquimica_integrada%252FFeatureServer%252F2%2523OBJECTID%253D86997%3ACr%3A1|GEOLOGIC_CONTEXT_MISSING|matched_geologic_unit|,profile:src-source-record-v2%7Cbrazil-sgb-florianopolis-stream-sediment%7C1046-HM-S-020%7CJAY017%7C9%7Cgeoquimica_florianopolis_1985.zip%2FFlorianopolis_Geoquimica_Sedimento_de_Corrente.xlsx%23row%3D9%3Bhttps%3A%2F%2Fgeoportal.sgb.gov.br%2Fserver%2Frest%2Fservices%2Fgeoquimica%2Fgeoquimica_integrada%2FFeatureServer%2F2%23OBJECTID%3D86997:Cr:1,brazil-sgb-florianopolis-stream-sediment,D2,info,review_required,GEOLOGIC_CONTEXT_MISSING,matched_geologic_unit,,记录没有来源直报或空间匹配的地质单元。,在比例尺与边界不确定性允许时执行空间匹配，并记录地图源、版本、匹配方法和边界距离；否则保留缺失。,true
ITER|profile%3Asrc-source-record-v2%257Cbrazil-sgb-florianopolis-stream-sediment%257C1046-HM-S-020%257CJAY017%257C9%257Cgeoquimica_florianopolis_1985.zip%252FFlorianopolis_Geoquimica_Sedimento_de_Corrente.xlsx%2523row%253D9%253Bhttps%253A%252F%252Fgeoportal.sgb.gov.br%252Fserver%252Frest%252Fservices%252Fgeoquimica%252Fgeoquimica_integrada%252FFeatureServer%252F2%2523OBJECTID%253D86997%3ACu%3A2|GEOLOGIC_CONTEXT_MISSING|matched_geologic_unit|,profile:src-source-record-v2%7Cbrazil-sgb-florianopolis-stream-sediment%7C1046-HM-S-020%7CJAY017%7C9%7Cgeoquimica_florianopolis_1985.zip%2FFlorianopolis_Geoquimica_Sedimento_de_Corrente.xlsx%23row%3D9%3Bhttps%3A%2F%2Fgeoportal.sgb.gov.br%2Fserver%2Frest%2Fservices%2Fgeoquimica%2Fgeoquimica_integrada%2FFeatureServer%2F2%23OBJECTID%3D86997:Cu:2,brazil-sgb-florianopolis-stream-sediment,D2,info,review_required,GEOLOGIC_CONTEXT_MISSING,matched_geologic_unit,,记录没有来源直报或空间匹配的地质单元。,在比例尺与边界不确定性允许时执行空间匹配，并记录地图源、版本、匹配方法和边界距离；否则保留缺失。,true
ITER|profile%3Asrc-source-record-v2%257Cbrazil-sgb-florianopolis-stream-sediment%257C1046-HM-S-020%257CJAY017%257C9%257Cgeoquimica_florianopolis_1985.zip%252FFlorianopolis_Geoquimica_Sedimento_de_Corrente.xlsx%2523row%253D9%253Bhttps%253A%252F%252Fgeoportal.sgb.gov.br%252Fserver%252Frest%252Fservices%252Fgeoquimica%252Fgeoquimica_integrada%252FFeatureServer%252F2%2523OBJECTID%253D86997%3ANi%3A3|GEOLOGIC_CONTEXT_MISSING|matched_geologic_unit|,profile:src-source-record-v2%7Cbrazil-sgb-florianopolis-stream-sediment%7C1046-HM-S-020%7CJAY017%7C9%7Cgeoquimica_florianopolis_1985.zip%2FFlorianopolis_Geoquimica_Sedimento_de_Corrente.xlsx%23row%3D9%3Bhttps%3A%2F%2Fgeoportal.sgb.gov.br%2Fserver%2Frest%2Fservices%2Fgeoquimica%2Fgeoquimica_integrada%2FFeatureServer%2F2%23OBJECTID%3D86997:Ni:3,brazil-sgb-florianopolis-stream-sediment,D2,info,review_required,GEOLOGIC_CONTEXT_MISSING,matched_geologic_unit,,记录没有来源直报或空间匹配的地质单元。,在比例尺与边界不确定性允许时执行空间匹配，并记录地图源、版本、匹配方法和边界距离；否则保留缺失。,true
ITER|profile%3Asrc-source-record-v2%257Cbrazil-sgb-florianopolis-stream-sediment%257C1046-HM-S-020%257CJAY017%257C9%257Cgeoquimica_florianopolis_1985.zip%252FFlorianopolis_Geoquimica_Sedimento_de_Corrente.xlsx%2523row%253D9%253Bhttps%253A%252F%252Fgeoportal.sgb.gov.br%252Fserver%252Frest%252Fservices%252Fgeoquimica%252Fgeoquimica_integrada%252FFeatureServer%252F2%2523OBJECTID%253D86997%3APb%3A4|GEOLOGIC_CONTEXT_MISSING|matched_geologic_unit|,profile:src-source-record-v2%7Cbrazil-sgb-florianopolis-stream-sediment%7C1046-HM-S-020%7CJAY017%7C9%7Cgeoquimica_florianopolis_1985.zip%2FFlorianopolis_Geoquimica_Sedimento_de_Corrente.xlsx%23row%3D9%3Bhttps%3A%2F%2Fgeoportal.sgb.gov.br%2Fserver%2Frest%2Fservices%2Fgeoquimica%2Fgeoquimica_integrada%2FFeatureServer%2F2%23OBJECTID%3D86997:Pb:4,brazil-sgb-florianopolis-stream-sediment,D2,info,review_required,GEOLOGIC_CONTEXT_MISSING,matched_geologic_unit,,记录没有来源直报或空间匹配的地质单元。,在比例尺与边界不确定性允许时执行空间匹配，并记录地图源、版本、匹配方法和边界距离；否则保留缺失。,true
ITER|profile%3Asrc-source-record-v2%257Cbrazil-sgb-florianopolis-stream-sediment%257C1046-HM-S-020%257CJAY017%257C9%257Cgeoquimica_florianopolis_1985.zip%252FFlorianopolis_Geoquimica_Sedimento_de_Corrente.xlsx%2523row%253D9%253Bhttps%253A%252F%252Fgeoportal.sgb.gov.br%252Fserver%252Frest%252Fservices%252Fgeoquimica%252Fgeoquimica_integrada%252FFeatureServer%252F2%2523OBJECTID%253D86997%3AZn%3A5|GEOLOGIC_CONTEXT_MISSING|matched_geologic_unit|,profile:src-source-record-v2%7Cbrazil-sgb-florianopolis-stream-sediment%7C1046-HM-S-020%7CJAY017%7C9%7Cgeoquimica_florianopolis_1985.zip%2FFlorianopolis_Geoquimica_Sedimento_de_Corrente.xlsx%23row%3D9%3Bhttps%3A%2F%2Fgeoportal.sgb.gov.br%2Fserver%2Frest%2Fservices%2Fgeoquimica%2Fgeoquimica_integrada%2FFeatureServer%2F2%23OBJECTID%3D86997:Zn:5,brazil-sgb-florianopolis-stream-sediment,D2,info,review_required,GEOLOGIC_CONTEXT_MISSING,matched_geologic_unit,,记录没有来源直报或空间匹配的地质单元。,在比例尺与边界不确定性允许时执行空间匹配，并记录地图源、版本、匹配方法和边界距离；否则保留缺失。,true
ITER|profile%3Asrc-source-record-v2%257Cbrazil-sgb-florianopolis-stream-sediment%257C1046-HM-S-020%257CJAY017%257C9%257Cgeoquimica_florianopolis_1985.zip%252FFlorianopolis_Geoquimica_Sedimento_de_Corrente.xlsx%2523row%253D9%253Bhttps%253A%252F%252Fgeoportal.sgb.gov.br%252Fserver%252Frest%252Fservices%252Fgeoquimica%252Fgeoquimica_integrada%252FFeatureServer%252F2%2523OBJECTID%253D86997%3AZn%3A5|NORMALIZATION_FAILED|normalized_value|,profile:src-source-record-v2%7Cbrazil-sgb-florianopolis-stream-sediment%7C1046-HM-S-020%7CJAY017%7C9%7Cgeoquimica_florianopolis_1985.zip%2FFlorianopolis_Geoquimica_Sedimento_de_Corrente.xlsx%23row%3D9%3Bhttps%3A%2F%2Fgeoportal.sgb.gov.br%2Fserver%2Frest%2Fservices%2Fgeoquimica%2Fgeoquimica_integrada%2FFeatureServer%2F2%23OBJECTID%3D86997:Zn:5,brazil-sgb-florianopolis-stream-sediment,D2,error,action_required,NORMALIZATION_FAILED,normalized_value,,非删失测定没有可用标准值。,检查原值解析、单位词表、物质基准和换算公式；不能证明可换算时保留失败状态，不得猜值。,true
ITER|profile%3Asrc-source-record-v2%257Cbrazil-sgb-florianopolis-stream-sediment%257C1046-HM-S-1120%257CJBG122%257C175%257Cgeoquimica_florianopolis_1985.zip%252FFlorianopolis_Geoquimica_Sedimento_de_Corrente.xlsx%2523row%253D175%253Bhttps%253A%252F%252Fgeoportal.sgb.gov.br%252Fserver%252Frest%252Fservices%252Fgeoquimica%252Fgeoquimica_integrada%252FFeatureServer%252F2%2523OBJECTID%253D87932%3AAs%3A0|GEOLOGIC_CONTEXT_MISSING|matched_geologic_unit|,profile:src-source-record-v2%7Cbrazil-sgb-florianopolis-stream-sediment%7C1046-HM-S-1120%7CJBG122%7C175%7Cgeoquimica_florianopolis_1985.zip%2FFlorianopolis_Geoquimica_Sedimento_de_Corrente.xlsx%23row%3D175%3Bhttps%3A%2F%2Fgeoportal.sgb.gov.br%2Fserver%2Frest%2Fservices%2Fgeoquimica%2Fgeoquimica_integrada%2FFeatureServer%2F2%23OBJECTID%3D87932:As:0,brazil-sgb-florianopolis-stream-sediment,D2,info,review_required,GEOLOGIC_CONTEXT_MISSING,matched_geologic_unit,,记录没有来源直报或空间匹配的地质单元。,在比例尺与边界不确定性允许时执行空间匹配，并记录地图源、版本、匹配方法和边界距离；否则保留缺失。,true
ITER|profile%3Asrc-source-record-v2%257Cbrazil-sgb-florianopolis-stream-sediment%257C1046-HM-S-1120%257CJBG122%257C175%257Cgeoquimica_florianopolis_1985.zip%252FFlorianopolis_Geoquimica_Sedimento_de_Corrente.xlsx%2523row%253D175%253Bhttps%253A%252F%252Fgeoportal.sgb.gov.br%252Fserver%252Frest%252Fservices%252Fgeoquimica%252Fgeoquimica_integrada%252FFeatureServer%252F2%2523OBJECTID%253D87932%3AAs%3A0|NORMALIZATION_FAILED|normalized_value|,profile:src-source-record-v2%7Cbrazil-sgb-florianopolis-stream-sediment%7C1046-HM-S-1120%7CJBG122%7C175%7Cgeoquimica_florianopolis_1985.zip%2FFlorianopolis_Geoquimica_Sedimento_de_Corrente.xlsx%23row%3D175%3Bhttps%3A%2F%2Fgeoportal.sgb.gov.br%2Fserver%2Frest%2Fservices%2Fgeoquimica%2Fgeoquimica_integrada%2FFeatureServer%2F2%23OBJECTID%3D87932:As:0,brazil-sgb-florianopolis-stream-sediment,D2,error,action_required,NORMALIZATION_FAILED,normalized_value,,非删失测定没有可用标准值。,检查原值解析、单位词表、物质基准和换算公式；不能证明可换算时保留失败状态，不得猜值。,true
ITER|profile%3Asrc-source-record-v2%257Cbrazil-sgb-florianopolis-stream-sediment%257C1046-HM-S-1120%257CJBG122%257C175%257Cgeoquimica_florianopolis_1985.zip%252FFlorianopolis_Geoquimica_Sedimento_de_Corrente.xlsx%2523row%253D175%253Bhttps%253A%252F%252Fgeoportal.sgb.gov.br%252Fserver%252Frest%252Fservices%252Fgeoquimica%252Fgeoquimica_integrada%252FFeatureServer%252F2%2523OBJECTID%253D87932%3ACr%3A1|GEOLOGIC_CONTEXT_MISSING|matched_geologic_unit|,profile:src-source-record-v2%7Cbrazil-sgb-florianopolis-stream-sediment%7C1046-HM-S-1120%7CJBG122%7C175%7Cgeoquimica_florianopolis_1985.zip%2FFlorianopolis_Geoquimica_Sedimento_de_Corrente.xlsx%23row%3D175%3Bhttps%3A%2F%2Fgeoportal.sgb.gov.br%2Fserver%2Frest%2Fservices%2Fgeoquimica%2Fgeoquimica_integrada%2FFeatureServer%2F2%23OBJECTID%3D87932:Cr:1,brazil-sgb-florianopolis-stream-sediment,D2,info,review_required,GEOLOGIC_CONTEXT_MISSING,matched_geologic_unit,,记录没有来源直报或空间匹配的地质单元。,在比例尺与边界不确定性允许时执行空间匹配，并记录地图源、版本、匹配方法和边界距离；否则保留缺失。,true
ITER|profile%3Asrc-source-record-v2%257Cbrazil-sgb-florianopolis-stream-sediment%257C1046-HM-S-1120%257CJBG122%257C175%257Cgeoquimica_florianopolis_1985.zip%252FFlorianopolis_Geoquimica_Sedimento_de_Corrente.xlsx%2523row%253D175%253Bhttps%253A%252F%252Fgeoportal.sgb.gov.br%252Fserver%252Frest%252Fservices%252Fgeoquimica%252Fgeoquimica_integrada%252FFeatureServer%252F2%2523OBJECTID%253D87932%3ACu%3A2|GEOLOGIC_CONTEXT_MISSING|matched_geologic_unit|,profile:src-source-record-v2%7Cbrazil-sgb-florianopolis-stream-sediment%7C1046-HM-S-1120%7CJBG122%7C175%7Cgeoquimica_florianopolis_1985.zip%2FFlorianopolis_Geoquimica_Sedimento_de_Corrente.xlsx%23row%3D175%3Bhttps%3A%2F%2Fgeoportal.sgb.gov.br%2Fserver%2Frest%2Fservices%2Fgeoquimica%2Fgeoquimica_integrada%2FFeatureServer%2F2%23OBJECTID%3D87932:Cu:2,brazil-sgb-florianopolis-stream-sediment,D2,info,review_required,GEOLOGIC_CONTEXT_MISSING,matched_geologic_unit,,记录没有来源直报或空间匹配的地质单元。,在比例尺与边界不确定性允许时执行空间匹配，并记录地图源、版本、匹配方法和边界距离；否则保留缺失。,true
ITER|profile%3Asrc-source-record-v2%257Cbrazil-sgb-florianopolis-stream-sediment%257C1046-HM-S-1120%257CJBG122%257C175%257Cgeoquimica_florianopolis_1985.zip%252FFlorianopolis_Geoquimica_Sedimento_de_Corrente.xlsx%2523row%253D175%253Bhttps%253A%252F%252Fgeoportal.sgb.gov.br%252Fserver%252Frest%252Fservices%252Fgeoquimica%252Fgeoquimica_integrada%252FFeatureServer%252F2%2523OBJECTID%253D87932%3ANi%3A3|GEOLOGIC_CONTEXT_MISSING|matched_geologic_unit|,profile:src-source-record-v2%7Cbrazil-sgb-florianopolis-stream-sediment%7C1046-HM-S-1120%7CJBG122%7C175%7Cgeoquimica_florianopolis_1985.zip%2FFlorianopolis_Geoquimica_Sedimento_de_Corrente.xlsx%23row%3D175%3Bhttps%3A%2F%2Fgeoportal.sgb.gov.br%2Fserver%2Frest%2Fservices%2Fgeoquimica%2Fgeoquimica_integrada%2FFeatureServer%2F2%23OBJECTID%3D87932:Ni:3,brazil-sgb-florianopolis-stream-sediment,D2,info,review_required,GEOLOGIC_CONTEXT_MISSING,matched_geologic_unit,,记录没有来源直报或空间匹配的地质单元。,在比例尺与边界不确定性允许时执行空间匹配，并记录地图源、版本、匹配方法和边界距离；否则保留缺失。,true
ITER|profile%3Asrc-source-record-v2%257Cbrazil-sgb-florianopolis-stream-sediment%257C1046-HM-S-1120%257CJBG122%257C175%257Cgeoquimica_florianopolis_1985.zip%252FFlorianopolis_Geoquimica_Sedimento_de_Corrente.xlsx%2523row%253D175%253Bhttps%253A%252F%252Fgeoportal.sgb.gov.br%252Fserver%252Frest%252Fservices%252Fgeoquimica%252Fgeoquimica_integrada%252FFeatureServer%252F2%2523OBJECTID%253D87932%3APb%3A4|GEOLOGIC_CONTEXT_MISSING|matched_geologic_unit|,profile:src-source-record-v2%7Cbrazil-sgb-florianopolis-stream-sediment%7C1046-HM-S-1120%7CJBG122%7C175%7Cgeoquimica_florianopolis_1985.zip%2FFlorianopolis_Geoquimica_Sedimento_de_Corrente.xlsx%23row%3D175%3Bhttps%3A%2F%2Fgeoportal.sgb.gov.br%2Fserver%2Frest%2Fservices%2Fgeoquimica%2Fgeoquimica_integrada%2FFeatureServer%2F2%23OBJECTID%3D87932:Pb:4,brazil-sgb-florianopolis-stream-sediment,D2,info,review_required,GEOLOGIC_CONTEXT_MISSING,matched_geologic_unit,,记录没有来源直报或空间匹配的地质单元。,在比例尺与边界不确定性允许时执行空间匹配，并记录地图源、版本、匹配方法和边界距离；否则保留缺失。,true
ITER|profile%3Asrc-source-record-v2%257Cbrazil-sgb-florianopolis-stream-sediment%257C1046-HM-S-1120%257CJBG122%257C175%257Cgeoquimica_florianopolis_1985.zip%252FFlorianopolis_Geoquimica_Sedimento_de_Corrente.xlsx%2523row%253D175%253Bhttps%253A%252F%252Fgeoportal.sgb.gov.br%252Fserver%252Frest%252Fservices%252Fgeoquimica%252Fgeoquimica_integrada%252FFeatureServer%252F2%2523OBJECTID%253D87932%3AZn%3A5|GEOLOGIC_CONTEXT_MISSING|matched_geologic_unit|,profile:src-source-record-v2%7Cbrazil-sgb-florianopolis-stream-sediment%7C1046-HM-S-1120%7CJBG122%7C175%7Cgeoquimica_florianopolis_1985.zip%2FFlorianopolis_Geoquimica_Sedimento_de_Corrente.xlsx%23row%3D175%3Bhttps%3A%2F%2Fgeoportal.sgb.gov.br%2Fserver%2Frest%2Fservices%2Fgeoquimica%2Fgeoquimica_integrada%2FFeatureServer%2F2%23OBJECTID%3D87932:Zn:5,brazil-sgb-florianopolis-stream-sediment,D2,info,review_required,GEOLOGIC_CONTEXT_MISSING,matched_geologic_unit,,记录没有来源直报或空间匹配的地质单元。,在比例尺与边界不确定性允许时执行空间匹配，并记录地图源、版本、匹配方法和边界距离；否则保留缺失。,true
ITER|profile%3Asrc-source-record-v2%257Cbrazil-sgb-florianopolis-stream-sediment%257C1046-HM-S-1120%257CJBG122%257C175%257Cgeoquimica_florianopolis_1985.zip%252FFlorianopolis_Geoquimica_Sedimento_de_Corrente.xlsx%2523row%253D175%253Bhttps%253A%252F%252Fgeoportal.sgb.gov.br%252Fserver%252Frest%252Fservices%252Fgeoquimica%252Fgeoquimica_integrada%252FFeatureServer%252F2%2523OBJECTID%253D87932%3AZn%3A5|NORMALIZATION_FAILED|normalized_value|,profile:src-source-record-v2%7Cbrazil-sgb-florianopolis-stream-sediment%7C1046-HM-S-1120%7CJBG122%7C175%7Cgeoquimica_florianopolis_1985.zip%2FFlorianopolis_Geoquimica_Sedimento_de_Corrente.xlsx%23row%3D175%3Bhttps%3A%2F%2Fgeoportal.sgb.gov.br%2Fserver%2Frest%2Fservices%2Fgeoquimica%2Fgeoquimica_integrada%2FFeatureServer%2F2%23OBJECTID%3D87932:Zn:5,brazil-sgb-florianopolis-stream-sediment,D2,error,action_required,NORMALIZATION_FAILED,normalized_value,,非删失测定没有可用标准值。,检查原值解析、单位词表、物质基准和换算公式；不能证明可换算时保留失败状态，不得猜值。,true
ITER|profile%3Asrc-source-record-v2%257Cbrazil-sgb-florianopolis-stream-sediment%257C1046-HM-S-1138%257CJBG129%257C189%257Cgeoquimica_florianopolis_1985.zip%252FFlorianopolis_Geoquimica_Sedimento_de_Corrente.xlsx%2523row%253D189%253Bhttps%253A%252F%252Fgeoportal.sgb.gov.br%252Fserver%252Frest%252Fservices%252Fgeoquimica%252Fgeoquimica_integrada%252FFeatureServer%252F2%2523OBJECTID%253D87939%3AAs%3A0|GEOLOGIC_CONTEXT_MISSING|matched_geologic_unit|,profile:src-source-record-v2%7Cbrazil-sgb-florianopolis-stream-sediment%7C1046-HM-S-1138%7CJBG129%7C189%7Cgeoquimica_florianopolis_1985.zip%2FFlorianopolis_Geoquimica_Sedimento_de_Corrente.xlsx%23row%3D189%3Bhttps%3A%2F%2Fgeoportal.sgb.gov.br%2Fserver%2Frest%2Fservices%2Fgeoquimica%2Fgeoquimica_integrada%2FFeatureServer%2F2%23OBJECTID%3D87939:As:0,brazil-sgb-florianopolis-stream-sediment,D2,info,review_required,GEOLOGIC_CONTEXT_MISSING,matched_geologic_unit,,记录没有来源直报或空间匹配的地质单元。,在比例尺与边界不确定性允许时执行空间匹配，并记录地图源、版本、匹配方法和边界距离；否则保留缺失。,true
ITER|profile%3Asrc-source-record-v2%257Cbrazil-sgb-florianopolis-stream-sediment%257C1046-HM-S-1138%257CJBG129%257C189%257Cgeoquimica_florianopolis_1985.zip%252FFlorianopolis_Geoquimica_Sedimento_de_Corrente.xlsx%2523row%253D189%253Bhttps%253A%252F%252Fgeoportal.sgb.gov.br%252Fserver%252Frest%252Fservices%252Fgeoquimica%252Fgeoquimica_integrada%252FFeatureServer%252F2%2523OBJECTID%253D87939%3AAs%3A0|NORMALIZATION_FAILED|normalized_value|,profile:src-source-record-v2%7Cbrazil-sgb-florianopolis-stream-sediment%7C1046-HM-S-1138%7CJBG129%7C189%7Cgeoquimica_florianopolis_1985.zip%2FFlorianopolis_Geoquimica_Sedimento_de_Corrente.xlsx%23row%3D189%3Bhttps%3A%2F%2Fgeoportal.sgb.gov.br%2Fserver%2Frest%2Fservices%2Fgeoquimica%2Fgeoquimica_integrada%2FFeatureServer%2F2%23OBJECTID%3D87939:As:0,brazil-sgb-florianopolis-stream-sediment,D2,error,action_required,NORMALIZATION_FAILED,normalized_value,,非删失测定没有可用标准值。,检查原值解析、单位词表、物质基准和换算公式；不能证明可换算时保留失败状态，不得猜值。,true
ITER|profile%3Asrc-source-record-v2%257Cbrazil-sgb-florianopolis-stream-sediment%257C1046-HM-S-1138%257CJBG129%257C189%257Cgeoquimica_florianopolis_1985.zip%252FFlorianopolis_Geoquimica_Sedimento_de_Corrente.xlsx%2523row%253D189%253Bhttps%253A%252F%252Fgeoportal.sgb.gov.br%252Fserver%252Frest%252Fservices%252Fgeoquimica%252Fgeoquimica_integrada%252FFeatureServer%252F2%2523OBJECTID%253D87939%3ACr%3A1|GEOLOGIC_CONTEXT_MISSING|matched_geologic_unit|,profile:src-source-record-v2%7Cbrazil-sgb-florianopolis-stream-sediment%7C1046-HM-S-1138%7CJBG129%7C189%7Cgeoquimica_florianopolis_1985.zip%2FFlorianopolis_Geoquimica_Sedimento_de_Corrente.xlsx%23row%3D189%3Bhttps%3A%2F%2Fgeoportal.sgb.gov.br%2Fserver%2Frest%2Fservices%2Fgeoquimica%2Fgeoquimica_integrada%2FFeatureServer%2F2%23OBJECTID%3D87939:Cr:1,brazil-sgb-florianopolis-stream-sediment,D2,info,review_required,GEOLOGIC_CONTEXT_MISSING,matched_geologic_unit,,记录没有来源直报或空间匹配的地质单元。,在比例尺与边界不确定性允许时执行空间匹配，并记录地图源、版本、匹配方法和边界距离；否则保留缺失。,true
ITER|profile%3Asrc-source-record-v2%257Cbrazil-sgb-florianopolis-stream-sediment%257C1046-HM-S-1138%257CJBG129%257C189%257Cgeoquimica_florianopolis_1985.zip%252FFlorianopolis_Geoquimica_Sedimento_de_Corrente.xlsx%2523row%253D189%253Bhttps%253A%252F%252Fgeoportal.sgb.gov.br%252Fserver%252Frest%252Fservices%252Fgeoquimica%252Fgeoquimica_integrada%252FFeatureServer%252F2%2523OBJECTID%253D87939%3ACr%3A1|NORMALIZATION_FAILED|normalized_value|,profile:src-source-record-v2%7Cbrazil-sgb-florianopolis-stream-sediment%7C1046-HM-S-1138%7CJBG129%7C189%7Cgeoquimica_florianopolis_1985.zip%2FFlorianopolis_Geoquimica_Sedimento_de_Corrente.xlsx%23row%3D189%3Bhttps%3A%2F%2Fgeoportal.sgb.gov.br%2Fserver%2Frest%2Fservices%2Fgeoquimica%2Fgeoquimica_integrada%2FFeatureServer%2F2%23OBJECTID%3D87939:Cr:1,brazil-sgb-florianopolis-stream-sediment,D2,error,action_required,NORMALIZATION_FAILED,normalized_value,,非删失测定没有可用标准值。,检查原值解析、单位词表、物质基准和换算公式；不能证明可换算时保留失败状态，不得猜值。,true
ITER|profile%3Asrc-source-record-v2%257Cbrazil-sgb-florianopolis-stream-sediment%257C1046-HM-S-1138%257CJBG129%257C189%257Cgeoquimica_florianopolis_1985.zip%252FFlorianopolis_Geoquimica_Sedimento_de_Corrente.xlsx%2523row%253D189%253Bhttps%253A%252F%252Fgeoportal.sgb.gov.br%252Fserver%252Frest%252Fservices%252Fgeoquimica%252Fgeoquimica_integrada%252FFeatureServer%252F2%2523OBJECTID%253D87939%3ACu%3A2|GEOLOGIC_CONTEXT_MISSING|matched_geologic_unit|,profile:src-source-record-v2%7Cbrazil-sgb-florianopolis-stream-sediment%7C1046-HM-S-1138%7CJBG129%7C189%7Cgeoquimica_florianopolis_1985.zip%2FFlorianopolis_Geoquimica_Sedimento_de_Corrente.xlsx%23row%3D189%3Bhttps%3A%2F%2Fgeoportal.sgb.gov.br%2Fserver%2Frest%2Fservices%2Fgeoquimica%2Fgeoquimica_integrada%2FFeatureServer%2F2%23OBJECTID%3D87939:Cu:2,brazil-sgb-florianopolis-stream-sediment,D2,info,review_required,GEOLOGIC_CONTEXT_MISSING,matched_geologic_unit,,记录没有来源直报或空间匹配的地质单元。,在比例尺与边界不确定性允许时执行空间匹配，并记录地图源、版本、匹配方法和边界距离；否则保留缺失。,true
ITER|profile%3Asrc-source-record-v2%257Cbrazil-sgb-florianopolis-stream-sediment%257C1046-HM-S-1138%257CJBG129%257C189%257Cgeoquimica_florianopolis_1985.zip%252FFlorianopolis_Geoquimica_Sedimento_de_Corrente.xlsx%2523row%253D189%253Bhttps%253A%252F%252Fgeoportal.sgb.gov.br%252Fserver%252Frest%252Fservices%252Fgeoquimica%252Fgeoquimica_integrada%252FFeatureServer%252F2%2523OBJECTID%253D87939%3ANi%3A3|GEOLOGIC_CONTEXT_MISSING|matched_geologic_unit|,profile:src-source-record-v2%7Cbrazil-sgb-florianopolis-stream-sediment%7C1046-HM-S-1138%7CJBG129%7C189%7Cgeoquimica_florianopolis_1985.zip%2FFlorianopolis_Geoquimica_Sedimento_de_Corrente.xlsx%23row%3D189%3Bhttps%3A%2F%2Fgeoportal.sgb.gov.br%2Fserver%2Frest%2Fservices%2Fgeoquimica%2Fgeoquimica_integrada%2FFeatureServer%2F2%23OBJECTID%3D87939:Ni:3,brazil-sgb-florianopolis-stream-sediment,D2,info,review_required,GEOLOGIC_CONTEXT_MISSING,matched_geologic_unit,,记录没有来源直报或空间匹配的地质单元。,在比例尺与边界不确定性允许时执行空间匹配，并记录地图源、版本、匹配方法和边界距离；否则保留缺失。,true
ITER|profile%3Asrc-source-record-v2%257Cbrazil-sgb-florianopolis-stream-sediment%257C1046-HM-S-1138%257CJBG129%257C189%257Cgeoquimica_florianopolis_1985.zip%252FFlorianopolis_Geoquimica_Sedimento_de_Corrente.xlsx%2523row%253D189%253Bhttps%253A%252F%252Fgeoportal.sgb.gov.br%252Fserver%252Frest%252Fservices%252Fgeoquimica%252Fgeoquimica_integrada%252FFeatureServer%252F2%2523OBJECTID%253D87939%3APb%3A4|GEOLOGIC_CONTEXT_MISSING|matched_geologic_unit|,profile:src-source-record-v2%7Cbrazil-sgb-florianopolis-stream-sediment%7C1046-HM-S-1138%7CJBG129%7C189%7Cgeoquimica_florianopolis_1985.zip%2FFlorianopolis_Geoquimica_Sedimento_de_Corrente.xlsx%23row%3D189%3Bhttps%3A%2F%2Fgeoportal.sgb.gov.br%2Fserver%2Frest%2Fservices%2Fgeoquimica%2Fgeoquimica_integrada%2FFeatureServer%2F2%23OBJECTID%3D87939:Pb:4,brazil-sgb-florianopolis-stream-sediment,D2,info,review_required,GEOLOGIC_CONTEXT_MISSING,matched_geologic_unit,,记录没有来源直报或空间匹配的地质单元。,在比例尺与边界不确定性允许时执行空间匹配，并记录地图源、版本、匹配方法和边界距离；否则保留缺失。,true
ITER|profile%3Asrc-source-record-v2%257Cbrazil-sgb-florianopolis-stream-sediment%257C1046-HM-S-1138%257CJBG129%257C189%257Cgeoquimica_florianopolis_1985.zip%252FFlorianopolis_Geoquimica_Sedimento_de_Corrente.xlsx%2523row%253D189%253Bhttps%253A%252F%252Fgeoportal.sgb.gov.br%252Fserver%252Frest%252Fservices%252Fgeoquimica%252Fgeoquimica_integrada%252FFeatureServer%252F2%2523OBJECTID%253D87939%3AZn%3A5|GEOLOGIC_CONTEXT_MISSING|matched_geologic_unit|,profile:src-source-record-v2%7Cbrazil-sgb-florianopolis-stream-sediment%7C1046-HM-S-1138%7CJBG129%7C189%7Cgeoquimica_florianopolis_1985.zip%2FFlorianopolis_Geoquimica_Sedimento_de_Corrente.xlsx%23row%3D189%3Bhttps%3A%2F%2Fgeoportal.sgb.gov.br%2Fserver%2Frest%2Fservices%2Fgeoquimica%2Fgeoquimica_integrada%2FFeatureServer%2F2%23OBJECTID%3D87939:Zn:5,brazil-sgb-florianopolis-stream-sediment,D2,info,review_required,GEOLOGIC_CONTEXT_MISSING,matched_geologic_unit,,记录没有来源直报或空间匹配的地质单元。,在比例尺与边界不确定性允许时执行空间匹配，并记录地图源、版本、匹配方法和边界距离；否则保留缺失。,true
ITER|profile%3Asrc-source-record-v2%257Cbrazil-sgb-florianopolis-stream-sediment%257C1046-HM-S-1138%257CJBG129%257C189%257Cgeoquimica_florianopolis_1985.zip%252FFlorianopolis_Geoquimica_Sedimento_de_Corrente.xlsx%2523row%253D189%253Bhttps%253A%252F%252Fgeoportal.sgb.gov.br%252Fserver%252Frest%252Fservices%252Fgeoquimica%252Fgeoquimica_integrada%252FFeatureServer%252F2%2523OBJECTID%253D87939%3AZn%3A5|NORMALIZATION_FAILED|normalized_value|,profile:src-source-record-v2%7Cbrazil-sgb-florianopolis-stream-sediment%7C1046-HM-S-1138%7CJBG129%7C189%7Cgeoquimica_florianopolis_1985.zip%2FFlorianopolis_Geoquimica_Sedimento_de_Corrente.xlsx%23row%3D189%3Bhttps%3A%2F%2Fgeoportal.sgb.gov.br%2Fserver%2Frest%2Fservices%2Fgeoquimica%2Fgeoquimica_integrada%2FFeatureServer%2F2%23OBJECTID%3D87939:Zn:5,brazil-sgb-florianopolis-stream-sediment,D2,error,action_required,NORMALIZATION_FAILED,normalized_value,,非删失测定没有可用标准值。,检查原值解析、单位词表、物质基准和换算公式；不能证明可换算时保留失败状态，不得猜值。,true
ITER|profile%3Asrc-source-record-v2%257Cbrazil-sgb-florianopolis-stream-sediment%257C1046-HM-S-306%257CJAZ093%257C373%257Cgeoquimica_florianopolis_1985.zip%252FFlorianopolis_Geoquimica_Sedimento_de_Corrente.xlsx%2523row%253D373%253Bhttps%253A%252F%252Fgeoportal.sgb.gov.br%252Fserver%252Frest%252Fservices%252Fgeoquimica%252Fgeoquimica_integrada%252FFeatureServer%252F2%2523OBJECTID%253D87245%3AAs%3A0|GEOLOGIC_CONTEXT_MISSING|matched_geologic_unit|,profile:src-source-record-v2%7Cbrazil-sgb-florianopolis-stream-sediment%7C1046-HM-S-306%7CJAZ093%7C373%7Cgeoquimica_florianopolis_1985.zip%2FFlorianopolis_Geoquimica_Sedimento_de_Corrente.xlsx%23row%3D373%3Bhttps%3A%2F%2Fgeoportal.sgb.gov.br%2Fserver%2Frest%2Fservices%2Fgeoquimica%2Fgeoquimica_integrada%2FFeatureServer%2F2%23OBJECTID%3D87245:As:0,brazil-sgb-florianopolis-stream-sediment,D2,info,review_required,GEOLOGIC_CONTEXT_MISSING,matched_geologic_unit,,记录没有来源直报或空间匹配的地质单元。,在比例尺与边界不确定性允许时执行空间匹配，并记录地图源、版本、匹配方法和边界距离；否则保留缺失。,true
ITER|profile%3Asrc-source-record-v2%257Cbrazil-sgb-florianopolis-stream-sediment%257C1046-HM-S-306%257CJAZ093%257C373%257Cgeoquimica_florianopolis_1985.zip%252FFlorianopolis_Geoquimica_Sedimento_de_Corrente.xlsx%2523row%253D373%253Bhttps%253A%252F%252Fgeoportal.sgb.gov.br%252Fserver%252Frest%252Fservices%252Fgeoquimica%252Fgeoquimica_integrada%252FFeatureServer%252F2%2523OBJECTID%253D87245%3AAs%3A0|NORMALIZATION_FAILED|normalized_value|,profile:src-source-record-v2%7Cbrazil-sgb-florianopolis-stream-sediment%7C1046-HM-S-306%7CJAZ093%7C373%7Cgeoquimica_florianopolis_1985.zip%2FFlorianopolis_Geoquimica_Sedimento_de_Corrente.xlsx%23row%3D373%3Bhttps%3A%2F%2Fgeoportal.sgb.gov.br%2Fserver%2Frest%2Fservices%2Fgeoquimica%2Fgeoquimica_integrada%2FFeatureServer%2F2%23OBJECTID%3D87245:As:0,brazil-sgb-florianopolis-stream-sediment,D2,error,action_required,NORMALIZATION_FAILED,normalized_value,,非删失测定没有可用标准值。,检查原值解析、单位词表、物质基准和换算公式；不能证明可换算时保留失败状态，不得猜值。,true
ITER|profile%3Asrc-source-record-v2%257Cbrazil-sgb-florianopolis-stream-sediment%257C1046-HM-S-306%257CJAZ093%257C373%257Cgeoquimica_florianopolis_1985.zip%252FFlorianopolis_Geoquimica_Sedimento_de_Corrente.xlsx%2523row%253D373%253Bhttps%253A%252F%252Fgeoportal.sgb.gov.br%252Fserver%252Frest%252Fservices%252Fgeoquimica%252Fgeoquimica_integrada%252FFeatureServer%252F2%2523OBJECTID%253D87245%3ACr%3A1|GEOLOGIC_CONTEXT_MISSING|matched_geologic_unit|,profile:src-source-record-v2%7Cbrazil-sgb-florianopolis-stream-sediment%7C1046-HM-S-306%7CJAZ093%7C373%7Cgeoquimica_florianopolis_1985.zip%2FFlorianopolis_Geoquimica_Sedimento_de_Corrente.xlsx%23row%3D373%3Bhttps%3A%2F%2Fgeoportal.sgb.gov.br%2Fserver%2Frest%2Fservices%2Fgeoquimica%2Fgeoquimica_integrada%2FFeatureServer%2F2%23OBJECTID%3D87245:Cr:1,brazil-sgb-florianopolis-stream-sediment,D2,info,review_required,GEOLOGIC_CONTEXT_MISSING,matched_geologic_unit,,记录没有来源直报或空间匹配的地质单元。,在比例尺与边界不确定性允许时执行空间匹配，并记录地图源、版本、匹配方法和边界距离；否则保留缺失。,true
ITER|profile%3Asrc-source-record-v2%257Cbrazil-sgb-florianopolis-stream-sediment%257C1046-HM-S-306%257CJAZ093%257C373%257Cgeoquimica_florianopolis_1985.zip%252FFlorianopolis_Geoquimica_Sedimento_de_Corrente.xlsx%2523row%253D373%253Bhttps%253A%252F%252Fgeoportal.sgb.gov.br%252Fserver%252Frest%252Fservices%252Fgeoquimica%252Fgeoquimica_integrada%252FFeatureServer%252F2%2523OBJECTID%253D87245%3ACu%3A2|GEOLOGIC_CONTEXT_MISSING|matched_geologic_unit|,profile:src-source-record-v2%7Cbrazil-sgb-florianopolis-stream-sediment%7C1046-HM-S-306%7CJAZ093%7C373%7Cgeoquimica_florianopolis_1985.zip%2FFlorianopolis_Geoquimica_Sedimento_de_Corrente.xlsx%23row%3D373%3Bhttps%3A%2F%2Fgeoportal.sgb.gov.br%2Fserver%2Frest%2Fservices%2Fgeoquimica%2Fgeoquimica_integrada%2FFeatureServer%2F2%23OBJECTID%3D87245:Cu:2,brazil-sgb-florianopolis-stream-sediment,D2,info,review_required,GEOLOGIC_CONTEXT_MISSING,matched_geologic_unit,,记录没有来源直报或空间匹配的地质单元。,在比例尺与边界不确定性允许时执行空间匹配，并记录地图源、版本、匹配方法和边界距离；否则保留缺失。,true
ITER|profile%3Asrc-source-record-v2%257Cbrazil-sgb-florianopolis-stream-sediment%257C1046-HM-S-306%257CJAZ093%257C373%257Cgeoquimica_florianopolis_1985.zip%252FFlorianopolis_Geoquimica_Sedimento_de_Corrente.xlsx%2523row%253D373%253Bhttps%253A%252F%252Fgeoportal.sgb.gov.br%252Fserver%252Frest%252Fservices%252Fgeoquimica%252Fgeoquimica_integrada%252FFeatureServer%252F2%2523OBJECTID%253D87245%3ANi%3A3|GEOLOGIC_CONTEXT_MISSING|matched_geologic_unit|,profile:src-source-record-v2%7Cbrazil-sgb-florianopolis-stream-sediment%7C1046-HM-S-306%7CJAZ093%7C373%7Cgeoquimica_florianopolis_1985.zip%2FFlorianopolis_Geoquimica_Sedimento_de_Corrente.xlsx%23row%3D373%3Bhttps%3A%2F%2Fgeoportal.sgb.gov.br%2Fserver%2Frest%2Fservices%2Fgeoquimica%2Fgeoquimica_integrada%2FFeatureServer%2F2%23OBJECTID%3D87245:Ni:3,brazil-sgb-florianopolis-stream-sediment,D2,info,review_required,GEOLOGIC_CONTEXT_MISSING,matched_geologic_unit,,记录没有来源直报或空间匹配的地质单元。,在比例尺与边界不确定性允许时执行空间匹配，并记录地图源、版本、匹配方法和边界距离；否则保留缺失。,true
ITER|profile%3Asrc-source-record-v2%257Cbrazil-sgb-florianopolis-stream-sediment%257C1046-HM-S-306%257CJAZ093%257C373%257Cgeoquimica_florianopolis_1985.zip%252FFlorianopolis_Geoquimica_Sedimento_de_Corrente.xlsx%2523row%253D373%253Bhttps%253A%252F%252Fgeoportal.sgb.gov.br%252Fserver%252Frest%252Fservices%252Fgeoquimica%252Fgeoquimica_integrada%252FFeatureServer%252F2%2523OBJECTID%253D87245%3APb%3A4|GEOLOGIC_CONTEXT_MISSING|matched_geologic_unit|,profile:src-source-record-v2%7Cbrazil-sgb-florianopolis-stream-sediment%7C1046-HM-S-306%7CJAZ093%7C373%7Cgeoquimica_florianopolis_1985.zip%2FFlorianopolis_Geoquimica_Sedimento_de_Corrente.xlsx%23row%3D373%3Bhttps%3A%2F%2Fgeoportal.sgb.gov.br%2Fserver%2Frest%2Fservices%2Fgeoquimica%2Fgeoquimica_integrada%2FFeatureServer%2F2%23OBJECTID%3D87245:Pb:4,brazil-sgb-florianopolis-stream-sediment,D2,info,review_required,GEOLOGIC_CONTEXT_MISSING,matched_geologic_unit,,记录没有来源直报或空间匹配的地质单元。,在比例尺与边界不确定性允许时执行空间匹配，并记录地图源、版本、匹配方法和边界距离；否则保留缺失。,true
ITER|profile%3Asrc-source-record-v2%257Cbrazil-sgb-florianopolis-stream-sediment%257C1046-HM-S-306%257CJAZ093%257C373%257Cgeoquimica_florianopolis_1985.zip%252FFlorianopolis_Geoquimica_Sedimento_de_Corrente.xlsx%2523row%253D373%253Bhttps%253A%252F%252Fgeoportal.sgb.gov.br%252Fserver%252Frest%252Fservices%252Fgeoquimica%252Fgeoquimica_integrada%252FFeatureServer%252F2%2523OBJECTID%253D87245%3AZn%3A5|GEOLOGIC_CONTEXT_MISSING|matched_geologic_unit|,profile:src-source-record-v2%7Cbrazil-sgb-florianopolis-stream-sediment%7C1046-HM-S-306%7CJAZ093%7C373%7Cgeoquimica_florianopolis_1985.zip%2FFlorianopolis_Geoquimica_Sedimento_de_Corrente.xlsx%23row%3D373%3Bhttps%3A%2F%2Fgeoportal.sgb.gov.br%2Fserver%2Frest%2Fservices%2Fgeoquimica%2Fgeoquimica_integrada%2FFeatureServer%2F2%23OBJECTID%3D87245:Zn:5,brazil-sgb-florianopolis-stream-sediment,D2,info,review_required,GEOLOGIC_CONTEXT_MISSING,matched_geologic_unit,,记录没有来源直报或空间匹配的地质单元。,在比例尺与边界不确定性允许时执行空间匹配，并记录地图源、版本、匹配方法和边界距离；否则保留缺失。,true
ITER|profile%3Asrc-source-record-v2%257Cbrazil-sgb-florianopolis-stream-sediment%257C1046-HM-S-306%257CJAZ093%257C373%257Cgeoquimica_florianopolis_1985.zip%252FFlorianopolis_Geoquimica_Sedimento_de_Corrente.xlsx%2523row%253D373%253Bhttps%253A%252F%252Fgeoportal.sgb.gov.br%252Fserver%252Frest%252Fservices%252Fgeoquimica%252Fgeoquimica_integrada%252FFeatureServer%252F2%2523OBJECTID%253D87245%3AZn%3A5|NORMALIZATION_FAILED|normalized_value|,profile:src-source-record-v2%7Cbrazil-sgb-florianopolis-stream-sediment%7C1046-HM-S-306%7CJAZ093%7C373%7Cgeoquimica_florianopolis_1985.zip%2FFlorianopolis_Geoquimica_Sedimento_de_Corrente.xlsx%23row%3D373%3Bhttps%3A%2F%2Fgeoportal.sgb.gov.br%2Fserver%2Frest%2Fservices%2Fgeoquimica%2Fgeoquimica_integrada%2FFeatureServer%2F2%23OBJECTID%3D87245:Zn:5,brazil-sgb-florianopolis-stream-sediment,D2,error,action_required,NORMALIZATION_FAILED,normalized_value,,非删失测定没有可用标准值。,检查原值解析、单位词表、物质基准和换算公式；不能证明可换算时保留失败状态，不得猜值。,true
ITER|profile%3Asrc-source-record-v2%257Cbrazil-sgb-florianopolis-stream-sediment%257C1046-HM-S-618%257CJBB057%257C571%257Cgeoquimica_florianopolis_1985.zip%252FFlorianopolis_Geoquimica_Sedimento_de_Corrente.xlsx%2523row%253D571%253Bhttps%253A%252F%252Fgeoportal.sgb.gov.br%252Fserver%252Frest%252Fservices%252Fgeoquimica%252Fgeoquimica_integrada%252FFeatureServer%252F2%2523OBJECTID%253D87496%3ACu%3A0|GEOLOGIC_CONTEXT_MISSING|matched_geologic_unit|,profile:src-source-record-v2%7Cbrazil-sgb-florianopolis-stream-sediment%7C1046-HM-S-618%7CJBB057%7C571%7Cgeoquimica_florianopolis_1985.zip%2FFlorianopolis_Geoquimica_Sedimento_de_Corrente.xlsx%23row%3D571%3Bhttps%3A%2F%2Fgeoportal.sgb.gov.br%2Fserver%2Frest%2Fservices%2Fgeoquimica%2Fgeoquimica_integrada%2FFeatureServer%2F2%23OBJECTID%3D87496:Cu:0,brazil-sgb-florianopolis-stream-sediment,D2,info,review_required,GEOLOGIC_CONTEXT_MISSING,matched_geologic_unit,,记录没有来源直报或空间匹配的地质单元。,在比例尺与边界不确定性允许时执行空间匹配，并记录地图源、版本、匹配方法和边界距离；否则保留缺失。,true
ITER|profile%3Asrc-source-record-v2%257Cbrazil-sgb-florianopolis-stream-sediment%257C1046-HM-S-618%257CJBB057%257C573%257Cgeoquimica_florianopolis_1985.zip%252FFlorianopolis_Geoquimica_Sedimento_de_Corrente.xlsx%2523row%253D573%253Bhttps%253A%252F%252Fgeoportal.sgb.gov.br%252Fserver%252Frest%252Fservices%252Fgeoquimica%252Fgeoquimica_integrada%252FFeatureServer%252F2%2523OBJECTID%253D87496%3AAs%3A0|GEOLOGIC_CONTEXT_MISSING|matched_geologic_unit|,profile:src-source-record-v2%7Cbrazil-sgb-florianopolis-stream-sediment%7C1046-HM-S-618%7CJBB057%7C573%7Cgeoquimica_florianopolis_1985.zip%2FFlorianopolis_Geoquimica_Sedimento_de_Corrente.xlsx%23row%3D573%3Bhttps%3A%2F%2Fgeoportal.sgb.gov.br%2Fserver%2Frest%2Fservices%2Fgeoquimica%2Fgeoquimica_integrada%2FFeatureServer%2F2%23OBJECTID%3D87496:As:0,brazil-sgb-florianopolis-stream-sediment,D2,info,review_required,GEOLOGIC_CONTEXT_MISSING,matched_geologic_unit,,记录没有来源直报或空间匹配的地质单元。,在比例尺与边界不确定性允许时执行空间匹配，并记录地图源、版本、匹配方法和边界距离；否则保留缺失。,true
ITER|profile%3Asrc-source-record-v2%257Cbrazil-sgb-florianopolis-stream-sediment%257C1046-HM-S-618%257CJBB057%257C573%257Cgeoquimica_florianopolis_1985.zip%252FFlorianopolis_Geoquimica_Sedimento_de_Corrente.xlsx%2523row%253D573%253Bhttps%253A%252F%252Fgeoportal.sgb.gov.br%252Fserver%252Frest%252Fservices%252Fgeoquimica%252Fgeoquimica_integrada%252FFeatureServer%252F2%2523OBJECTID%253D87496%3AAs%3A0|NORMALIZATION_FAILED|normalized_value|,profile:src-source-record-v2%7Cbrazil-sgb-florianopolis-stream-sediment%7C1046-HM-S-618%7CJBB057%7C573%7Cgeoquimica_florianopolis_1985.zip%2FFlorianopolis_Geoquimica_Sedimento_de_Corrente.xlsx%23row%3D573%3Bhttps%3A%2F%2Fgeoportal.sgb.gov.br%2Fserver%2Frest%2Fservices%2Fgeoquimica%2Fgeoquimica_integrada%2FFeatureServer%2F2%23OBJECTID%3D87496:As:0,brazil-sgb-florianopolis-stream-sediment,D2,error,action_required,NORMALIZATION_FAILED,normalized_value,,非删失测定没有可用标准值。,检查原值解析、单位词表、物质基准和换算公式；不能证明可换算时保留失败状态，不得猜值。,true
ITER|profile%3Asrc-source-record-v2%257Cbrazil-sgb-florianopolis-stream-sediment%257C1046-HM-S-618%257CJBB057%257C573%257Cgeoquimica_florianopolis_1985.zip%252FFlorianopolis_Geoquimica_Sedimento_de_Corrente.xlsx%2523row%253D573%253Bhttps%253A%252F%252Fgeoportal.sgb.gov.br%252Fserver%252Frest%252Fservices%252Fgeoquimica%252Fgeoquimica_integrada%252FFeatureServer%252F2%2523OBJECTID%253D87496%3ACr%3A1|GEOLOGIC_CONTEXT_MISSING|matched_geologic_unit|,profile:src-source-record-v2%7Cbrazil-sgb-florianopolis-stream-sediment%7C1046-HM-S-618%7CJBB057%7C573%7Cgeoquimica_florianopolis_1985.zip%2FFlorianopolis_Geoquimica_Sedimento_de_Corrente.xlsx%23row%3D573%3Bhttps%3A%2F%2Fgeoportal.sgb.gov.br%2Fserver%2Frest%2Fservices%2Fgeoquimica%2Fgeoquimica_integrada%2FFeatureServer%2F2%23OBJECTID%3D87496:Cr:1,brazil-sgb-florianopolis-stream-sediment,D2,info,review_required,GEOLOGIC_CONTEXT_MISSING,matched_geologic_unit,,记录没有来源直报或空间匹配的地质单元。,在比例尺与边界不确定性允许时执行空间匹配，并记录地图源、版本、匹配方法和边界距离；否则保留缺失。,true
ITER|profile%3Asrc-source-record-v2%257Cbrazil-sgb-florianopolis-stream-sediment%257C1046-HM-S-618%257CJBB057%257C573%257Cgeoquimica_florianopolis_1985.zip%252FFlorianopolis_Geoquimica_Sedimento_de_Corrente.xlsx%2523row%253D573%253Bhttps%253A%252F%252Fgeoportal.sgb.gov.br%252Fserver%252Frest%252Fservices%252Fgeoquimica%252Fgeoquimica_integrada%252FFeatureServer%252F2%2523OBJECTID%253D87496%3ACu%3A2|GEOLOGIC_CONTEXT_MISSING|matched_geologic_unit|,profile:src-source-record-v2%7Cbrazil-sgb-florianopolis-stream-sediment%7C1046-HM-S-618%7CJBB057%7C573%7Cgeoquimica_florianopolis_1985.zip%2FFlorianopolis_Geoquimica_Sedimento_de_Corrente.xlsx%23row%3D573%3Bhttps%3A%2F%2Fgeoportal.sgb.gov.br%2Fserver%2Frest%2Fservices%2Fgeoquimica%2Fgeoquimica_integrada%2FFeatureServer%2F2%23OBJECTID%3D87496:Cu:2,brazil-sgb-florianopolis-stream-sediment,D2,info,review_required,GEOLOGIC_CONTEXT_MISSING,matched_geologic_unit,,记录没有来源直报或空间匹配的地质单元。,在比例尺与边界不确定性允许时执行空间匹配，并记录地图源、版本、匹配方法和边界距离；否则保留缺失。,true
ITER|profile%3Asrc-source-record-v2%257Cbrazil-sgb-florianopolis-stream-sediment%257C1046-HM-S-618%257CJBB057%257C573%257Cgeoquimica_florianopolis_1985.zip%252FFlorianopolis_Geoquimica_Sedimento_de_Corrente.xlsx%2523row%253D573%253Bhttps%253A%252F%252Fgeoportal.sgb.gov.br%252Fserver%252Frest%252Fservices%252Fgeoquimica%252Fgeoquimica_integrada%252FFeatureServer%252F2%2523OBJECTID%253D87496%3ANi%3A3|GEOLOGIC_CONTEXT_MISSING|matched_geologic_unit|,profile:src-source-record-v2%7Cbrazil-sgb-florianopolis-stream-sediment%7C1046-HM-S-618%7CJBB057%7C573%7Cgeoquimica_florianopolis_1985.zip%2FFlorianopolis_Geoquimica_Sedimento_de_Corrente.xlsx%23row%3D573%3Bhttps%3A%2F%2Fgeoportal.sgb.gov.br%2Fserver%2Frest%2Fservices%2Fgeoquimica%2Fgeoquimica_integrada%2FFeatureServer%2F2%23OBJECTID%3D87496:Ni:3,brazil-sgb-florianopolis-stream-sediment,D2,info,review_required,GEOLOGIC_CONTEXT_MISSING,matched_geologic_unit,,记录没有来源直报或空间匹配的地质单元。,在比例尺与边界不确定性允许时执行空间匹配，并记录地图源、版本、匹配方法和边界距离；否则保留缺失。,true
ITER|profile%3Asrc-source-record-v2%257Cbrazil-sgb-florianopolis-stream-sediment%257C1046-HM-S-618%257CJBB057%257C573%257Cgeoquimica_florianopolis_1985.zip%252FFlorianopolis_Geoquimica_Sedimento_de_Corrente.xlsx%2523row%253D573%253Bhttps%253A%252F%252Fgeoportal.sgb.gov.br%252Fserver%252Frest%252Fservices%252Fgeoquimica%252Fgeoquimica_integrada%252FFeatureServer%252F2%2523OBJECTID%253D87496%3ANi%3A3|NORMALIZATION_FAILED|normalized_value|,profile:src-source-record-v2%7Cbrazil-sgb-florianopolis-stream-sediment%7C1046-HM-S-618%7CJBB057%7C573%7Cgeoquimica_florianopolis_1985.zip%2FFlorianopolis_Geoquimica_Sedimento_de_Corrente.xlsx%23row%3D573%3Bhttps%3A%2F%2Fgeoportal.sgb.gov.br%2Fserver%2Frest%2Fservices%2Fgeoquimica%2Fgeoquimica_integrada%2FFeatureServer%2F2%23OBJECTID%3D87496:Ni:3,brazil-sgb-florianopolis-stream-sediment,D2,error,action_required,NORMALIZATION_FAILED,normalized_value,,非删失测定没有可用标准值。,检查原值解析、单位词表、物质基准和换算公式；不能证明可换算时保留失败状态，不得猜值。,true
ITER|profile%3Asrc-source-record-v2%257Cbrazil-sgb-florianopolis-stream-sediment%257C1046-HM-S-618%257CJBB057%257C573%257Cgeoquimica_florianopolis_1985.zip%252FFlorianopolis_Geoquimica_Sedimento_de_Corrente.xlsx%2523row%253D573%253Bhttps%253A%252F%252Fgeoportal.sgb.gov.br%252Fserver%252Frest%252Fservices%252Fgeoquimica%252Fgeoquimica_integrada%252FFeatureServer%252F2%2523OBJECTID%253D87496%3APb%3A4|GEOLOGIC_CONTEXT_MISSING|matched_geologic_unit|,profile:src-source-record-v2%7Cbrazil-sgb-florianopolis-stream-sediment%7C1046-HM-S-618%7CJBB057%7C573%7Cgeoquimica_florianopolis_1985.zip%2FFlorianopolis_Geoquimica_Sedimento_de_Corrente.xlsx%23row%3D573%3Bhttps%3A%2F%2Fgeoportal.sgb.gov.br%2Fserver%2Frest%2Fservices%2Fgeoquimica%2Fgeoquimica_integrada%2FFeatureServer%2F2%23OBJECTID%3D87496:Pb:4,brazil-sgb-florianopolis-stream-sediment,D2,info,review_required,GEOLOGIC_CONTEXT_MISSING,matched_geologic_unit,,记录没有来源直报或空间匹配的地质单元。,在比例尺与边界不确定性允许时执行空间匹配，并记录地图源、版本、匹配方法和边界距离；否则保留缺失。,true
ITER|profile%3Asrc-source-record-v2%257Cbrazil-sgb-florianopolis-stream-sediment%257C1046-HM-S-618%257CJBB057%257C573%257Cgeoquimica_florianopolis_1985.zip%252FFlorianopolis_Geoquimica_Sedimento_de_Corrente.xlsx%2523row%253D573%253Bhttps%253A%252F%252Fgeoportal.sgb.gov.br%252Fserver%252Frest%252Fservices%252Fgeoquimica%252Fgeoquimica_integrada%252FFeatureServer%252F2%2523OBJECTID%253D87496%3AZn%3A5|GEOLOGIC_CONTEXT_MISSING|matched_geologic_unit|,profile:src-source-record-v2%7Cbrazil-sgb-florianopolis-stream-sediment%7C1046-HM-S-618%7CJBB057%7C573%7Cgeoquimica_florianopolis_1985.zip%2FFlorianopolis_Geoquimica_Sedimento_de_Corrente.xlsx%23row%3D573%3Bhttps%3A%2F%2Fgeoportal.sgb.gov.br%2Fserver%2Frest%2Fservices%2Fgeoquimica%2Fgeoquimica_integrada%2FFeatureServer%2F2%23OBJECTID%3D87496:Zn:5,brazil-sgb-florianopolis-stream-sediment,D2,info,review_required,GEOLOGIC_CONTEXT_MISSING,matched_geologic_unit,,记录没有来源直报或空间匹配的地质单元。,在比例尺与边界不确定性允许时执行空间匹配，并记录地图源、版本、匹配方法和边界距离；否则保留缺失。,true
ITER|profile%3Asrc-source-record-v2%257Cbrazil-sgb-florianopolis-stream-sediment%257C1046-HM-S-618%257CJBB057%257C573%257Cgeoquimica_florianopolis_1985.zip%252FFlorianopolis_Geoquimica_Sedimento_de_Corrente.xlsx%2523row%253D573%253Bhttps%253A%252F%252Fgeoportal.sgb.gov.br%252Fserver%252Frest%252Fservices%252Fgeoquimica%252Fgeoquimica_integrada%252FFeatureServer%252F2%2523OBJECTID%253D87496%3AZn%3A5|NORMALIZATION_FAILED|normalized_value|,profile:src-source-record-v2%7Cbrazil-sgb-florianopolis-stream-sediment%7C1046-HM-S-618%7CJBB057%7C573%7Cgeoquimica_florianopolis_1985.zip%2FFlorianopolis_Geoquimica_Sedimento_de_Corrente.xlsx%23row%3D573%3Bhttps%3A%2F%2Fgeoportal.sgb.gov.br%2Fserver%2Frest%2Fservices%2Fgeoquimica%2Fgeoquimica_integrada%2FFeatureServer%2F2%23OBJECTID%3D87496:Zn:5,brazil-sgb-florianopolis-stream-sediment,D2,error,action_required,NORMALIZATION_FAILED,normalized_value,,非删失测定没有可用标准值。,检查原值解析、单位词表、物质基准和换算公式；不能证明可换算时保留失败状态，不得猜值。,true
ITER|rec-0058596898e83bbcfea8b81ff7f6d8f7d08cfbd70b54b1477e44150b6df5c083|GEOLOGIC_CONTEXT_MISSING|matched_geologic_unit|,rec-0058596898e83bbcfea8b81ff7f6d8f7d08cfbd70b54b1477e44150b6df5c083,norway-marchem,D2,info,review_required,GEOLOGIC_CONTEXT_MISSING,matched_geologic_unit,,记录没有来源直报或空间匹配的地质单元。,在比例尺与边界不确定性允许时执行空间匹配，并记录地图源、版本、匹配方法和边界距离；否则保留缺失。,true
ITER|rec-00b1810cb0d76ac56b3ad6084f6c3dfb4f6ca38d9a6df73e6f02da4bb17ed0e7|GEOLOGIC_CONTEXT_MISSING|matched_geologic_unit|,rec-00b1810cb0d76ac56b3ad6084f6c3dfb4f6ca38d9a6df73e6f02da4bb17ed0e7,norway-marchem,D2,info,review_required,GEOLOGIC_CONTEXT_MISSING,matched_geologic_unit,,记录没有来源直报或空间匹配的地质单元。,在比例尺与边界不确定性允许时执行空间匹配，并记录地图源、版本、匹配方法和边界距离；否则保留缺失。,true
ITER|rec-00c93d28d3c2ad7d035ad74581d1c970d3aad3f674630ba19f82b6cdb203bac0|ANALYTICAL_METHOD_MISSING|analytical_method|,rec-00c93d28d3c2ad7d035ad74581d1c970d3aad3f674630ba19f82b6cdb203bac0,japan-gsj-geochemical-map,D1,warning,action_required,ANALYTICAL_METHOD_MISSING,analytical_method,,分析方法证据缺失，跨来源浓度与元素组合不可可靠比较。,回查数据字典、方法论文或记录级元数据；同时绑定 method_source_locator，未找到时保留缺失原因。,true
ITER|rec-00c93d28d3c2ad7d035ad74581d1c970d3aad3f674630ba19f82b6cdb203bac0|GEOLOGIC_CONTEXT_MISSING|matched_geologic_unit|,rec-00c93d28d3c2ad7d035ad74581d1c970d3aad3f674630ba19f82b6cdb203bac0,japan-gsj-geochemical-map,D2,info,review_required,GEOLOGIC_CONTEXT_MISSING,matched_geologic_unit,,记录没有来源直报或空间匹配的地质单元。,在比例尺与边界不确定性允许时执行空间匹配，并记录地图源、版本、匹配方法和边界距离；否则保留缺失。,true
ITER|rec-00da0648e02e4464ace459e409b93a951017c59266332780cdfa0ab04beb4b80|GEOLOGIC_CONTEXT_MISSING|matched_geologic_unit|,rec-00da0648e02e4464ace459e409b93a951017c59266332780cdfa0ab04beb4b80,pangaea-north-africa-soil,D2,info,review_required,GEOLOGIC_CONTEXT_MISSING,matched_geologic_unit,,记录没有来源直报或空间匹配的地质单元。,在比例尺与边界不确定性允许时执行空间匹配，并记录地图源、版本、匹配方法和边界距离；否则保留缺失。,true
ITER|rec-00fa4475cd64304171a6e3183dad07955f57805029a4634598341d90b8ae7b0a|ANALYTICAL_METHOD_MISSING|analytical_method|,rec-00fa4475cd64304171a6e3183dad07955f57805029a4634598341d90b8ae7b0a,japan-gsj-geochemical-map,D1,warning,action_required,ANALYTICAL_METHOD_MISSING,analytical_method,,分析方法证据缺失，跨来源浓度与元素组合不可可靠比较。,回查数据字典、方法论文或记录级元数据；同时绑定 method_source_locator，未找到时保留缺失原因。,true
ITER|rec-00fa4475cd64304171a6e3183dad07955f57805029a4634598341d90b8ae7b0a|GEOLOGIC_CONTEXT_MISSING|matched_geologic_unit|,rec-00fa4475cd64304171a6e3183dad07955f57805029a4634598341d90b8ae7b0a,japan-gsj-geochemical-map,D2,info,review_required,GEOLOGIC_CONTEXT_MISSING,matched_geologic_unit,,记录没有来源直报或空间匹配的地质单元。,在比例尺与边界不确定性允许时执行空间匹配，并记录地图源、版本、匹配方法和边界距离；否则保留缺失。,true
ITER|rec-0117cc21717f995148101dbf92785ad8c8e1a66cce796b47c2f8612c96627908|GEOLOGIC_CONTEXT_MISSING|matched_geologic_unit|,rec-0117cc21717f995148101dbf92785ad8c8e1a66cce796b47c2f8612c96627908,foregs-humus,D2,info,review_required,GEOLOGIC_CONTEXT_MISSING,matched_geologic_unit,,记录没有来源直报或空间匹配的地质单元。,在比例尺与边界不确定性允许时执行空间匹配，并记录地图源、版本、匹配方法和边界距离；否则保留缺失。,true
ITER|rec-0131fde9626d367617792e7eb1c1d16e594f8370bce08e6c88ecf2ec225873d4|GEOLOGIC_CONTEXT_MISSING|matched_geologic_unit|,rec-0131fde9626d367617792e7eb1c1d16e594f8370bce08e6c88ecf2ec225873d4,foregs-stream-water,D2,info,review_required,GEOLOGIC_CONTEXT_MISSING,matched_geologic_unit,,记录没有来源直报或空间匹配的地质单元。,在比例尺与边界不确定性允许时执行空间匹配，并记录地图源、版本、匹配方法和边界距离；否则保留缺失。,true
ITER|rec-018bf2e5e23f2f185d1f0232bd0d59bb72351f1b4dc064167a491e46bcdddcb8|CENSORED_OBSERVATION|censored|%3C,rec-018bf2e5e23f2f185d1f0232bd0d59bb72351f1b4dc064167a491e46bcdddcb8,gemstat-open-archive,D2,info,scientific_limit,CENSORED_OBSERVATION,censored,<,这是检出限/定量限约束的删失观测，不等同于零，也不自动视为采集失败。,保留原始 qualifier 与 censoring limit；默认从普通相关和异常筛查中排除，或使用明确的删失统计模型。,false
ITER|rec-018bf2e5e23f2f185d1f0232bd0d59bb72351f1b4dc064167a491e46bcdddcb8|GEOLOGIC_CONTEXT_MISSING|matched_geologic_unit|,rec-018bf2e5e23f2f185d1f0232bd0d59bb72351f1b4dc064167a491e46bcdddcb8,gemstat-open-archive,D2,info,review_required,GEOLOGIC_CONTEXT_MISSING,matched_geologic_unit,,记录没有来源直报或空间匹配的地质单元。,在比例尺与边界不确定性允许时执行空间匹配，并记录地图源、版本、匹配方法和边界距离；否则保留缺失。,true
ITER|rec-028f50d3b21b4c4e60e3273b097f3f1945623e9b5137b3580ef0eaa0edc60767|GEOLOGIC_CONTEXT_MISSING|matched_geologic_unit|,rec-028f50d3b21b4c4e60e3273b097f3f1945623e9b5137b3580ef0eaa0edc60767,norway-marchem,D2,info,review_required,GEOLOGIC_CONTEXT_MISSING,matched_geologic_unit,,记录没有来源直报或空间匹配的地质单元。,在比例尺与边界不确定性允许时执行空间匹配，并记录地图源、版本、匹配方法和边界距离；否则保留缺失。,true
ITER|rec-02a8888d2ce767047296e10f3d2488fe7e1f2ba0d46a24d10ea991050a15fc5a|GEOLOGIC_CONTEXT_MISSING|matched_geologic_unit|,rec-02a8888d2ce767047296e10f3d2488fe7e1f2ba0d46a24d10ea991050a15fc5a,us-wqp-sacramento-river-arsenic,D2,info,review_required,GEOLOGIC_CONTEXT_MISSING,matched_geologic_unit,,记录没有来源直报或空间匹配的地质单元。,在比例尺与边界不确定性允许时执行空间匹配，并记录地图源、版本、匹配方法和边界距离；否则保留缺失。,true
ITER|rec-037fe3811901d25c8d5ea32c7270e23494f82b82b6bfedd9bab5feb6d2fadd23|GEOLOGIC_CONTEXT_MISSING|matched_geologic_unit|,rec-037fe3811901d25c8d5ea32c7270e23494f82b82b6bfedd9bab5feb6d2fadd23,foregs-humus,D2,info,review_required,GEOLOGIC_CONTEXT_MISSING,matched_geologic_unit,,记录没有来源直报或空间匹配的地质单元。,在比例尺与边界不确定性允许时执行空间匹配，并记录地图源、版本、匹配方法和边界距离；否则保留缺失。,true
ITER|rec-042eec49ae529d44741b95e36564120cb9d2c239b310174d49460d39428a16de|COORDINATE_UNUSABLE|latitude%2Clongitude|%2C,rec-042eec49ae529d44741b95e36564120cb9d2c239b310174d49460d39428a16de,afsis-phase-i-wet-chemistry,D1,error,action_required,COORDINATE_UNUSABLE,"latitude,longitude",",",WGS84 坐标缺失、非数值或超出合法范围，因此不能上图。,从原始来源恢复坐标与 CRS；若只提供区域名称，保留缺失并记录原因，不得填区域质心。,true
ITER|rec-042eec49ae529d44741b95e36564120cb9d2c239b310174d49460d39428a16de|GEOLOGIC_CONTEXT_MISSING|matched_geologic_unit|,rec-042eec49ae529d44741b95e36564120cb9d2c239b310174d49460d39428a16de,afsis-phase-i-wet-chemistry,D2,info,review_required,GEOLOGIC_CONTEXT_MISSING,matched_geologic_unit,,记录没有来源直报或空间匹配的地质单元。,在比例尺与边界不确定性允许时执行空间匹配，并记录地图源、版本、匹配方法和边界距离；否则保留缺失。,true
ITER|rec-043baf3372a7b0ef70c7681506f0deb68b44506a8be09f942dffd215388d2356|GEOLOGIC_CONTEXT_MISSING|matched_geologic_unit|,rec-043baf3372a7b0ef70c7681506f0deb68b44506a8be09f942dffd215388d2356,foregs-topsoil,D2,info,review_required,GEOLOGIC_CONTEXT_MISSING,matched_geologic_unit,,记录没有来源直报或空间匹配的地质单元。,在比例尺与边界不确定性允许时执行空间匹配，并记录地图源、版本、匹配方法和边界距离；否则保留缺失。,true
ITER|rec-04ab81f30c5d1799b8bfa2d4c3a9cdd0b40c67179d60a11e5d03ee255119bdbe|GEOLOGIC_CONTEXT_MISSING|matched_geologic_unit|,rec-04ab81f30c5d1799b8bfa2d4c3a9cdd0b40c67179d60a11e5d03ee255119bdbe,us-wqp-sacramento-river-arsenic,D2,info,review_required,GEOLOGIC_CONTEXT_MISSING,matched_geologic_unit,,记录没有来源直报或空间匹配的地质单元。,在比例尺与边界不确定性允许时执行空间匹配，并记录地图源、版本、匹配方法和边界距离；否则保留缺失。,true
ITER|rec-04cc1bd71f8f3eceeb4127f2e9f930b48c2c1827b925be832ad5975e11feb3cd|GEOLOGIC_CONTEXT_MISSING|matched_geologic_unit|,rec-04cc1bd71f8f3eceeb4127f2e9f930b48c2c1827b925be832ad5975e11feb3cd,pangaea-north-africa-soil,D2,info,review_required,GEOLOGIC_CONTEXT_MISSING,matched_geologic_unit,,记录没有来源直报或空间匹配的地质单元。,在比例尺与边界不确定性允许时执行空间匹配，并记录地图源、版本、匹配方法和边界距离；否则保留缺失。,true
ITER|rec-04dc4388f81258a68430b20bb9a1098514fc1bbe5135016eb7a778a4c1b68faf|ANALYTICAL_METHOD_MISSING|analytical_method|,rec-04dc4388f81258a68430b20bb9a1098514fc1bbe5135016eb7a778a4c1b68faf,usgs-conus-soil,D1,warning,action_required,ANALYTICAL_METHOD_MISSING,analytical_method,,分析方法证据缺失，跨来源浓度与元素组合不可可靠比较。,回查数据字典、方法论文或记录级元数据；同时绑定 method_source_locator，未找到时保留缺失原因。,true
ITER|rec-04dc4388f81258a68430b20bb9a1098514fc1bbe5135016eb7a778a4c1b68faf|GEOLOGIC_CONTEXT_MISSING|matched_geologic_unit|,rec-04dc4388f81258a68430b20bb9a1098514fc1bbe5135016eb7a778a4c1b68faf,usgs-conus-soil,D2,info,review_required,GEOLOGIC_CONTEXT_MISSING,matched_geologic_unit,,记录没有来源直报或空间匹配的地质单元。,在比例尺与边界不确定性允许时执行空间匹配，并记录地图源、版本、匹配方法和边界距离；否则保留缺失。,true
ITER|rec-053adae60c89dacbcedf934151aa5970075bfc069313487e0f8fbf0b68fdd273|GEOLOGIC_CONTEXT_MISSING|matched_geologic_unit|,rec-053adae60c89dacbcedf934151aa5970075bfc069313487e0f8fbf0b68fdd273,norway-marchem,D2,info,review_required,GEOLOGIC_CONTEXT_MISSING,matched_geologic_unit,,记录没有来源直报或空间匹配的地质单元。,在比例尺与边界不确定性允许时执行空间匹配，并记录地图源、版本、匹配方法和边界距离；否则保留缺失。,true
ITER|rec-057442e35f3e19479122254d8a2269ff01503a8335938abe529004740fd2210a|ANALYTICAL_METHOD_MISSING|analytical_method|,rec-057442e35f3e19479122254d8a2269ff01503a8335938abe529004740fd2210a,georoc-archaean,D1,warning,action_required,ANALYTICAL_METHOD_MISSING,analytical_method,,分析方法证据缺失，跨来源浓度与元素组合不可可靠比较。,回查数据字典、方法论文或记录级元数据；同时绑定 method_source_locator，未找到时保留缺失原因。,true
ITER|rec-057442e35f3e19479122254d8a2269ff01503a8335938abe529004740fd2210a|COORDINATE_UNUSABLE|latitude%2Clongitude|%2C,rec-057442e35f3e19479122254d8a2269ff01503a8335938abe529004740fd2210a,georoc-archaean,D1,error,action_required,COORDINATE_UNUSABLE,"latitude,longitude",",",WGS84 坐标缺失、非数值或超出合法范围，因此不能上图。,从原始来源恢复坐标与 CRS；若只提供区域名称，保留缺失并记录原因，不得填区域质心。,true
ITER|rec-057442e35f3e19479122254d8a2269ff01503a8335938abe529004740fd2210a|GEOLOGIC_CONTEXT_MISSING|matched_geologic_unit|,rec-057442e35f3e19479122254d8a2269ff01503a8335938abe529004740fd2210a,georoc-archaean,D2,info,review_required,GEOLOGIC_CONTEXT_MISSING,matched_geologic_unit,,记录没有来源直报或空间匹配的地质单元。,在比例尺与边界不确定性允许时执行空间匹配，并记录地图源、版本、匹配方法和边界距离；否则保留缺失。,true
ITER|rec-05c77a848597e5cb9347536ac0b9180654495c0d0b0aa8ccacdff15dd58fef7d|GEOLOGIC_CONTEXT_MISSING|matched_geologic_unit|,rec-05c77a848597e5cb9347536ac0b9180654495c0d0b0aa8ccacdff15dd58fef7d,foregs-topsoil,D2,info,review_required,GEOLOGIC_CONTEXT_MISSING,matched_geologic_unit,,记录没有来源直报或空间匹配的地质单元。,在比例尺与边界不确定性允许时执行空间匹配，并记录地图源、版本、匹配方法和边界距离；否则保留缺失。,true
ITER|rec-05f5f79652a7648975911fb810b6dcaa0a0a2951278ff12a039ba566df3206be|GEOLOGIC_CONTEXT_MISSING|matched_geologic_unit|,rec-05f5f79652a7648975911fb810b6dcaa0a0a2951278ff12a039ba566df3206be,foregs-topsoil,D2,info,review_required,GEOLOGIC_CONTEXT_MISSING,matched_geologic_unit,,记录没有来源直报或空间匹配的地质单元。,在比例尺与边界不确定性允许时执行空间匹配，并记录地图源、版本、匹配方法和边界距离；否则保留缺失。,true
ITER|rec-060b0c9a893245adc315f28b1fa632a53b1b601be45a9f02d218f8bac6694fe2|GEOLOGIC_CONTEXT_MISSING|matched_geologic_unit|,rec-060b0c9a893245adc315f28b1fa632a53b1b601be45a9f02d218f8bac6694fe2,geotraces-idp2025,D2,info,review_required,GEOLOGIC_CONTEXT_MISSING,matched_geologic_unit,,记录没有来源直报或空间匹配的地质单元。,在比例尺与边界不确定性允许时执行空间匹配，并记录地图源、版本、匹配方法和边界距离；否则保留缺失。,true
ITER|rec-06482b91f12a8c1f2ad20a98f2af3451f092667e7eaebed4850357078f365eae|GEOLOGIC_CONTEXT_MISSING|matched_geologic_unit|,rec-06482b91f12a8c1f2ad20a98f2af3451f092667e7eaebed4850357078f365eae,foregs-stream-sediment,D2,info,review_required,GEOLOGIC_CONTEXT_MISSING,matched_geologic_unit,,记录没有来源直报或空间匹配的地质单元。,在比例尺与边界不确定性允许时执行空间匹配，并记录地图源、版本、匹配方法和边界距离；否则保留缺失。,true
ITER|rec-06a2af7662634cf75d6f51f47a9766d91399bd543edc8ee75f49ea326efe50db|GEOLOGIC_CONTEXT_MISSING|matched_geologic_unit|,rec-06a2af7662634cf75d6f51f47a9766d91399bd543edc8ee75f49ea326efe50db,foregs-stream-sediment,D2,info,review_required,GEOLOGIC_CONTEXT_MISSING,matched_geologic_unit,,记录没有来源直报或空间匹配的地质单元。,在比例尺与边界不确定性允许时执行空间匹配，并记录地图源、版本、匹配方法和边界距离；否则保留缺失。,true
ITER|rec-06bbab91af641771a18c926cf929e0f716ecca7e8bfb93ceab281f4f7b9d13de|ANALYTICAL_METHOD_MISSING|analytical_method|,rec-06bbab91af641771a18c926cf929e0f716ecca7e8bfb93ceab281f4f7b9d13de,usgs-conus-soil,D1,warning,action_required,ANALYTICAL_METHOD_MISSING,analytical_method,,分析方法证据缺失，跨来源浓度与元素组合不可可靠比较。,回查数据字典、方法论文或记录级元数据；同时绑定 method_source_locator，未找到时保留缺失原因。,true
ITER|rec-06bbab91af641771a18c926cf929e0f716ecca7e8bfb93ceab281f4f7b9d13de|GEOLOGIC_CONTEXT_MISSING|matched_geologic_unit|,rec-06bbab91af641771a18c926cf929e0f716ecca7e8bfb93ceab281f4f7b9d13de,usgs-conus-soil,D2,info,review_required,GEOLOGIC_CONTEXT_MISSING,matched_geologic_unit,,记录没有来源直报或空间匹配的地质单元。,在比例尺与边界不确定性允许时执行空间匹配，并记录地图源、版本、匹配方法和边界距离；否则保留缺失。,true
ITER|rec-06d6f453a75da04fec00141d877b1d7120ec9be77510b0935f7e8219ee6def2b|GEOLOGIC_CONTEXT_MISSING|matched_geologic_unit|,rec-06d6f453a75da04fec00141d877b1d7120ec9be77510b0935f7e8219ee6def2b,foregs-subsoil,D2,info,review_required,GEOLOGIC_CONTEXT_MISSING,matched_geologic_unit,,记录没有来源直报或空间匹配的地质单元。,在比例尺与边界不确定性允许时执行空间匹配，并记录地图源、版本、匹配方法和边界距离；否则保留缺失。,true
ITER|rec-07d658b80578fdd0e2685947ef4a77717600fedf0dafb16656d08df9a7644d2f|GEOLOGIC_CONTEXT_MISSING|matched_geologic_unit|,rec-07d658b80578fdd0e2685947ef4a77717600fedf0dafb16656d08df9a7644d2f,foregs-stream-sediment,D2,info,review_required,GEOLOGIC_CONTEXT_MISSING,matched_geologic_unit,,记录没有来源直报或空间匹配的地质单元。,在比例尺与边界不确定性允许时执行空间匹配，并记录地图源、版本、匹配方法和边界距离；否则保留缺失。,true
ITER|rec-07fe9f765c6e61aafa89ea75a9e34775a337ba5960321f5b95ad5df04212ae23|GEOLOGIC_CONTEXT_MISSING|matched_geologic_unit|,rec-07fe9f765c6e61aafa89ea75a9e34775a337ba5960321f5b95ad5df04212ae23,pangaea-north-africa-soil,D2,info,review_required,GEOLOGIC_CONTEXT_MISSING,matched_geologic_unit,,记录没有来源直报或空间匹配的地质单元。,在比例尺与边界不确定性允许时执行空间匹配，并记录地图源、版本、匹配方法和边界距离；否则保留缺失。,true
ITER|rec-0817210fb1419c4c39557a43603a962696d8fac23990d50966923f27fec8d4d1|CENSORED_OBSERVATION|censored|%3C,rec-0817210fb1419c4c39557a43603a962696d8fac23990d50966923f27fec8d4d1,norway-marchem,D2,info,scientific_limit,CENSORED_OBSERVATION,censored,<,这是检出限/定量限约束的删失观测，不等同于零，也不自动视为采集失败。,保留原始 qualifier 与 censoring limit；默认从普通相关和异常筛查中排除，或使用明确的删失统计模型。,false
ITER|rec-0817210fb1419c4c39557a43603a962696d8fac23990d50966923f27fec8d4d1|GEOLOGIC_CONTEXT_MISSING|matched_geologic_unit|,rec-0817210fb1419c4c39557a43603a962696d8fac23990d50966923f27fec8d4d1,norway-marchem,D2,info,review_required,GEOLOGIC_CONTEXT_MISSING,matched_geologic_unit,,记录没有来源直报或空间匹配的地质单元。,在比例尺与边界不确定性允许时执行空间匹配，并记录地图源、版本、匹配方法和边界距离；否则保留缺失。,true
ITER|rec-088afba3751d89a2a6ed364ce7f7f007d66df7520193f11fd0f2418104dc0c35|GEOLOGIC_CONTEXT_MISSING|matched_geologic_unit|,rec-088afba3751d89a2a6ed364ce7f7f007d66df7520193f11fd0f2418104dc0c35,geotraces-idp2025,D2,info,review_required,GEOLOGIC_CONTEXT_MISSING,matched_geologic_unit,,记录没有来源直报或空间匹配的地质单元。,在比例尺与边界不确定性允许时执行空间匹配，并记录地图源、版本、匹配方法和边界距离；否则保留缺失。,true
ITER|rec-08a25c33247d1563f2ae3858d6ff73466746fb474a0ddcf6c7e7652306c39d2d|GEOLOGIC_CONTEXT_MISSING|matched_geologic_unit|,rec-08a25c33247d1563f2ae3858d6ff73466746fb474a0ddcf6c7e7652306c39d2d,foregs-stream-water,D2,info,review_required,GEOLOGIC_CONTEXT_MISSING,matched_geologic_unit,,记录没有来源直报或空间匹配的地质单元。,在比例尺与边界不确定性允许时执行空间匹配，并记录地图源、版本、匹配方法和边界距离；否则保留缺失。,true
ITER|rec-08ea2f02831bd4a0e3799fe53dde27a6927887d437f21d2230002ece863ffe56|GEOLOGIC_CONTEXT_MISSING|matched_geologic_unit|,rec-08ea2f02831bd4a0e3799fe53dde27a6927887d437f21d2230002ece863ffe56,norway-marchem,D2,info,review_required,GEOLOGIC_CONTEXT_MISSING,matched_geologic_unit,,记录没有来源直报或空间匹配的地质单元。,在比例尺与边界不确定性允许时执行空间匹配，并记录地图源、版本、匹配方法和边界距离；否则保留缺失。,true
ITER|rec-092b1ef97f2854f2b3f404d42ffaa6675bcce1f32db16c17a32ace4f3a42537b|GEOLOGIC_CONTEXT_MISSING|matched_geologic_unit|,rec-092b1ef97f2854f2b3f404d42ffaa6675bcce1f32db16c17a32ace4f3a42537b,foregs-stream-water,D2,info,review_required,GEOLOGIC_CONTEXT_MISSING,matched_geologic_unit,,记录没有来源直报或空间匹配的地质单元。,在比例尺与边界不确定性允许时执行空间匹配，并记录地图源、版本、匹配方法和边界距离；否则保留缺失。,true
ITER|rec-0937f40bb39787365112b6590cee2cc9ed0c2b83574a9751780a20a5afd47c2e|GEOLOGIC_CONTEXT_MISSING|matched_geologic_unit|,rec-0937f40bb39787365112b6590cee2cc9ed0c2b83574a9751780a20a5afd47c2e,geotraces-idp2025,D2,info,review_required,GEOLOGIC_CONTEXT_MISSING,matched_geologic_unit,,记录没有来源直报或空间匹配的地质单元。,在比例尺与边界不确定性允许时执行空间匹配，并记录地图源、版本、匹配方法和边界距离；否则保留缺失。,true
ITER|rec-09ab567dc4a8129ed628566ea5062e87ff1498a0d266f187c19e52adc7d9a488|CENSORED_OBSERVATION|censored|%3C,rec-09ab567dc4a8129ed628566ea5062e87ff1498a0d266f187c19e52adc7d9a488,gemstat-open-archive,D2,info,scientific_limit,CENSORED_OBSERVATION,censored,<,这是检出限/定量限约束的删失观测，不等同于零，也不自动视为采集失败。,保留原始 qualifier 与 censoring limit；默认从普通相关和异常筛查中排除，或使用明确的删失统计模型。,false
ITER|rec-09ab567dc4a8129ed628566ea5062e87ff1498a0d266f187c19e52adc7d9a488|GEOLOGIC_CONTEXT_MISSING|matched_geologic_unit|,rec-09ab567dc4a8129ed628566ea5062e87ff1498a0d266f187c19e52adc7d9a488,gemstat-open-archive,D2,info,review_required,GEOLOGIC_CONTEXT_MISSING,matched_geologic_unit,,记录没有来源直报或空间匹配的地质单元。,在比例尺与边界不确定性允许时执行空间匹配，并记录地图源、版本、匹配方法和边界距离；否则保留缺失。,true
ITER|rec-0a408023fb93e8f598f4a6da38fc745e39ef071faccf1564fa069bea7cafadba|CENSORED_OBSERVATION|censored|%3C,rec-0a408023fb93e8f598f4a6da38fc745e39ef071faccf1564fa069bea7cafadba,gemstat-open-archive,D2,info,scientific_limit,CENSORED_OBSERVATION,censored,<,这是检出限/定量限约束的删失观测，不等同于零，也不自动视为采集失败。,保留原始 qualifier 与 censoring limit；默认从普通相关和异常筛查中排除，或使用明确的删失统计模型。,false
ITER|rec-0a408023fb93e8f598f4a6da38fc745e39ef071faccf1564fa069bea7cafadba|GEOLOGIC_CONTEXT_MISSING|matched_geologic_unit|,rec-0a408023fb93e8f598f4a6da38fc745e39ef071faccf1564fa069bea7cafadba,gemstat-open-archive,D2,info,review_required,GEOLOGIC_CONTEXT_MISSING,matched_geologic_unit,,记录没有来源直报或空间匹配的地质单元。,在比例尺与边界不确定性允许时执行空间匹配，并记录地图源、版本、匹配方法和边界距离；否则保留缺失。,true
ITER|rec-0aacc2285ee6ac0208d84849e00fce236b15eedf7509dfb0b25d1224748cc779|COORDINATE_UNUSABLE|latitude%2Clongitude|%2C,rec-0aacc2285ee6ac0208d84849e00fce236b15eedf7509dfb0b25d1224748cc779,afsis-phase-i-wet-chemistry,D1,error,action_required,COORDINATE_UNUSABLE,"latitude,longitude",",",WGS84 坐标缺失、非数值或超出合法范围，因此不能上图。,从原始来源恢复坐标与 CRS；若只提供区域名称，保留缺失并记录原因，不得填区域质心。,true
ITER|rec-0aacc2285ee6ac0208d84849e00fce236b15eedf7509dfb0b25d1224748cc779|GEOLOGIC_CONTEXT_MISSING|matched_geologic_unit|,rec-0aacc2285ee6ac0208d84849e00fce236b15eedf7509dfb0b25d1224748cc779,afsis-phase-i-wet-chemistry,D2,info,review_required,GEOLOGIC_CONTEXT_MISSING,matched_geologic_unit,,记录没有来源直报或空间匹配的地质单元。,在比例尺与边界不确定性允许时执行空间匹配，并记录地图源、版本、匹配方法和边界距离；否则保留缺失。,true
ITER|rec-0b21f1a65f236fdb5f327740c91151b187aede207fba5b1ddb8c4abe1a1b6371|ANALYTICAL_METHOD_MISSING|analytical_method|,rec-0b21f1a65f236fdb5f327740c91151b187aede207fba5b1ddb8c4abe1a1b6371,usgs-conus-soil,D1,warning,action_required,ANALYTICAL_METHOD_MISSING,analytical_method,,分析方法证据缺失，跨来源浓度与元素组合不可可靠比较。,回查数据字典、方法论文或记录级元数据；同时绑定 method_source_locator，未找到时保留缺失原因。,true
ITER|rec-0b21f1a65f236fdb5f327740c91151b187aede207fba5b1ddb8c4abe1a1b6371|GEOLOGIC_CONTEXT_MISSING|matched_geologic_unit|,rec-0b21f1a65f236fdb5f327740c91151b187aede207fba5b1ddb8c4abe1a1b6371,usgs-conus-soil,D2,info,review_required,GEOLOGIC_CONTEXT_MISSING,matched_geologic_unit,,记录没有来源直报或空间匹配的地质单元。,在比例尺与边界不确定性允许时执行空间匹配，并记录地图源、版本、匹配方法和边界距离；否则保留缺失。,true
ITER|rec-0b36a8ca9e24e7a8a03d7456f04011a6737b1c01fbae095715c5473a34bf7e24|GEOLOGIC_CONTEXT_MISSING|matched_geologic_unit|,rec-0b36a8ca9e24e7a8a03d7456f04011a6737b1c01fbae095715c5473a34bf7e24,foregs-stream-sediment,D2,info,review_required,GEOLOGIC_CONTEXT_MISSING,matched_geologic_unit,,记录没有来源直报或空间匹配的地质单元。,在比例尺与边界不确定性允许时执行空间匹配，并记录地图源、版本、匹配方法和边界距离；否则保留缺失。,true
ITER|rec-0b390cd82d9f6a7742446ed372abda4574f3e582049a98e40cd4e5667c93096b|GEOLOGIC_CONTEXT_MISSING|matched_geologic_unit|,rec-0b390cd82d9f6a7742446ed372abda4574f3e582049a98e40cd4e5667c93096b,norway-marchem,D2,info,review_required,GEOLOGIC_CONTEXT_MISSING,matched_geologic_unit,,记录没有来源直报或空间匹配的地质单元。,在比例尺与边界不确定性允许时执行空间匹配，并记录地图源、版本、匹配方法和边界距离；否则保留缺失。,true
ITER|rec-0b7a31b8282624a8b56213bdaa41b57f4e477e9842488ee71efbf50b38929190|GEOLOGIC_CONTEXT_MISSING|matched_geologic_unit|,rec-0b7a31b8282624a8b56213bdaa41b57f4e477e9842488ee71efbf50b38929190,foregs-topsoil,D2,info,review_required,GEOLOGIC_CONTEXT_MISSING,matched_geologic_unit,,记录没有来源直报或空间匹配的地质单元。,在比例尺与边界不确定性允许时执行空间匹配，并记录地图源、版本、匹配方法和边界距离；否则保留缺失。,true
ITER|rec-0b7cbbedd503952ec0529e5f5b397368e973e2edee6d7064ec10cdf1339a5828|GEOLOGIC_CONTEXT_MISSING|matched_geologic_unit|,rec-0b7cbbedd503952ec0529e5f5b397368e973e2edee6d7064ec10cdf1339a5828,foregs-humus,D2,info,review_required,GEOLOGIC_CONTEXT_MISSING,matched_geologic_unit,,记录没有来源直报或空间匹配的地质单元。,在比例尺与边界不确定性允许时执行空间匹配，并记录地图源、版本、匹配方法和边界距离；否则保留缺失。,true
ITER|rec-0bfbc38e0a9e31559df782425c6fe7d562c91649c93a5ee9978b17694d3d58b5|ANALYTICAL_METHOD_MISSING|analytical_method|,rec-0bfbc38e0a9e31559df782425c6fe7d562c91649c93a5ee9978b17694d3d58b5,usgs-conus-soil,D1,warning,action_required,ANALYTICAL_METHOD_MISSING,analytical_method,,分析方法证据缺失，跨来源浓度与元素组合不可可靠比较。,回查数据字典、方法论文或记录级元数据；同时绑定 method_source_locator，未找到时保留缺失原因。,true
ITER|rec-0bfbc38e0a9e31559df782425c6fe7d562c91649c93a5ee9978b17694d3d58b5|GEOLOGIC_CONTEXT_MISSING|matched_geologic_unit|,rec-0bfbc38e0a9e31559df782425c6fe7d562c91649c93a5ee9978b17694d3d58b5,usgs-conus-soil,D2,info,review_required,GEOLOGIC_CONTEXT_MISSING,matched_geologic_unit,,记录没有来源直报或空间匹配的地质单元。,在比例尺与边界不确定性允许时执行空间匹配，并记录地图源、版本、匹配方法和边界距离；否则保留缺失。,true
ITER|rec-0d2d1865e48e01ecc6e6a61d7ed4768490e634485d94de6a776a25a27a38706f|GEOLOGIC_CONTEXT_MISSING|matched_geologic_unit|,rec-0d2d1865e48e01ecc6e6a61d7ed4768490e634485d94de6a776a25a27a38706f,norway-marchem,D2,info,review_required,GEOLOGIC_CONTEXT_MISSING,matched_geologic_unit,,记录没有来源直报或空间匹配的地质单元。,在比例尺与边界不确定性允许时执行空间匹配，并记录地图源、版本、匹配方法和边界距离；否则保留缺失。,true
ITER|rec-0d913a872b0a3efe1ea949dc837f4083611a15ea4a3ed58caaecc873b2fa58b4|GEOLOGIC_CONTEXT_MISSING|matched_geologic_unit|,rec-0d913a872b0a3efe1ea949dc837f4083611a15ea4a3ed58caaecc873b2fa58b4,foregs-stream-sediment,D2,info,review_required,GEOLOGIC_CONTEXT_MISSING,matched_geologic_unit,,记录没有来源直报或空间匹配的地质单元。,在比例尺与边界不确定性允许时执行空间匹配，并记录地图源、版本、匹配方法和边界距离；否则保留缺失。,true
ITER|rec-0dd091155963e6fac1e2fccbdfa940024ea586b4d236acd85acbea421a255d23|GEOLOGIC_CONTEXT_MISSING|matched_geologic_unit|,rec-0dd091155963e6fac1e2fccbdfa940024ea586b4d236acd85acbea421a255d23,foregs-subsoil,D2,info,review_required,GEOLOGIC_CONTEXT_MISSING,matched_geologic_unit,,记录没有来源直报或空间匹配的地质单元。,在比例尺与边界不确定性允许时执行空间匹配，并记录地图源、版本、匹配方法和边界距离；否则保留缺失。,true
ITER|rec-0e03dfea8226c944590776d6a003209feb2f1e1f14e1c1e8c6932a33d13e1ee1|CENSORED_OBSERVATION|censored|%3C,rec-0e03dfea8226c944590776d6a003209feb2f1e1f14e1c1e8c6932a33d13e1ee1,norway-marchem,D2,info,scientific_limit,CENSORED_OBSERVATION,censored,<,这是检出限/定量限约束的删失观测，不等同于零，也不自动视为采集失败。,保留原始 qualifier 与 censoring limit；默认从普通相关和异常筛查中排除，或使用明确的删失统计模型。,false
ITER|rec-0e03dfea8226c944590776d6a003209feb2f1e1f14e1c1e8c6932a33d13e1ee1|GEOLOGIC_CONTEXT_MISSING|matched_geologic_unit|,rec-0e03dfea8226c944590776d6a003209feb2f1e1f14e1c1e8c6932a33d13e1ee1,norway-marchem,D2,info,review_required,GEOLOGIC_CONTEXT_MISSING,matched_geologic_unit,,记录没有来源直报或空间匹配的地质单元。,在比例尺与边界不确定性允许时执行空间匹配，并记录地图源、版本、匹配方法和边界距离；否则保留缺失。,true
ITER|rec-0e14283e8fe11c828db81638fda336c3cc5cd31da19d252e736544db498f9d8f|COORDINATE_UNUSABLE|latitude%2Clongitude|%2C,rec-0e14283e8fe11c828db81638fda336c3cc5cd31da19d252e736544db498f9d8f,afsis-phase-i-wet-chemistry,D1,error,action_required,COORDINATE_UNUSABLE,"latitude,longitude",",",WGS84 坐标缺失、非数值或超出合法范围，因此不能上图。,从原始来源恢复坐标与 CRS；若只提供区域名称，保留缺失并记录原因，不得填区域质心。,true
ITER|rec-0e14283e8fe11c828db81638fda336c3cc5cd31da19d252e736544db498f9d8f|GEOLOGIC_CONTEXT_MISSING|matched_geologic_unit|,rec-0e14283e8fe11c828db81638fda336c3cc5cd31da19d252e736544db498f9d8f,afsis-phase-i-wet-chemistry,D2,info,review_required,GEOLOGIC_CONTEXT_MISSING,matched_geologic_unit,,记录没有来源直报或空间匹配的地质单元。,在比例尺与边界不确定性允许时执行空间匹配，并记录地图源、版本、匹配方法和边界距离；否则保留缺失。,true
ITER|rec-0e308b357e6ccc9643cec855e4c9a5f0fade1ea639816c63a83a9cd406b4d547|GEOLOGIC_CONTEXT_MISSING|matched_geologic_unit|,rec-0e308b357e6ccc9643cec855e4c9a5f0fade1ea639816c63a83a9cd406b4d547,foregs-humus,D2,info,review_required,GEOLOGIC_CONTEXT_MISSING,matched_geologic_unit,,记录没有来源直报或空间匹配的地质单元。,在比例尺与边界不确定性允许时执行空间匹配，并记录地图源、版本、匹配方法和边界距离；否则保留缺失。,true
ITER|rec-0eb1d22eaa9170155f9c0676ed7f436f593d9539f1680eb5e463c7e9a7e9e019|GEOLOGIC_CONTEXT_MISSING|matched_geologic_unit|,rec-0eb1d22eaa9170155f9c0676ed7f436f593d9539f1680eb5e463c7e9a7e9e019,foregs-stream-sediment,D2,info,review_required,GEOLOGIC_CONTEXT_MISSING,matched_geologic_unit,,记录没有来源直报或空间匹配的地质单元。,在比例尺与边界不确定性允许时执行空间匹配，并记录地图源、版本、匹配方法和边界距离；否则保留缺失。,true
ITER|rec-0f62c5cac467f834875f55c6decccb3508f08c099842dbf1918831146e2b2594|GEOLOGIC_CONTEXT_MISSING|matched_geologic_unit|,rec-0f62c5cac467f834875f55c6decccb3508f08c099842dbf1918831146e2b2594,foregs-floodplain-sediment,D2,info,review_required,GEOLOGIC_CONTEXT_MISSING,matched_geologic_unit,,记录没有来源直报或空间匹配的地质单元。,在比例尺与边界不确定性允许时执行空间匹配，并记录地图源、版本、匹配方法和边界距离；否则保留缺失。,true
ITER|rec-0fe4434b9adfeff21512bf3da646c852e47f73c6f80869e1210c9116c62aafa0|GEOLOGIC_CONTEXT_MISSING|matched_geologic_unit|,rec-0fe4434b9adfeff21512bf3da646c852e47f73c6f80869e1210c9116c62aafa0,foregs-floodplain-sediment,D2,info,review_required,GEOLOGIC_CONTEXT_MISSING,matched_geologic_unit,,记录没有来源直报或空间匹配的地质单元。,在比例尺与边界不确定性允许时执行空间匹配，并记录地图源、版本、匹配方法和边界距离；否则保留缺失。,true
ITER|rec-1025f5f060f263cae38f25b18ea4bc0ad4f16afd8f04251f5994340e86cc0b9b|ANALYTICAL_METHOD_MISSING|analytical_method|,rec-1025f5f060f263cae38f25b18ea4bc0ad4f16afd8f04251f5994340e86cc0b9b,georoc-archaean,D1,warning,action_required,ANALYTICAL_METHOD_MISSING,analytical_method,,分析方法证据缺失，跨来源浓度与元素组合不可可靠比较。,回查数据字典、方法论文或记录级元数据；同时绑定 method_source_locator，未找到时保留缺失原因。,true
ITER|rec-1025f5f060f263cae38f25b18ea4bc0ad4f16afd8f04251f5994340e86cc0b9b|COORDINATE_UNUSABLE|latitude%2Clongitude|%2C,rec-1025f5f060f263cae38f25b18ea4bc0ad4f16afd8f04251f5994340e86cc0b9b,georoc-archaean,D1,error,action_required,COORDINATE_UNUSABLE,"latitude,longitude",",",WGS84 坐标缺失、非数值或超出合法范围，因此不能上图。,从原始来源恢复坐标与 CRS；若只提供区域名称，保留缺失并记录原因，不得填区域质心。,true
ITER|rec-1025f5f060f263cae38f25b18ea4bc0ad4f16afd8f04251f5994340e86cc0b9b|GEOLOGIC_CONTEXT_MISSING|matched_geologic_unit|,rec-1025f5f060f263cae38f25b18ea4bc0ad4f16afd8f04251f5994340e86cc0b9b,georoc-archaean,D2,info,review_required,GEOLOGIC_CONTEXT_MISSING,matched_geologic_unit,,记录没有来源直报或空间匹配的地质单元。,在比例尺与边界不确定性允许时执行空间匹配，并记录地图源、版本、匹配方法和边界距离；否则保留缺失。,true
ITER|rec-10452e41be197269732c4c59291b2d89407b9e19f21d174e05e262a4dcc99a72|ANALYTICAL_METHOD_MISSING|analytical_method|,rec-10452e41be197269732c4c59291b2d89407b9e19f21d174e05e262a4dcc99a72,georoc-archaean,D1,warning,action_required,ANALYTICAL_METHOD_MISSING,analytical_method,,分析方法证据缺失，跨来源浓度与元素组合不可可靠比较。,回查数据字典、方法论文或记录级元数据；同时绑定 method_source_locator，未找到时保留缺失原因。,true
ITER|rec-10452e41be197269732c4c59291b2d89407b9e19f21d174e05e262a4dcc99a72|COORDINATE_UNUSABLE|latitude%2Clongitude|%2C,rec-10452e41be197269732c4c59291b2d89407b9e19f21d174e05e262a4dcc99a72,georoc-archaean,D1,error,action_required,COORDINATE_UNUSABLE,"latitude,longitude",",",WGS84 坐标缺失、非数值或超出合法范围，因此不能上图。,从原始来源恢复坐标与 CRS；若只提供区域名称，保留缺失并记录原因，不得填区域质心。,true
ITER|rec-10452e41be197269732c4c59291b2d89407b9e19f21d174e05e262a4dcc99a72|GEOLOGIC_CONTEXT_MISSING|matched_geologic_unit|,rec-10452e41be197269732c4c59291b2d89407b9e19f21d174e05e262a4dcc99a72,georoc-archaean,D2,info,review_required,GEOLOGIC_CONTEXT_MISSING,matched_geologic_unit,,记录没有来源直报或空间匹配的地质单元。,在比例尺与边界不确定性允许时执行空间匹配，并记录地图源、版本、匹配方法和边界距离；否则保留缺失。,true
ITER|rec-104949b0d6b4ab7532415ae5c1a287c25af68c07d26b71e1d03fb4e30051750e|GEOLOGIC_CONTEXT_MISSING|matched_geologic_unit|,rec-104949b0d6b4ab7532415ae5c1a287c25af68c07d26b71e1d03fb4e30051750e,us-wqp-sacramento-river-arsenic,D2,info,review_required,GEOLOGIC_CONTEXT_MISSING,matched_geologic_unit,,记录没有来源直报或空间匹配的地质单元。,在比例尺与边界不确定性允许时执行空间匹配，并记录地图源、版本、匹配方法和边界距离；否则保留缺失。,true
ITER|rec-1083ff142db2dd48901ca51a778e2687965195fabd7e74523db5b0edf0feccb5|GEOLOGIC_CONTEXT_MISSING|matched_geologic_unit|,rec-1083ff142db2dd48901ca51a778e2687965195fabd7e74523db5b0edf0feccb5,foregs-humus,D2,info,review_required,GEOLOGIC_CONTEXT_MISSING,matched_geologic_unit,,记录没有来源直报或空间匹配的地质单元。,在比例尺与边界不确定性允许时执行空间匹配，并记录地图源、版本、匹配方法和边界距离；否则保留缺失。,true
ITER|rec-10de00f93b8dbf0d10caedb7986391434c5f5ad8dd3aef1daf78df7232c07655|COORDINATE_UNUSABLE|latitude%2Clongitude|%2C,rec-10de00f93b8dbf0d10caedb7986391434c5f5ad8dd3aef1daf78df7232c07655,afsis-phase-i-wet-chemistry,D1,error,action_required,COORDINATE_UNUSABLE,"latitude,longitude",",",WGS84 坐标缺失、非数值或超出合法范围，因此不能上图。,从原始来源恢复坐标与 CRS；若只提供区域名称，保留缺失并记录原因，不得填区域质心。,true
ITER|rec-10de00f93b8dbf0d10caedb7986391434c5f5ad8dd3aef1daf78df7232c07655|GEOLOGIC_CONTEXT_MISSING|matched_geologic_unit|,rec-10de00f93b8dbf0d10caedb7986391434c5f5ad8dd3aef1daf78df7232c07655,afsis-phase-i-wet-chemistry,D2,info,review_required,GEOLOGIC_CONTEXT_MISSING,matched_geologic_unit,,记录没有来源直报或空间匹配的地质单元。,在比例尺与边界不确定性允许时执行空间匹配，并记录地图源、版本、匹配方法和边界距离；否则保留缺失。,true
ITER|rec-10dec0149eee6a07307384e17dd077630bf9a24a227d3d3461bef37dcc8615a1|GEOLOGIC_CONTEXT_MISSING|matched_geologic_unit|,rec-10dec0149eee6a07307384e17dd077630bf9a24a227d3d3461bef37dcc8615a1,gemstat-open-archive,D2,info,review_required,GEOLOGIC_CONTEXT_MISSING,matched_geologic_unit,,记录没有来源直报或空间匹配的地质单元。,在比例尺与边界不确定性允许时执行空间匹配，并记录地图源、版本、匹配方法和边界距离；否则保留缺失。,true
ITER|rec-10dec0149eee6a07307384e17dd077630bf9a24a227d3d3461bef37dcc8615a1|NORMALIZATION_FAILED|normalized_value|,rec-10dec0149eee6a07307384e17dd077630bf9a24a227d3d3461bef37dcc8615a1,gemstat-open-archive,D2,error,action_required,NORMALIZATION_FAILED,normalized_value,,非删失测定没有可用标准值。,检查原值解析、单位词表、物质基准和换算公式；不能证明可换算时保留失败状态，不得猜值。,true
ITER|rec-118dc8bc0884fc978f377249e63748ad369a0ba8260ed82313bacf42ca330754|GEOLOGIC_CONTEXT_MISSING|matched_geologic_unit|,rec-118dc8bc0884fc978f377249e63748ad369a0ba8260ed82313bacf42ca330754,foregs-humus,D2,info,review_required,GEOLOGIC_CONTEXT_MISSING,matched_geologic_unit,,记录没有来源直报或空间匹配的地质单元。,在比例尺与边界不确定性允许时执行空间匹配，并记录地图源、版本、匹配方法和边界距离；否则保留缺失。,true
ITER|rec-11a1d2d955630535b1b8c7b18b74fef7aed2ad2ba2c295aa70e325a21c62008c|GEOLOGIC_CONTEXT_MISSING|matched_geologic_unit|,rec-11a1d2d955630535b1b8c7b18b74fef7aed2ad2ba2c295aa70e325a21c62008c,pangaea-north-africa-soil,D2,info,review_required,GEOLOGIC_CONTEXT_MISSING,matched_geologic_unit,,记录没有来源直报或空间匹配的地质单元。,在比例尺与边界不确定性允许时执行空间匹配，并记录地图源、版本、匹配方法和边界距离；否则保留缺失。,true
ITER|rec-11b12e69c2e88774b321a1d99e0a0f02f3194a9b04c155fe06bea5123315efc3|GEOLOGIC_CONTEXT_MISSING|matched_geologic_unit|,rec-11b12e69c2e88774b321a1d99e0a0f02f3194a9b04c155fe06bea5123315efc3,norway-marchem,D2,info,review_required,GEOLOGIC_CONTEXT_MISSING,matched_geologic_unit,,记录没有来源直报或空间匹配的地质单元。,在比例尺与边界不确定性允许时执行空间匹配，并记录地图源、版本、匹配方法和边界距离；否则保留缺失。,true
ITER|rec-11c63610520def84b9ff491bc0d93bac0acdf9774222179606c2a55e59b3611d|ANALYTICAL_METHOD_MISSING|analytical_method|,rec-11c63610520def84b9ff491bc0d93bac0acdf9774222179606c2a55e59b3611d,japan-gsj-geochemical-map,D1,warning,action_required,ANALYTICAL_METHOD_MISSING,analytical_method,,分析方法证据缺失，跨来源浓度与元素组合不可可靠比较。,回查数据字典、方法论文或记录级元数据；同时绑定 method_source_locator，未找到时保留缺失原因。,true
ITER|rec-11c63610520def84b9ff491bc0d93bac0acdf9774222179606c2a55e59b3611d|GEOLOGIC_CONTEXT_MISSING|matched_geologic_unit|,rec-11c63610520def84b9ff491bc0d93bac0acdf9774222179606c2a55e59b3611d,japan-gsj-geochemical-map,D2,info,review_required,GEOLOGIC_CONTEXT_MISSING,matched_geologic_unit,,记录没有来源直报或空间匹配的地质单元。,在比例尺与边界不确定性允许时执行空间匹配，并记录地图源、版本、匹配方法和边界距离；否则保留缺失。,true
ITER|rec-11e373b629fa2a302d5ec54bacc543609bc8da05b1929c0adc9cb907de90bee1|GEOLOGIC_CONTEXT_MISSING|matched_geologic_unit|,rec-11e373b629fa2a302d5ec54bacc543609bc8da05b1929c0adc9cb907de90bee1,geotraces-idp2025,D2,info,review_required,GEOLOGIC_CONTEXT_MISSING,matched_geologic_unit,,记录没有来源直报或空间匹配的地质单元。,在比例尺与边界不确定性允许时执行空间匹配，并记录地图源、版本、匹配方法和边界距离；否则保留缺失。,true
ITER|rec-121215659371b1a0c32df32725e6cc4410eff702a3577944dea2f9ac74432aa5|GEOLOGIC_CONTEXT_MISSING|matched_geologic_unit|,rec-121215659371b1a0c32df32725e6cc4410eff702a3577944dea2f9ac74432aa5,foregs-stream-water,D2,info,review_required,GEOLOGIC_CONTEXT_MISSING,matched_geologic_unit,,记录没有来源直报或空间匹配的地质单元。,在比例尺与边界不确定性允许时执行空间匹配，并记录地图源、版本、匹配方法和边界距离；否则保留缺失。,true
ITER|rec-122fe8b06145d7558e79935d84f8ef8bb216d45ff1549a46210f53db3b76a9ba|ANALYTICAL_METHOD_MISSING|analytical_method|,rec-122fe8b06145d7558e79935d84f8ef8bb216d45ff1549a46210f53db3b76a9ba,georoc-archaean,D1,warning,action_required,ANALYTICAL_METHOD_MISSING,analytical_method,,分析方法证据缺失，跨来源浓度与元素组合不可可靠比较。,回查数据字典、方法论文或记录级元数据；同时绑定 method_source_locator，未找到时保留缺失原因。,true
ITER|rec-122fe8b06145d7558e79935d84f8ef8bb216d45ff1549a46210f53db3b76a9ba|COORDINATE_UNUSABLE|latitude%2Clongitude|%2C,rec-122fe8b06145d7558e79935d84f8ef8bb216d45ff1549a46210f53db3b76a9ba,georoc-archaean,D1,error,action_required,COORDINATE_UNUSABLE,"latitude,longitude",",",WGS84 坐标缺失、非数值或超出合法范围，因此不能上图。,从原始来源恢复坐标与 CRS；若只提供区域名称，保留缺失并记录原因，不得填区域质心。,true
ITER|rec-122fe8b06145d7558e79935d84f8ef8bb216d45ff1549a46210f53db3b76a9ba|GEOLOGIC_CONTEXT_MISSING|matched_geologic_unit|,rec-122fe8b06145d7558e79935d84f8ef8bb216d45ff1549a46210f53db3b76a9ba,georoc-archaean,D2,info,review_required,GEOLOGIC_CONTEXT_MISSING,matched_geologic_unit,,记录没有来源直报或空间匹配的地质单元。,在比例尺与边界不确定性允许时执行空间匹配，并记录地图源、版本、匹配方法和边界距离；否则保留缺失。,true
ITER|rec-12932de3f77a052987367261a3292d8a1c279e68e3dbdb866027c04b0bc26833|GEOLOGIC_CONTEXT_MISSING|matched_geologic_unit|,rec-12932de3f77a052987367261a3292d8a1c279e68e3dbdb866027c04b0bc26833,norway-marchem,D2,info,review_required,GEOLOGIC_CONTEXT_MISSING,matched_geologic_unit,,记录没有来源直报或空间匹配的地质单元。,在比例尺与边界不确定性允许时执行空间匹配，并记录地图源、版本、匹配方法和边界距离；否则保留缺失。,true
ITER|rec-12ec5298282502a075366c69a0e74b5a45115b0fd4c42f8ebb246bda3fa4d82d|GEOLOGIC_CONTEXT_MISSING|matched_geologic_unit|,rec-12ec5298282502a075366c69a0e74b5a45115b0fd4c42f8ebb246bda3fa4d82d,norway-marchem,D2,info,review_required,GEOLOGIC_CONTEXT_MISSING,matched_geologic_unit,,记录没有来源直报或空间匹配的地质单元。,在比例尺与边界不确定性允许时执行空间匹配，并记录地图源、版本、匹配方法和边界距离；否则保留缺失。,true
ITER|rec-13090cc31c66913af973f06e51617cbfb5e2a0c49011a0f238e833e98f8fb596|GEOLOGIC_CONTEXT_MISSING|matched_geologic_unit|,rec-13090cc31c66913af973f06e51617cbfb5e2a0c49011a0f238e833e98f8fb596,foregs-subsoil,D2,info,review_required,GEOLOGIC_CONTEXT_MISSING,matched_geologic_unit,,记录没有来源直报或空间匹配的地质单元。,在比例尺与边界不确定性允许时执行空间匹配，并记录地图源、版本、匹配方法和边界距离；否则保留缺失。,true
ITER|rec-1310f5a7fff98c95bcb2b8e09b76df9d93d393488bc2d81367cdc70f6287ba96|GEOLOGIC_CONTEXT_MISSING|matched_geologic_unit|,rec-1310f5a7fff98c95bcb2b8e09b76df9d93d393488bc2d81367cdc70f6287ba96,foregs-subsoil,D2,info,review_required,GEOLOGIC_CONTEXT_MISSING,matched_geologic_unit,,记录没有来源直报或空间匹配的地质单元。,在比例尺与边界不确定性允许时执行空间匹配，并记录地图源、版本、匹配方法和边界距离；否则保留缺失。,true
ITER|rec-132ee9c50577d7fb1cb8be05355a490731900a7881eee6cacfd9190d709cfe25|GEOLOGIC_CONTEXT_MISSING|matched_geologic_unit|,rec-132ee9c50577d7fb1cb8be05355a490731900a7881eee6cacfd9190d709cfe25,norway-marchem,D2,info,review_required,GEOLOGIC_CONTEXT_MISSING,matched_geologic_unit,,记录没有来源直报或空间匹配的地质单元。,在比例尺与边界不确定性允许时执行空间匹配，并记录地图源、版本、匹配方法和边界距离；否则保留缺失。,true
ITER|rec-138eebb1d482e8322dac1042db9a0801293446a0dce64f94e9e981ebb7c6b24a|GEOLOGIC_CONTEXT_MISSING|matched_geologic_unit|,rec-138eebb1d482e8322dac1042db9a0801293446a0dce64f94e9e981ebb7c6b24a,norway-marchem,D2,info,review_required,GEOLOGIC_CONTEXT_MISSING,matched_geologic_unit,,记录没有来源直报或空间匹配的地质单元。,在比例尺与边界不确定性允许时执行空间匹配，并记录地图源、版本、匹配方法和边界距离；否则保留缺失。,true
ITER|rec-1394c58d44deb0f384add56d74c7a3447281b19bb391a4ae7e625105c9457151|ANALYTICAL_METHOD_MISSING|analytical_method|,rec-1394c58d44deb0f384add56d74c7a3447281b19bb391a4ae7e625105c9457151,georoc-archaean,D1,warning,action_required,ANALYTICAL_METHOD_MISSING,analytical_method,,分析方法证据缺失，跨来源浓度与元素组合不可可靠比较。,回查数据字典、方法论文或记录级元数据；同时绑定 method_source_locator，未找到时保留缺失原因。,true
ITER|rec-1394c58d44deb0f384add56d74c7a3447281b19bb391a4ae7e625105c9457151|COORDINATE_UNUSABLE|latitude%2Clongitude|%2C,rec-1394c58d44deb0f384add56d74c7a3447281b19bb391a4ae7e625105c9457151,georoc-archaean,D1,error,action_required,COORDINATE_UNUSABLE,"latitude,longitude",",",WGS84 坐标缺失、非数值或超出合法范围，因此不能上图。,从原始来源恢复坐标与 CRS；若只提供区域名称，保留缺失并记录原因，不得填区域质心。,true
ITER|rec-1394c58d44deb0f384add56d74c7a3447281b19bb391a4ae7e625105c9457151|GEOLOGIC_CONTEXT_MISSING|matched_geologic_unit|,rec-1394c58d44deb0f384add56d74c7a3447281b19bb391a4ae7e625105c9457151,georoc-archaean,D2,info,review_required,GEOLOGIC_CONTEXT_MISSING,matched_geologic_unit,,记录没有来源直报或空间匹配的地质单元。,在比例尺与边界不确定性允许时执行空间匹配，并记录地图源、版本、匹配方法和边界距离；否则保留缺失。,true
ITER|rec-13ce6de89a6f7f902c9c8109215fe879389d99f803c87fbd3158e5d42404a328|CENSORED_OBSERVATION|censored|%3C,rec-13ce6de89a6f7f902c9c8109215fe879389d99f803c87fbd3158e5d42404a328,gemstat-open-archive,D2,info,scientific_limit,CENSORED_OBSERVATION,censored,<,这是检出限/定量限约束的删失观测，不等同于零，也不自动视为采集失败。,保留原始 qualifier 与 censoring limit；默认从普通相关和异常筛查中排除，或使用明确的删失统计模型。,false
ITER|rec-13ce6de89a6f7f902c9c8109215fe879389d99f803c87fbd3158e5d42404a328|GEOLOGIC_CONTEXT_MISSING|matched_geologic_unit|,rec-13ce6de89a6f7f902c9c8109215fe879389d99f803c87fbd3158e5d42404a328,gemstat-open-archive,D2,info,review_required,GEOLOGIC_CONTEXT_MISSING,matched_geologic_unit,,记录没有来源直报或空间匹配的地质单元。,在比例尺与边界不确定性允许时执行空间匹配，并记录地图源、版本、匹配方法和边界距离；否则保留缺失。,true
ITER|rec-13f0649a15d4623391bbaccb50c7147b69a6b32dfa0d3889f5c4473d5b4d18f2|GEOLOGIC_CONTEXT_MISSING|matched_geologic_unit|,rec-13f0649a15d4623391bbaccb50c7147b69a6b32dfa0d3889f5c4473d5b4d18f2,foregs-stream-water,D2,info,review_required,GEOLOGIC_CONTEXT_MISSING,matched_geologic_unit,,记录没有来源直报或空间匹配的地质单元。,在比例尺与边界不确定性允许时执行空间匹配，并记录地图源、版本、匹配方法和边界距离；否则保留缺失。,true
ITER|rec-13fb46453c7bff2fb4c740d411ca106d173ec7c473d35e79a3f52bd0a29328bf|GEOLOGIC_CONTEXT_MISSING|matched_geologic_unit|,rec-13fb46453c7bff2fb4c740d411ca106d173ec7c473d35e79a3f52bd0a29328bf,foregs-topsoil,D2,info,review_required,GEOLOGIC_CONTEXT_MISSING,matched_geologic_unit,,记录没有来源直报或空间匹配的地质单元。,在比例尺与边界不确定性允许时执行空间匹配，并记录地图源、版本、匹配方法和边界距离；否则保留缺失。,true
ITER|rec-1464cd9029d6f9c5e032a2dec9c5a2119e53cf3c201d96862916668a7a9453a4|GEOLOGIC_CONTEXT_MISSING|matched_geologic_unit|,rec-1464cd9029d6f9c5e032a2dec9c5a2119e53cf3c201d96862916668a7a9453a4,foregs-humus,D2,info,review_required,GEOLOGIC_CONTEXT_MISSING,matched_geologic_unit,,记录没有来源直报或空间匹配的地质单元。,在比例尺与边界不确定性允许时执行空间匹配，并记录地图源、版本、匹配方法和边界距离；否则保留缺失。,true
ITER|rec-14d37839bc0a3e34bcfb3e40d1b791a4ba7df158547d7dd622160658e822343f|GEOLOGIC_CONTEXT_MISSING|matched_geologic_unit|,rec-14d37839bc0a3e34bcfb3e40d1b791a4ba7df158547d7dd622160658e822343f,norway-marchem,D2,info,review_required,GEOLOGIC_CONTEXT_MISSING,matched_geologic_unit,,记录没有来源直报或空间匹配的地质单元。,在比例尺与边界不确定性允许时执行空间匹配，并记录地图源、版本、匹配方法和边界距离；否则保留缺失。,true
ITER|rec-153afa63443a9aa37db021a13485a07eb1cf22c178826fba9f90308b761f201e|GEOLOGIC_CONTEXT_MISSING|matched_geologic_unit|,rec-153afa63443a9aa37db021a13485a07eb1cf22c178826fba9f90308b761f201e,foregs-stream-sediment,D2,info,review_required,GEOLOGIC_CONTEXT_MISSING,matched_geologic_unit,,记录没有来源直报或空间匹配的地质单元。,在比例尺与边界不确定性允许时执行空间匹配，并记录地图源、版本、匹配方法和边界距离；否则保留缺失。,true
ITER|rec-1677aef1da3744b2efa8c71fe9c4ed8310263e5799dde26469d3d8c2e98e523c|GEOLOGIC_CONTEXT_MISSING|matched_geologic_unit|,rec-1677aef1da3744b2efa8c71fe9c4ed8310263e5799dde26469d3d8c2e98e523c,geotraces-idp2025,D2,info,review_required,GEOLOGIC_CONTEXT_MISSING,matched_geologic_unit,,记录没有来源直报或空间匹配的地质单元。,在比例尺与边界不确定性允许时执行空间匹配，并记录地图源、版本、匹配方法和边界距离；否则保留缺失。,true
ITER|rec-1732062052a73972227202202f117e589fe1856d0eb9a9a586ef59451c655a96|GEOLOGIC_CONTEXT_MISSING|matched_geologic_unit|,rec-1732062052a73972227202202f117e589fe1856d0eb9a9a586ef59451c655a96,gemstat-open-archive,D2,info,review_required,GEOLOGIC_CONTEXT_MISSING,matched_geologic_unit,,记录没有来源直报或空间匹配的地质单元。,在比例尺与边界不确定性允许时执行空间匹配，并记录地图源、版本、匹配方法和边界距离；否则保留缺失。,true
ITER|rec-1732062052a73972227202202f117e589fe1856d0eb9a9a586ef59451c655a96|NORMALIZATION_FAILED|normalized_value|,rec-1732062052a73972227202202f117e589fe1856d0eb9a9a586ef59451c655a96,gemstat-open-archive,D2,error,action_required,NORMALIZATION_FAILED,normalized_value,,非删失测定没有可用标准值。,检查原值解析、单位词表、物质基准和换算公式；不能证明可换算时保留失败状态，不得猜值。,true
ITER|rec-17469cf968b41fe691d2a8dd9c6d7fdf94c3985f3917deef495631c828b5df50|GEOLOGIC_CONTEXT_MISSING|matched_geologic_unit|,rec-17469cf968b41fe691d2a8dd9c6d7fdf94c3985f3917deef495631c828b5df50,foregs-topsoil,D2,info,review_required,GEOLOGIC_CONTEXT_MISSING,matched_geologic_unit,,记录没有来源直报或空间匹配的地质单元。,在比例尺与边界不确定性允许时执行空间匹配，并记录地图源、版本、匹配方法和边界距离；否则保留缺失。,true
ITER|rec-17716f9a5eeac851196830b79fb4102025c1ffdea1de4b691fa6a31c59ecc68a|ANALYTICAL_METHOD_MISSING|analytical_method|,rec-17716f9a5eeac851196830b79fb4102025c1ffdea1de4b691fa6a31c59ecc68a,georoc-archaean,D1,warning,action_required,ANALYTICAL_METHOD_MISSING,analytical_method,,分析方法证据缺失，跨来源浓度与元素组合不可可靠比较。,回查数据字典、方法论文或记录级元数据；同时绑定 method_source_locator，未找到时保留缺失原因。,true
ITER|rec-17716f9a5eeac851196830b79fb4102025c1ffdea1de4b691fa6a31c59ecc68a|COORDINATE_UNUSABLE|latitude%2Clongitude|%2C,rec-17716f9a5eeac851196830b79fb4102025c1ffdea1de4b691fa6a31c59ecc68a,georoc-archaean,D1,error,action_required,COORDINATE_UNUSABLE,"latitude,longitude",",",WGS84 坐标缺失、非数值或超出合法范围，因此不能上图。,从原始来源恢复坐标与 CRS；若只提供区域名称，保留缺失并记录原因，不得填区域质心。,true
ITER|rec-17716f9a5eeac851196830b79fb4102025c1ffdea1de4b691fa6a31c59ecc68a|GEOLOGIC_CONTEXT_MISSING|matched_geologic_unit|,rec-17716f9a5eeac851196830b79fb4102025c1ffdea1de4b691fa6a31c59ecc68a,georoc-archaean,D2,info,review_required,GEOLOGIC_CONTEXT_MISSING,matched_geologic_unit,,记录没有来源直报或空间匹配的地质单元。,在比例尺与边界不确定性允许时执行空间匹配，并记录地图源、版本、匹配方法和边界距离；否则保留缺失。,true
ITER|rec-1776b5f5091a37c3bf9a4e6a217dd7032c195e282a293df83a240ed0ab6000be|GEOLOGIC_CONTEXT_MISSING|matched_geologic_unit|,rec-1776b5f5091a37c3bf9a4e6a217dd7032c195e282a293df83a240ed0ab6000be,foregs-floodplain-sediment,D2,info,review_required,GEOLOGIC_CONTEXT_MISSING,matched_geologic_unit,,记录没有来源直报或空间匹配的地质单元。,在比例尺与边界不确定性允许时执行空间匹配，并记录地图源、版本、匹配方法和边界距离；否则保留缺失。,true
ITER|rec-177dca8afaa9313e3a3c9784b9b84ffd0026840dd68004662e2f0cca28b50ac8|GEOLOGIC_CONTEXT_MISSING|matched_geologic_unit|,rec-177dca8afaa9313e3a3c9784b9b84ffd0026840dd68004662e2f0cca28b50ac8,foregs-stream-water,D2,info,review_required,GEOLOGIC_CONTEXT_MISSING,matched_geologic_unit,,记录没有来源直报或空间匹配的地质单元。,在比例尺与边界不确定性允许时执行空间匹配，并记录地图源、版本、匹配方法和边界距离；否则保留缺失。,true
ITER|rec-17df895897349f03d2293f0a4152f186ac2e9e1cf7e2faebf783bb330c5d63ba|CENSORED_OBSERVATION|censored|%3C,rec-17df895897349f03d2293f0a4152f186ac2e9e1cf7e2faebf783bb330c5d63ba,gemstat-open-archive,D2,info,scientific_limit,CENSORED_OBSERVATION,censored,<,这是检出限/定量限约束的删失观测，不等同于零，也不自动视为采集失败。,保留原始 qualifier 与 censoring limit；默认从普通相关和异常筛查中排除，或使用明确的删失统计模型。,false
ITER|rec-17df895897349f03d2293f0a4152f186ac2e9e1cf7e2faebf783bb330c5d63ba|GEOLOGIC_CONTEXT_MISSING|matched_geologic_unit|,rec-17df895897349f03d2293f0a4152f186ac2e9e1cf7e2faebf783bb330c5d63ba,gemstat-open-archive,D2,info,review_required,GEOLOGIC_CONTEXT_MISSING,matched_geologic_unit,,记录没有来源直报或空间匹配的地质单元。,在比例尺与边界不确定性允许时执行空间匹配，并记录地图源、版本、匹配方法和边界距离；否则保留缺失。,true
ITER|rec-1817cd747b36e16a5e89011e921b87d4cd5ff23a858c05d28204a0bca3d084e2|GEOLOGIC_CONTEXT_MISSING|matched_geologic_unit|,rec-1817cd747b36e16a5e89011e921b87d4cd5ff23a858c05d28204a0bca3d084e2,foregs-stream-water,D2,info,review_required,GEOLOGIC_CONTEXT_MISSING,matched_geologic_unit,,记录没有来源直报或空间匹配的地质单元。,在比例尺与边界不确定性允许时执行空间匹配，并记录地图源、版本、匹配方法和边界距离；否则保留缺失。,true
ITER|rec-1829d85fac0a02f5705f88a78017336b5f705f787991799a58299f3bae864ae4|COORDINATE_UNUSABLE|latitude%2Clongitude|%2C,rec-1829d85fac0a02f5705f88a78017336b5f705f787991799a58299f3bae864ae4,afsis-phase-i-wet-chemistry,D1,error,action_required,COORDINATE_UNUSABLE,"latitude,longitude",",",WGS84 坐标缺失、非数值或超出合法范围，因此不能上图。,从原始来源恢复坐标与 CRS；若只提供区域名称，保留缺失并记录原因，不得填区域质心。,true
ITER|rec-1829d85fac0a02f5705f88a78017336b5f705f787991799a58299f3bae864ae4|GEOLOGIC_CONTEXT_MISSING|matched_geologic_unit|,rec-1829d85fac0a02f5705f88a78017336b5f705f787991799a58299f3bae864ae4,afsis-phase-i-wet-chemistry,D2,info,review_required,GEOLOGIC_CONTEXT_MISSING,matched_geologic_unit,,记录没有来源直报或空间匹配的地质单元。,在比例尺与边界不确定性允许时执行空间匹配，并记录地图源、版本、匹配方法和边界距离；否则保留缺失。,true
ITER|rec-185c7cfe39713d96b418d2f57e249810a7c2fc766facccc6848e15f54ae4e1bb|GEOLOGIC_CONTEXT_MISSING|matched_geologic_unit|,rec-185c7cfe39713d96b418d2f57e249810a7c2fc766facccc6848e15f54ae4e1bb,foregs-floodplain-sediment,D2,info,review_required,GEOLOGIC_CONTEXT_MISSING,matched_geologic_unit,,记录没有来源直报或空间匹配的地质单元。,在比例尺与边界不确定性允许时执行空间匹配，并记录地图源、版本、匹配方法和边界距离；否则保留缺失。,true
ITER|rec-188c76d15571c3149cd4dcf4705dedb17db9658a23b6474ee7e9a956040ec40f|GEOLOGIC_CONTEXT_MISSING|matched_geologic_unit|,rec-188c76d15571c3149cd4dcf4705dedb17db9658a23b6474ee7e9a956040ec40f,foregs-topsoil,D2,info,review_required,GEOLOGIC_CONTEXT_MISSING,matched_geologic_unit,,记录没有来源直报或空间匹配的地质单元。,在比例尺与边界不确定性允许时执行空间匹配，并记录地图源、版本、匹配方法和边界距离；否则保留缺失。,true
ITER|rec-195e7eefb01a80f67515f68a0a5a018dcc0dc51bb458c0c1a22c1d6d90efc77f|GEOLOGIC_CONTEXT_MISSING|matched_geologic_unit|,rec-195e7eefb01a80f67515f68a0a5a018dcc0dc51bb458c0c1a22c1d6d90efc77f,geotraces-idp2025,D2,info,review_required,GEOLOGIC_CONTEXT_MISSING,matched_geologic_unit,,记录没有来源直报或空间匹配的地质单元。,在比例尺与边界不确定性允许时执行空间匹配，并记录地图源、版本、匹配方法和边界距离；否则保留缺失。,true
ITER|rec-1969cd78c2545308111e4cc7624519172d87d14f1691082337ee3caf8d4562e1|GEOLOGIC_CONTEXT_MISSING|matched_geologic_unit|,rec-1969cd78c2545308111e4cc7624519172d87d14f1691082337ee3caf8d4562e1,foregs-floodplain-sediment,D2,info,review_required,GEOLOGIC_CONTEXT_MISSING,matched_geologic_unit,,记录没有来源直报或空间匹配的地质单元。,在比例尺与边界不确定性允许时执行空间匹配，并记录地图源、版本、匹配方法和边界距离；否则保留缺失。,true
ITER|rec-19bd8bf67804c8aac58640ff4845da34d89645c9b1e26bd415be9bcfc07212c7|GEOLOGIC_CONTEXT_MISSING|matched_geologic_unit|,rec-19bd8bf67804c8aac58640ff4845da34d89645c9b1e26bd415be9bcfc07212c7,norway-marchem,D2,info,review_required,GEOLOGIC_CONTEXT_MISSING,matched_geologic_unit,,记录没有来源直报或空间匹配的地质单元。,在比例尺与边界不确定性允许时执行空间匹配，并记录地图源、版本、匹配方法和边界距离；否则保留缺失。,true
ITER|rec-19caa899a77ccc3016d12d9afcc5542c6caa406d0b49e767722e212c83e67123|GEOLOGIC_CONTEXT_MISSING|matched_geologic_unit|,rec-19caa899a77ccc3016d12d9afcc5542c6caa406d0b49e767722e212c83e67123,foregs-subsoil,D2,info,review_required,GEOLOGIC_CONTEXT_MISSING,matched_geologic_unit,,记录没有来源直报或空间匹配的地质单元。,在比例尺与边界不确定性允许时执行空间匹配，并记录地图源、版本、匹配方法和边界距离；否则保留缺失。,true
ITER|rec-1a17bf77d41241fae3d0ca490f4793dd5f3bcecd1ddcf1f00f36f4130cf79e0e|GEOLOGIC_CONTEXT_MISSING|matched_geologic_unit|,rec-1a17bf77d41241fae3d0ca490f4793dd5f3bcecd1ddcf1f00f36f4130cf79e0e,pangaea-north-africa-soil,D2,info,review_required,GEOLOGIC_CONTEXT_MISSING,matched_geologic_unit,,记录没有来源直报或空间匹配的地质单元。,在比例尺与边界不确定性允许时执行空间匹配，并记录地图源、版本、匹配方法和边界距离；否则保留缺失。,true
ITER|rec-1cd153c78db345f81afccf2ca83f6d59ba773731cdcc247c40a3589fe3c5d750|GEOLOGIC_CONTEXT_MISSING|matched_geologic_unit|,rec-1cd153c78db345f81afccf2ca83f6d59ba773731cdcc247c40a3589fe3c5d750,us-wqp-sacramento-river-arsenic,D2,info,review_required,GEOLOGIC_CONTEXT_MISSING,matched_geologic_unit,,记录没有来源直报或空间匹配的地质单元。,在比例尺与边界不确定性允许时执行空间匹配，并记录地图源、版本、匹配方法和边界距离；否则保留缺失。,true
ITER|rec-1d27f55addb231f5edcc8e70d94b1454108d16ca6f650c4805d86b538fd91fd9|GEOLOGIC_CONTEXT_MISSING|matched_geologic_unit|,rec-1d27f55addb231f5edcc8e70d94b1454108d16ca6f650c4805d86b538fd91fd9,pangaea-north-africa-soil,D2,info,review_required,GEOLOGIC_CONTEXT_MISSING,matched_geologic_unit,,记录没有来源直报或空间匹配的地质单元。,在比例尺与边界不确定性允许时执行空间匹配，并记录地图源、版本、匹配方法和边界距离；否则保留缺失。,true
ITER|rec-1d5e1067f3827be5bd06aeb8f6bb1b623c131f9b3031689705561861e3157cf6|ANALYTICAL_METHOD_MISSING|analytical_method|,rec-1d5e1067f3827be5bd06aeb8f6bb1b623c131f9b3031689705561861e3157cf6,georoc-archaean,D1,warning,action_required,ANALYTICAL_METHOD_MISSING,analytical_method,,分析方法证据缺失，跨来源浓度与元素组合不可可靠比较。,回查数据字典、方法论文或记录级元数据；同时绑定 method_source_locator，未找到时保留缺失原因。,true
ITER|rec-1d5e1067f3827be5bd06aeb8f6bb1b623c131f9b3031689705561861e3157cf6|COORDINATE_UNUSABLE|latitude%2Clongitude|%2C,rec-1d5e1067f3827be5bd06aeb8f6bb1b623c131f9b3031689705561861e3157cf6,georoc-archaean,D1,error,action_required,COORDINATE_UNUSABLE,"latitude,longitude",",",WGS84 坐标缺失、非数值或超出合法范围，因此不能上图。,从原始来源恢复坐标与 CRS；若只提供区域名称，保留缺失并记录原因，不得填区域质心。,true
ITER|rec-1d5e1067f3827be5bd06aeb8f6bb1b623c131f9b3031689705561861e3157cf6|GEOLOGIC_CONTEXT_MISSING|matched_geologic_unit|,rec-1d5e1067f3827be5bd06aeb8f6bb1b623c131f9b3031689705561861e3157cf6,georoc-archaean,D2,info,review_required,GEOLOGIC_CONTEXT_MISSING,matched_geologic_unit,,记录没有来源直报或空间匹配的地质单元。,在比例尺与边界不确定性允许时执行空间匹配，并记录地图源、版本、匹配方法和边界距离；否则保留缺失。,true
ITER|rec-1d8c12ff15bb7bdda00f36e5366c94bd1c8afc8220aecb738a808139b99706e5|GEOLOGIC_CONTEXT_MISSING|matched_geologic_unit|,rec-1d8c12ff15bb7bdda00f36e5366c94bd1c8afc8220aecb738a808139b99706e5,pangaea-north-africa-soil,D2,info,review_required,GEOLOGIC_CONTEXT_MISSING,matched_geologic_unit,,记录没有来源直报或空间匹配的地质单元。,在比例尺与边界不确定性允许时执行空间匹配，并记录地图源、版本、匹配方法和边界距离；否则保留缺失。,true
ITER|rec-1e13b25117424d0fbc405e0776b3719e217673ffe04d98cdff8e65c13eb2d363|ANALYTICAL_METHOD_MISSING|analytical_method|,rec-1e13b25117424d0fbc405e0776b3719e217673ffe04d98cdff8e65c13eb2d363,usgs-conus-soil,D1,warning,action_required,ANALYTICAL_METHOD_MISSING,analytical_method,,分析方法证据缺失，跨来源浓度与元素组合不可可靠比较。,回查数据字典、方法论文或记录级元数据；同时绑定 method_source_locator，未找到时保留缺失原因。,true
ITER|rec-1e13b25117424d0fbc405e0776b3719e217673ffe04d98cdff8e65c13eb2d363|GEOLOGIC_CONTEXT_MISSING|matched_geologic_unit|,rec-1e13b25117424d0fbc405e0776b3719e217673ffe04d98cdff8e65c13eb2d363,usgs-conus-soil,D2,info,review_required,GEOLOGIC_CONTEXT_MISSING,matched_geologic_unit,,记录没有来源直报或空间匹配的地质单元。,在比例尺与边界不确定性允许时执行空间匹配，并记录地图源、版本、匹配方法和边界距离；否则保留缺失。,true
ITER|rec-1e2be956a2e303ef70759706db8098127ce0c0a25ef2d2ed9450e3960c574511|GEOLOGIC_CONTEXT_MISSING|matched_geologic_unit|,rec-1e2be956a2e303ef70759706db8098127ce0c0a25ef2d2ed9450e3960c574511,foregs-stream-water,D2,info,review_required,GEOLOGIC_CONTEXT_MISSING,matched_geologic_unit,,记录没有来源直报或空间匹配的地质单元。,在比例尺与边界不确定性允许时执行空间匹配，并记录地图源、版本、匹配方法和边界距离；否则保留缺失。,true
ITER|rec-1e30101c6b86207780edbfc4df2a8a6ed03b644d1fcc9d40fe73b55e38f40f10|GEOLOGIC_CONTEXT_MISSING|matched_geologic_unit|,rec-1e30101c6b86207780edbfc4df2a8a6ed03b644d1fcc9d40fe73b55e38f40f10,us-wqp-sacramento-river-arsenic,D2,info,review_required,GEOLOGIC_CONTEXT_MISSING,matched_geologic_unit,,记录没有来源直报或空间匹配的地质单元。,在比例尺与边界不确定性允许时执行空间匹配，并记录地图源、版本、匹配方法和边界距离；否则保留缺失。,true
ITER|rec-1e42b27718c1cb2b3d9bccdea0881e3efb42a51774a43c9523f33d60160a9bab|GEOLOGIC_CONTEXT_MISSING|matched_geologic_unit|,rec-1e42b27718c1cb2b3d9bccdea0881e3efb42a51774a43c9523f33d60160a9bab,norway-marchem,D2,info,review_required,GEOLOGIC_CONTEXT_MISSING,matched_geologic_unit,,记录没有来源直报或空间匹配的地质单元。,在比例尺与边界不确定性允许时执行空间匹配，并记录地图源、版本、匹配方法和边界距离；否则保留缺失。,true
ITER|rec-1ed8325a4c815209e0ddbca9d80693fd261d50834ff2191986672a201f93c630|CENSORED_OBSERVATION|censored|%3C,rec-1ed8325a4c815209e0ddbca9d80693fd261d50834ff2191986672a201f93c630,gemstat-open-archive,D2,info,scientific_limit,CENSORED_OBSERVATION,censored,<,这是检出限/定量限约束的删失观测，不等同于零，也不自动视为采集失败。,保留原始 qualifier 与 censoring limit；默认从普通相关和异常筛查中排除，或使用明确的删失统计模型。,false
ITER|rec-1ed8325a4c815209e0ddbca9d80693fd261d50834ff2191986672a201f93c630|GEOLOGIC_CONTEXT_MISSING|matched_geologic_unit|,rec-1ed8325a4c815209e0ddbca9d80693fd261d50834ff2191986672a201f93c630,gemstat-open-archive,D2,info,review_required,GEOLOGIC_CONTEXT_MISSING,matched_geologic_unit,,记录没有来源直报或空间匹配的地质单元。,在比例尺与边界不确定性允许时执行空间匹配，并记录地图源、版本、匹配方法和边界距离；否则保留缺失。,true
ITER|rec-1efe6d0c83d2d97ad7fd0d55ebbe6895c6711531d69c3bbae544069b9e67ef42|GEOLOGIC_CONTEXT_MISSING|matched_geologic_unit|,rec-1efe6d0c83d2d97ad7fd0d55ebbe6895c6711531d69c3bbae544069b9e67ef42,norway-marchem,D2,info,review_required,GEOLOGIC_CONTEXT_MISSING,matched_geologic_unit,,记录没有来源直报或空间匹配的地质单元。,在比例尺与边界不确定性允许时执行空间匹配，并记录地图源、版本、匹配方法和边界距离；否则保留缺失。,true
ITER|rec-1f68081cf82e58bcb6e600fe8cf5021502355644a3b26f772da487b3c1fc8dca|GEOLOGIC_CONTEXT_MISSING|matched_geologic_unit|,rec-1f68081cf82e58bcb6e600fe8cf5021502355644a3b26f772da487b3c1fc8dca,foregs-humus,D2,info,review_required,GEOLOGIC_CONTEXT_MISSING,matched_geologic_unit,,记录没有来源直报或空间匹配的地质单元。,在比例尺与边界不确定性允许时执行空间匹配，并记录地图源、版本、匹配方法和边界距离；否则保留缺失。,true
ITER|rec-1fffa38c801b5d7a4521753b33247f11bc9603411cb325e25233a020c63f8b1b|GEOLOGIC_CONTEXT_MISSING|matched_geologic_unit|,rec-1fffa38c801b5d7a4521753b33247f11bc9603411cb325e25233a020c63f8b1b,foregs-topsoil,D2,info,review_required,GEOLOGIC_CONTEXT_MISSING,matched_geologic_unit,,记录没有来源直报或空间匹配的地质单元。,在比例尺与边界不确定性允许时执行空间匹配，并记录地图源、版本、匹配方法和边界距离；否则保留缺失。,true
ITER|rec-2012c0bcdfc5dcd36da753250e4e7f5fe003286d34ff36cadd5c65f752eee8ba|COORDINATE_UNUSABLE|latitude%2Clongitude|%2C,rec-2012c0bcdfc5dcd36da753250e4e7f5fe003286d34ff36cadd5c65f752eee8ba,afsis-phase-i-wet-chemistry,D1,error,action_required,COORDINATE_UNUSABLE,"latitude,longitude",",",WGS84 坐标缺失、非数值或超出合法范围，因此不能上图。,从原始来源恢复坐标与 CRS；若只提供区域名称，保留缺失并记录原因，不得填区域质心。,true
ITER|rec-2012c0bcdfc5dcd36da753250e4e7f5fe003286d34ff36cadd5c65f752eee8ba|GEOLOGIC_CONTEXT_MISSING|matched_geologic_unit|,rec-2012c0bcdfc5dcd36da753250e4e7f5fe003286d34ff36cadd5c65f752eee8ba,afsis-phase-i-wet-chemistry,D2,info,review_required,GEOLOGIC_CONTEXT_MISSING,matched_geologic_unit,,记录没有来源直报或空间匹配的地质单元。,在比例尺与边界不确定性允许时执行空间匹配，并记录地图源、版本、匹配方法和边界距离；否则保留缺失。,true
ITER|rec-206155772afdf895cd9b896a7f1414e5fd71a27c0ed1c9721bed33ae84977f29|GEOLOGIC_CONTEXT_MISSING|matched_geologic_unit|,rec-206155772afdf895cd9b896a7f1414e5fd71a27c0ed1c9721bed33ae84977f29,foregs-subsoil,D2,info,review_required,GEOLOGIC_CONTEXT_MISSING,matched_geologic_unit,,记录没有来源直报或空间匹配的地质单元。,在比例尺与边界不确定性允许时执行空间匹配，并记录地图源、版本、匹配方法和边界距离；否则保留缺失。,true
ITER|rec-211be4150bb74db016d3f069daad0df7ace174d781b94d053383de6e2e5f4ed8|GEOLOGIC_CONTEXT_MISSING|matched_geologic_unit|,rec-211be4150bb74db016d3f069daad0df7ace174d781b94d053383de6e2e5f4ed8,foregs-humus,D2,info,review_required,GEOLOGIC_CONTEXT_MISSING,matched_geologic_unit,,记录没有来源直报或空间匹配的地质单元。,在比例尺与边界不确定性允许时执行空间匹配，并记录地图源、版本、匹配方法和边界距离；否则保留缺失。,true
ITER|rec-21c3b92f928b09c15594db40fc6b3fe48b58033107863e716bc71065f3790e4c|GEOLOGIC_CONTEXT_MISSING|matched_geologic_unit|,rec-21c3b92f928b09c15594db40fc6b3fe48b58033107863e716bc71065f3790e4c,norway-marchem,D2,info,review_required,GEOLOGIC_CONTEXT_MISSING,matched_geologic_unit,,记录没有来源直报或空间匹配的地质单元。,在比例尺与边界不确定性允许时执行空间匹配，并记录地图源、版本、匹配方法和边界距离；否则保留缺失。,true
ITER|rec-21ed06b4109e5e259944a3dadd1e8be408eb2d98d7c1347606b29be73c774b2f|ANALYTICAL_METHOD_MISSING|analytical_method|,rec-21ed06b4109e5e259944a3dadd1e8be408eb2d98d7c1347606b29be73c774b2f,japan-gsj-geochemical-map,D1,warning,action_required,ANALYTICAL_METHOD_MISSING,analytical_method,,分析方法证据缺失，跨来源浓度与元素组合不可可靠比较。,回查数据字典、方法论文或记录级元数据；同时绑定 method_source_locator，未找到时保留缺失原因。,true
ITER|rec-21ed06b4109e5e259944a3dadd1e8be408eb2d98d7c1347606b29be73c774b2f|GEOLOGIC_CONTEXT_MISSING|matched_geologic_unit|,rec-21ed06b4109e5e259944a3dadd1e8be408eb2d98d7c1347606b29be73c774b2f,japan-gsj-geochemical-map,D2,info,review_required,GEOLOGIC_CONTEXT_MISSING,matched_geologic_unit,,记录没有来源直报或空间匹配的地质单元。,在比例尺与边界不确定性允许时执行空间匹配，并记录地图源、版本、匹配方法和边界距离；否则保留缺失。,true
ITER|rec-21ff3d16f5c3169c0b658567a9e2d393cdb68b8eca8742ecade60e82f9978d11|GEOLOGIC_CONTEXT_MISSING|matched_geologic_unit|,rec-21ff3d16f5c3169c0b658567a9e2d393cdb68b8eca8742ecade60e82f9978d11,foregs-topsoil,D2,info,review_required,GEOLOGIC_CONTEXT_MISSING,matched_geologic_unit,,记录没有来源直报或空间匹配的地质单元。,在比例尺与边界不确定性允许时执行空间匹配，并记录地图源、版本、匹配方法和边界距离；否则保留缺失。,true
ITER|rec-2227498d07cb2341d15c16578bd226cbb8362820a5c82fc8fc2c9cd0d12392ff|CENSORED_OBSERVATION|censored|%3C,rec-2227498d07cb2341d15c16578bd226cbb8362820a5c82fc8fc2c9cd0d12392ff,gemstat-open-archive,D2,info,scientific_limit,CENSORED_OBSERVATION,censored,<,这是检出限/定量限约束的删失观测，不等同于零，也不自动视为采集失败。,保留原始 qualifier 与 censoring limit；默认从普通相关和异常筛查中排除，或使用明确的删失统计模型。,false
ITER|rec-2227498d07cb2341d15c16578bd226cbb8362820a5c82fc8fc2c9cd0d12392ff|GEOLOGIC_CONTEXT_MISSING|matched_geologic_unit|,rec-2227498d07cb2341d15c16578bd226cbb8362820a5c82fc8fc2c9cd0d12392ff,gemstat-open-archive,D2,info,review_required,GEOLOGIC_CONTEXT_MISSING,matched_geologic_unit,,记录没有来源直报或空间匹配的地质单元。,在比例尺与边界不确定性允许时执行空间匹配，并记录地图源、版本、匹配方法和边界距离；否则保留缺失。,true
ITER|rec-222d613a1446bee40936aed6b4f9f222b3fd51667c5ee65bad65882ec70a7f84|ANALYTICAL_METHOD_MISSING|analytical_method|,rec-222d613a1446bee40936aed6b4f9f222b3fd51667c5ee65bad65882ec70a7f84,georoc-archaean,D1,warning,action_required,ANALYTICAL_METHOD_MISSING,analytical_method,,分析方法证据缺失，跨来源浓度与元素组合不可可靠比较。,回查数据字典、方法论文或记录级元数据；同时绑定 method_source_locator，未找到时保留缺失原因。,true
ITER|rec-222d613a1446bee40936aed6b4f9f222b3fd51667c5ee65bad65882ec70a7f84|COORDINATE_UNUSABLE|latitude%2Clongitude|%2C,rec-222d613a1446bee40936aed6b4f9f222b3fd51667c5ee65bad65882ec70a7f84,georoc-archaean,D1,error,action_required,COORDINATE_UNUSABLE,"latitude,longitude",",",WGS84 坐标缺失、非数值或超出合法范围，因此不能上图。,从原始来源恢复坐标与 CRS；若只提供区域名称，保留缺失并记录原因，不得填区域质心。,true
ITER|rec-222d613a1446bee40936aed6b4f9f222b3fd51667c5ee65bad65882ec70a7f84|GEOLOGIC_CONTEXT_MISSING|matched_geologic_unit|,rec-222d613a1446bee40936aed6b4f9f222b3fd51667c5ee65bad65882ec70a7f84,georoc-archaean,D2,info,review_required,GEOLOGIC_CONTEXT_MISSING,matched_geologic_unit,,记录没有来源直报或空间匹配的地质单元。,在比例尺与边界不确定性允许时执行空间匹配，并记录地图源、版本、匹配方法和边界距离；否则保留缺失。,true
ITER|rec-22e314292d9e63f1f6aa766e628efa7201879caf2d2d4882aeb32b25e104e7ae|ANALYTICAL_METHOD_MISSING|analytical_method|,rec-22e314292d9e63f1f6aa766e628efa7201879caf2d2d4882aeb32b25e104e7ae,usgs-conus-soil,D1,warning,action_required,ANALYTICAL_METHOD_MISSING,analytical_method,,分析方法证据缺失，跨来源浓度与元素组合不可可靠比较。,回查数据字典、方法论文或记录级元数据；同时绑定 method_source_locator，未找到时保留缺失原因。,true
ITER|rec-22e314292d9e63f1f6aa766e628efa7201879caf2d2d4882aeb32b25e104e7ae|GEOLOGIC_CONTEXT_MISSING|matched_geologic_unit|,rec-22e314292d9e63f1f6aa766e628efa7201879caf2d2d4882aeb32b25e104e7ae,usgs-conus-soil,D2,info,review_required,GEOLOGIC_CONTEXT_MISSING,matched_geologic_unit,,记录没有来源直报或空间匹配的地质单元。,在比例尺与边界不确定性允许时执行空间匹配，并记录地图源、版本、匹配方法和边界距离；否则保留缺失。,true
ITER|rec-234433e396a2ced71ee9e7b44b033e2d34f9924c64ed3fa246ae36f6b67710b7|CENSORED_OBSERVATION|censored|%3C,rec-234433e396a2ced71ee9e7b44b033e2d34f9924c64ed3fa246ae36f6b67710b7,gemstat-open-archive,D2,info,scientific_limit,CENSORED_OBSERVATION,censored,<,这是检出限/定量限约束的删失观测，不等同于零，也不自动视为采集失败。,保留原始 qualifier 与 censoring limit；默认从普通相关和异常筛查中排除，或使用明确的删失统计模型。,false
ITER|rec-234433e396a2ced71ee9e7b44b033e2d34f9924c64ed3fa246ae36f6b67710b7|GEOLOGIC_CONTEXT_MISSING|matched_geologic_unit|,rec-234433e396a2ced71ee9e7b44b033e2d34f9924c64ed3fa246ae36f6b67710b7,gemstat-open-archive,D2,info,review_required,GEOLOGIC_CONTEXT_MISSING,matched_geologic_unit,,记录没有来源直报或空间匹配的地质单元。,在比例尺与边界不确定性允许时执行空间匹配，并记录地图源、版本、匹配方法和边界距离；否则保留缺失。,true
ITER|rec-2352e4dad4e96685374c9b40581b9396d3a064b1cef4cf02ead3c282d03ed4d9|GEOLOGIC_CONTEXT_MISSING|matched_geologic_unit|,rec-2352e4dad4e96685374c9b40581b9396d3a064b1cef4cf02ead3c282d03ed4d9,foregs-floodplain-sediment,D2,info,review_required,GEOLOGIC_CONTEXT_MISSING,matched_geologic_unit,,记录没有来源直报或空间匹配的地质单元。,在比例尺与边界不确定性允许时执行空间匹配，并记录地图源、版本、匹配方法和边界距离；否则保留缺失。,true
ITER|rec-237904acfbee258a07590786df04e07570c7bd02992793c84955964696e96c58|GEOLOGIC_CONTEXT_MISSING|matched_geologic_unit|,rec-237904acfbee258a07590786df04e07570c7bd02992793c84955964696e96c58,foregs-subsoil,D2,info,review_required,GEOLOGIC_CONTEXT_MISSING,matched_geologic_unit,,记录没有来源直报或空间匹配的地质单元。,在比例尺与边界不确定性允许时执行空间匹配，并记录地图源、版本、匹配方法和边界距离；否则保留缺失。,true
ITER|rec-2414114ebdffc7047dde9080ed29cb59d4ebf90ac1dd29a11c2f47dd2af214df|GEOLOGIC_CONTEXT_MISSING|matched_geologic_unit|,rec-2414114ebdffc7047dde9080ed29cb59d4ebf90ac1dd29a11c2f47dd2af214df,foregs-humus,D2,info,review_required,GEOLOGIC_CONTEXT_MISSING,matched_geologic_unit,,记录没有来源直报或空间匹配的地质单元。,在比例尺与边界不确定性允许时执行空间匹配，并记录地图源、版本、匹配方法和边界距离；否则保留缺失。,true
ITER|rec-24630263c56fcc49a74fe91dad1bb3b2875a00dae4124f202b83cf84880512f7|GEOLOGIC_CONTEXT_MISSING|matched_geologic_unit|,rec-24630263c56fcc49a74fe91dad1bb3b2875a00dae4124f202b83cf84880512f7,norway-marchem,D2,info,review_required,GEOLOGIC_CONTEXT_MISSING,matched_geologic_unit,,记录没有来源直报或空间匹配的地质单元。,在比例尺与边界不确定性允许时执行空间匹配，并记录地图源、版本、匹配方法和边界距离；否则保留缺失。,true
ITER|rec-2475e77533fced27b83eb69bf615076ae2238d34cd0a48c6f2e998c93ee0ba69|GEOLOGIC_CONTEXT_MISSING|matched_geologic_unit|,rec-2475e77533fced27b83eb69bf615076ae2238d34cd0a48c6f2e998c93ee0ba69,foregs-stream-sediment,D2,info,review_required,GEOLOGIC_CONTEXT_MISSING,matched_geologic_unit,,记录没有来源直报或空间匹配的地质单元。,在比例尺与边界不确定性允许时执行空间匹配，并记录地图源、版本、匹配方法和边界距离；否则保留缺失。,true
ITER|rec-268eac5af191bb8ab90ca340e3c9c42526c6bde9570923efd1b5e77f5ac15856|GEOLOGIC_CONTEXT_MISSING|matched_geologic_unit|,rec-268eac5af191bb8ab90ca340e3c9c42526c6bde9570923efd1b5e77f5ac15856,geotraces-idp2025,D2,info,review_required,GEOLOGIC_CONTEXT_MISSING,matched_geologic_unit,,记录没有来源直报或空间匹配的地质单元。,在比例尺与边界不确定性允许时执行空间匹配，并记录地图源、版本、匹配方法和边界距离；否则保留缺失。,true
ITER|rec-274a4f329c5e7b8d44e301b0724818da646c5d5e1829e7f4dce92279b33a1507|GEOLOGIC_CONTEXT_MISSING|matched_geologic_unit|,rec-274a4f329c5e7b8d44e301b0724818da646c5d5e1829e7f4dce92279b33a1507,norway-marchem,D2,info,review_required,GEOLOGIC_CONTEXT_MISSING,matched_geologic_unit,,记录没有来源直报或空间匹配的地质单元。,在比例尺与边界不确定性允许时执行空间匹配，并记录地图源、版本、匹配方法和边界距离；否则保留缺失。,true
ITER|rec-2792c76d2c9232ef9f070629123f0bfc1b5df6d82296e505743906c2fe9b5e57|GEOLOGIC_CONTEXT_MISSING|matched_geologic_unit|,rec-2792c76d2c9232ef9f070629123f0bfc1b5df6d82296e505743906c2fe9b5e57,norway-marchem,D2,info,review_required,GEOLOGIC_CONTEXT_MISSING,matched_geologic_unit,,记录没有来源直报或空间匹配的地质单元。,在比例尺与边界不确定性允许时执行空间匹配，并记录地图源、版本、匹配方法和边界距离；否则保留缺失。,true
ITER|rec-27d41d1e541a9c89ea97c718b90467f9f93f13000c72717375f4f023fc0d4d2a|ANALYTICAL_METHOD_MISSING|analytical_method|,rec-27d41d1e541a9c89ea97c718b90467f9f93f13000c72717375f4f023fc0d4d2a,usgs-conus-soil,D1,warning,action_required,ANALYTICAL_METHOD_MISSING,analytical_method,,分析方法证据缺失，跨来源浓度与元素组合不可可靠比较。,回查数据字典、方法论文或记录级元数据；同时绑定 method_source_locator，未找到时保留缺失原因。,true
ITER|rec-27d41d1e541a9c89ea97c718b90467f9f93f13000c72717375f4f023fc0d4d2a|GEOLOGIC_CONTEXT_MISSING|matched_geologic_unit|,rec-27d41d1e541a9c89ea97c718b90467f9f93f13000c72717375f4f023fc0d4d2a,usgs-conus-soil,D2,info,review_required,GEOLOGIC_CONTEXT_MISSING,matched_geologic_unit,,记录没有来源直报或空间匹配的地质单元。,在比例尺与边界不确定性允许时执行空间匹配，并记录地图源、版本、匹配方法和边界距离；否则保留缺失。,true
ITER|rec-27e79d6b2836343ed1a4cd1b930e02b90cc376c8d2606e81368bd35544787404|GEOLOGIC_CONTEXT_MISSING|matched_geologic_unit|,rec-27e79d6b2836343ed1a4cd1b930e02b90cc376c8d2606e81368bd35544787404,foregs-floodplain-sediment,D2,info,review_required,GEOLOGIC_CONTEXT_MISSING,matched_geologic_unit,,记录没有来源直报或空间匹配的地质单元。,在比例尺与边界不确定性允许时执行空间匹配，并记录地图源、版本、匹配方法和边界距离；否则保留缺失。,true
ITER|rec-283af9aaeb4cf40d7693aeac36c87e6b2f3360758d17f938f47cdf2572f5dfe7|ANALYTICAL_METHOD_MISSING|analytical_method|,rec-283af9aaeb4cf40d7693aeac36c87e6b2f3360758d17f938f47cdf2572f5dfe7,usgs-conus-soil,D1,warning,action_required,ANALYTICAL_METHOD_MISSING,analytical_method,,分析方法证据缺失，跨来源浓度与元素组合不可可靠比较。,回查数据字典、方法论文或记录级元数据；同时绑定 method_source_locator，未找到时保留缺失原因。,true
ITER|rec-283af9aaeb4cf40d7693aeac36c87e6b2f3360758d17f938f47cdf2572f5dfe7|GEOLOGIC_CONTEXT_MISSING|matched_geologic_unit|,rec-283af9aaeb4cf40d7693aeac36c87e6b2f3360758d17f938f47cdf2572f5dfe7,usgs-conus-soil,D2,info,review_required,GEOLOGIC_CONTEXT_MISSING,matched_geologic_unit,,记录没有来源直报或空间匹配的地质单元。,在比例尺与边界不确定性允许时执行空间匹配，并记录地图源、版本、匹配方法和边界距离；否则保留缺失。,true
ITER|rec-284507efab50ef52b25dc2abda346f39ed4949cf7d96dbcc3426e9bd4d553052|GEOLOGIC_CONTEXT_MISSING|matched_geologic_unit|,rec-284507efab50ef52b25dc2abda346f39ed4949cf7d96dbcc3426e9bd4d553052,norway-marchem,D2,info,review_required,GEOLOGIC_CONTEXT_MISSING,matched_geologic_unit,,记录没有来源直报或空间匹配的地质单元。,在比例尺与边界不确定性允许时执行空间匹配，并记录地图源、版本、匹配方法和边界距离；否则保留缺失。,true
ITER|rec-28df4f970c251b1837ad3ade412a14879c6b858f2ad2bb61c3c8edc016222e2c|ANALYTICAL_METHOD_MISSING|analytical_method|,rec-28df4f970c251b1837ad3ade412a14879c6b858f2ad2bb61c3c8edc016222e2c,usgs-conus-soil,D1,warning,action_required,ANALYTICAL_METHOD_MISSING,analytical_method,,分析方法证据缺失，跨来源浓度与元素组合不可可靠比较。,回查数据字典、方法论文或记录级元数据；同时绑定 method_source_locator，未找到时保留缺失原因。,true
ITER|rec-28df4f970c251b1837ad3ade412a14879c6b858f2ad2bb61c3c8edc016222e2c|GEOLOGIC_CONTEXT_MISSING|matched_geologic_unit|,rec-28df4f970c251b1837ad3ade412a14879c6b858f2ad2bb61c3c8edc016222e2c,usgs-conus-soil,D2,info,review_required,GEOLOGIC_CONTEXT_MISSING,matched_geologic_unit,,记录没有来源直报或空间匹配的地质单元。,在比例尺与边界不确定性允许时执行空间匹配，并记录地图源、版本、匹配方法和边界距离；否则保留缺失。,true
ITER|rec-292133a4d61bd06ace6816f14d2919d5ad5e276536ee3e301ef827d088980796|ANALYTICAL_METHOD_MISSING|analytical_method|,rec-292133a4d61bd06ace6816f14d2919d5ad5e276536ee3e301ef827d088980796,usgs-conus-soil,D1,warning,action_required,ANALYTICAL_METHOD_MISSING,analytical_method,,分析方法证据缺失，跨来源浓度与元素组合不可可靠比较。,回查数据字典、方法论文或记录级元数据；同时绑定 method_source_locator，未找到时保留缺失原因。,true
ITER|rec-292133a4d61bd06ace6816f14d2919d5ad5e276536ee3e301ef827d088980796|GEOLOGIC_CONTEXT_MISSING|matched_geologic_unit|,rec-292133a4d61bd06ace6816f14d2919d5ad5e276536ee3e301ef827d088980796,usgs-conus-soil,D2,info,review_required,GEOLOGIC_CONTEXT_MISSING,matched_geologic_unit,,记录没有来源直报或空间匹配的地质单元。,在比例尺与边界不确定性允许时执行空间匹配，并记录地图源、版本、匹配方法和边界距离；否则保留缺失。,true
ITER|rec-293f49fb3f0df3647b6e3656678a278ef2f1d91f2baa084dc90d5f742c0c1698|ANALYTICAL_METHOD_MISSING|analytical_method|,rec-293f49fb3f0df3647b6e3656678a278ef2f1d91f2baa084dc90d5f742c0c1698,japan-gsj-geochemical-map,D1,warning,action_required,ANALYTICAL_METHOD_MISSING,analytical_method,,分析方法证据缺失，跨来源浓度与元素组合不可可靠比较。,回查数据字典、方法论文或记录级元数据；同时绑定 method_source_locator，未找到时保留缺失原因。,true
ITER|rec-293f49fb3f0df3647b6e3656678a278ef2f1d91f2baa084dc90d5f742c0c1698|GEOLOGIC_CONTEXT_MISSING|matched_geologic_unit|,rec-293f49fb3f0df3647b6e3656678a278ef2f1d91f2baa084dc90d5f742c0c1698,japan-gsj-geochemical-map,D2,info,review_required,GEOLOGIC_CONTEXT_MISSING,matched_geologic_unit,,记录没有来源直报或空间匹配的地质单元。,在比例尺与边界不确定性允许时执行空间匹配，并记录地图源、版本、匹配方法和边界距离；否则保留缺失。,true
ITER|rec-2a247a6a6c42e2f2d8ff563a23f4d54b4e02f497f4f197e3a12d85b8d184cb54|GEOLOGIC_CONTEXT_MISSING|matched_geologic_unit|,rec-2a247a6a6c42e2f2d8ff563a23f4d54b4e02f497f4f197e3a12d85b8d184cb54,foregs-subsoil,D2,info,review_required,GEOLOGIC_CONTEXT_MISSING,matched_geologic_unit,,记录没有来源直报或空间匹配的地质单元。,在比例尺与边界不确定性允许时执行空间匹配，并记录地图源、版本、匹配方法和边界距离；否则保留缺失。,true
ITER|rec-2a80e9df5d7fdfa91f25c6745b8b6feec90b33086b4ac4d8096b04863bd0f496|GEOLOGIC_CONTEXT_MISSING|matched_geologic_unit|,rec-2a80e9df5d7fdfa91f25c6745b8b6feec90b33086b4ac4d8096b04863bd0f496,foregs-stream-sediment,D2,info,review_required,GEOLOGIC_CONTEXT_MISSING,matched_geologic_unit,,记录没有来源直报或空间匹配的地质单元。,在比例尺与边界不确定性允许时执行空间匹配，并记录地图源、版本、匹配方法和边界距离；否则保留缺失。,true
ITER|rec-2b0efcb5d881538c385d98ffa013f89c649dab97dc44b4c6ff964e5ec6633021|CENSORED_OBSERVATION|censored|%3C,rec-2b0efcb5d881538c385d98ffa013f89c649dab97dc44b4c6ff964e5ec6633021,gemstat-open-archive,D2,info,scientific_limit,CENSORED_OBSERVATION,censored,<,这是检出限/定量限约束的删失观测，不等同于零，也不自动视为采集失败。,保留原始 qualifier 与 censoring limit；默认从普通相关和异常筛查中排除，或使用明确的删失统计模型。,false
ITER|rec-2b0efcb5d881538c385d98ffa013f89c649dab97dc44b4c6ff964e5ec6633021|GEOLOGIC_CONTEXT_MISSING|matched_geologic_unit|,rec-2b0efcb5d881538c385d98ffa013f89c649dab97dc44b4c6ff964e5ec6633021,gemstat-open-archive,D2,info,review_required,GEOLOGIC_CONTEXT_MISSING,matched_geologic_unit,,记录没有来源直报或空间匹配的地质单元。,在比例尺与边界不确定性允许时执行空间匹配，并记录地图源、版本、匹配方法和边界距离；否则保留缺失。,true
ITER|rec-2b36115e374fe9035fe14266d0f84012c1864f9ed40325be4e6666f2334e4bab|GEOLOGIC_CONTEXT_MISSING|matched_geologic_unit|,rec-2b36115e374fe9035fe14266d0f84012c1864f9ed40325be4e6666f2334e4bab,pangaea-north-africa-soil,D2,info,review_required,GEOLOGIC_CONTEXT_MISSING,matched_geologic_unit,,记录没有来源直报或空间匹配的地质单元。,在比例尺与边界不确定性允许时执行空间匹配，并记录地图源、版本、匹配方法和边界距离；否则保留缺失。,true
ITER|rec-2ba771961356f87f063ad00826bafe16ace935df6142578b88ce968011f4194e|GEOLOGIC_CONTEXT_MISSING|matched_geologic_unit|,rec-2ba771961356f87f063ad00826bafe16ace935df6142578b88ce968011f4194e,foregs-stream-sediment,D2,info,review_required,GEOLOGIC_CONTEXT_MISSING,matched_geologic_unit,,记录没有来源直报或空间匹配的地质单元。,在比例尺与边界不确定性允许时执行空间匹配，并记录地图源、版本、匹配方法和边界距离；否则保留缺失。,true
ITER|rec-2c3f342d770a14e8ce111d4a3fac0414c16f968c50a1eff470b2a93238d8916e|GEOLOGIC_CONTEXT_MISSING|matched_geologic_unit|,rec-2c3f342d770a14e8ce111d4a3fac0414c16f968c50a1eff470b2a93238d8916e,foregs-stream-water,D2,info,review_required,GEOLOGIC_CONTEXT_MISSING,matched_geologic_unit,,记录没有来源直报或空间匹配的地质单元。,在比例尺与边界不确定性允许时执行空间匹配，并记录地图源、版本、匹配方法和边界距离；否则保留缺失。,true
ITER|rec-2c4cdeb6a53a4490414feb24c368a5fe4c1845c4ec5befea419ecb3e5dbf07b7|GEOLOGIC_CONTEXT_MISSING|matched_geologic_unit|,rec-2c4cdeb6a53a4490414feb24c368a5fe4c1845c4ec5befea419ecb3e5dbf07b7,foregs-stream-sediment,D2,info,review_required,GEOLOGIC_CONTEXT_MISSING,matched_geologic_unit,,记录没有来源直报或空间匹配的地质单元。,在比例尺与边界不确定性允许时执行空间匹配，并记录地图源、版本、匹配方法和边界距离；否则保留缺失。,true
ITER|rec-2c4f094eac996c15fb97d31f5750e250bf86eb525a03ee87f48ebc4d51166a4c|ANALYTICAL_METHOD_MISSING|analytical_method|,rec-2c4f094eac996c15fb97d31f5750e250bf86eb525a03ee87f48ebc4d51166a4c,japan-gsj-geochemical-map,D1,warning,action_required,ANALYTICAL_METHOD_MISSING,analytical_method,,分析方法证据缺失，跨来源浓度与元素组合不可可靠比较。,回查数据字典、方法论文或记录级元数据；同时绑定 method_source_locator，未找到时保留缺失原因。,true
ITER|rec-2c4f094eac996c15fb97d31f5750e250bf86eb525a03ee87f48ebc4d51166a4c|GEOLOGIC_CONTEXT_MISSING|matched_geologic_unit|,rec-2c4f094eac996c15fb97d31f5750e250bf86eb525a03ee87f48ebc4d51166a4c,japan-gsj-geochemical-map,D2,info,review_required,GEOLOGIC_CONTEXT_MISSING,matched_geologic_unit,,记录没有来源直报或空间匹配的地质单元。,在比例尺与边界不确定性允许时执行空间匹配，并记录地图源、版本、匹配方法和边界距离；否则保留缺失。,true
ITER|rec-2c9187a23112aa6ab38dbe7dbe89b2bb2f30c02e205b73ccd434af5add7ff31d|COORDINATE_UNUSABLE|latitude%2Clongitude|%2C,rec-2c9187a23112aa6ab38dbe7dbe89b2bb2f30c02e205b73ccd434af5add7ff31d,afsis-phase-i-wet-chemistry,D1,error,action_required,COORDINATE_UNUSABLE,"latitude,longitude",",",WGS84 坐标缺失、非数值或超出合法范围，因此不能上图。,从原始来源恢复坐标与 CRS；若只提供区域名称，保留缺失并记录原因，不得填区域质心。,true
ITER|rec-2c9187a23112aa6ab38dbe7dbe89b2bb2f30c02e205b73ccd434af5add7ff31d|GEOLOGIC_CONTEXT_MISSING|matched_geologic_unit|,rec-2c9187a23112aa6ab38dbe7dbe89b2bb2f30c02e205b73ccd434af5add7ff31d,afsis-phase-i-wet-chemistry,D2,info,review_required,GEOLOGIC_CONTEXT_MISSING,matched_geologic_unit,,记录没有来源直报或空间匹配的地质单元。,在比例尺与边界不确定性允许时执行空间匹配，并记录地图源、版本、匹配方法和边界距离；否则保留缺失。,true
ITER|rec-2cefb59236050d3f8b9ed91bd2a1e5ffccdd862428f3a8ea3c6e90b337efdfd3|GEOLOGIC_CONTEXT_MISSING|matched_geologic_unit|,rec-2cefb59236050d3f8b9ed91bd2a1e5ffccdd862428f3a8ea3c6e90b337efdfd3,foregs-subsoil,D2,info,review_required,GEOLOGIC_CONTEXT_MISSING,matched_geologic_unit,,记录没有来源直报或空间匹配的地质单元。,在比例尺与边界不确定性允许时执行空间匹配，并记录地图源、版本、匹配方法和边界距离；否则保留缺失。,true
ITER|rec-2d1f984d90d977e64bcbb78c2e649cc8a1cbf11dd5b1aa754237bc9347d5e715|GEOLOGIC_CONTEXT_MISSING|matched_geologic_unit|,rec-2d1f984d90d977e64bcbb78c2e649cc8a1cbf11dd5b1aa754237bc9347d5e715,norway-marchem,D2,info,review_required,GEOLOGIC_CONTEXT_MISSING,matched_geologic_unit,,记录没有来源直报或空间匹配的地质单元。,在比例尺与边界不确定性允许时执行空间匹配，并记录地图源、版本、匹配方法和边界距离；否则保留缺失。,true
ITER|rec-2d2eb3e26bef30a0a5f34fa022b747a67b386a47472d80fdd29c98032e7c56cf|GEOLOGIC_CONTEXT_MISSING|matched_geologic_unit|,rec-2d2eb3e26bef30a0a5f34fa022b747a67b386a47472d80fdd29c98032e7c56cf,foregs-stream-water,D2,info,review_required,GEOLOGIC_CONTEXT_MISSING,matched_geologic_unit,,记录没有来源直报或空间匹配的地质单元。,在比例尺与边界不确定性允许时执行空间匹配，并记录地图源、版本、匹配方法和边界距离；否则保留缺失。,true
ITER|rec-2dd32819d516f0d8ac73dcdf9d41c174b73324ffc2b12c7a767941226604f1fd|CENSORED_OBSERVATION|censored|%3C,rec-2dd32819d516f0d8ac73dcdf9d41c174b73324ffc2b12c7a767941226604f1fd,gemstat-open-archive,D2,info,scientific_limit,CENSORED_OBSERVATION,censored,<,这是检出限/定量限约束的删失观测，不等同于零，也不自动视为采集失败。,保留原始 qualifier 与 censoring limit；默认从普通相关和异常筛查中排除，或使用明确的删失统计模型。,false
ITER|rec-2dd32819d516f0d8ac73dcdf9d41c174b73324ffc2b12c7a767941226604f1fd|GEOLOGIC_CONTEXT_MISSING|matched_geologic_unit|,rec-2dd32819d516f0d8ac73dcdf9d41c174b73324ffc2b12c7a767941226604f1fd,gemstat-open-archive,D2,info,review_required,GEOLOGIC_CONTEXT_MISSING,matched_geologic_unit,,记录没有来源直报或空间匹配的地质单元。,在比例尺与边界不确定性允许时执行空间匹配，并记录地图源、版本、匹配方法和边界距离；否则保留缺失。,true
ITER|rec-2e44d08df16d6bae715fd42e7097a2abd435909a5684034620e711982858e6ec|ANALYTICAL_METHOD_MISSING|analytical_method|,rec-2e44d08df16d6bae715fd42e7097a2abd435909a5684034620e711982858e6ec,georoc-archaean,D1,warning,action_required,ANALYTICAL_METHOD_MISSING,analytical_method,,分析方法证据缺失，跨来源浓度与元素组合不可可靠比较。,回查数据字典、方法论文或记录级元数据；同时绑定 method_source_locator，未找到时保留缺失原因。,true
ITER|rec-2e44d08df16d6bae715fd42e7097a2abd435909a5684034620e711982858e6ec|COORDINATE_UNUSABLE|latitude%2Clongitude|%2C,rec-2e44d08df16d6bae715fd42e7097a2abd435909a5684034620e711982858e6ec,georoc-archaean,D1,error,action_required,COORDINATE_UNUSABLE,"latitude,longitude",",",WGS84 坐标缺失、非数值或超出合法范围，因此不能上图。,从原始来源恢复坐标与 CRS；若只提供区域名称，保留缺失并记录原因，不得填区域质心。,true
ITER|rec-2e44d08df16d6bae715fd42e7097a2abd435909a5684034620e711982858e6ec|GEOLOGIC_CONTEXT_MISSING|matched_geologic_unit|,rec-2e44d08df16d6bae715fd42e7097a2abd435909a5684034620e711982858e6ec,georoc-archaean,D2,info,review_required,GEOLOGIC_CONTEXT_MISSING,matched_geologic_unit,,记录没有来源直报或空间匹配的地质单元。,在比例尺与边界不确定性允许时执行空间匹配，并记录地图源、版本、匹配方法和边界距离；否则保留缺失。,true
ITER|rec-2e7614a9420433c930495b7e1e3824681917741be262eacb719d2c88d7275c1d|GEOLOGIC_CONTEXT_MISSING|matched_geologic_unit|,rec-2e7614a9420433c930495b7e1e3824681917741be262eacb719d2c88d7275c1d,foregs-humus,D2,info,review_required,GEOLOGIC_CONTEXT_MISSING,matched_geologic_unit,,记录没有来源直报或空间匹配的地质单元。,在比例尺与边界不确定性允许时执行空间匹配，并记录地图源、版本、匹配方法和边界距离；否则保留缺失。,true
ITER|rec-2fc44538f7966b251dd8a58416ebf1005d182995c9edd4ee75babf43afc87f39|GEOLOGIC_CONTEXT_MISSING|matched_geologic_unit|,rec-2fc44538f7966b251dd8a58416ebf1005d182995c9edd4ee75babf43afc87f39,pangaea-north-africa-soil,D2,info,review_required,GEOLOGIC_CONTEXT_MISSING,matched_geologic_unit,,记录没有来源直报或空间匹配的地质单元。,在比例尺与边界不确定性允许时执行空间匹配，并记录地图源、版本、匹配方法和边界距离；否则保留缺失。,true
ITER|rec-3038ee1520fee2721c3599446a3d68595c58d3d5514071612d9640814b29f6d6|GEOLOGIC_CONTEXT_MISSING|matched_geologic_unit|,rec-3038ee1520fee2721c3599446a3d68595c58d3d5514071612d9640814b29f6d6,geotraces-idp2025,D2,info,review_required,GEOLOGIC_CONTEXT_MISSING,matched_geologic_unit,,记录没有来源直报或空间匹配的地质单元。,在比例尺与边界不确定性允许时执行空间匹配，并记录地图源、版本、匹配方法和边界距离；否则保留缺失。,true
ITER|rec-30a1dd8cfbcc6ef871ad009f6caf96a0075ca9b51adfda46d5ce0444bbc39b24|GEOLOGIC_CONTEXT_MISSING|matched_geologic_unit|,rec-30a1dd8cfbcc6ef871ad009f6caf96a0075ca9b51adfda46d5ce0444bbc39b24,foregs-topsoil,D2,info,review_required,GEOLOGIC_CONTEXT_MISSING,matched_geologic_unit,,记录没有来源直报或空间匹配的地质单元。,在比例尺与边界不确定性允许时执行空间匹配，并记录地图源、版本、匹配方法和边界距离；否则保留缺失。,true
ITER|rec-30e1f90ee0c06b36203e61c127a1554a000b049ee2371827fa79b422c238ae1d|GEOLOGIC_CONTEXT_MISSING|matched_geologic_unit|,rec-30e1f90ee0c06b36203e61c127a1554a000b049ee2371827fa79b422c238ae1d,us-wqp-sacramento-river-arsenic,D2,info,review_required,GEOLOGIC_CONTEXT_MISSING,matched_geologic_unit,,记录没有来源直报或空间匹配的地质单元。,在比例尺与边界不确定性允许时执行空间匹配，并记录地图源、版本、匹配方法和边界距离；否则保留缺失。,true
ITER|rec-31616c6d06c177e97b6909c770cccde2fb2d75828d6a72072fd44d9e9039c43c|GEOLOGIC_CONTEXT_MISSING|matched_geologic_unit|,rec-31616c6d06c177e97b6909c770cccde2fb2d75828d6a72072fd44d9e9039c43c,norway-marchem,D2,info,review_required,GEOLOGIC_CONTEXT_MISSING,matched_geologic_unit,,记录没有来源直报或空间匹配的地质单元。,在比例尺与边界不确定性允许时执行空间匹配，并记录地图源、版本、匹配方法和边界距离；否则保留缺失。,true
ITER|rec-31c2cbe87dd5978155a033d450ad578066466b24bfb3816b15c856240d559fe9|GEOLOGIC_CONTEXT_MISSING|matched_geologic_unit|,rec-31c2cbe87dd5978155a033d450ad578066466b24bfb3816b15c856240d559fe9,norway-marchem,D2,info,review_required,GEOLOGIC_CONTEXT_MISSING,matched_geologic_unit,,记录没有来源直报或空间匹配的地质单元。,在比例尺与边界不确定性允许时执行空间匹配，并记录地图源、版本、匹配方法和边界距离；否则保留缺失。,true
ITER|rec-32c8126a9278d6daae7a65584f9619c58364f7d5d13bdb569dead1c802aef6be|GEOLOGIC_CONTEXT_MISSING|matched_geologic_unit|,rec-32c8126a9278d6daae7a65584f9619c58364f7d5d13bdb569dead1c802aef6be,foregs-humus,D2,info,review_required,GEOLOGIC_CONTEXT_MISSING,matched_geologic_unit,,记录没有来源直报或空间匹配的地质单元。,在比例尺与边界不确定性允许时执行空间匹配，并记录地图源、版本、匹配方法和边界距离；否则保留缺失。,true
ITER|rec-3342739c6d4eb85d63b6385f85043bf2e6731f2c691167fb33df6ccf900c8a77|CENSORED_OBSERVATION|censored|%3C,rec-3342739c6d4eb85d63b6385f85043bf2e6731f2c691167fb33df6ccf900c8a77,gemstat-open-archive,D2,info,scientific_limit,CENSORED_OBSERVATION,censored,<,这是检出限/定量限约束的删失观测，不等同于零，也不自动视为采集失败。,保留原始 qualifier 与 censoring limit；默认从普通相关和异常筛查中排除，或使用明确的删失统计模型。,false
ITER|rec-3342739c6d4eb85d63b6385f85043bf2e6731f2c691167fb33df6ccf900c8a77|GEOLOGIC_CONTEXT_MISSING|matched_geologic_unit|,rec-3342739c6d4eb85d63b6385f85043bf2e6731f2c691167fb33df6ccf900c8a77,gemstat-open-archive,D2,info,review_required,GEOLOGIC_CONTEXT_MISSING,matched_geologic_unit,,记录没有来源直报或空间匹配的地质单元。,在比例尺与边界不确定性允许时执行空间匹配，并记录地图源、版本、匹配方法和边界距离；否则保留缺失。,true
ITER|rec-33b454764827453eca26323919da46e5dca1e264621aa14067d2d9a92f6fc75d|CENSORED_OBSERVATION|censored|%3C,rec-33b454764827453eca26323919da46e5dca1e264621aa14067d2d9a92f6fc75d,gemstat-open-archive,D2,info,scientific_limit,CENSORED_OBSERVATION,censored,<,这是检出限/定量限约束的删失观测，不等同于零，也不自动视为采集失败。,保留原始 qualifier 与 censoring limit；默认从普通相关和异常筛查中排除，或使用明确的删失统计模型。,false
ITER|rec-33b454764827453eca26323919da46e5dca1e264621aa14067d2d9a92f6fc75d|GEOLOGIC_CONTEXT_MISSING|matched_geologic_unit|,rec-33b454764827453eca26323919da46e5dca1e264621aa14067d2d9a92f6fc75d,gemstat-open-archive,D2,info,review_required,GEOLOGIC_CONTEXT_MISSING,matched_geologic_unit,,记录没有来源直报或空间匹配的地质单元。,在比例尺与边界不确定性允许时执行空间匹配，并记录地图源、版本、匹配方法和边界距离；否则保留缺失。,true
ITER|rec-34436ad304982dce48ec48df5d09e906448c4effeb5cc6a325eaa574b08170eb|GEOLOGIC_CONTEXT_MISSING|matched_geologic_unit|,rec-34436ad304982dce48ec48df5d09e906448c4effeb5cc6a325eaa574b08170eb,foregs-stream-water,D2,info,review_required,GEOLOGIC_CONTEXT_MISSING,matched_geologic_unit,,记录没有来源直报或空间匹配的地质单元。,在比例尺与边界不确定性允许时执行空间匹配，并记录地图源、版本、匹配方法和边界距离；否则保留缺失。,true
ITER|rec-3491f52245b1e473a1bef745713d42ca9b8877db83745d2816c78e2f5418dea8|GEOLOGIC_CONTEXT_MISSING|matched_geologic_unit|,rec-3491f52245b1e473a1bef745713d42ca9b8877db83745d2816c78e2f5418dea8,pangaea-north-africa-soil,D2,info,review_required,GEOLOGIC_CONTEXT_MISSING,matched_geologic_unit,,记录没有来源直报或空间匹配的地质单元。,在比例尺与边界不确定性允许时执行空间匹配，并记录地图源、版本、匹配方法和边界距离；否则保留缺失。,true
ITER|rec-349341fa8b0175acd7213614b783429bef5ddc8b9201a89f02cff07fd044595d|GEOLOGIC_CONTEXT_MISSING|matched_geologic_unit|,rec-349341fa8b0175acd7213614b783429bef5ddc8b9201a89f02cff07fd044595d,foregs-stream-water,D2,info,review_required,GEOLOGIC_CONTEXT_MISSING,matched_geologic_unit,,记录没有来源直报或空间匹配的地质单元。,在比例尺与边界不确定性允许时执行空间匹配，并记录地图源、版本、匹配方法和边界距离；否则保留缺失。,true
ITER|rec-34e4b07bb7edb6a752f2e296b7f820a5c5807eb3ca27d7c0fa296343ec19bdfc|CENSORED_OBSERVATION|censored|%3C,rec-34e4b07bb7edb6a752f2e296b7f820a5c5807eb3ca27d7c0fa296343ec19bdfc,gemstat-open-archive,D2,info,scientific_limit,CENSORED_OBSERVATION,censored,<,这是检出限/定量限约束的删失观测，不等同于零，也不自动视为采集失败。,保留原始 qualifier 与 censoring limit；默认从普通相关和异常筛查中排除，或使用明确的删失统计模型。,false
ITER|rec-34e4b07bb7edb6a752f2e296b7f820a5c5807eb3ca27d7c0fa296343ec19bdfc|GEOLOGIC_CONTEXT_MISSING|matched_geologic_unit|,rec-34e4b07bb7edb6a752f2e296b7f820a5c5807eb3ca27d7c0fa296343ec19bdfc,gemstat-open-archive,D2,info,review_required,GEOLOGIC_CONTEXT_MISSING,matched_geologic_unit,,记录没有来源直报或空间匹配的地质单元。,在比例尺与边界不确定性允许时执行空间匹配，并记录地图源、版本、匹配方法和边界距离；否则保留缺失。,true
ITER|rec-35098c498ff5fe870e4efe974d3dfd4d27f45d9d5d6571106d1ee3e9edec5fe6|CENSORED_OBSERVATION|censored|%3C,rec-35098c498ff5fe870e4efe974d3dfd4d27f45d9d5d6571106d1ee3e9edec5fe6,gemstat-open-archive,D2,info,scientific_limit,CENSORED_OBSERVATION,censored,<,这是检出限/定量限约束的删失观测，不等同于零，也不自动视为采集失败。,保留原始 qualifier 与 censoring limit；默认从普通相关和异常筛查中排除，或使用明确的删失统计模型。,false
ITER|rec-35098c498ff5fe870e4efe974d3dfd4d27f45d9d5d6571106d1ee3e9edec5fe6|GEOLOGIC_CONTEXT_MISSING|matched_geologic_unit|,rec-35098c498ff5fe870e4efe974d3dfd4d27f45d9d5d6571106d1ee3e9edec5fe6,gemstat-open-archive,D2,info,review_required,GEOLOGIC_CONTEXT_MISSING,matched_geologic_unit,,记录没有来源直报或空间匹配的地质单元。,在比例尺与边界不确定性允许时执行空间匹配，并记录地图源、版本、匹配方法和边界距离；否则保留缺失。,true
ITER|rec-36bd686e2ffc34b97c44537ccfcf18a105d14230e811a9cafc6d4dc44f71c4e1|GEOLOGIC_CONTEXT_MISSING|matched_geologic_unit|,rec-36bd686e2ffc34b97c44537ccfcf18a105d14230e811a9cafc6d4dc44f71c4e1,foregs-stream-sediment,D2,info,review_required,GEOLOGIC_CONTEXT_MISSING,matched_geologic_unit,,记录没有来源直报或空间匹配的地质单元。,在比例尺与边界不确定性允许时执行空间匹配，并记录地图源、版本、匹配方法和边界距离；否则保留缺失。,true
ITER|rec-36e349518dc11ab45ec02981c916d5821c1253e9b82ffe48e6b741414f85629b|GEOLOGIC_CONTEXT_MISSING|matched_geologic_unit|,rec-36e349518dc11ab45ec02981c916d5821c1253e9b82ffe48e6b741414f85629b,foregs-stream-sediment,D2,info,review_required,GEOLOGIC_CONTEXT_MISSING,matched_geologic_unit,,记录没有来源直报或空间匹配的地质单元。,在比例尺与边界不确定性允许时执行空间匹配，并记录地图源、版本、匹配方法和边界距离；否则保留缺失。,true
ITER|rec-36ea432335848889af4f910bfa5500c6fe48afa1893ed0edb224a50ccd1adef7|COORDINATE_UNUSABLE|latitude%2Clongitude|%2C,rec-36ea432335848889af4f910bfa5500c6fe48afa1893ed0edb224a50ccd1adef7,afsis-phase-i-wet-chemistry,D1,error,action_required,COORDINATE_UNUSABLE,"latitude,longitude",",",WGS84 坐标缺失、非数值或超出合法范围，因此不能上图。,从原始来源恢复坐标与 CRS；若只提供区域名称，保留缺失并记录原因，不得填区域质心。,true
ITER|rec-36ea432335848889af4f910bfa5500c6fe48afa1893ed0edb224a50ccd1adef7|GEOLOGIC_CONTEXT_MISSING|matched_geologic_unit|,rec-36ea432335848889af4f910bfa5500c6fe48afa1893ed0edb224a50ccd1adef7,afsis-phase-i-wet-chemistry,D2,info,review_required,GEOLOGIC_CONTEXT_MISSING,matched_geologic_unit,,记录没有来源直报或空间匹配的地质单元。,在比例尺与边界不确定性允许时执行空间匹配，并记录地图源、版本、匹配方法和边界距离；否则保留缺失。,true
ITER|rec-37696a31a1265b0538d458c22fcf35b1776fa5f7ade6518206ef7f5703f12a0f|GEOLOGIC_CONTEXT_MISSING|matched_geologic_unit|,rec-37696a31a1265b0538d458c22fcf35b1776fa5f7ade6518206ef7f5703f12a0f,pangaea-north-africa-soil,D2,info,review_required,GEOLOGIC_CONTEXT_MISSING,matched_geologic_unit,,记录没有来源直报或空间匹配的地质单元。,在比例尺与边界不确定性允许时执行空间匹配，并记录地图源、版本、匹配方法和边界距离；否则保留缺失。,true
ITER|rec-3769f86f880777e112dc0545af7610641cc1eed637150b657d13bb58938e957d|COORDINATE_UNUSABLE|latitude%2Clongitude|%2C,rec-3769f86f880777e112dc0545af7610641cc1eed637150b657d13bb58938e957d,afsis-phase-i-wet-chemistry,D1,error,action_required,COORDINATE_UNUSABLE,"latitude,longitude",",",WGS84 坐标缺失、非数值或超出合法范围，因此不能上图。,从原始来源恢复坐标与 CRS；若只提供区域名称，保留缺失并记录原因，不得填区域质心。,true
ITER|rec-3769f86f880777e112dc0545af7610641cc1eed637150b657d13bb58938e957d|GEOLOGIC_CONTEXT_MISSING|matched_geologic_unit|,rec-3769f86f880777e112dc0545af7610641cc1eed637150b657d13bb58938e957d,afsis-phase-i-wet-chemistry,D2,info,review_required,GEOLOGIC_CONTEXT_MISSING,matched_geologic_unit,,记录没有来源直报或空间匹配的地质单元。,在比例尺与边界不确定性允许时执行空间匹配，并记录地图源、版本、匹配方法和边界距离；否则保留缺失。,true
ITER|rec-37c038ead54350509ebdac3722c152b68995e8c430e697c22c7e5ad4a7da1b59|GEOLOGIC_CONTEXT_MISSING|matched_geologic_unit|,rec-37c038ead54350509ebdac3722c152b68995e8c430e697c22c7e5ad4a7da1b59,foregs-subsoil,D2,info,review_required,GEOLOGIC_CONTEXT_MISSING,matched_geologic_unit,,记录没有来源直报或空间匹配的地质单元。,在比例尺与边界不确定性允许时执行空间匹配，并记录地图源、版本、匹配方法和边界距离；否则保留缺失。,true
ITER|rec-397df3634c82929c1c1a85911cd1a0f6752923dc2ac00ca91baaca1fcdb4a09b|GEOLOGIC_CONTEXT_MISSING|matched_geologic_unit|,rec-397df3634c82929c1c1a85911cd1a0f6752923dc2ac00ca91baaca1fcdb4a09b,geotraces-idp2025,D2,info,review_required,GEOLOGIC_CONTEXT_MISSING,matched_geologic_unit,,记录没有来源直报或空间匹配的地质单元。,在比例尺与边界不确定性允许时执行空间匹配，并记录地图源、版本、匹配方法和边界距离；否则保留缺失。,true
ITER|rec-39cdb8d7ca1f0f4e69f0101d5487d1dba24ba20d1b1bf0aa7dbebfe4a1e927ea|GEOLOGIC_CONTEXT_MISSING|matched_geologic_unit|,rec-39cdb8d7ca1f0f4e69f0101d5487d1dba24ba20d1b1bf0aa7dbebfe4a1e927ea,foregs-subsoil,D2,info,review_required,GEOLOGIC_CONTEXT_MISSING,matched_geologic_unit,,记录没有来源直报或空间匹配的地质单元。,在比例尺与边界不确定性允许时执行空间匹配，并记录地图源、版本、匹配方法和边界距离；否则保留缺失。,true
ITER|rec-39e237a15a1c7295a2550c041019620060af5532dc34f5557c5ff16523da17dd|GEOLOGIC_CONTEXT_MISSING|matched_geologic_unit|,rec-39e237a15a1c7295a2550c041019620060af5532dc34f5557c5ff16523da17dd,foregs-stream-sediment,D2,info,review_required,GEOLOGIC_CONTEXT_MISSING,matched_geologic_unit,,记录没有来源直报或空间匹配的地质单元。,在比例尺与边界不确定性允许时执行空间匹配，并记录地图源、版本、匹配方法和边界距离；否则保留缺失。,true
ITER|rec-39eae665e80dc3e7fb2693b25141781e2d3f8f3e237baf37c3e530bc009de60d|GEOLOGIC_CONTEXT_MISSING|matched_geologic_unit|,rec-39eae665e80dc3e7fb2693b25141781e2d3f8f3e237baf37c3e530bc009de60d,foregs-stream-sediment,D2,info,review_required,GEOLOGIC_CONTEXT_MISSING,matched_geologic_unit,,记录没有来源直报或空间匹配的地质单元。,在比例尺与边界不确定性允许时执行空间匹配，并记录地图源、版本、匹配方法和边界距离；否则保留缺失。,true
ITER|rec-3a558f426e83194e733ff6301b65352f487e29eec54c562f73f812661b4731d3|GEOLOGIC_CONTEXT_MISSING|matched_geologic_unit|,rec-3a558f426e83194e733ff6301b65352f487e29eec54c562f73f812661b4731d3,norway-marchem,D2,info,review_required,GEOLOGIC_CONTEXT_MISSING,matched_geologic_unit,,记录没有来源直报或空间匹配的地质单元。,在比例尺与边界不确定性允许时执行空间匹配，并记录地图源、版本、匹配方法和边界距离；否则保留缺失。,true
ITER|rec-3aa0f16b264a543223eae552b4b3e9ca927bc81629f9d39672b15d25a1ad3315|GEOLOGIC_CONTEXT_MISSING|matched_geologic_unit|,rec-3aa0f16b264a543223eae552b4b3e9ca927bc81629f9d39672b15d25a1ad3315,norway-marchem,D2,info,review_required,GEOLOGIC_CONTEXT_MISSING,matched_geologic_unit,,记录没有来源直报或空间匹配的地质单元。,在比例尺与边界不确定性允许时执行空间匹配，并记录地图源、版本、匹配方法和边界距离；否则保留缺失。,true
ITER|rec-3ab4d3c800dea1c72044ad3b8ef8804cc90af1667959847e19739bead66a6470|GEOLOGIC_CONTEXT_MISSING|matched_geologic_unit|,rec-3ab4d3c800dea1c72044ad3b8ef8804cc90af1667959847e19739bead66a6470,foregs-floodplain-sediment,D2,info,review_required,GEOLOGIC_CONTEXT_MISSING,matched_geologic_unit,,记录没有来源直报或空间匹配的地质单元。,在比例尺与边界不确定性允许时执行空间匹配，并记录地图源、版本、匹配方法和边界距离；否则保留缺失。,true
ITER|rec-3ab613e70f7fabc998ced2eb42be719d5bd9a6dbf3d4319b830c52e57dd14a0a|ANALYTICAL_METHOD_MISSING|analytical_method|,rec-3ab613e70f7fabc998ced2eb42be719d5bd9a6dbf3d4319b830c52e57dd14a0a,japan-gsj-geochemical-map,D1,warning,action_required,ANALYTICAL_METHOD_MISSING,analytical_method,,分析方法证据缺失，跨来源浓度与元素组合不可可靠比较。,回查数据字典、方法论文或记录级元数据；同时绑定 method_source_locator，未找到时保留缺失原因。,true
ITER|rec-3ab613e70f7fabc998ced2eb42be719d5bd9a6dbf3d4319b830c52e57dd14a0a|GEOLOGIC_CONTEXT_MISSING|matched_geologic_unit|,rec-3ab613e70f7fabc998ced2eb42be719d5bd9a6dbf3d4319b830c52e57dd14a0a,japan-gsj-geochemical-map,D2,info,review_required,GEOLOGIC_CONTEXT_MISSING,matched_geologic_unit,,记录没有来源直报或空间匹配的地质单元。,在比例尺与边界不确定性允许时执行空间匹配，并记录地图源、版本、匹配方法和边界距离；否则保留缺失。,true
ITER|rec-3b2b021a5c68154b6a18264455af137f1c30b4c8960093cf2a218f8f19a0fb62|ANALYTICAL_METHOD_MISSING|analytical_method|,rec-3b2b021a5c68154b6a18264455af137f1c30b4c8960093cf2a218f8f19a0fb62,japan-gsj-geochemical-map,D1,warning,action_required,ANALYTICAL_METHOD_MISSING,analytical_method,,分析方法证据缺失，跨来源浓度与元素组合不可可靠比较。,回查数据字典、方法论文或记录级元数据；同时绑定 method_source_locator，未找到时保留缺失原因。,true
ITER|rec-3b2b021a5c68154b6a18264455af137f1c30b4c8960093cf2a218f8f19a0fb62|GEOLOGIC_CONTEXT_MISSING|matched_geologic_unit|,rec-3b2b021a5c68154b6a18264455af137f1c30b4c8960093cf2a218f8f19a0fb62,japan-gsj-geochemical-map,D2,info,review_required,GEOLOGIC_CONTEXT_MISSING,matched_geologic_unit,,记录没有来源直报或空间匹配的地质单元。,在比例尺与边界不确定性允许时执行空间匹配，并记录地图源、版本、匹配方法和边界距离；否则保留缺失。,true
ITER|rec-3b84f5c13942249102e3b4131417e7c35f3bf0748d90aa35fea445482cc5a39a|COORDINATE_UNUSABLE|latitude%2Clongitude|%2C,rec-3b84f5c13942249102e3b4131417e7c35f3bf0748d90aa35fea445482cc5a39a,afsis-phase-i-wet-chemistry,D1,error,action_required,COORDINATE_UNUSABLE,"latitude,longitude",",",WGS84 坐标缺失、非数值或超出合法范围，因此不能上图。,从原始来源恢复坐标与 CRS；若只提供区域名称，保留缺失并记录原因，不得填区域质心。,true
ITER|rec-3b84f5c13942249102e3b4131417e7c35f3bf0748d90aa35fea445482cc5a39a|GEOLOGIC_CONTEXT_MISSING|matched_geologic_unit|,rec-3b84f5c13942249102e3b4131417e7c35f3bf0748d90aa35fea445482cc5a39a,afsis-phase-i-wet-chemistry,D2,info,review_required,GEOLOGIC_CONTEXT_MISSING,matched_geologic_unit,,记录没有来源直报或空间匹配的地质单元。,在比例尺与边界不确定性允许时执行空间匹配，并记录地图源、版本、匹配方法和边界距离；否则保留缺失。,true
ITER|rec-3b978c5bec4b0d6d314fe97ef0bf40211f4147d828ee479b37d587c4e57153f0|GEOLOGIC_CONTEXT_MISSING|matched_geologic_unit|,rec-3b978c5bec4b0d6d314fe97ef0bf40211f4147d828ee479b37d587c4e57153f0,foregs-stream-sediment,D2,info,review_required,GEOLOGIC_CONTEXT_MISSING,matched_geologic_unit,,记录没有来源直报或空间匹配的地质单元。,在比例尺与边界不确定性允许时执行空间匹配，并记录地图源、版本、匹配方法和边界距离；否则保留缺失。,true
ITER|rec-3c16ad2e1590d783c6112c2c8138490dedd2a64edc36c03ed3276018b7544aa7|ANALYTICAL_METHOD_MISSING|analytical_method|,rec-3c16ad2e1590d783c6112c2c8138490dedd2a64edc36c03ed3276018b7544aa7,usgs-conus-soil,D1,warning,action_required,ANALYTICAL_METHOD_MISSING,analytical_method,,分析方法证据缺失，跨来源浓度与元素组合不可可靠比较。,回查数据字典、方法论文或记录级元数据；同时绑定 method_source_locator，未找到时保留缺失原因。,true
ITER|rec-3c16ad2e1590d783c6112c2c8138490dedd2a64edc36c03ed3276018b7544aa7|GEOLOGIC_CONTEXT_MISSING|matched_geologic_unit|,rec-3c16ad2e1590d783c6112c2c8138490dedd2a64edc36c03ed3276018b7544aa7,usgs-conus-soil,D2,info,review_required,GEOLOGIC_CONTEXT_MISSING,matched_geologic_unit,,记录没有来源直报或空间匹配的地质单元。,在比例尺与边界不确定性允许时执行空间匹配，并记录地图源、版本、匹配方法和边界距离；否则保留缺失。,true
ITER|rec-3c6426eec226fe822a76f838aff3ba045292634c1222f3f36d2241ca150db7ae|GEOLOGIC_CONTEXT_MISSING|matched_geologic_unit|,rec-3c6426eec226fe822a76f838aff3ba045292634c1222f3f36d2241ca150db7ae,foregs-topsoil,D2,info,review_required,GEOLOGIC_CONTEXT_MISSING,matched_geologic_unit,,记录没有来源直报或空间匹配的地质单元。,在比例尺与边界不确定性允许时执行空间匹配，并记录地图源、版本、匹配方法和边界距离；否则保留缺失。,true
ITER|rec-3ccc3d16b8f8f7c28673d769b01c29c0b56731f7f49ce2e75a52b239c433af7b|ANALYTICAL_METHOD_MISSING|analytical_method|,rec-3ccc3d16b8f8f7c28673d769b01c29c0b56731f7f49ce2e75a52b239c433af7b,georoc-archaean,D1,warning,action_required,ANALYTICAL_METHOD_MISSING,analytical_method,,分析方法证据缺失，跨来源浓度与元素组合不可可靠比较。,回查数据字典、方法论文或记录级元数据；同时绑定 method_source_locator，未找到时保留缺失原因。,true
ITER|rec-3ccc3d16b8f8f7c28673d769b01c29c0b56731f7f49ce2e75a52b239c433af7b|COORDINATE_UNUSABLE|latitude%2Clongitude|%2C,rec-3ccc3d16b8f8f7c28673d769b01c29c0b56731f7f49ce2e75a52b239c433af7b,georoc-archaean,D1,error,action_required,COORDINATE_UNUSABLE,"latitude,longitude",",",WGS84 坐标缺失、非数值或超出合法范围，因此不能上图。,从原始来源恢复坐标与 CRS；若只提供区域名称，保留缺失并记录原因，不得填区域质心。,true
ITER|rec-3ccc3d16b8f8f7c28673d769b01c29c0b56731f7f49ce2e75a52b239c433af7b|GEOLOGIC_CONTEXT_MISSING|matched_geologic_unit|,rec-3ccc3d16b8f8f7c28673d769b01c29c0b56731f7f49ce2e75a52b239c433af7b,georoc-archaean,D2,info,review_required,GEOLOGIC_CONTEXT_MISSING,matched_geologic_unit,,记录没有来源直报或空间匹配的地质单元。,在比例尺与边界不确定性允许时执行空间匹配，并记录地图源、版本、匹配方法和边界距离；否则保留缺失。,true
ITER|rec-3d1aa7fe74ed5ff3cd4fad2dbe731d108429277fe1b8389ed74b2da37686b938|GEOLOGIC_CONTEXT_MISSING|matched_geologic_unit|,rec-3d1aa7fe74ed5ff3cd4fad2dbe731d108429277fe1b8389ed74b2da37686b938,foregs-stream-water,D2,info,review_required,GEOLOGIC_CONTEXT_MISSING,matched_geologic_unit,,记录没有来源直报或空间匹配的地质单元。,在比例尺与边界不确定性允许时执行空间匹配，并记录地图源、版本、匹配方法和边界距离；否则保留缺失。,true
ITER|rec-3d3d06e661bd1eea408d0f3b23f4d3430d4d12987b5dad1672c2b2299328675f|GEOLOGIC_CONTEXT_MISSING|matched_geologic_unit|,rec-3d3d06e661bd1eea408d0f3b23f4d3430d4d12987b5dad1672c2b2299328675f,foregs-topsoil,D2,info,review_required,GEOLOGIC_CONTEXT_MISSING,matched_geologic_unit,,记录没有来源直报或空间匹配的地质单元。,在比例尺与边界不确定性允许时执行空间匹配，并记录地图源、版本、匹配方法和边界距离；否则保留缺失。,true
ITER|rec-3d486c1740e456d61ac50fe93c615a7700af71dfff03016b64022a0868f73894|GEOLOGIC_CONTEXT_MISSING|matched_geologic_unit|,rec-3d486c1740e456d61ac50fe93c615a7700af71dfff03016b64022a0868f73894,foregs-subsoil,D2,info,review_required,GEOLOGIC_CONTEXT_MISSING,matched_geologic_unit,,记录没有来源直报或空间匹配的地质单元。,在比例尺与边界不确定性允许时执行空间匹配，并记录地图源、版本、匹配方法和边界距离；否则保留缺失。,true
ITER|rec-3d914598b94d37829a57498b3e37d4a950cb595f8c4335a12ead3c76ecb8af53|GEOLOGIC_CONTEXT_MISSING|matched_geologic_unit|,rec-3d914598b94d37829a57498b3e37d4a950cb595f8c4335a12ead3c76ecb8af53,norway-marchem,D2,info,review_required,GEOLOGIC_CONTEXT_MISSING,matched_geologic_unit,,记录没有来源直报或空间匹配的地质单元。,在比例尺与边界不确定性允许时执行空间匹配，并记录地图源、版本、匹配方法和边界距离；否则保留缺失。,true
ITER|rec-3dbc3b864c13a28792c9fd4e620d03eadbf5126f67c387c302cfd74d1550eaa2|CENSORED_OBSERVATION|censored|%3C,rec-3dbc3b864c13a28792c9fd4e620d03eadbf5126f67c387c302cfd74d1550eaa2,gemstat-open-archive,D2,info,scientific_limit,CENSORED_OBSERVATION,censored,<,这是检出限/定量限约束的删失观测，不等同于零，也不自动视为采集失败。,保留原始 qualifier 与 censoring limit；默认从普通相关和异常筛查中排除，或使用明确的删失统计模型。,false
ITER|rec-3dbc3b864c13a28792c9fd4e620d03eadbf5126f67c387c302cfd74d1550eaa2|GEOLOGIC_CONTEXT_MISSING|matched_geologic_unit|,rec-3dbc3b864c13a28792c9fd4e620d03eadbf5126f67c387c302cfd74d1550eaa2,gemstat-open-archive,D2,info,review_required,GEOLOGIC_CONTEXT_MISSING,matched_geologic_unit,,记录没有来源直报或空间匹配的地质单元。,在比例尺与边界不确定性允许时执行空间匹配，并记录地图源、版本、匹配方法和边界距离；否则保留缺失。,true
ITER|rec-3de147d5d88d2794e2e30c4d9786cf3422b19269ea0fbf3aacd4a7109abf0726|ANALYTICAL_METHOD_MISSING|analytical_method|,rec-3de147d5d88d2794e2e30c4d9786cf3422b19269ea0fbf3aacd4a7109abf0726,georoc-archaean,D1,warning,action_required,ANALYTICAL_METHOD_MISSING,analytical_method,,分析方法证据缺失，跨来源浓度与元素组合不可可靠比较。,回查数据字典、方法论文或记录级元数据；同时绑定 method_source_locator，未找到时保留缺失原因。,true
ITER|rec-3de147d5d88d2794e2e30c4d9786cf3422b19269ea0fbf3aacd4a7109abf0726|COORDINATE_UNUSABLE|latitude%2Clongitude|%2C,rec-3de147d5d88d2794e2e30c4d9786cf3422b19269ea0fbf3aacd4a7109abf0726,georoc-archaean,D1,error,action_required,COORDINATE_UNUSABLE,"latitude,longitude",",",WGS84 坐标缺失、非数值或超出合法范围，因此不能上图。,从原始来源恢复坐标与 CRS；若只提供区域名称，保留缺失并记录原因，不得填区域质心。,true
ITER|rec-3de147d5d88d2794e2e30c4d9786cf3422b19269ea0fbf3aacd4a7109abf0726|GEOLOGIC_CONTEXT_MISSING|matched_geologic_unit|,rec-3de147d5d88d2794e2e30c4d9786cf3422b19269ea0fbf3aacd4a7109abf0726,georoc-archaean,D2,info,review_required,GEOLOGIC_CONTEXT_MISSING,matched_geologic_unit,,记录没有来源直报或空间匹配的地质单元。,在比例尺与边界不确定性允许时执行空间匹配，并记录地图源、版本、匹配方法和边界距离；否则保留缺失。,true
ITER|rec-3e0b46a8e5b14f9813add2c93dc4d84dd5a73691265aed50b62caee4f2e6074a|ANALYTICAL_METHOD_MISSING|analytical_method|,rec-3e0b46a8e5b14f9813add2c93dc4d84dd5a73691265aed50b62caee4f2e6074a,georoc-archaean,D1,warning,action_required,ANALYTICAL_METHOD_MISSING,analytical_method,,分析方法证据缺失，跨来源浓度与元素组合不可可靠比较。,回查数据字典、方法论文或记录级元数据；同时绑定 method_source_locator，未找到时保留缺失原因。,true
ITER|rec-3e0b46a8e5b14f9813add2c93dc4d84dd5a73691265aed50b62caee4f2e6074a|COORDINATE_UNUSABLE|latitude%2Clongitude|%2C,rec-3e0b46a8e5b14f9813add2c93dc4d84dd5a73691265aed50b62caee4f2e6074a,georoc-archaean,D1,error,action_required,COORDINATE_UNUSABLE,"latitude,longitude",",",WGS84 坐标缺失、非数值或超出合法范围，因此不能上图。,从原始来源恢复坐标与 CRS；若只提供区域名称，保留缺失并记录原因，不得填区域质心。,true
ITER|rec-3e0b46a8e5b14f9813add2c93dc4d84dd5a73691265aed50b62caee4f2e6074a|GEOLOGIC_CONTEXT_MISSING|matched_geologic_unit|,rec-3e0b46a8e5b14f9813add2c93dc4d84dd5a73691265aed50b62caee4f2e6074a,georoc-archaean,D2,info,review_required,GEOLOGIC_CONTEXT_MISSING,matched_geologic_unit,,记录没有来源直报或空间匹配的地质单元。,在比例尺与边界不确定性允许时执行空间匹配，并记录地图源、版本、匹配方法和边界距离；否则保留缺失。,true
ITER|rec-3e9b4e68e7183d65de46870b4feac918cb8befb584b58e2f555c60759127571d|GEOLOGIC_CONTEXT_MISSING|matched_geologic_unit|,rec-3e9b4e68e7183d65de46870b4feac918cb8befb584b58e2f555c60759127571d,gemstat-open-archive,D2,info,review_required,GEOLOGIC_CONTEXT_MISSING,matched_geologic_unit,,记录没有来源直报或空间匹配的地质单元。,在比例尺与边界不确定性允许时执行空间匹配，并记录地图源、版本、匹配方法和边界距离；否则保留缺失。,true
ITER|rec-3e9b4e68e7183d65de46870b4feac918cb8befb584b58e2f555c60759127571d|NORMALIZATION_FAILED|normalized_value|,rec-3e9b4e68e7183d65de46870b4feac918cb8befb584b58e2f555c60759127571d,gemstat-open-archive,D2,error,action_required,NORMALIZATION_FAILED,normalized_value,,非删失测定没有可用标准值。,检查原值解析、单位词表、物质基准和换算公式；不能证明可换算时保留失败状态，不得猜值。,true
ITER|rec-3ed39acd4de518fb59d25b49aea1630f6059155b530d3893012e0817bbe0bd73|GEOLOGIC_CONTEXT_MISSING|matched_geologic_unit|,rec-3ed39acd4de518fb59d25b49aea1630f6059155b530d3893012e0817bbe0bd73,geotraces-idp2025,D2,info,review_required,GEOLOGIC_CONTEXT_MISSING,matched_geologic_unit,,记录没有来源直报或空间匹配的地质单元。,在比例尺与边界不确定性允许时执行空间匹配，并记录地图源、版本、匹配方法和边界距离；否则保留缺失。,true
ITER|rec-3f5baaf6b2a4dcc3dab4d7907efabbc7feedbc5d961b01ea3a9557851eb8ce87|GEOLOGIC_CONTEXT_MISSING|matched_geologic_unit|,rec-3f5baaf6b2a4dcc3dab4d7907efabbc7feedbc5d961b01ea3a9557851eb8ce87,foregs-humus,D2,info,review_required,GEOLOGIC_CONTEXT_MISSING,matched_geologic_unit,,记录没有来源直报或空间匹配的地质单元。,在比例尺与边界不确定性允许时执行空间匹配，并记录地图源、版本、匹配方法和边界距离；否则保留缺失。,true
ITER|rec-3f60581ea689fc276e9adba8c87598e446549f030e907f5f9ce971d10f727889|GEOLOGIC_CONTEXT_MISSING|matched_geologic_unit|,rec-3f60581ea689fc276e9adba8c87598e446549f030e907f5f9ce971d10f727889,foregs-subsoil,D2,info,review_required,GEOLOGIC_CONTEXT_MISSING,matched_geologic_unit,,记录没有来源直报或空间匹配的地质单元。,在比例尺与边界不确定性允许时执行空间匹配，并记录地图源、版本、匹配方法和边界距离；否则保留缺失。,true
ITER|rec-3f79707b88e4ecf9802c5c3804a1c354a85fb5402f2162277a7e101301671838|GEOLOGIC_CONTEXT_MISSING|matched_geologic_unit|,rec-3f79707b88e4ecf9802c5c3804a1c354a85fb5402f2162277a7e101301671838,norway-marchem,D2,info,review_required,GEOLOGIC_CONTEXT_MISSING,matched_geologic_unit,,记录没有来源直报或空间匹配的地质单元。,在比例尺与边界不确定性允许时执行空间匹配，并记录地图源、版本、匹配方法和边界距离；否则保留缺失。,true
ITER|rec-3f81ccbe7a9ce95c1074c243f7045ed3b94f4e65e44e9a969c9e0b6dcadc623e|GEOLOGIC_CONTEXT_MISSING|matched_geologic_unit|,rec-3f81ccbe7a9ce95c1074c243f7045ed3b94f4e65e44e9a969c9e0b6dcadc623e,foregs-subsoil,D2,info,review_required,GEOLOGIC_CONTEXT_MISSING,matched_geologic_unit,,记录没有来源直报或空间匹配的地质单元。,在比例尺与边界不确定性允许时执行空间匹配，并记录地图源、版本、匹配方法和边界距离；否则保留缺失。,true
ITER|rec-3fadb810767760513529dc95953d408a69d463591374821e25375e7fbbb75bcd|ANALYTICAL_METHOD_MISSING|analytical_method|,rec-3fadb810767760513529dc95953d408a69d463591374821e25375e7fbbb75bcd,japan-gsj-geochemical-map,D1,warning,action_required,ANALYTICAL_METHOD_MISSING,analytical_method,,分析方法证据缺失，跨来源浓度与元素组合不可可靠比较。,回查数据字典、方法论文或记录级元数据；同时绑定 method_source_locator，未找到时保留缺失原因。,true
ITER|rec-3fadb810767760513529dc95953d408a69d463591374821e25375e7fbbb75bcd|GEOLOGIC_CONTEXT_MISSING|matched_geologic_unit|,rec-3fadb810767760513529dc95953d408a69d463591374821e25375e7fbbb75bcd,japan-gsj-geochemical-map,D2,info,review_required,GEOLOGIC_CONTEXT_MISSING,matched_geologic_unit,,记录没有来源直报或空间匹配的地质单元。,在比例尺与边界不确定性允许时执行空间匹配，并记录地图源、版本、匹配方法和边界距离；否则保留缺失。,true
ITER|rec-412ea7887d1900cdbe3d52630dbb0ca756a5148151fd142f84230032f4f686d4|CENSORED_OBSERVATION|censored|%3C,rec-412ea7887d1900cdbe3d52630dbb0ca756a5148151fd142f84230032f4f686d4,gemstat-open-archive,D2,info,scientific_limit,CENSORED_OBSERVATION,censored,<,这是检出限/定量限约束的删失观测，不等同于零，也不自动视为采集失败。,保留原始 qualifier 与 censoring limit；默认从普通相关和异常筛查中排除，或使用明确的删失统计模型。,false
ITER|rec-412ea7887d1900cdbe3d52630dbb0ca756a5148151fd142f84230032f4f686d4|GEOLOGIC_CONTEXT_MISSING|matched_geologic_unit|,rec-412ea7887d1900cdbe3d52630dbb0ca756a5148151fd142f84230032f4f686d4,gemstat-open-archive,D2,info,review_required,GEOLOGIC_CONTEXT_MISSING,matched_geologic_unit,,记录没有来源直报或空间匹配的地质单元。,在比例尺与边界不确定性允许时执行空间匹配，并记录地图源、版本、匹配方法和边界距离；否则保留缺失。,true
ITER|rec-41412833a3cb420a55308769aaaf4963bb2558de73117ef3844451fd4a70ff46|GEOLOGIC_CONTEXT_MISSING|matched_geologic_unit|,rec-41412833a3cb420a55308769aaaf4963bb2558de73117ef3844451fd4a70ff46,gemstat-open-archive,D2,info,review_required,GEOLOGIC_CONTEXT_MISSING,matched_geologic_unit,,记录没有来源直报或空间匹配的地质单元。,在比例尺与边界不确定性允许时执行空间匹配，并记录地图源、版本、匹配方法和边界距离；否则保留缺失。,true
ITER|rec-41412833a3cb420a55308769aaaf4963bb2558de73117ef3844451fd4a70ff46|NORMALIZATION_FAILED|normalized_value|,rec-41412833a3cb420a55308769aaaf4963bb2558de73117ef3844451fd4a70ff46,gemstat-open-archive,D2,error,action_required,NORMALIZATION_FAILED,normalized_value,,非删失测定没有可用标准值。,检查原值解析、单位词表、物质基准和换算公式；不能证明可换算时保留失败状态，不得猜值。,true
ITER|rec-427da3999d7e051df2b5dcbf93031e8b3a1dd27315d008ad5add386b1fad0333|GEOLOGIC_CONTEXT_MISSING|matched_geologic_unit|,rec-427da3999d7e051df2b5dcbf93031e8b3a1dd27315d008ad5add386b1fad0333,foregs-stream-water,D2,info,review_required,GEOLOGIC_CONTEXT_MISSING,matched_geologic_unit,,记录没有来源直报或空间匹配的地质单元。,在比例尺与边界不确定性允许时执行空间匹配，并记录地图源、版本、匹配方法和边界距离；否则保留缺失。,true
ITER|rec-42ced7d671e1b008dd14ef34a1c4d323e8ab53ef2dc6765ff8d6d64b767013a6|GEOLOGIC_CONTEXT_MISSING|matched_geologic_unit|,rec-42ced7d671e1b008dd14ef34a1c4d323e8ab53ef2dc6765ff8d6d64b767013a6,geotraces-idp2025,D2,info,review_required,GEOLOGIC_CONTEXT_MISSING,matched_geologic_unit,,记录没有来源直报或空间匹配的地质单元。,在比例尺与边界不确定性允许时执行空间匹配，并记录地图源、版本、匹配方法和边界距离；否则保留缺失。,true
ITER|rec-42f25d0bc0bf1f3677f62f0ea0dad4433cc7af2c269478ac69ab21d29fea4cc2|GEOLOGIC_CONTEXT_MISSING|matched_geologic_unit|,rec-42f25d0bc0bf1f3677f62f0ea0dad4433cc7af2c269478ac69ab21d29fea4cc2,foregs-floodplain-sediment,D2,info,review_required,GEOLOGIC_CONTEXT_MISSING,matched_geologic_unit,,记录没有来源直报或空间匹配的地质单元。,在比例尺与边界不确定性允许时执行空间匹配，并记录地图源、版本、匹配方法和边界距离；否则保留缺失。,true
ITER|rec-43035afa63a94e030d55224cb6670f1acf38a95542db6f8a2855c4070f8f0306|ANALYTICAL_METHOD_MISSING|analytical_method|,rec-43035afa63a94e030d55224cb6670f1acf38a95542db6f8a2855c4070f8f0306,japan-gsj-geochemical-map,D1,warning,action_required,ANALYTICAL_METHOD_MISSING,analytical_method,,分析方法证据缺失，跨来源浓度与元素组合不可可靠比较。,回查数据字典、方法论文或记录级元数据；同时绑定 method_source_locator，未找到时保留缺失原因。,true
ITER|rec-43035afa63a94e030d55224cb6670f1acf38a95542db6f8a2855c4070f8f0306|GEOLOGIC_CONTEXT_MISSING|matched_geologic_unit|,rec-43035afa63a94e030d55224cb6670f1acf38a95542db6f8a2855c4070f8f0306,japan-gsj-geochemical-map,D2,info,review_required,GEOLOGIC_CONTEXT_MISSING,matched_geologic_unit,,记录没有来源直报或空间匹配的地质单元。,在比例尺与边界不确定性允许时执行空间匹配，并记录地图源、版本、匹配方法和边界距离；否则保留缺失。,true
ITER|rec-431e31198cbd44c4a8863a6c38060425fd58aa82e879f7f5859d562bd334952d|CENSORED_OBSERVATION|censored|%3C,rec-431e31198cbd44c4a8863a6c38060425fd58aa82e879f7f5859d562bd334952d,norway-marchem,D2,info,scientific_limit,CENSORED_OBSERVATION,censored,<,这是检出限/定量限约束的删失观测，不等同于零，也不自动视为采集失败。,保留原始 qualifier 与 censoring limit；默认从普通相关和异常筛查中排除，或使用明确的删失统计模型。,false
ITER|rec-431e31198cbd44c4a8863a6c38060425fd58aa82e879f7f5859d562bd334952d|GEOLOGIC_CONTEXT_MISSING|matched_geologic_unit|,rec-431e31198cbd44c4a8863a6c38060425fd58aa82e879f7f5859d562bd334952d,norway-marchem,D2,info,review_required,GEOLOGIC_CONTEXT_MISSING,matched_geologic_unit,,记录没有来源直报或空间匹配的地质单元。,在比例尺与边界不确定性允许时执行空间匹配，并记录地图源、版本、匹配方法和边界距离；否则保留缺失。,true
ITER|rec-433fc0f1a68b863f7ef7c90859309a3e57e88ff3c39138e65d127cf7d432c068|GEOLOGIC_CONTEXT_MISSING|matched_geologic_unit|,rec-433fc0f1a68b863f7ef7c90859309a3e57e88ff3c39138e65d127cf7d432c068,geotraces-idp2025,D2,info,review_required,GEOLOGIC_CONTEXT_MISSING,matched_geologic_unit,,记录没有来源直报或空间匹配的地质单元。,在比例尺与边界不确定性允许时执行空间匹配，并记录地图源、版本、匹配方法和边界距离；否则保留缺失。,true
ITER|rec-43b55d5e1e60431d1b300990eef16f89347c9dc35222baeee359672941351d57|GEOLOGIC_CONTEXT_MISSING|matched_geologic_unit|,rec-43b55d5e1e60431d1b300990eef16f89347c9dc35222baeee359672941351d57,foregs-floodplain-sediment,D2,info,review_required,GEOLOGIC_CONTEXT_MISSING,matched_geologic_unit,,记录没有来源直报或空间匹配的地质单元。,在比例尺与边界不确定性允许时执行空间匹配，并记录地图源、版本、匹配方法和边界距离；否则保留缺失。,true
ITER|rec-43c6d6a38a6e6d49dc7ebb4378cd4167afb815c26e13517a81994799d513145e|GEOLOGIC_CONTEXT_MISSING|matched_geologic_unit|,rec-43c6d6a38a6e6d49dc7ebb4378cd4167afb815c26e13517a81994799d513145e,foregs-humus,D2,info,review_required,GEOLOGIC_CONTEXT_MISSING,matched_geologic_unit,,记录没有来源直报或空间匹配的地质单元。,在比例尺与边界不确定性允许时执行空间匹配，并记录地图源、版本、匹配方法和边界距离；否则保留缺失。,true
ITER|rec-43d34afa1a86b77c498965ee4bf2bb85844507ca6e8ec1a2998cd6086bc2182e|GEOLOGIC_CONTEXT_MISSING|matched_geologic_unit|,rec-43d34afa1a86b77c498965ee4bf2bb85844507ca6e8ec1a2998cd6086bc2182e,us-wqp-sacramento-river-arsenic,D2,info,review_required,GEOLOGIC_CONTEXT_MISSING,matched_geologic_unit,,记录没有来源直报或空间匹配的地质单元。,在比例尺与边界不确定性允许时执行空间匹配，并记录地图源、版本、匹配方法和边界距离；否则保留缺失。,true
ITER|rec-43ff549f9d67970ce2c050799122553acd28cbb09dbf4c800b67b468c5a2306e|GEOLOGIC_CONTEXT_MISSING|matched_geologic_unit|,rec-43ff549f9d67970ce2c050799122553acd28cbb09dbf4c800b67b468c5a2306e,foregs-topsoil,D2,info,review_required,GEOLOGIC_CONTEXT_MISSING,matched_geologic_unit,,记录没有来源直报或空间匹配的地质单元。,在比例尺与边界不确定性允许时执行空间匹配，并记录地图源、版本、匹配方法和边界距离；否则保留缺失。,true
ITER|rec-4417dd0277b798adc9d0068baa07003538b152c1a20701e388f4cb32e5ff4850|GEOLOGIC_CONTEXT_MISSING|matched_geologic_unit|,rec-4417dd0277b798adc9d0068baa07003538b152c1a20701e388f4cb32e5ff4850,foregs-floodplain-sediment,D2,info,review_required,GEOLOGIC_CONTEXT_MISSING,matched_geologic_unit,,记录没有来源直报或空间匹配的地质单元。,在比例尺与边界不确定性允许时执行空间匹配，并记录地图源、版本、匹配方法和边界距离；否则保留缺失。,true
ITER|rec-44264af143fe44d71d9c9c4d812182c9d8fa8cf934277ccac40933ce184617f8|GEOLOGIC_CONTEXT_MISSING|matched_geologic_unit|,rec-44264af143fe44d71d9c9c4d812182c9d8fa8cf934277ccac40933ce184617f8,foregs-humus,D2,info,review_required,GEOLOGIC_CONTEXT_MISSING,matched_geologic_unit,,记录没有来源直报或空间匹配的地质单元。,在比例尺与边界不确定性允许时执行空间匹配，并记录地图源、版本、匹配方法和边界距离；否则保留缺失。,true
ITER|rec-44a0061e1dd305162c62a113a399112781322600e52947752cf2f6967ddcb7f6|GEOLOGIC_CONTEXT_MISSING|matched_geologic_unit|,rec-44a0061e1dd305162c62a113a399112781322600e52947752cf2f6967ddcb7f6,geotraces-idp2025,D2,info,review_required,GEOLOGIC_CONTEXT_MISSING,matched_geologic_unit,,记录没有来源直报或空间匹配的地质单元。,在比例尺与边界不确定性允许时执行空间匹配，并记录地图源、版本、匹配方法和边界距离；否则保留缺失。,true
ITER|rec-44d1ebedc94bf9c0c28007153781aadad17ee4564ef9fb08a62688a546284ab0|GEOLOGIC_CONTEXT_MISSING|matched_geologic_unit|,rec-44d1ebedc94bf9c0c28007153781aadad17ee4564ef9fb08a62688a546284ab0,pangaea-north-africa-soil,D2,info,review_required,GEOLOGIC_CONTEXT_MISSING,matched_geologic_unit,,记录没有来源直报或空间匹配的地质单元。,在比例尺与边界不确定性允许时执行空间匹配，并记录地图源、版本、匹配方法和边界距离；否则保留缺失。,true
ITER|rec-4521b178d45c77fd2da02669fcc51594cc9b02bdc809d20c9c19439b38411e82|GEOLOGIC_CONTEXT_MISSING|matched_geologic_unit|,rec-4521b178d45c77fd2da02669fcc51594cc9b02bdc809d20c9c19439b38411e82,foregs-topsoil,D2,info,review_required,GEOLOGIC_CONTEXT_MISSING,matched_geologic_unit,,记录没有来源直报或空间匹配的地质单元。,在比例尺与边界不确定性允许时执行空间匹配，并记录地图源、版本、匹配方法和边界距离；否则保留缺失。,true
ITER|rec-459441ac2f68ff014d3c2ac95800bfe70a46c61cf25bd0d4ac1690f90227240b|ANALYTICAL_METHOD_MISSING|analytical_method|,rec-459441ac2f68ff014d3c2ac95800bfe70a46c61cf25bd0d4ac1690f90227240b,japan-gsj-geochemical-map,D1,warning,action_required,ANALYTICAL_METHOD_MISSING,analytical_method,,分析方法证据缺失，跨来源浓度与元素组合不可可靠比较。,回查数据字典、方法论文或记录级元数据；同时绑定 method_source_locator，未找到时保留缺失原因。,true
ITER|rec-459441ac2f68ff014d3c2ac95800bfe70a46c61cf25bd0d4ac1690f90227240b|GEOLOGIC_CONTEXT_MISSING|matched_geologic_unit|,rec-459441ac2f68ff014d3c2ac95800bfe70a46c61cf25bd0d4ac1690f90227240b,japan-gsj-geochemical-map,D2,info,review_required,GEOLOGIC_CONTEXT_MISSING,matched_geologic_unit,,记录没有来源直报或空间匹配的地质单元。,在比例尺与边界不确定性允许时执行空间匹配，并记录地图源、版本、匹配方法和边界距离；否则保留缺失。,true
ITER|rec-4595ed66d9402bcd4f794a4f676d457808eb523653afbcf343e0a2ade67b42df|GEOLOGIC_CONTEXT_MISSING|matched_geologic_unit|,rec-4595ed66d9402bcd4f794a4f676d457808eb523653afbcf343e0a2ade67b42df,pangaea-north-africa-soil,D2,info,review_required,GEOLOGIC_CONTEXT_MISSING,matched_geologic_unit,,记录没有来源直报或空间匹配的地质单元。,在比例尺与边界不确定性允许时执行空间匹配，并记录地图源、版本、匹配方法和边界距离；否则保留缺失。,true
ITER|rec-45aaaf5d4840f0046c8425969c3ed1a334eef58ecc4a4b0eae8fd29e2f3aa033|ANALYTICAL_METHOD_MISSING|analytical_method|,rec-45aaaf5d4840f0046c8425969c3ed1a334eef58ecc4a4b0eae8fd29e2f3aa033,japan-gsj-geochemical-map,D1,warning,action_required,ANALYTICAL_METHOD_MISSING,analytical_method,,分析方法证据缺失，跨来源浓度与元素组合不可可靠比较。,回查数据字典、方法论文或记录级元数据；同时绑定 method_source_locator，未找到时保留缺失原因。,true
ITER|rec-45aaaf5d4840f0046c8425969c3ed1a334eef58ecc4a4b0eae8fd29e2f3aa033|GEOLOGIC_CONTEXT_MISSING|matched_geologic_unit|,rec-45aaaf5d4840f0046c8425969c3ed1a334eef58ecc4a4b0eae8fd29e2f3aa033,japan-gsj-geochemical-map,D2,info,review_required,GEOLOGIC_CONTEXT_MISSING,matched_geologic_unit,,记录没有来源直报或空间匹配的地质单元。,在比例尺与边界不确定性允许时执行空间匹配，并记录地图源、版本、匹配方法和边界距离；否则保留缺失。,true
ITER|rec-45b11e981edba1076a3dd24d34e7080b136e84ca700e48a4a6450db0a3c145b9|GEOLOGIC_CONTEXT_MISSING|matched_geologic_unit|,rec-45b11e981edba1076a3dd24d34e7080b136e84ca700e48a4a6450db0a3c145b9,geotraces-idp2025,D2,info,review_required,GEOLOGIC_CONTEXT_MISSING,matched_geologic_unit,,记录没有来源直报或空间匹配的地质单元。,在比例尺与边界不确定性允许时执行空间匹配，并记录地图源、版本、匹配方法和边界距离；否则保留缺失。,true
ITER|rec-45d940dc1d447d8f01e01a35d234bf6d3b6199b3db2265b7791b25f874581332|GEOLOGIC_CONTEXT_MISSING|matched_geologic_unit|,rec-45d940dc1d447d8f01e01a35d234bf6d3b6199b3db2265b7791b25f874581332,foregs-stream-sediment,D2,info,review_required,GEOLOGIC_CONTEXT_MISSING,matched_geologic_unit,,记录没有来源直报或空间匹配的地质单元。,在比例尺与边界不确定性允许时执行空间匹配，并记录地图源、版本、匹配方法和边界距离；否则保留缺失。,true
ITER|rec-45fdb0cf10b2284bbc8de09668a61958149752ff9ddc7ebac9aabbf11efaf9ba|GEOLOGIC_CONTEXT_MISSING|matched_geologic_unit|,rec-45fdb0cf10b2284bbc8de09668a61958149752ff9ddc7ebac9aabbf11efaf9ba,us-wqp-sacramento-river-arsenic,D2,info,review_required,GEOLOGIC_CONTEXT_MISSING,matched_geologic_unit,,记录没有来源直报或空间匹配的地质单元。,在比例尺与边界不确定性允许时执行空间匹配，并记录地图源、版本、匹配方法和边界距离；否则保留缺失。,true
ITER|rec-46234687022649ed35297eb194833be7693ead7f58b573195ac68422fcd8c0f3|ANALYTICAL_METHOD_MISSING|analytical_method|,rec-46234687022649ed35297eb194833be7693ead7f58b573195ac68422fcd8c0f3,georoc-archaean,D1,warning,action_required,ANALYTICAL_METHOD_MISSING,analytical_method,,分析方法证据缺失，跨来源浓度与元素组合不可可靠比较。,回查数据字典、方法论文或记录级元数据；同时绑定 method_source_locator，未找到时保留缺失原因。,true
ITER|rec-46234687022649ed35297eb194833be7693ead7f58b573195ac68422fcd8c0f3|COORDINATE_UNUSABLE|latitude%2Clongitude|%2C,rec-46234687022649ed35297eb194833be7693ead7f58b573195ac68422fcd8c0f3,georoc-archaean,D1,error,action_required,COORDINATE_UNUSABLE,"latitude,longitude",",",WGS84 坐标缺失、非数值或超出合法范围，因此不能上图。,从原始来源恢复坐标与 CRS；若只提供区域名称，保留缺失并记录原因，不得填区域质心。,true
ITER|rec-46234687022649ed35297eb194833be7693ead7f58b573195ac68422fcd8c0f3|GEOLOGIC_CONTEXT_MISSING|matched_geologic_unit|,rec-46234687022649ed35297eb194833be7693ead7f58b573195ac68422fcd8c0f3,georoc-archaean,D2,info,review_required,GEOLOGIC_CONTEXT_MISSING,matched_geologic_unit,,记录没有来源直报或空间匹配的地质单元。,在比例尺与边界不确定性允许时执行空间匹配，并记录地图源、版本、匹配方法和边界距离；否则保留缺失。,true
ITER|rec-46c105cf67c76541c4211246fc7a808c89b9a0349c128f18e6b1b878decd760d|GEOLOGIC_CONTEXT_MISSING|matched_geologic_unit|,rec-46c105cf67c76541c4211246fc7a808c89b9a0349c128f18e6b1b878decd760d,norway-marchem,D2,info,review_required,GEOLOGIC_CONTEXT_MISSING,matched_geologic_unit,,记录没有来源直报或空间匹配的地质单元。,在比例尺与边界不确定性允许时执行空间匹配，并记录地图源、版本、匹配方法和边界距离；否则保留缺失。,true
ITER|rec-476c913a77690ac1c4e2c3fe14449a5f062dce6127c691ffac483e000eca3cce|COORDINATE_UNUSABLE|latitude%2Clongitude|%2C,rec-476c913a77690ac1c4e2c3fe14449a5f062dce6127c691ffac483e000eca3cce,afsis-phase-i-wet-chemistry,D1,error,action_required,COORDINATE_UNUSABLE,"latitude,longitude",",",WGS84 坐标缺失、非数值或超出合法范围，因此不能上图。,从原始来源恢复坐标与 CRS；若只提供区域名称，保留缺失并记录原因，不得填区域质心。,true
ITER|rec-476c913a77690ac1c4e2c3fe14449a5f062dce6127c691ffac483e000eca3cce|GEOLOGIC_CONTEXT_MISSING|matched_geologic_unit|,rec-476c913a77690ac1c4e2c3fe14449a5f062dce6127c691ffac483e000eca3cce,afsis-phase-i-wet-chemistry,D2,info,review_required,GEOLOGIC_CONTEXT_MISSING,matched_geologic_unit,,记录没有来源直报或空间匹配的地质单元。,在比例尺与边界不确定性允许时执行空间匹配，并记录地图源、版本、匹配方法和边界距离；否则保留缺失。,true
ITER|rec-47ff4468802a0475f4184915f41fa2e7718f81af729b37dbc73d36b2b4a6b32b|GEOLOGIC_CONTEXT_MISSING|matched_geologic_unit|,rec-47ff4468802a0475f4184915f41fa2e7718f81af729b37dbc73d36b2b4a6b32b,us-wqp-sacramento-river-arsenic,D2,info,review_required,GEOLOGIC_CONTEXT_MISSING,matched_geologic_unit,,记录没有来源直报或空间匹配的地质单元。,在比例尺与边界不确定性允许时执行空间匹配，并记录地图源、版本、匹配方法和边界距离；否则保留缺失。,true
ITER|rec-48a0083ddb6cceb4b17682861a2f04ae844d19506c7c5594326f23e53f218097|GEOLOGIC_CONTEXT_MISSING|matched_geologic_unit|,rec-48a0083ddb6cceb4b17682861a2f04ae844d19506c7c5594326f23e53f218097,norway-marchem,D2,info,review_required,GEOLOGIC_CONTEXT_MISSING,matched_geologic_unit,,记录没有来源直报或空间匹配的地质单元。,在比例尺与边界不确定性允许时执行空间匹配，并记录地图源、版本、匹配方法和边界距离；否则保留缺失。,true
ITER|rec-48b1fc38827f318ccafb3a471405caa4caf202ff22ab2748daaeedcc5ebfb7ea|ANALYTICAL_METHOD_MISSING|analytical_method|,rec-48b1fc38827f318ccafb3a471405caa4caf202ff22ab2748daaeedcc5ebfb7ea,georoc-archaean,D1,warning,action_required,ANALYTICAL_METHOD_MISSING,analytical_method,,分析方法证据缺失，跨来源浓度与元素组合不可可靠比较。,回查数据字典、方法论文或记录级元数据；同时绑定 method_source_locator，未找到时保留缺失原因。,true
ITER|rec-48b1fc38827f318ccafb3a471405caa4caf202ff22ab2748daaeedcc5ebfb7ea|COORDINATE_UNUSABLE|latitude%2Clongitude|%2C,rec-48b1fc38827f318ccafb3a471405caa4caf202ff22ab2748daaeedcc5ebfb7ea,georoc-archaean,D1,error,action_required,COORDINATE_UNUSABLE,"latitude,longitude",",",WGS84 坐标缺失、非数值或超出合法范围，因此不能上图。,从原始来源恢复坐标与 CRS；若只提供区域名称，保留缺失并记录原因，不得填区域质心。,true
ITER|rec-48b1fc38827f318ccafb3a471405caa4caf202ff22ab2748daaeedcc5ebfb7ea|GEOLOGIC_CONTEXT_MISSING|matched_geologic_unit|,rec-48b1fc38827f318ccafb3a471405caa4caf202ff22ab2748daaeedcc5ebfb7ea,georoc-archaean,D2,info,review_required,GEOLOGIC_CONTEXT_MISSING,matched_geologic_unit,,记录没有来源直报或空间匹配的地质单元。,在比例尺与边界不确定性允许时执行空间匹配，并记录地图源、版本、匹配方法和边界距离；否则保留缺失。,true
ITER|rec-48b24fe07592f4f2f44970eaeda2bba3b5510fcfa75b0dcfc9312e94fe7f9d73|GEOLOGIC_CONTEXT_MISSING|matched_geologic_unit|,rec-48b24fe07592f4f2f44970eaeda2bba3b5510fcfa75b0dcfc9312e94fe7f9d73,norway-marchem,D2,info,review_required,GEOLOGIC_CONTEXT_MISSING,matched_geologic_unit,,记录没有来源直报或空间匹配的地质单元。,在比例尺与边界不确定性允许时执行空间匹配，并记录地图源、版本、匹配方法和边界距离；否则保留缺失。,true
ITER|rec-4906140d7624bce56b626324f61e6585bc676432a1424a8da98591a3d438f184|CENSORED_OBSERVATION|censored|%3C,rec-4906140d7624bce56b626324f61e6585bc676432a1424a8da98591a3d438f184,gemstat-open-archive,D2,info,scientific_limit,CENSORED_OBSERVATION,censored,<,这是检出限/定量限约束的删失观测，不等同于零，也不自动视为采集失败。,保留原始 qualifier 与 censoring limit；默认从普通相关和异常筛查中排除，或使用明确的删失统计模型。,false
ITER|rec-4906140d7624bce56b626324f61e6585bc676432a1424a8da98591a3d438f184|GEOLOGIC_CONTEXT_MISSING|matched_geologic_unit|,rec-4906140d7624bce56b626324f61e6585bc676432a1424a8da98591a3d438f184,gemstat-open-archive,D2,info,review_required,GEOLOGIC_CONTEXT_MISSING,matched_geologic_unit,,记录没有来源直报或空间匹配的地质单元。,在比例尺与边界不确定性允许时执行空间匹配，并记录地图源、版本、匹配方法和边界距离；否则保留缺失。,true
ITER|rec-492923ba566b0c4de5e3825c9f3c06b17e04a3b3d2942c429b048e05dcd663f4|ANALYTICAL_METHOD_MISSING|analytical_method|,rec-492923ba566b0c4de5e3825c9f3c06b17e04a3b3d2942c429b048e05dcd663f4,georoc-archaean,D1,warning,action_required,ANALYTICAL_METHOD_MISSING,analytical_method,,分析方法证据缺失，跨来源浓度与元素组合不可可靠比较。,回查数据字典、方法论文或记录级元数据；同时绑定 method_source_locator，未找到时保留缺失原因。,true
ITER|rec-492923ba566b0c4de5e3825c9f3c06b17e04a3b3d2942c429b048e05dcd663f4|COORDINATE_UNUSABLE|latitude%2Clongitude|%2C,rec-492923ba566b0c4de5e3825c9f3c06b17e04a3b3d2942c429b048e05dcd663f4,georoc-archaean,D1,error,action_required,COORDINATE_UNUSABLE,"latitude,longitude",",",WGS84 坐标缺失、非数值或超出合法范围，因此不能上图。,从原始来源恢复坐标与 CRS；若只提供区域名称，保留缺失并记录原因，不得填区域质心。,true
ITER|rec-492923ba566b0c4de5e3825c9f3c06b17e04a3b3d2942c429b048e05dcd663f4|GEOLOGIC_CONTEXT_MISSING|matched_geologic_unit|,rec-492923ba566b0c4de5e3825c9f3c06b17e04a3b3d2942c429b048e05dcd663f4,georoc-archaean,D2,info,review_required,GEOLOGIC_CONTEXT_MISSING,matched_geologic_unit,,记录没有来源直报或空间匹配的地质单元。,在比例尺与边界不确定性允许时执行空间匹配，并记录地图源、版本、匹配方法和边界距离；否则保留缺失。,true
ITER|rec-496b71986e20e84db13c86d991c60aa7ce6634dfc9ac9df9a8b1a8c093cbf78e|GEOLOGIC_CONTEXT_MISSING|matched_geologic_unit|,rec-496b71986e20e84db13c86d991c60aa7ce6634dfc9ac9df9a8b1a8c093cbf78e,foregs-stream-water,D2,info,review_required,GEOLOGIC_CONTEXT_MISSING,matched_geologic_unit,,记录没有来源直报或空间匹配的地质单元。,在比例尺与边界不确定性允许时执行空间匹配，并记录地图源、版本、匹配方法和边界距离；否则保留缺失。,true
ITER|rec-496d922551eacb40aaa38bc2cb669cdca8f23ab5b180e52ab52a01ae91a979db|GEOLOGIC_CONTEXT_MISSING|matched_geologic_unit|,rec-496d922551eacb40aaa38bc2cb669cdca8f23ab5b180e52ab52a01ae91a979db,foregs-subsoil,D2,info,review_required,GEOLOGIC_CONTEXT_MISSING,matched_geologic_unit,,记录没有来源直报或空间匹配的地质单元。,在比例尺与边界不确定性允许时执行空间匹配，并记录地图源、版本、匹配方法和边界距离；否则保留缺失。,true
ITER|rec-49bfa6e98f30b18d72caa27dda51f739ea2ad3d63ed2f86606ba89f29322f324|GEOLOGIC_CONTEXT_MISSING|matched_geologic_unit|,rec-49bfa6e98f30b18d72caa27dda51f739ea2ad3d63ed2f86606ba89f29322f324,foregs-humus,D2,info,review_required,GEOLOGIC_CONTEXT_MISSING,matched_geologic_unit,,记录没有来源直报或空间匹配的地质单元。,在比例尺与边界不确定性允许时执行空间匹配，并记录地图源、版本、匹配方法和边界距离；否则保留缺失。,true
ITER|rec-49c5f568c8c80c6c7ab760eb6e085b4b4120ea82fe313ca6107bdc2c960c2936|GEOLOGIC_CONTEXT_MISSING|matched_geologic_unit|,rec-49c5f568c8c80c6c7ab760eb6e085b4b4120ea82fe313ca6107bdc2c960c2936,foregs-floodplain-sediment,D2,info,review_required,GEOLOGIC_CONTEXT_MISSING,matched_geologic_unit,,记录没有来源直报或空间匹配的地质单元。,在比例尺与边界不确定性允许时执行空间匹配，并记录地图源、版本、匹配方法和边界距离；否则保留缺失。,true
ITER|rec-49c69beb5c19e91a969c2f06ad6521e6c3ceed0a2597386c31bce9533345e768|CENSORED_OBSERVATION|censored|%3C,rec-49c69beb5c19e91a969c2f06ad6521e6c3ceed0a2597386c31bce9533345e768,gemstat-open-archive,D2,info,scientific_limit,CENSORED_OBSERVATION,censored,<,这是检出限/定量限约束的删失观测，不等同于零，也不自动视为采集失败。,保留原始 qualifier 与 censoring limit；默认从普通相关和异常筛查中排除，或使用明确的删失统计模型。,false
ITER|rec-49c69beb5c19e91a969c2f06ad6521e6c3ceed0a2597386c31bce9533345e768|GEOLOGIC_CONTEXT_MISSING|matched_geologic_unit|,rec-49c69beb5c19e91a969c2f06ad6521e6c3ceed0a2597386c31bce9533345e768,gemstat-open-archive,D2,info,review_required,GEOLOGIC_CONTEXT_MISSING,matched_geologic_unit,,记录没有来源直报或空间匹配的地质单元。,在比例尺与边界不确定性允许时执行空间匹配，并记录地图源、版本、匹配方法和边界距离；否则保留缺失。,true
ITER|rec-49d55d053dd40239861d3721c9c4c618b230650f2abee4c5839557d4c8779cd2|GEOLOGIC_CONTEXT_MISSING|matched_geologic_unit|,rec-49d55d053dd40239861d3721c9c4c618b230650f2abee4c5839557d4c8779cd2,norway-marchem,D2,info,review_required,GEOLOGIC_CONTEXT_MISSING,matched_geologic_unit,,记录没有来源直报或空间匹配的地质单元。,在比例尺与边界不确定性允许时执行空间匹配，并记录地图源、版本、匹配方法和边界距离；否则保留缺失。,true
ITER|rec-49e29c0421ba836245c696f8e9c8eb94b40a57f33c51b6d310959ec009e5c44d|GEOLOGIC_CONTEXT_MISSING|matched_geologic_unit|,rec-49e29c0421ba836245c696f8e9c8eb94b40a57f33c51b6d310959ec009e5c44d,us-wqp-sacramento-river-arsenic,D2,info,review_required,GEOLOGIC_CONTEXT_MISSING,matched_geologic_unit,,记录没有来源直报或空间匹配的地质单元。,在比例尺与边界不确定性允许时执行空间匹配，并记录地图源、版本、匹配方法和边界距离；否则保留缺失。,true
ITER|rec-4a90d4a6ff7b2cb7f50059a992a7f6339e1a958458e93f1e542c8cd4c23602f0|GEOLOGIC_CONTEXT_MISSING|matched_geologic_unit|,rec-4a90d4a6ff7b2cb7f50059a992a7f6339e1a958458e93f1e542c8cd4c23602f0,foregs-floodplain-sediment,D2,info,review_required,GEOLOGIC_CONTEXT_MISSING,matched_geologic_unit,,记录没有来源直报或空间匹配的地质单元。,在比例尺与边界不确定性允许时执行空间匹配，并记录地图源、版本、匹配方法和边界距离；否则保留缺失。,true
ITER|rec-4aa202c7c8f607e2e6b7a94aca0e11658b629f33602e86b4312676d5001dd566|GEOLOGIC_CONTEXT_MISSING|matched_geologic_unit|,rec-4aa202c7c8f607e2e6b7a94aca0e11658b629f33602e86b4312676d5001dd566,norway-marchem,D2,info,review_required,GEOLOGIC_CONTEXT_MISSING,matched_geologic_unit,,记录没有来源直报或空间匹配的地质单元。,在比例尺与边界不确定性允许时执行空间匹配，并记录地图源、版本、匹配方法和边界距离；否则保留缺失。,true
ITER|rec-4af15711aed1c9f88e1215bac3b37fa8d75be35d83d15ebb6bb5c62d98644a49|GEOLOGIC_CONTEXT_MISSING|matched_geologic_unit|,rec-4af15711aed1c9f88e1215bac3b37fa8d75be35d83d15ebb6bb5c62d98644a49,pangaea-north-africa-soil,D2,info,review_required,GEOLOGIC_CONTEXT_MISSING,matched_geologic_unit,,记录没有来源直报或空间匹配的地质单元。,在比例尺与边界不确定性允许时执行空间匹配，并记录地图源、版本、匹配方法和边界距离；否则保留缺失。,true
ITER|rec-4b8294b1544ea4e0716e4c9c4bfa247d58ce226b72abf4563f87a3db8bc7cda0|GEOLOGIC_CONTEXT_MISSING|matched_geologic_unit|,rec-4b8294b1544ea4e0716e4c9c4bfa247d58ce226b72abf4563f87a3db8bc7cda0,norway-marchem,D2,info,review_required,GEOLOGIC_CONTEXT_MISSING,matched_geologic_unit,,记录没有来源直报或空间匹配的地质单元。,在比例尺与边界不确定性允许时执行空间匹配，并记录地图源、版本、匹配方法和边界距离；否则保留缺失。,true
ITER|rec-4c10b09d914ca335fed44f6ba370fa664dc1dbaec68b27268c3be320cae6c2e2|GEOLOGIC_CONTEXT_MISSING|matched_geologic_unit|,rec-4c10b09d914ca335fed44f6ba370fa664dc1dbaec68b27268c3be320cae6c2e2,foregs-stream-water,D2,info,review_required,GEOLOGIC_CONTEXT_MISSING,matched_geologic_unit,,记录没有来源直报或空间匹配的地质单元。,在比例尺与边界不确定性允许时执行空间匹配，并记录地图源、版本、匹配方法和边界距离；否则保留缺失。,true
ITER|rec-4cba7465672302e8e96dccaa890a1858608abac2cd90e601439d29412f62d39d|GEOLOGIC_CONTEXT_MISSING|matched_geologic_unit|,rec-4cba7465672302e8e96dccaa890a1858608abac2cd90e601439d29412f62d39d,foregs-subsoil,D2,info,review_required,GEOLOGIC_CONTEXT_MISSING,matched_geologic_unit,,记录没有来源直报或空间匹配的地质单元。,在比例尺与边界不确定性允许时执行空间匹配，并记录地图源、版本、匹配方法和边界距离；否则保留缺失。,true
ITER|rec-4d1f81d9955060f051ba0f482d71bbc6efa02c950dee8423e7a6b24315e0ee81|GEOLOGIC_CONTEXT_MISSING|matched_geologic_unit|,rec-4d1f81d9955060f051ba0f482d71bbc6efa02c950dee8423e7a6b24315e0ee81,norway-marchem,D2,info,review_required,GEOLOGIC_CONTEXT_MISSING,matched_geologic_unit,,记录没有来源直报或空间匹配的地质单元。,在比例尺与边界不确定性允许时执行空间匹配，并记录地图源、版本、匹配方法和边界距离；否则保留缺失。,true
ITER|rec-4d3e48b54ed67e7bd35d53802151eff7792e0f1b9f4c422b423dea6fc5eb878a|GEOLOGIC_CONTEXT_MISSING|matched_geologic_unit|,rec-4d3e48b54ed67e7bd35d53802151eff7792e0f1b9f4c422b423dea6fc5eb878a,foregs-stream-sediment,D2,info,review_required,GEOLOGIC_CONTEXT_MISSING,matched_geologic_unit,,记录没有来源直报或空间匹配的地质单元。,在比例尺与边界不确定性允许时执行空间匹配，并记录地图源、版本、匹配方法和边界距离；否则保留缺失。,true
ITER|rec-4d44bcee13a64753c9033f38f4313075ee86b011a85be29f04e924740b510150|GEOLOGIC_CONTEXT_MISSING|matched_geologic_unit|,rec-4d44bcee13a64753c9033f38f4313075ee86b011a85be29f04e924740b510150,foregs-humus,D2,info,review_required,GEOLOGIC_CONTEXT_MISSING,matched_geologic_unit,,记录没有来源直报或空间匹配的地质单元。,在比例尺与边界不确定性允许时执行空间匹配，并记录地图源、版本、匹配方法和边界距离；否则保留缺失。,true
ITER|rec-4e3bbdd8496db1fc3aa8bf4825e1725e5873cfe3917e1465fa24ef8438fbc0a8|GEOLOGIC_CONTEXT_MISSING|matched_geologic_unit|,rec-4e3bbdd8496db1fc3aa8bf4825e1725e5873cfe3917e1465fa24ef8438fbc0a8,foregs-humus,D2,info,review_required,GEOLOGIC_CONTEXT_MISSING,matched_geologic_unit,,记录没有来源直报或空间匹配的地质单元。,在比例尺与边界不确定性允许时执行空间匹配，并记录地图源、版本、匹配方法和边界距离；否则保留缺失。,true
ITER|rec-4f033f967f72a97bbd220179e3d44d904a92d8f611be1aa6004eeb8d099ec8eb|GEOLOGIC_CONTEXT_MISSING|matched_geologic_unit|,rec-4f033f967f72a97bbd220179e3d44d904a92d8f611be1aa6004eeb8d099ec8eb,foregs-humus,D2,info,review_required,GEOLOGIC_CONTEXT_MISSING,matched_geologic_unit,,记录没有来源直报或空间匹配的地质单元。,在比例尺与边界不确定性允许时执行空间匹配，并记录地图源、版本、匹配方法和边界距离；否则保留缺失。,true
ITER|rec-4f1aa73639735a2b9c99a5b57089111d32edcc1e6aeb91b9c4426fb4a2a6c121|GEOLOGIC_CONTEXT_MISSING|matched_geologic_unit|,rec-4f1aa73639735a2b9c99a5b57089111d32edcc1e6aeb91b9c4426fb4a2a6c121,us-wqp-sacramento-river-arsenic,D2,info,review_required,GEOLOGIC_CONTEXT_MISSING,matched_geologic_unit,,记录没有来源直报或空间匹配的地质单元。,在比例尺与边界不确定性允许时执行空间匹配，并记录地图源、版本、匹配方法和边界距离；否则保留缺失。,true
ITER|rec-4f4b4e189a45ecf5ae95c5dd7cf4c1287f2fd0594a48fe16977b6220195c08aa|GEOLOGIC_CONTEXT_MISSING|matched_geologic_unit|,rec-4f4b4e189a45ecf5ae95c5dd7cf4c1287f2fd0594a48fe16977b6220195c08aa,norway-marchem,D2,info,review_required,GEOLOGIC_CONTEXT_MISSING,matched_geologic_unit,,记录没有来源直报或空间匹配的地质单元。,在比例尺与边界不确定性允许时执行空间匹配，并记录地图源、版本、匹配方法和边界距离；否则保留缺失。,true
ITER|rec-4f8a7bfe15f267759a1c16c3fcd440ae82b35578cb399bb4c7a618cf0d3a749e|GEOLOGIC_CONTEXT_MISSING|matched_geologic_unit|,rec-4f8a7bfe15f267759a1c16c3fcd440ae82b35578cb399bb4c7a618cf0d3a749e,us-wqp-sacramento-river-arsenic,D2,info,review_required,GEOLOGIC_CONTEXT_MISSING,matched_geologic_unit,,记录没有来源直报或空间匹配的地质单元。,在比例尺与边界不确定性允许时执行空间匹配，并记录地图源、版本、匹配方法和边界距离；否则保留缺失。,true
ITER|rec-507744e8894b672b540b9960e3dfe25eb04274384bcb569b789fb7552ea9d936|GEOLOGIC_CONTEXT_MISSING|matched_geologic_unit|,rec-507744e8894b672b540b9960e3dfe25eb04274384bcb569b789fb7552ea9d936,foregs-subsoil,D2,info,review_required,GEOLOGIC_CONTEXT_MISSING,matched_geologic_unit,,记录没有来源直报或空间匹配的地质单元。,在比例尺与边界不确定性允许时执行空间匹配，并记录地图源、版本、匹配方法和边界距离；否则保留缺失。,true
ITER|rec-50cbd8d61d5aac5c8ce920290fd976bad7feaa194089740190f407cf17f07b77|GEOLOGIC_CONTEXT_MISSING|matched_geologic_unit|,rec-50cbd8d61d5aac5c8ce920290fd976bad7feaa194089740190f407cf17f07b77,geotraces-idp2025,D2,info,review_required,GEOLOGIC_CONTEXT_MISSING,matched_geologic_unit,,记录没有来源直报或空间匹配的地质单元。,在比例尺与边界不确定性允许时执行空间匹配，并记录地图源、版本、匹配方法和边界距离；否则保留缺失。,true
ITER|rec-50fc4c9dd9e02c0b72298b8273a8c6433abe217ff9b32909945b073f6c0eaed7|GEOLOGIC_CONTEXT_MISSING|matched_geologic_unit|,rec-50fc4c9dd9e02c0b72298b8273a8c6433abe217ff9b32909945b073f6c0eaed7,foregs-floodplain-sediment,D2,info,review_required,GEOLOGIC_CONTEXT_MISSING,matched_geologic_unit,,记录没有来源直报或空间匹配的地质单元。,在比例尺与边界不确定性允许时执行空间匹配，并记录地图源、版本、匹配方法和边界距离；否则保留缺失。,true
ITER|rec-51792714d48fb7cc80f4949d8cf0222fdeba49db8447fd1136a1941e69ffbde5|CENSORED_OBSERVATION|censored|%3C,rec-51792714d48fb7cc80f4949d8cf0222fdeba49db8447fd1136a1941e69ffbde5,gemstat-open-archive,D2,info,scientific_limit,CENSORED_OBSERVATION,censored,<,这是检出限/定量限约束的删失观测，不等同于零，也不自动视为采集失败。,保留原始 qualifier 与 censoring limit；默认从普通相关和异常筛查中排除，或使用明确的删失统计模型。,false
ITER|rec-51792714d48fb7cc80f4949d8cf0222fdeba49db8447fd1136a1941e69ffbde5|GEOLOGIC_CONTEXT_MISSING|matched_geologic_unit|,rec-51792714d48fb7cc80f4949d8cf0222fdeba49db8447fd1136a1941e69ffbde5,gemstat-open-archive,D2,info,review_required,GEOLOGIC_CONTEXT_MISSING,matched_geologic_unit,,记录没有来源直报或空间匹配的地质单元。,在比例尺与边界不确定性允许时执行空间匹配，并记录地图源、版本、匹配方法和边界距离；否则保留缺失。,true
ITER|rec-51aea9379c7cd7d9cd781d404d83dcc2ceed62289cc0f411be9b8dac4b46d79c|COORDINATE_UNUSABLE|latitude%2Clongitude|%2C,rec-51aea9379c7cd7d9cd781d404d83dcc2ceed62289cc0f411be9b8dac4b46d79c,afsis-phase-i-wet-chemistry,D1,error,action_required,COORDINATE_UNUSABLE,"latitude,longitude",",",WGS84 坐标缺失、非数值或超出合法范围，因此不能上图。,从原始来源恢复坐标与 CRS；若只提供区域名称，保留缺失并记录原因，不得填区域质心。,true
ITER|rec-51aea9379c7cd7d9cd781d404d83dcc2ceed62289cc0f411be9b8dac4b46d79c|GEOLOGIC_CONTEXT_MISSING|matched_geologic_unit|,rec-51aea9379c7cd7d9cd781d404d83dcc2ceed62289cc0f411be9b8dac4b46d79c,afsis-phase-i-wet-chemistry,D2,info,review_required,GEOLOGIC_CONTEXT_MISSING,matched_geologic_unit,,记录没有来源直报或空间匹配的地质单元。,在比例尺与边界不确定性允许时执行空间匹配，并记录地图源、版本、匹配方法和边界距离；否则保留缺失。,true
ITER|rec-52130efb2ce0e02611c2dbb1093f12458428fa081e5b1a811b8b4f3d8e9183fd|GEOLOGIC_CONTEXT_MISSING|matched_geologic_unit|,rec-52130efb2ce0e02611c2dbb1093f12458428fa081e5b1a811b8b4f3d8e9183fd,foregs-floodplain-sediment,D2,info,review_required,GEOLOGIC_CONTEXT_MISSING,matched_geologic_unit,,记录没有来源直报或空间匹配的地质单元。,在比例尺与边界不确定性允许时执行空间匹配，并记录地图源、版本、匹配方法和边界距离；否则保留缺失。,true
ITER|rec-52267dd8aa4ac93efb68addc507f1b137992f572765b6dd7b618d603bf6d5293|GEOLOGIC_CONTEXT_MISSING|matched_geologic_unit|,rec-52267dd8aa4ac93efb68addc507f1b137992f572765b6dd7b618d603bf6d5293,foregs-subsoil,D2,info,review_required,GEOLOGIC_CONTEXT_MISSING,matched_geologic_unit,,记录没有来源直报或空间匹配的地质单元。,在比例尺与边界不确定性允许时执行空间匹配，并记录地图源、版本、匹配方法和边界距离；否则保留缺失。,true
ITER|rec-52d7aab5dfb180320a6a3f5ab8b09404da7aedc8f4150096433c110689c638c0|ANALYTICAL_METHOD_MISSING|analytical_method|,rec-52d7aab5dfb180320a6a3f5ab8b09404da7aedc8f4150096433c110689c638c0,japan-gsj-geochemical-map,D1,warning,action_required,ANALYTICAL_METHOD_MISSING,analytical_method,,分析方法证据缺失，跨来源浓度与元素组合不可可靠比较。,回查数据字典、方法论文或记录级元数据；同时绑定 method_source_locator，未找到时保留缺失原因。,true
ITER|rec-52d7aab5dfb180320a6a3f5ab8b09404da7aedc8f4150096433c110689c638c0|GEOLOGIC_CONTEXT_MISSING|matched_geologic_unit|,rec-52d7aab5dfb180320a6a3f5ab8b09404da7aedc8f4150096433c110689c638c0,japan-gsj-geochemical-map,D2,info,review_required,GEOLOGIC_CONTEXT_MISSING,matched_geologic_unit,,记录没有来源直报或空间匹配的地质单元。,在比例尺与边界不确定性允许时执行空间匹配，并记录地图源、版本、匹配方法和边界距离；否则保留缺失。,true
ITER|rec-5398106e9c8ece7ce1d228a4e6e79c384efae22c4954948322bb8e51e1968b8b|GEOLOGIC_CONTEXT_MISSING|matched_geologic_unit|,rec-5398106e9c8ece7ce1d228a4e6e79c384efae22c4954948322bb8e51e1968b8b,geotraces-idp2025,D2,info,review_required,GEOLOGIC_CONTEXT_MISSING,matched_geologic_unit,,记录没有来源直报或空间匹配的地质单元。,在比例尺与边界不确定性允许时执行空间匹配，并记录地图源、版本、匹配方法和边界距离；否则保留缺失。,true
ITER|rec-53a9f1c1d2301b7b81cb24fdf43ea13e03dda1653b44330a89af3ee7078927dc|GEOLOGIC_CONTEXT_MISSING|matched_geologic_unit|,rec-53a9f1c1d2301b7b81cb24fdf43ea13e03dda1653b44330a89af3ee7078927dc,pangaea-north-africa-soil,D2,info,review_required,GEOLOGIC_CONTEXT_MISSING,matched_geologic_unit,,记录没有来源直报或空间匹配的地质单元。,在比例尺与边界不确定性允许时执行空间匹配，并记录地图源、版本、匹配方法和边界距离；否则保留缺失。,true
ITER|rec-5417ae2f9f9203de308f0261e8cd12aa0cbb7615781473624a8b3c124c74669f|GEOLOGIC_CONTEXT_MISSING|matched_geologic_unit|,rec-5417ae2f9f9203de308f0261e8cd12aa0cbb7615781473624a8b3c124c74669f,geotraces-idp2025,D2,info,review_required,GEOLOGIC_CONTEXT_MISSING,matched_geologic_unit,,记录没有来源直报或空间匹配的地质单元。,在比例尺与边界不确定性允许时执行空间匹配，并记录地图源、版本、匹配方法和边界距离；否则保留缺失。,true
ITER|rec-5461a0a47bd4cca80b93fe37d306d2bcee0d4aedffe199f929c2e6091ac276b6|GEOLOGIC_CONTEXT_MISSING|matched_geologic_unit|,rec-5461a0a47bd4cca80b93fe37d306d2bcee0d4aedffe199f929c2e6091ac276b6,geotraces-idp2025,D2,info,review_required,GEOLOGIC_CONTEXT_MISSING,matched_geologic_unit,,记录没有来源直报或空间匹配的地质单元。,在比例尺与边界不确定性允许时执行空间匹配，并记录地图源、版本、匹配方法和边界距离；否则保留缺失。,true
ITER|rec-54c47f3cb3b6a62fbc7e254d474eb7756c2b0456a784e54f0ad3fac35865649f|GEOLOGIC_CONTEXT_MISSING|matched_geologic_unit|,rec-54c47f3cb3b6a62fbc7e254d474eb7756c2b0456a784e54f0ad3fac35865649f,foregs-stream-sediment,D2,info,review_required,GEOLOGIC_CONTEXT_MISSING,matched_geologic_unit,,记录没有来源直报或空间匹配的地质单元。,在比例尺与边界不确定性允许时执行空间匹配，并记录地图源、版本、匹配方法和边界距离；否则保留缺失。,true
ITER|rec-54f25f53c87c9a1d3a1e82db806dc2a616da1c9ec08e3d3499ecfe775ca09362|GEOLOGIC_CONTEXT_MISSING|matched_geologic_unit|,rec-54f25f53c87c9a1d3a1e82db806dc2a616da1c9ec08e3d3499ecfe775ca09362,us-wqp-sacramento-river-arsenic,D2,info,review_required,GEOLOGIC_CONTEXT_MISSING,matched_geologic_unit,,记录没有来源直报或空间匹配的地质单元。,在比例尺与边界不确定性允许时执行空间匹配，并记录地图源、版本、匹配方法和边界距离；否则保留缺失。,true
ITER|rec-5508ee3ce28e0c81aa64c2e0512570f19291018573ea326ae1dcafe4a164bf38|GEOLOGIC_CONTEXT_MISSING|matched_geologic_unit|,rec-5508ee3ce28e0c81aa64c2e0512570f19291018573ea326ae1dcafe4a164bf38,geotraces-idp2025,D2,info,review_required,GEOLOGIC_CONTEXT_MISSING,matched_geologic_unit,,记录没有来源直报或空间匹配的地质单元。,在比例尺与边界不确定性允许时执行空间匹配，并记录地图源、版本、匹配方法和边界距离；否则保留缺失。,true
ITER|rec-550972b738ec8a9af3e22c927f3cda132d30268307a59a6bd15add37bc2682e4|ANALYTICAL_METHOD_MISSING|analytical_method|,rec-550972b738ec8a9af3e22c927f3cda132d30268307a59a6bd15add37bc2682e4,japan-gsj-geochemical-map,D1,warning,action_required,ANALYTICAL_METHOD_MISSING,analytical_method,,分析方法证据缺失，跨来源浓度与元素组合不可可靠比较。,回查数据字典、方法论文或记录级元数据；同时绑定 method_source_locator，未找到时保留缺失原因。,true
ITER|rec-550972b738ec8a9af3e22c927f3cda132d30268307a59a6bd15add37bc2682e4|GEOLOGIC_CONTEXT_MISSING|matched_geologic_unit|,rec-550972b738ec8a9af3e22c927f3cda132d30268307a59a6bd15add37bc2682e4,japan-gsj-geochemical-map,D2,info,review_required,GEOLOGIC_CONTEXT_MISSING,matched_geologic_unit,,记录没有来源直报或空间匹配的地质单元。,在比例尺与边界不确定性允许时执行空间匹配，并记录地图源、版本、匹配方法和边界距离；否则保留缺失。,true
ITER|rec-5562403cb1492357160c88c347ee989af421b58c3a09fd18212b45c40f4679ed|GEOLOGIC_CONTEXT_MISSING|matched_geologic_unit|,rec-5562403cb1492357160c88c347ee989af421b58c3a09fd18212b45c40f4679ed,pangaea-north-africa-soil,D2,info,review_required,GEOLOGIC_CONTEXT_MISSING,matched_geologic_unit,,记录没有来源直报或空间匹配的地质单元。,在比例尺与边界不确定性允许时执行空间匹配，并记录地图源、版本、匹配方法和边界距离；否则保留缺失。,true
ITER|rec-559aff02d87a3deac0b96d7c5fd90e98f2a66d4c5247577850a92785f8c24046|COORDINATE_UNUSABLE|latitude%2Clongitude|%2C,rec-559aff02d87a3deac0b96d7c5fd90e98f2a66d4c5247577850a92785f8c24046,afsis-phase-i-wet-chemistry,D1,error,action_required,COORDINATE_UNUSABLE,"latitude,longitude",",",WGS84 坐标缺失、非数值或超出合法范围，因此不能上图。,从原始来源恢复坐标与 CRS；若只提供区域名称，保留缺失并记录原因，不得填区域质心。,true
ITER|rec-559aff02d87a3deac0b96d7c5fd90e98f2a66d4c5247577850a92785f8c24046|GEOLOGIC_CONTEXT_MISSING|matched_geologic_unit|,rec-559aff02d87a3deac0b96d7c5fd90e98f2a66d4c5247577850a92785f8c24046,afsis-phase-i-wet-chemistry,D2,info,review_required,GEOLOGIC_CONTEXT_MISSING,matched_geologic_unit,,记录没有来源直报或空间匹配的地质单元。,在比例尺与边界不确定性允许时执行空间匹配，并记录地图源、版本、匹配方法和边界距离；否则保留缺失。,true
ITER|rec-559e2e2d7768e190b4a1c9f9cd652b6b7d728cc97bfb61a66d08332da0bbc5d4|ANALYTICAL_METHOD_MISSING|analytical_method|,rec-559e2e2d7768e190b4a1c9f9cd652b6b7d728cc97bfb61a66d08332da0bbc5d4,georoc-archaean,D1,warning,action_required,ANALYTICAL_METHOD_MISSING,analytical_method,,分析方法证据缺失，跨来源浓度与元素组合不可可靠比较。,回查数据字典、方法论文或记录级元数据；同时绑定 method_source_locator，未找到时保留缺失原因。,true
ITER|rec-559e2e2d7768e190b4a1c9f9cd652b6b7d728cc97bfb61a66d08332da0bbc5d4|COORDINATE_UNUSABLE|latitude%2Clongitude|%2C,rec-559e2e2d7768e190b4a1c9f9cd652b6b7d728cc97bfb61a66d08332da0bbc5d4,georoc-archaean,D1,error,action_required,COORDINATE_UNUSABLE,"latitude,longitude",",",WGS84 坐标缺失、非数值或超出合法范围，因此不能上图。,从原始来源恢复坐标与 CRS；若只提供区域名称，保留缺失并记录原因，不得填区域质心。,true
ITER|rec-559e2e2d7768e190b4a1c9f9cd652b6b7d728cc97bfb61a66d08332da0bbc5d4|GEOLOGIC_CONTEXT_MISSING|matched_geologic_unit|,rec-559e2e2d7768e190b4a1c9f9cd652b6b7d728cc97bfb61a66d08332da0bbc5d4,georoc-archaean,D2,info,review_required,GEOLOGIC_CONTEXT_MISSING,matched_geologic_unit,,记录没有来源直报或空间匹配的地质单元。,在比例尺与边界不确定性允许时执行空间匹配，并记录地图源、版本、匹配方法和边界距离；否则保留缺失。,true
ITER|rec-55e149106308cbde3c714c22ccc354bead3253e1efb2080318834f77108cfeb7|GEOLOGIC_CONTEXT_MISSING|matched_geologic_unit|,rec-55e149106308cbde3c714c22ccc354bead3253e1efb2080318834f77108cfeb7,foregs-topsoil,D2,info,review_required,GEOLOGIC_CONTEXT_MISSING,matched_geologic_unit,,记录没有来源直报或空间匹配的地质单元。,在比例尺与边界不确定性允许时执行空间匹配，并记录地图源、版本、匹配方法和边界距离；否则保留缺失。,true
ITER|rec-55f6d23a47aee3ae4ab36c1ec04d2284b5f08d58a6f2185fb140f3e8b69617ef|ANALYTICAL_METHOD_MISSING|analytical_method|,rec-55f6d23a47aee3ae4ab36c1ec04d2284b5f08d58a6f2185fb140f3e8b69617ef,japan-gsj-geochemical-map,D1,warning,action_required,ANALYTICAL_METHOD_MISSING,analytical_method,,分析方法证据缺失，跨来源浓度与元素组合不可可靠比较。,回查数据字典、方法论文或记录级元数据；同时绑定 method_source_locator，未找到时保留缺失原因。,true
ITER|rec-55f6d23a47aee3ae4ab36c1ec04d2284b5f08d58a6f2185fb140f3e8b69617ef|GEOLOGIC_CONTEXT_MISSING|matched_geologic_unit|,rec-55f6d23a47aee3ae4ab36c1ec04d2284b5f08d58a6f2185fb140f3e8b69617ef,japan-gsj-geochemical-map,D2,info,review_required,GEOLOGIC_CONTEXT_MISSING,matched_geologic_unit,,记录没有来源直报或空间匹配的地质单元。,在比例尺与边界不确定性允许时执行空间匹配，并记录地图源、版本、匹配方法和边界距离；否则保留缺失。,true
ITER|rec-57504a5edc5ae139f7666ad38b4e23b8c16be7aca0aaac922c395379524cbca4|GEOLOGIC_CONTEXT_MISSING|matched_geologic_unit|,rec-57504a5edc5ae139f7666ad38b4e23b8c16be7aca0aaac922c395379524cbca4,foregs-subsoil,D2,info,review_required,GEOLOGIC_CONTEXT_MISSING,matched_geologic_unit,,记录没有来源直报或空间匹配的地质单元。,在比例尺与边界不确定性允许时执行空间匹配，并记录地图源、版本、匹配方法和边界距离；否则保留缺失。,true
ITER|rec-5794106122e1126675fd45e06588d74b6abaa4d2631afcd2822cf49bca80d2d5|GEOLOGIC_CONTEXT_MISSING|matched_geologic_unit|,rec-5794106122e1126675fd45e06588d74b6abaa4d2631afcd2822cf49bca80d2d5,pangaea-north-africa-soil,D2,info,review_required,GEOLOGIC_CONTEXT_MISSING,matched_geologic_unit,,记录没有来源直报或空间匹配的地质单元。,在比例尺与边界不确定性允许时执行空间匹配，并记录地图源、版本、匹配方法和边界距离；否则保留缺失。,true
ITER|rec-57ddf003321502088dcdb831410e23871d050c6ed42f16644b3d3cd207dfe550|GEOLOGIC_CONTEXT_MISSING|matched_geologic_unit|,rec-57ddf003321502088dcdb831410e23871d050c6ed42f16644b3d3cd207dfe550,foregs-stream-water,D2,info,review_required,GEOLOGIC_CONTEXT_MISSING,matched_geologic_unit,,记录没有来源直报或空间匹配的地质单元。,在比例尺与边界不确定性允许时执行空间匹配，并记录地图源、版本、匹配方法和边界距离；否则保留缺失。,true
ITER|rec-580e9a33fe2c382a5c65335b996d75556d0900ebe22a62c4d19230cceba05366|GEOLOGIC_CONTEXT_MISSING|matched_geologic_unit|,rec-580e9a33fe2c382a5c65335b996d75556d0900ebe22a62c4d19230cceba05366,foregs-subsoil,D2,info,review_required,GEOLOGIC_CONTEXT_MISSING,matched_geologic_unit,,记录没有来源直报或空间匹配的地质单元。,在比例尺与边界不确定性允许时执行空间匹配，并记录地图源、版本、匹配方法和边界距离；否则保留缺失。,true
ITER|rec-58664ab0bf12258a6bc8db713db657580e0e75e9bb35744ceadb93b23a9687b8|GEOLOGIC_CONTEXT_MISSING|matched_geologic_unit|,rec-58664ab0bf12258a6bc8db713db657580e0e75e9bb35744ceadb93b23a9687b8,foregs-subsoil,D2,info,review_required,GEOLOGIC_CONTEXT_MISSING,matched_geologic_unit,,记录没有来源直报或空间匹配的地质单元。,在比例尺与边界不确定性允许时执行空间匹配，并记录地图源、版本、匹配方法和边界距离；否则保留缺失。,true
ITER|rec-5929ecc9eff1de7bf6d4e2699a2766fb66fed52f665cd9456bcc07f6929211e1|ANALYTICAL_METHOD_MISSING|analytical_method|,rec-5929ecc9eff1de7bf6d4e2699a2766fb66fed52f665cd9456bcc07f6929211e1,georoc-archaean,D1,warning,action_required,ANALYTICAL_METHOD_MISSING,analytical_method,,分析方法证据缺失，跨来源浓度与元素组合不可可靠比较。,回查数据字典、方法论文或记录级元数据；同时绑定 method_source_locator，未找到时保留缺失原因。,true
ITER|rec-5929ecc9eff1de7bf6d4e2699a2766fb66fed52f665cd9456bcc07f6929211e1|COORDINATE_UNUSABLE|latitude%2Clongitude|%2C,rec-5929ecc9eff1de7bf6d4e2699a2766fb66fed52f665cd9456bcc07f6929211e1,georoc-archaean,D1,error,action_required,COORDINATE_UNUSABLE,"latitude,longitude",",",WGS84 坐标缺失、非数值或超出合法范围，因此不能上图。,从原始来源恢复坐标与 CRS；若只提供区域名称，保留缺失并记录原因，不得填区域质心。,true
ITER|rec-5929ecc9eff1de7bf6d4e2699a2766fb66fed52f665cd9456bcc07f6929211e1|GEOLOGIC_CONTEXT_MISSING|matched_geologic_unit|,rec-5929ecc9eff1de7bf6d4e2699a2766fb66fed52f665cd9456bcc07f6929211e1,georoc-archaean,D2,info,review_required,GEOLOGIC_CONTEXT_MISSING,matched_geologic_unit,,记录没有来源直报或空间匹配的地质单元。,在比例尺与边界不确定性允许时执行空间匹配，并记录地图源、版本、匹配方法和边界距离；否则保留缺失。,true
ITER|rec-5983f5db3c77f80db87d164dda84eab45fbc7010f01405ae12d2595b34b48d21|GEOLOGIC_CONTEXT_MISSING|matched_geologic_unit|,rec-5983f5db3c77f80db87d164dda84eab45fbc7010f01405ae12d2595b34b48d21,geotraces-idp2025,D2,info,review_required,GEOLOGIC_CONTEXT_MISSING,matched_geologic_unit,,记录没有来源直报或空间匹配的地质单元。,在比例尺与边界不确定性允许时执行空间匹配，并记录地图源、版本、匹配方法和边界距离；否则保留缺失。,true
ITER|rec-599561a93c4acb7d8be92c85ac15e5e87a81a387f7be10aa654186b18ddca294|GEOLOGIC_CONTEXT_MISSING|matched_geologic_unit|,rec-599561a93c4acb7d8be92c85ac15e5e87a81a387f7be10aa654186b18ddca294,pangaea-north-africa-soil,D2,info,review_required,GEOLOGIC_CONTEXT_MISSING,matched_geologic_unit,,记录没有来源直报或空间匹配的地质单元。,在比例尺与边界不确定性允许时执行空间匹配，并记录地图源、版本、匹配方法和边界距离；否则保留缺失。,true
ITER|rec-59a6039a4ea7b05ea70ae4d5e4d0ebf6d84ea6d970fe832c79b832f1e13363c6|GEOLOGIC_CONTEXT_MISSING|matched_geologic_unit|,rec-59a6039a4ea7b05ea70ae4d5e4d0ebf6d84ea6d970fe832c79b832f1e13363c6,foregs-stream-water,D2,info,review_required,GEOLOGIC_CONTEXT_MISSING,matched_geologic_unit,,记录没有来源直报或空间匹配的地质单元。,在比例尺与边界不确定性允许时执行空间匹配，并记录地图源、版本、匹配方法和边界距离；否则保留缺失。,true
ITER|rec-59ae0d96455f41f2fd9407a88e8ad463a86fced2fab35247409d10c1ee1d6260|CENSORED_OBSERVATION|censored|%3C,rec-59ae0d96455f41f2fd9407a88e8ad463a86fced2fab35247409d10c1ee1d6260,gemstat-open-archive,D2,info,scientific_limit,CENSORED_OBSERVATION,censored,<,这是检出限/定量限约束的删失观测，不等同于零，也不自动视为采集失败。,保留原始 qualifier 与 censoring limit；默认从普通相关和异常筛查中排除，或使用明确的删失统计模型。,false
ITER|rec-59ae0d96455f41f2fd9407a88e8ad463a86fced2fab35247409d10c1ee1d6260|GEOLOGIC_CONTEXT_MISSING|matched_geologic_unit|,rec-59ae0d96455f41f2fd9407a88e8ad463a86fced2fab35247409d10c1ee1d6260,gemstat-open-archive,D2,info,review_required,GEOLOGIC_CONTEXT_MISSING,matched_geologic_unit,,记录没有来源直报或空间匹配的地质单元。,在比例尺与边界不确定性允许时执行空间匹配，并记录地图源、版本、匹配方法和边界距离；否则保留缺失。,true
ITER|rec-59ca9afeee441117c433169adc9aa0bb4161c692650f7338b58cc0be8612f98e|CENSORED_OBSERVATION|censored|%3C,rec-59ca9afeee441117c433169adc9aa0bb4161c692650f7338b58cc0be8612f98e,gemstat-open-archive,D2,info,scientific_limit,CENSORED_OBSERVATION,censored,<,这是检出限/定量限约束的删失观测，不等同于零，也不自动视为采集失败。,保留原始 qualifier 与 censoring limit；默认从普通相关和异常筛查中排除，或使用明确的删失统计模型。,false
ITER|rec-59ca9afeee441117c433169adc9aa0bb4161c692650f7338b58cc0be8612f98e|GEOLOGIC_CONTEXT_MISSING|matched_geologic_unit|,rec-59ca9afeee441117c433169adc9aa0bb4161c692650f7338b58cc0be8612f98e,gemstat-open-archive,D2,info,review_required,GEOLOGIC_CONTEXT_MISSING,matched_geologic_unit,,记录没有来源直报或空间匹配的地质单元。,在比例尺与边界不确定性允许时执行空间匹配，并记录地图源、版本、匹配方法和边界距离；否则保留缺失。,true
ITER|rec-5a37621a84c12ed8881a4467c9e6d1c7faa2f04792bb66ece76b108ab6bec183|GEOLOGIC_CONTEXT_MISSING|matched_geologic_unit|,rec-5a37621a84c12ed8881a4467c9e6d1c7faa2f04792bb66ece76b108ab6bec183,foregs-humus,D2,info,review_required,GEOLOGIC_CONTEXT_MISSING,matched_geologic_unit,,记录没有来源直报或空间匹配的地质单元。,在比例尺与边界不确定性允许时执行空间匹配，并记录地图源、版本、匹配方法和边界距离；否则保留缺失。,true
ITER|rec-5a3f430ca9c10c7930c2569f6e96256c9a09d6b73a0d30a76b5f93a948cb551d|GEOLOGIC_CONTEXT_MISSING|matched_geologic_unit|,rec-5a3f430ca9c10c7930c2569f6e96256c9a09d6b73a0d30a76b5f93a948cb551d,foregs-floodplain-sediment,D2,info,review_required,GEOLOGIC_CONTEXT_MISSING,matched_geologic_unit,,记录没有来源直报或空间匹配的地质单元。,在比例尺与边界不确定性允许时执行空间匹配，并记录地图源、版本、匹配方法和边界距离；否则保留缺失。,true
ITER|rec-5a829f5863fd441fdffcb3a089d6ae77d7bb61419f5756ff3ac55957dcff0639|GEOLOGIC_CONTEXT_MISSING|matched_geologic_unit|,rec-5a829f5863fd441fdffcb3a089d6ae77d7bb61419f5756ff3ac55957dcff0639,foregs-topsoil,D2,info,review_required,GEOLOGIC_CONTEXT_MISSING,matched_geologic_unit,,记录没有来源直报或空间匹配的地质单元。,在比例尺与边界不确定性允许时执行空间匹配，并记录地图源、版本、匹配方法和边界距离；否则保留缺失。,true
ITER|rec-5aadc27c996ecf384efee9aa3b1ca48f723308cbc5a0066fb23b2af2c189338e|GEOLOGIC_CONTEXT_MISSING|matched_geologic_unit|,rec-5aadc27c996ecf384efee9aa3b1ca48f723308cbc5a0066fb23b2af2c189338e,geotraces-idp2025,D2,info,review_required,GEOLOGIC_CONTEXT_MISSING,matched_geologic_unit,,记录没有来源直报或空间匹配的地质单元。,在比例尺与边界不确定性允许时执行空间匹配，并记录地图源、版本、匹配方法和边界距离；否则保留缺失。,true
ITER|rec-5af9e652a8510b6a17227b9783e84c747e1fe17954b0ce0678c49ed2f42beb3f|CENSORED_OBSERVATION|censored|%3C,rec-5af9e652a8510b6a17227b9783e84c747e1fe17954b0ce0678c49ed2f42beb3f,gemstat-open-archive,D2,info,scientific_limit,CENSORED_OBSERVATION,censored,<,这是检出限/定量限约束的删失观测，不等同于零，也不自动视为采集失败。,保留原始 qualifier 与 censoring limit；默认从普通相关和异常筛查中排除，或使用明确的删失统计模型。,false
ITER|rec-5af9e652a8510b6a17227b9783e84c747e1fe17954b0ce0678c49ed2f42beb3f|GEOLOGIC_CONTEXT_MISSING|matched_geologic_unit|,rec-5af9e652a8510b6a17227b9783e84c747e1fe17954b0ce0678c49ed2f42beb3f,gemstat-open-archive,D2,info,review_required,GEOLOGIC_CONTEXT_MISSING,matched_geologic_unit,,记录没有来源直报或空间匹配的地质单元。,在比例尺与边界不确定性允许时执行空间匹配，并记录地图源、版本、匹配方法和边界距离；否则保留缺失。,true
ITER|rec-5b15e2be44e8012ec96d1bdd04538b2b397776fe2ca842f258fc884ba4b270e7|GEOLOGIC_CONTEXT_MISSING|matched_geologic_unit|,rec-5b15e2be44e8012ec96d1bdd04538b2b397776fe2ca842f258fc884ba4b270e7,norway-marchem,D2,info,review_required,GEOLOGIC_CONTEXT_MISSING,matched_geologic_unit,,记录没有来源直报或空间匹配的地质单元。,在比例尺与边界不确定性允许时执行空间匹配，并记录地图源、版本、匹配方法和边界距离；否则保留缺失。,true
ITER|rec-5bab25269aee78202b94385aea276fdf87a2cb3039c175f7b8f7d9edb4966345|GEOLOGIC_CONTEXT_MISSING|matched_geologic_unit|,rec-5bab25269aee78202b94385aea276fdf87a2cb3039c175f7b8f7d9edb4966345,foregs-topsoil,D2,info,review_required,GEOLOGIC_CONTEXT_MISSING,matched_geologic_unit,,记录没有来源直报或空间匹配的地质单元。,在比例尺与边界不确定性允许时执行空间匹配，并记录地图源、版本、匹配方法和边界距离；否则保留缺失。,true
ITER|rec-5c73afb2ceb641af63807219c4ecdd2818d25c2156fa8ce2e8c3f1c21bf99532|GEOLOGIC_CONTEXT_MISSING|matched_geologic_unit|,rec-5c73afb2ceb641af63807219c4ecdd2818d25c2156fa8ce2e8c3f1c21bf99532,geotraces-idp2025,D2,info,review_required,GEOLOGIC_CONTEXT_MISSING,matched_geologic_unit,,记录没有来源直报或空间匹配的地质单元。,在比例尺与边界不确定性允许时执行空间匹配，并记录地图源、版本、匹配方法和边界距离；否则保留缺失。,true
ITER|rec-5cc05e1b8ff7c70ff33e2747d971849f635d70a24d16d29efbfc6f9c19d3d090|ANALYTICAL_METHOD_MISSING|analytical_method|,rec-5cc05e1b8ff7c70ff33e2747d971849f635d70a24d16d29efbfc6f9c19d3d090,georoc-archaean,D1,warning,action_required,ANALYTICAL_METHOD_MISSING,analytical_method,,分析方法证据缺失，跨来源浓度与元素组合不可可靠比较。,回查数据字典、方法论文或记录级元数据；同时绑定 method_source_locator，未找到时保留缺失原因。,true
ITER|rec-5cc05e1b8ff7c70ff33e2747d971849f635d70a24d16d29efbfc6f9c19d3d090|COORDINATE_UNUSABLE|latitude%2Clongitude|%2C,rec-5cc05e1b8ff7c70ff33e2747d971849f635d70a24d16d29efbfc6f9c19d3d090,georoc-archaean,D1,error,action_required,COORDINATE_UNUSABLE,"latitude,longitude",",",WGS84 坐标缺失、非数值或超出合法范围，因此不能上图。,从原始来源恢复坐标与 CRS；若只提供区域名称，保留缺失并记录原因，不得填区域质心。,true
ITER|rec-5cc05e1b8ff7c70ff33e2747d971849f635d70a24d16d29efbfc6f9c19d3d090|GEOLOGIC_CONTEXT_MISSING|matched_geologic_unit|,rec-5cc05e1b8ff7c70ff33e2747d971849f635d70a24d16d29efbfc6f9c19d3d090,georoc-archaean,D2,info,review_required,GEOLOGIC_CONTEXT_MISSING,matched_geologic_unit,,记录没有来源直报或空间匹配的地质单元。,在比例尺与边界不确定性允许时执行空间匹配，并记录地图源、版本、匹配方法和边界距离；否则保留缺失。,true
ITER|rec-5dfc937b62e02759dfb1b3cb76a65b98beeb94bbbacb76137f44bdc8ffc7af7d|GEOLOGIC_CONTEXT_MISSING|matched_geologic_unit|,rec-5dfc937b62e02759dfb1b3cb76a65b98beeb94bbbacb76137f44bdc8ffc7af7d,foregs-floodplain-sediment,D2,info,review_required,GEOLOGIC_CONTEXT_MISSING,matched_geologic_unit,,记录没有来源直报或空间匹配的地质单元。,在比例尺与边界不确定性允许时执行空间匹配，并记录地图源、版本、匹配方法和边界距离；否则保留缺失。,true
ITER|rec-5e6f85c1e626e9b294afce8be8be8126fa5e879c6b7eb1f37f98baf4640a725d|ANALYTICAL_METHOD_MISSING|analytical_method|,rec-5e6f85c1e626e9b294afce8be8be8126fa5e879c6b7eb1f37f98baf4640a725d,japan-gsj-geochemical-map,D1,warning,action_required,ANALYTICAL_METHOD_MISSING,analytical_method,,分析方法证据缺失，跨来源浓度与元素组合不可可靠比较。,回查数据字典、方法论文或记录级元数据；同时绑定 method_source_locator，未找到时保留缺失原因。,true
ITER|rec-5e6f85c1e626e9b294afce8be8be8126fa5e879c6b7eb1f37f98baf4640a725d|GEOLOGIC_CONTEXT_MISSING|matched_geologic_unit|,rec-5e6f85c1e626e9b294afce8be8be8126fa5e879c6b7eb1f37f98baf4640a725d,japan-gsj-geochemical-map,D2,info,review_required,GEOLOGIC_CONTEXT_MISSING,matched_geologic_unit,,记录没有来源直报或空间匹配的地质单元。,在比例尺与边界不确定性允许时执行空间匹配，并记录地图源、版本、匹配方法和边界距离；否则保留缺失。,true
ITER|rec-5e7d34c0497ac787390fb51714e8bd8b62e6dad0b5aa8fdd16a8d3285a8af344|GEOLOGIC_CONTEXT_MISSING|matched_geologic_unit|,rec-5e7d34c0497ac787390fb51714e8bd8b62e6dad0b5aa8fdd16a8d3285a8af344,foregs-stream-sediment,D2,info,review_required,GEOLOGIC_CONTEXT_MISSING,matched_geologic_unit,,记录没有来源直报或空间匹配的地质单元。,在比例尺与边界不确定性允许时执行空间匹配，并记录地图源、版本、匹配方法和边界距离；否则保留缺失。,true
ITER|rec-5eb05e8193701c2cc89aa5eba0677e4b44de8fcb9b1b3648c56e9576b6eff560|ANALYTICAL_METHOD_MISSING|analytical_method|,rec-5eb05e8193701c2cc89aa5eba0677e4b44de8fcb9b1b3648c56e9576b6eff560,usgs-conus-soil,D1,warning,action_required,ANALYTICAL_METHOD_MISSING,analytical_method,,分析方法证据缺失，跨来源浓度与元素组合不可可靠比较。,回查数据字典、方法论文或记录级元数据；同时绑定 method_source_locator，未找到时保留缺失原因。,true
ITER|rec-5eb05e8193701c2cc89aa5eba0677e4b44de8fcb9b1b3648c56e9576b6eff560|GEOLOGIC_CONTEXT_MISSING|matched_geologic_unit|,rec-5eb05e8193701c2cc89aa5eba0677e4b44de8fcb9b1b3648c56e9576b6eff560,usgs-conus-soil,D2,info,review_required,GEOLOGIC_CONTEXT_MISSING,matched_geologic_unit,,记录没有来源直报或空间匹配的地质单元。,在比例尺与边界不确定性允许时执行空间匹配，并记录地图源、版本、匹配方法和边界距离；否则保留缺失。,true
ITER|rec-5ecea214816e6782398ddcc8df098f7333ca4165118bff300fdd25c33a6214f9|GEOLOGIC_CONTEXT_MISSING|matched_geologic_unit|,rec-5ecea214816e6782398ddcc8df098f7333ca4165118bff300fdd25c33a6214f9,geotraces-idp2025,D2,info,review_required,GEOLOGIC_CONTEXT_MISSING,matched_geologic_unit,,记录没有来源直报或空间匹配的地质单元。,在比例尺与边界不确定性允许时执行空间匹配，并记录地图源、版本、匹配方法和边界距离；否则保留缺失。,true
ITER|rec-5f589e9a13c777f6409a66db00e91bc0e09f686b6e539300996050106b9c709c|ANALYTICAL_METHOD_MISSING|analytical_method|,rec-5f589e9a13c777f6409a66db00e91bc0e09f686b6e539300996050106b9c709c,japan-gsj-geochemical-map,D1,warning,action_required,ANALYTICAL_METHOD_MISSING,analytical_method,,分析方法证据缺失，跨来源浓度与元素组合不可可靠比较。,回查数据字典、方法论文或记录级元数据；同时绑定 method_source_locator，未找到时保留缺失原因。,true
ITER|rec-5f589e9a13c777f6409a66db00e91bc0e09f686b6e539300996050106b9c709c|GEOLOGIC_CONTEXT_MISSING|matched_geologic_unit|,rec-5f589e9a13c777f6409a66db00e91bc0e09f686b6e539300996050106b9c709c,japan-gsj-geochemical-map,D2,info,review_required,GEOLOGIC_CONTEXT_MISSING,matched_geologic_unit,,记录没有来源直报或空间匹配的地质单元。,在比例尺与边界不确定性允许时执行空间匹配，并记录地图源、版本、匹配方法和边界距离；否则保留缺失。,true
ITER|rec-5fabd78c0fbf892d3c1a6528d8e724e703a280530c1a31b9e036961ac01aa4f6|GEOLOGIC_CONTEXT_MISSING|matched_geologic_unit|,rec-5fabd78c0fbf892d3c1a6528d8e724e703a280530c1a31b9e036961ac01aa4f6,foregs-floodplain-sediment,D2,info,review_required,GEOLOGIC_CONTEXT_MISSING,matched_geologic_unit,,记录没有来源直报或空间匹配的地质单元。,在比例尺与边界不确定性允许时执行空间匹配，并记录地图源、版本、匹配方法和边界距离；否则保留缺失。,true
ITER|rec-5fee8577a11c6c032258dee4343b3fae7d533a597ce9f6606b7d866e82bfd0af|GEOLOGIC_CONTEXT_MISSING|matched_geologic_unit|,rec-5fee8577a11c6c032258dee4343b3fae7d533a597ce9f6606b7d866e82bfd0af,us-wqp-sacramento-river-arsenic,D2,info,review_required,GEOLOGIC_CONTEXT_MISSING,matched_geologic_unit,,记录没有来源直报或空间匹配的地质单元。,在比例尺与边界不确定性允许时执行空间匹配，并记录地图源、版本、匹配方法和边界距离；否则保留缺失。,true
ITER|rec-600e680a0bc33a2cec3d03d5128cb27f7c80eb903d5305878af5bd0ed27838d9|CENSORED_OBSERVATION|censored|%3C,rec-600e680a0bc33a2cec3d03d5128cb27f7c80eb903d5305878af5bd0ed27838d9,gemstat-open-archive,D2,info,scientific_limit,CENSORED_OBSERVATION,censored,<,这是检出限/定量限约束的删失观测，不等同于零，也不自动视为采集失败。,保留原始 qualifier 与 censoring limit；默认从普通相关和异常筛查中排除，或使用明确的删失统计模型。,false
ITER|rec-600e680a0bc33a2cec3d03d5128cb27f7c80eb903d5305878af5bd0ed27838d9|GEOLOGIC_CONTEXT_MISSING|matched_geologic_unit|,rec-600e680a0bc33a2cec3d03d5128cb27f7c80eb903d5305878af5bd0ed27838d9,gemstat-open-archive,D2,info,review_required,GEOLOGIC_CONTEXT_MISSING,matched_geologic_unit,,记录没有来源直报或空间匹配的地质单元。,在比例尺与边界不确定性允许时执行空间匹配，并记录地图源、版本、匹配方法和边界距离；否则保留缺失。,true
ITER|rec-6029bad91cab7b4dbde13de8e4e1c418a977cf91cdde9a2beb29da829034ebde|GEOLOGIC_CONTEXT_MISSING|matched_geologic_unit|,rec-6029bad91cab7b4dbde13de8e4e1c418a977cf91cdde9a2beb29da829034ebde,us-wqp-sacramento-river-arsenic,D2,info,review_required,GEOLOGIC_CONTEXT_MISSING,matched_geologic_unit,,记录没有来源直报或空间匹配的地质单元。,在比例尺与边界不确定性允许时执行空间匹配，并记录地图源、版本、匹配方法和边界距离；否则保留缺失。,true
ITER|rec-606943eb85cedee58fcb1226e59f8001c195ee7e695f1bab9fe4d676952b108e|COORDINATE_UNUSABLE|latitude%2Clongitude|%2C,rec-606943eb85cedee58fcb1226e59f8001c195ee7e695f1bab9fe4d676952b108e,afsis-phase-i-wet-chemistry,D1,error,action_required,COORDINATE_UNUSABLE,"latitude,longitude",",",WGS84 坐标缺失、非数值或超出合法范围，因此不能上图。,从原始来源恢复坐标与 CRS；若只提供区域名称，保留缺失并记录原因，不得填区域质心。,true
ITER|rec-606943eb85cedee58fcb1226e59f8001c195ee7e695f1bab9fe4d676952b108e|GEOLOGIC_CONTEXT_MISSING|matched_geologic_unit|,rec-606943eb85cedee58fcb1226e59f8001c195ee7e695f1bab9fe4d676952b108e,afsis-phase-i-wet-chemistry,D2,info,review_required,GEOLOGIC_CONTEXT_MISSING,matched_geologic_unit,,记录没有来源直报或空间匹配的地质单元。,在比例尺与边界不确定性允许时执行空间匹配，并记录地图源、版本、匹配方法和边界距离；否则保留缺失。,true
ITER|rec-60a425d5937b4c7e17289de8e76e2866bb0aaa1ee0dc234b2a0d85b1b566f3f8|GEOLOGIC_CONTEXT_MISSING|matched_geologic_unit|,rec-60a425d5937b4c7e17289de8e76e2866bb0aaa1ee0dc234b2a0d85b1b566f3f8,norway-marchem,D2,info,review_required,GEOLOGIC_CONTEXT_MISSING,matched_geologic_unit,,记录没有来源直报或空间匹配的地质单元。,在比例尺与边界不确定性允许时执行空间匹配，并记录地图源、版本、匹配方法和边界距离；否则保留缺失。,true
ITER|rec-6106257d99f882c7d9c77561d9ea2a3a8b10b35969f932fb0f524567272954fe|GEOLOGIC_CONTEXT_MISSING|matched_geologic_unit|,rec-6106257d99f882c7d9c77561d9ea2a3a8b10b35969f932fb0f524567272954fe,foregs-subsoil,D2,info,review_required,GEOLOGIC_CONTEXT_MISSING,matched_geologic_unit,,记录没有来源直报或空间匹配的地质单元。,在比例尺与边界不确定性允许时执行空间匹配，并记录地图源、版本、匹配方法和边界距离；否则保留缺失。,true
ITER|rec-6196175d2336e788d52a21ca65e190eb059410a31d5f3b0c556fa19ffbc9bf6b|GEOLOGIC_CONTEXT_MISSING|matched_geologic_unit|,rec-6196175d2336e788d52a21ca65e190eb059410a31d5f3b0c556fa19ffbc9bf6b,foregs-floodplain-sediment,D2,info,review_required,GEOLOGIC_CONTEXT_MISSING,matched_geologic_unit,,记录没有来源直报或空间匹配的地质单元。,在比例尺与边界不确定性允许时执行空间匹配，并记录地图源、版本、匹配方法和边界距离；否则保留缺失。,true
ITER|rec-61a342ce097e3d51b069a532bb3956abdb65d2d3638e4b76097b362ff2c0cdb4|GEOLOGIC_CONTEXT_MISSING|matched_geologic_unit|,rec-61a342ce097e3d51b069a532bb3956abdb65d2d3638e4b76097b362ff2c0cdb4,foregs-subsoil,D2,info,review_required,GEOLOGIC_CONTEXT_MISSING,matched_geologic_unit,,记录没有来源直报或空间匹配的地质单元。,在比例尺与边界不确定性允许时执行空间匹配，并记录地图源、版本、匹配方法和边界距离；否则保留缺失。,true
ITER|rec-61b28a43b30ac28b862b15ab8f0eb0c50fc5c14b91f83b8a8c162469cce2b5d4|ANALYTICAL_METHOD_MISSING|analytical_method|,rec-61b28a43b30ac28b862b15ab8f0eb0c50fc5c14b91f83b8a8c162469cce2b5d4,georoc-archaean,D1,warning,action_required,ANALYTICAL_METHOD_MISSING,analytical_method,,分析方法证据缺失，跨来源浓度与元素组合不可可靠比较。,回查数据字典、方法论文或记录级元数据；同时绑定 method_source_locator，未找到时保留缺失原因。,true
ITER|rec-61b28a43b30ac28b862b15ab8f0eb0c50fc5c14b91f83b8a8c162469cce2b5d4|COORDINATE_UNUSABLE|latitude%2Clongitude|%2C,rec-61b28a43b30ac28b862b15ab8f0eb0c50fc5c14b91f83b8a8c162469cce2b5d4,georoc-archaean,D1,error,action_required,COORDINATE_UNUSABLE,"latitude,longitude",",",WGS84 坐标缺失、非数值或超出合法范围，因此不能上图。,从原始来源恢复坐标与 CRS；若只提供区域名称，保留缺失并记录原因，不得填区域质心。,true
ITER|rec-61b28a43b30ac28b862b15ab8f0eb0c50fc5c14b91f83b8a8c162469cce2b5d4|GEOLOGIC_CONTEXT_MISSING|matched_geologic_unit|,rec-61b28a43b30ac28b862b15ab8f0eb0c50fc5c14b91f83b8a8c162469cce2b5d4,georoc-archaean,D2,info,review_required,GEOLOGIC_CONTEXT_MISSING,matched_geologic_unit,,记录没有来源直报或空间匹配的地质单元。,在比例尺与边界不确定性允许时执行空间匹配，并记录地图源、版本、匹配方法和边界距离；否则保留缺失。,true
ITER|rec-61b6ccc5a8c292960506df44655523748a9f050bc0eff7348e7c89cdeff50578|ANALYTICAL_METHOD_MISSING|analytical_method|,rec-61b6ccc5a8c292960506df44655523748a9f050bc0eff7348e7c89cdeff50578,usgs-conus-soil,D1,warning,action_required,ANALYTICAL_METHOD_MISSING,analytical_method,,分析方法证据缺失，跨来源浓度与元素组合不可可靠比较。,回查数据字典、方法论文或记录级元数据；同时绑定 method_source_locator，未找到时保留缺失原因。,true
ITER|rec-61b6ccc5a8c292960506df44655523748a9f050bc0eff7348e7c89cdeff50578|GEOLOGIC_CONTEXT_MISSING|matched_geologic_unit|,rec-61b6ccc5a8c292960506df44655523748a9f050bc0eff7348e7c89cdeff50578,usgs-conus-soil,D2,info,review_required,GEOLOGIC_CONTEXT_MISSING,matched_geologic_unit,,记录没有来源直报或空间匹配的地质单元。,在比例尺与边界不确定性允许时执行空间匹配，并记录地图源、版本、匹配方法和边界距离；否则保留缺失。,true
ITER|rec-61bf5621f3a8c5914b9e607619c3c2e6925ee395993d13251feca194afbb6c33|GEOLOGIC_CONTEXT_MISSING|matched_geologic_unit|,rec-61bf5621f3a8c5914b9e607619c3c2e6925ee395993d13251feca194afbb6c33,norway-marchem,D2,info,review_required,GEOLOGIC_CONTEXT_MISSING,matched_geologic_unit,,记录没有来源直报或空间匹配的地质单元。,在比例尺与边界不确定性允许时执行空间匹配，并记录地图源、版本、匹配方法和边界距离；否则保留缺失。,true
ITER|rec-61e94b49235fca99717032c4b1d1b405dbf4e2fd29af57a89dc9f0825923cd6f|GEOLOGIC_CONTEXT_MISSING|matched_geologic_unit|,rec-61e94b49235fca99717032c4b1d1b405dbf4e2fd29af57a89dc9f0825923cd6f,foregs-stream-water,D2,info,review_required,GEOLOGIC_CONTEXT_MISSING,matched_geologic_unit,,记录没有来源直报或空间匹配的地质单元。,在比例尺与边界不确定性允许时执行空间匹配，并记录地图源、版本、匹配方法和边界距离；否则保留缺失。,true
ITER|rec-6283ee9e28fc6f5d482822d44485db9a87c5f9cf98a433993ffc3f923eace2d7|GEOLOGIC_CONTEXT_MISSING|matched_geologic_unit|,rec-6283ee9e28fc6f5d482822d44485db9a87c5f9cf98a433993ffc3f923eace2d7,foregs-subsoil,D2,info,review_required,GEOLOGIC_CONTEXT_MISSING,matched_geologic_unit,,记录没有来源直报或空间匹配的地质单元。,在比例尺与边界不确定性允许时执行空间匹配，并记录地图源、版本、匹配方法和边界距离；否则保留缺失。,true
ITER|rec-630e71ee90eefbd7d4d5d35f81b28546d23ad1ef50d11c4ff1913f66ff0157e6|GEOLOGIC_CONTEXT_MISSING|matched_geologic_unit|,rec-630e71ee90eefbd7d4d5d35f81b28546d23ad1ef50d11c4ff1913f66ff0157e6,geotraces-idp2025,D2,info,review_required,GEOLOGIC_CONTEXT_MISSING,matched_geologic_unit,,记录没有来源直报或空间匹配的地质单元。,在比例尺与边界不确定性允许时执行空间匹配，并记录地图源、版本、匹配方法和边界距离；否则保留缺失。,true
ITER|rec-6342ef15447875f44fc9efd3e147e7650b2a4adbb43b32b50398dc423d0d4d02|ANALYTICAL_METHOD_MISSING|analytical_method|,rec-6342ef15447875f44fc9efd3e147e7650b2a4adbb43b32b50398dc423d0d4d02,usgs-conus-soil,D1,warning,action_required,ANALYTICAL_METHOD_MISSING,analytical_method,,分析方法证据缺失，跨来源浓度与元素组合不可可靠比较。,回查数据字典、方法论文或记录级元数据；同时绑定 method_source_locator，未找到时保留缺失原因。,true
ITER|rec-6342ef15447875f44fc9efd3e147e7650b2a4adbb43b32b50398dc423d0d4d02|GEOLOGIC_CONTEXT_MISSING|matched_geologic_unit|,rec-6342ef15447875f44fc9efd3e147e7650b2a4adbb43b32b50398dc423d0d4d02,usgs-conus-soil,D2,info,review_required,GEOLOGIC_CONTEXT_MISSING,matched_geologic_unit,,记录没有来源直报或空间匹配的地质单元。,在比例尺与边界不确定性允许时执行空间匹配，并记录地图源、版本、匹配方法和边界距离；否则保留缺失。,true
ITER|rec-638a18208dd347f4434f28c6483f31621f2e47631aa74328901722f7790223f8|GEOLOGIC_CONTEXT_MISSING|matched_geologic_unit|,rec-638a18208dd347f4434f28c6483f31621f2e47631aa74328901722f7790223f8,us-wqp-sacramento-river-arsenic,D2,info,review_required,GEOLOGIC_CONTEXT_MISSING,matched_geologic_unit,,记录没有来源直报或空间匹配的地质单元。,在比例尺与边界不确定性允许时执行空间匹配，并记录地图源、版本、匹配方法和边界距离；否则保留缺失。,true
ITER|rec-648bb39279bb94b549ce45714a54808d7066f3887ee402a1ac9cca18e1501b07|GEOLOGIC_CONTEXT_MISSING|matched_geologic_unit|,rec-648bb39279bb94b549ce45714a54808d7066f3887ee402a1ac9cca18e1501b07,foregs-stream-water,D2,info,review_required,GEOLOGIC_CONTEXT_MISSING,matched_geologic_unit,,记录没有来源直报或空间匹配的地质单元。,在比例尺与边界不确定性允许时执行空间匹配，并记录地图源、版本、匹配方法和边界距离；否则保留缺失。,true
ITER|rec-6567d18ede616cbb5dec59c1695c62cc3598d29db78c9708791d7849ee753dee|GEOLOGIC_CONTEXT_MISSING|matched_geologic_unit|,rec-6567d18ede616cbb5dec59c1695c62cc3598d29db78c9708791d7849ee753dee,foregs-subsoil,D2,info,review_required,GEOLOGIC_CONTEXT_MISSING,matched_geologic_unit,,记录没有来源直报或空间匹配的地质单元。,在比例尺与边界不确定性允许时执行空间匹配，并记录地图源、版本、匹配方法和边界距离；否则保留缺失。,true
ITER|rec-65fd5cafdba1ddaf8d4946fb095575bfeaddfa42c47c77bdb9e2a42935353029|CENSORED_OBSERVATION|censored|%3C,rec-65fd5cafdba1ddaf8d4946fb095575bfeaddfa42c47c77bdb9e2a42935353029,norway-marchem,D2,info,scientific_limit,CENSORED_OBSERVATION,censored,<,这是检出限/定量限约束的删失观测，不等同于零，也不自动视为采集失败。,保留原始 qualifier 与 censoring limit；默认从普通相关和异常筛查中排除，或使用明确的删失统计模型。,false
ITER|rec-65fd5cafdba1ddaf8d4946fb095575bfeaddfa42c47c77bdb9e2a42935353029|GEOLOGIC_CONTEXT_MISSING|matched_geologic_unit|,rec-65fd5cafdba1ddaf8d4946fb095575bfeaddfa42c47c77bdb9e2a42935353029,norway-marchem,D2,info,review_required,GEOLOGIC_CONTEXT_MISSING,matched_geologic_unit,,记录没有来源直报或空间匹配的地质单元。,在比例尺与边界不确定性允许时执行空间匹配，并记录地图源、版本、匹配方法和边界距离；否则保留缺失。,true
ITER|rec-66e5109cae539a634ec417ad2eeb218759901746d6dddd0bd752252ecba167e5|GEOLOGIC_CONTEXT_MISSING|matched_geologic_unit|,rec-66e5109cae539a634ec417ad2eeb218759901746d6dddd0bd752252ecba167e5,pangaea-north-africa-soil,D2,info,review_required,GEOLOGIC_CONTEXT_MISSING,matched_geologic_unit,,记录没有来源直报或空间匹配的地质单元。,在比例尺与边界不确定性允许时执行空间匹配，并记录地图源、版本、匹配方法和边界距离；否则保留缺失。,true
ITER|rec-6764fb0d6095b5c763ea7063bd8ff049bdc1ba0e4f86c3ef6ed64fd79cfb39e7|GEOLOGIC_CONTEXT_MISSING|matched_geologic_unit|,rec-6764fb0d6095b5c763ea7063bd8ff049bdc1ba0e4f86c3ef6ed64fd79cfb39e7,foregs-stream-water,D2,info,review_required,GEOLOGIC_CONTEXT_MISSING,matched_geologic_unit,,记录没有来源直报或空间匹配的地质单元。,在比例尺与边界不确定性允许时执行空间匹配，并记录地图源、版本、匹配方法和边界距离；否则保留缺失。,true
ITER|rec-679793427baeb383e18abb80770dacb8297ad4f6c7a523f7a2e2edc4cb712735|GEOLOGIC_CONTEXT_MISSING|matched_geologic_unit|,rec-679793427baeb383e18abb80770dacb8297ad4f6c7a523f7a2e2edc4cb712735,foregs-floodplain-sediment,D2,info,review_required,GEOLOGIC_CONTEXT_MISSING,matched_geologic_unit,,记录没有来源直报或空间匹配的地质单元。,在比例尺与边界不确定性允许时执行空间匹配，并记录地图源、版本、匹配方法和边界距离；否则保留缺失。,true
ITER|rec-67c44ed1e04fec1b066a098464b65756df215de0768cf1004a2e58e2477418e2|GEOLOGIC_CONTEXT_MISSING|matched_geologic_unit|,rec-67c44ed1e04fec1b066a098464b65756df215de0768cf1004a2e58e2477418e2,foregs-floodplain-sediment,D2,info,review_required,GEOLOGIC_CONTEXT_MISSING,matched_geologic_unit,,记录没有来源直报或空间匹配的地质单元。,在比例尺与边界不确定性允许时执行空间匹配，并记录地图源、版本、匹配方法和边界距离；否则保留缺失。,true
ITER|rec-67f51f394da80255c36750a1b58a98a511d94b64ce641edda69f2f0931887b52|GEOLOGIC_CONTEXT_MISSING|matched_geologic_unit|,rec-67f51f394da80255c36750a1b58a98a511d94b64ce641edda69f2f0931887b52,foregs-humus,D2,info,review_required,GEOLOGIC_CONTEXT_MISSING,matched_geologic_unit,,记录没有来源直报或空间匹配的地质单元。,在比例尺与边界不确定性允许时执行空间匹配，并记录地图源、版本、匹配方法和边界距离；否则保留缺失。,true
ITER|rec-6860ecd89db2196dd81fb604e6d029543986720c2c97c9d7f09bceeca483c9c4|GEOLOGIC_CONTEXT_MISSING|matched_geologic_unit|,rec-6860ecd89db2196dd81fb604e6d029543986720c2c97c9d7f09bceeca483c9c4,foregs-floodplain-sediment,D2,info,review_required,GEOLOGIC_CONTEXT_MISSING,matched_geologic_unit,,记录没有来源直报或空间匹配的地质单元。,在比例尺与边界不确定性允许时执行空间匹配，并记录地图源、版本、匹配方法和边界距离；否则保留缺失。,true
ITER|rec-686a02a7ecbe7cccba5469744b109a2e24f98cd74a5613d554d3f713c04c966b|GEOLOGIC_CONTEXT_MISSING|matched_geologic_unit|,rec-686a02a7ecbe7cccba5469744b109a2e24f98cd74a5613d554d3f713c04c966b,pangaea-north-africa-soil,D2,info,review_required,GEOLOGIC_CONTEXT_MISSING,matched_geologic_unit,,记录没有来源直报或空间匹配的地质单元。,在比例尺与边界不确定性允许时执行空间匹配，并记录地图源、版本、匹配方法和边界距离；否则保留缺失。,true
ITER|rec-68890ab8d8ec9274e938c96af97b34291e1779f30c457b31e4df3ced91f98d27|ANALYTICAL_METHOD_MISSING|analytical_method|,rec-68890ab8d8ec9274e938c96af97b34291e1779f30c457b31e4df3ced91f98d27,japan-gsj-geochemical-map,D1,warning,action_required,ANALYTICAL_METHOD_MISSING,analytical_method,,分析方法证据缺失，跨来源浓度与元素组合不可可靠比较。,回查数据字典、方法论文或记录级元数据；同时绑定 method_source_locator，未找到时保留缺失原因。,true
ITER|rec-68890ab8d8ec9274e938c96af97b34291e1779f30c457b31e4df3ced91f98d27|GEOLOGIC_CONTEXT_MISSING|matched_geologic_unit|,rec-68890ab8d8ec9274e938c96af97b34291e1779f30c457b31e4df3ced91f98d27,japan-gsj-geochemical-map,D2,info,review_required,GEOLOGIC_CONTEXT_MISSING,matched_geologic_unit,,记录没有来源直报或空间匹配的地质单元。,在比例尺与边界不确定性允许时执行空间匹配，并记录地图源、版本、匹配方法和边界距离；否则保留缺失。,true
ITER|rec-68e26620ff46f67a979b6a761045b0d76b7e61de6a9c30c4049c32694a6a92a9|ANALYTICAL_METHOD_MISSING|analytical_method|,rec-68e26620ff46f67a979b6a761045b0d76b7e61de6a9c30c4049c32694a6a92a9,usgs-conus-soil,D1,warning,action_required,ANALYTICAL_METHOD_MISSING,analytical_method,,分析方法证据缺失，跨来源浓度与元素组合不可可靠比较。,回查数据字典、方法论文或记录级元数据；同时绑定 method_source_locator，未找到时保留缺失原因。,true
ITER|rec-68e26620ff46f67a979b6a761045b0d76b7e61de6a9c30c4049c32694a6a92a9|GEOLOGIC_CONTEXT_MISSING|matched_geologic_unit|,rec-68e26620ff46f67a979b6a761045b0d76b7e61de6a9c30c4049c32694a6a92a9,usgs-conus-soil,D2,info,review_required,GEOLOGIC_CONTEXT_MISSING,matched_geologic_unit,,记录没有来源直报或空间匹配的地质单元。,在比例尺与边界不确定性允许时执行空间匹配，并记录地图源、版本、匹配方法和边界距离；否则保留缺失。,true
ITER|rec-68f5b979061c503d91d01a7a4dfa21346b6f4ad35341f17c78e37c0e8643e49a|GEOLOGIC_CONTEXT_MISSING|matched_geologic_unit|,rec-68f5b979061c503d91d01a7a4dfa21346b6f4ad35341f17c78e37c0e8643e49a,foregs-floodplain-sediment,D2,info,review_required,GEOLOGIC_CONTEXT_MISSING,matched_geologic_unit,,记录没有来源直报或空间匹配的地质单元。,在比例尺与边界不确定性允许时执行空间匹配，并记录地图源、版本、匹配方法和边界距离；否则保留缺失。,true
ITER|rec-693b533bd06d16cd61273b0f68ee17327a45e5521b92a5b46bc4e80dc49b0a19|GEOLOGIC_CONTEXT_MISSING|matched_geologic_unit|,rec-693b533bd06d16cd61273b0f68ee17327a45e5521b92a5b46bc4e80dc49b0a19,norway-marchem,D2,info,review_required,GEOLOGIC_CONTEXT_MISSING,matched_geologic_unit,,记录没有来源直报或空间匹配的地质单元。,在比例尺与边界不确定性允许时执行空间匹配，并记录地图源、版本、匹配方法和边界距离；否则保留缺失。,true
ITER|rec-6a6f54550bb3d73e42717deccd5fa69a238dd662aa0cfcfda201c73d3bec45ad|ANALYTICAL_METHOD_MISSING|analytical_method|,rec-6a6f54550bb3d73e42717deccd5fa69a238dd662aa0cfcfda201c73d3bec45ad,japan-gsj-geochemical-map,D1,warning,action_required,ANALYTICAL_METHOD_MISSING,analytical_method,,分析方法证据缺失，跨来源浓度与元素组合不可可靠比较。,回查数据字典、方法论文或记录级元数据；同时绑定 method_source_locator，未找到时保留缺失原因。,true
ITER|rec-6a6f54550bb3d73e42717deccd5fa69a238dd662aa0cfcfda201c73d3bec45ad|GEOLOGIC_CONTEXT_MISSING|matched_geologic_unit|,rec-6a6f54550bb3d73e42717deccd5fa69a238dd662aa0cfcfda201c73d3bec45ad,japan-gsj-geochemical-map,D2,info,review_required,GEOLOGIC_CONTEXT_MISSING,matched_geologic_unit,,记录没有来源直报或空间匹配的地质单元。,在比例尺与边界不确定性允许时执行空间匹配，并记录地图源、版本、匹配方法和边界距离；否则保留缺失。,true
ITER|rec-6ab236df71eae9eeb4d4cef3e2fd83f8c17c5e78bb6f10154d12b4fdf968c541|GEOLOGIC_CONTEXT_MISSING|matched_geologic_unit|,rec-6ab236df71eae9eeb4d4cef3e2fd83f8c17c5e78bb6f10154d12b4fdf968c541,norway-marchem,D2,info,review_required,GEOLOGIC_CONTEXT_MISSING,matched_geologic_unit,,记录没有来源直报或空间匹配的地质单元。,在比例尺与边界不确定性允许时执行空间匹配，并记录地图源、版本、匹配方法和边界距离；否则保留缺失。,true
ITER|rec-6ad80ce7863f1e2011deae1cf5966497d6742901191f4e5170bc9b153b021d9d|CENSORED_OBSERVATION|censored|%3C,rec-6ad80ce7863f1e2011deae1cf5966497d6742901191f4e5170bc9b153b021d9d,gemstat-open-archive,D2,info,scientific_limit,CENSORED_OBSERVATION,censored,<,这是检出限/定量限约束的删失观测，不等同于零，也不自动视为采集失败。,保留原始 qualifier 与 censoring limit；默认从普通相关和异常筛查中排除，或使用明确的删失统计模型。,false
ITER|rec-6ad80ce7863f1e2011deae1cf5966497d6742901191f4e5170bc9b153b021d9d|GEOLOGIC_CONTEXT_MISSING|matched_geologic_unit|,rec-6ad80ce7863f1e2011deae1cf5966497d6742901191f4e5170bc9b153b021d9d,gemstat-open-archive,D2,info,review_required,GEOLOGIC_CONTEXT_MISSING,matched_geologic_unit,,记录没有来源直报或空间匹配的地质单元。,在比例尺与边界不确定性允许时执行空间匹配，并记录地图源、版本、匹配方法和边界距离；否则保留缺失。,true
ITER|rec-6af7813b6f35930d5b596f9a7753fec3fbe0073c1f94ceb42db8f24ecc75bfb9|ANALYTICAL_METHOD_MISSING|analytical_method|,rec-6af7813b6f35930d5b596f9a7753fec3fbe0073c1f94ceb42db8f24ecc75bfb9,japan-gsj-geochemical-map,D1,warning,action_required,ANALYTICAL_METHOD_MISSING,analytical_method,,分析方法证据缺失，跨来源浓度与元素组合不可可靠比较。,回查数据字典、方法论文或记录级元数据；同时绑定 method_source_locator，未找到时保留缺失原因。,true
ITER|rec-6af7813b6f35930d5b596f9a7753fec3fbe0073c1f94ceb42db8f24ecc75bfb9|GEOLOGIC_CONTEXT_MISSING|matched_geologic_unit|,rec-6af7813b6f35930d5b596f9a7753fec3fbe0073c1f94ceb42db8f24ecc75bfb9,japan-gsj-geochemical-map,D2,info,review_required,GEOLOGIC_CONTEXT_MISSING,matched_geologic_unit,,记录没有来源直报或空间匹配的地质单元。,在比例尺与边界不确定性允许时执行空间匹配，并记录地图源、版本、匹配方法和边界距离；否则保留缺失。,true
ITER|rec-6b138a8049219da360ed01204a05a42f297dae891fa69f14bc0f9654b6992045|CENSORED_OBSERVATION|censored|%3C,rec-6b138a8049219da360ed01204a05a42f297dae891fa69f14bc0f9654b6992045,gemstat-open-archive,D2,info,scientific_limit,CENSORED_OBSERVATION,censored,<,这是检出限/定量限约束的删失观测，不等同于零，也不自动视为采集失败。,保留原始 qualifier 与 censoring limit；默认从普通相关和异常筛查中排除，或使用明确的删失统计模型。,false
ITER|rec-6b138a8049219da360ed01204a05a42f297dae891fa69f14bc0f9654b6992045|GEOLOGIC_CONTEXT_MISSING|matched_geologic_unit|,rec-6b138a8049219da360ed01204a05a42f297dae891fa69f14bc0f9654b6992045,gemstat-open-archive,D2,info,review_required,GEOLOGIC_CONTEXT_MISSING,matched_geologic_unit,,记录没有来源直报或空间匹配的地质单元。,在比例尺与边界不确定性允许时执行空间匹配，并记录地图源、版本、匹配方法和边界距离；否则保留缺失。,true
ITER|rec-6bde1699f1544cb3e934fa466b655687be707b8fc57d1f32e736332ad3f4fc79|GEOLOGIC_CONTEXT_MISSING|matched_geologic_unit|,rec-6bde1699f1544cb3e934fa466b655687be707b8fc57d1f32e736332ad3f4fc79,foregs-floodplain-sediment,D2,info,review_required,GEOLOGIC_CONTEXT_MISSING,matched_geologic_unit,,记录没有来源直报或空间匹配的地质单元。,在比例尺与边界不确定性允许时执行空间匹配，并记录地图源、版本、匹配方法和边界距离；否则保留缺失。,true
ITER|rec-6bf1d34900fa2058c758b2a0b14ef8dc4b823af8619db2b2fcabe95e467fee72|ANALYTICAL_METHOD_MISSING|analytical_method|,rec-6bf1d34900fa2058c758b2a0b14ef8dc4b823af8619db2b2fcabe95e467fee72,georoc-archaean,D1,warning,action_required,ANALYTICAL_METHOD_MISSING,analytical_method,,分析方法证据缺失，跨来源浓度与元素组合不可可靠比较。,回查数据字典、方法论文或记录级元数据；同时绑定 method_source_locator，未找到时保留缺失原因。,true
ITER|rec-6bf1d34900fa2058c758b2a0b14ef8dc4b823af8619db2b2fcabe95e467fee72|COORDINATE_UNUSABLE|latitude%2Clongitude|%2C,rec-6bf1d34900fa2058c758b2a0b14ef8dc4b823af8619db2b2fcabe95e467fee72,georoc-archaean,D1,error,action_required,COORDINATE_UNUSABLE,"latitude,longitude",",",WGS84 坐标缺失、非数值或超出合法范围，因此不能上图。,从原始来源恢复坐标与 CRS；若只提供区域名称，保留缺失并记录原因，不得填区域质心。,true
ITER|rec-6bf1d34900fa2058c758b2a0b14ef8dc4b823af8619db2b2fcabe95e467fee72|GEOLOGIC_CONTEXT_MISSING|matched_geologic_unit|,rec-6bf1d34900fa2058c758b2a0b14ef8dc4b823af8619db2b2fcabe95e467fee72,georoc-archaean,D2,info,review_required,GEOLOGIC_CONTEXT_MISSING,matched_geologic_unit,,记录没有来源直报或空间匹配的地质单元。,在比例尺与边界不确定性允许时执行空间匹配，并记录地图源、版本、匹配方法和边界距离；否则保留缺失。,true
ITER|rec-6c205b12535227229bd5cd3e68254c4845caf7b042a5173f829ec1f1cc2127a8|GEOLOGIC_CONTEXT_MISSING|matched_geologic_unit|,rec-6c205b12535227229bd5cd3e68254c4845caf7b042a5173f829ec1f1cc2127a8,geotraces-idp2025,D2,info,review_required,GEOLOGIC_CONTEXT_MISSING,matched_geologic_unit,,记录没有来源直报或空间匹配的地质单元。,在比例尺与边界不确定性允许时执行空间匹配，并记录地图源、版本、匹配方法和边界距离；否则保留缺失。,true
ITER|rec-6d220c976d3eaf525bd5e2df4e671100c124be96d51aeb4ba742ba5bcfcc9d04|COORDINATE_UNUSABLE|latitude%2Clongitude|%2C,rec-6d220c976d3eaf525bd5e2df4e671100c124be96d51aeb4ba742ba5bcfcc9d04,afsis-phase-i-wet-chemistry,D1,error,action_required,COORDINATE_UNUSABLE,"latitude,longitude",",",WGS84 坐标缺失、非数值或超出合法范围，因此不能上图。,从原始来源恢复坐标与 CRS；若只提供区域名称，保留缺失并记录原因，不得填区域质心。,true
ITER|rec-6d220c976d3eaf525bd5e2df4e671100c124be96d51aeb4ba742ba5bcfcc9d04|GEOLOGIC_CONTEXT_MISSING|matched_geologic_unit|,rec-6d220c976d3eaf525bd5e2df4e671100c124be96d51aeb4ba742ba5bcfcc9d04,afsis-phase-i-wet-chemistry,D2,info,review_required,GEOLOGIC_CONTEXT_MISSING,matched_geologic_unit,,记录没有来源直报或空间匹配的地质单元。,在比例尺与边界不确定性允许时执行空间匹配，并记录地图源、版本、匹配方法和边界距离；否则保留缺失。,true
ITER|rec-6da70fc30b0e4729781619bba64e8b427129e83415e70206ce67e26b6a592026|GEOLOGIC_CONTEXT_MISSING|matched_geologic_unit|,rec-6da70fc30b0e4729781619bba64e8b427129e83415e70206ce67e26b6a592026,foregs-topsoil,D2,info,review_required,GEOLOGIC_CONTEXT_MISSING,matched_geologic_unit,,记录没有来源直报或空间匹配的地质单元。,在比例尺与边界不确定性允许时执行空间匹配，并记录地图源、版本、匹配方法和边界距离；否则保留缺失。,true
ITER|rec-6dec9339cd7589698485581772f1b57da8111b7e7ba5d2c8c1f5ed8be9fdc88e|CENSORED_OBSERVATION|censored|%3C,rec-6dec9339cd7589698485581772f1b57da8111b7e7ba5d2c8c1f5ed8be9fdc88e,gemstat-open-archive,D2,info,scientific_limit,CENSORED_OBSERVATION,censored,<,这是检出限/定量限约束的删失观测，不等同于零，也不自动视为采集失败。,保留原始 qualifier 与 censoring limit；默认从普通相关和异常筛查中排除，或使用明确的删失统计模型。,false
ITER|rec-6dec9339cd7589698485581772f1b57da8111b7e7ba5d2c8c1f5ed8be9fdc88e|GEOLOGIC_CONTEXT_MISSING|matched_geologic_unit|,rec-6dec9339cd7589698485581772f1b57da8111b7e7ba5d2c8c1f5ed8be9fdc88e,gemstat-open-archive,D2,info,review_required,GEOLOGIC_CONTEXT_MISSING,matched_geologic_unit,,记录没有来源直报或空间匹配的地质单元。,在比例尺与边界不确定性允许时执行空间匹配，并记录地图源、版本、匹配方法和边界距离；否则保留缺失。,true
ITER|rec-6e30862b567e3441f4bc732aa1ad57970faaaa1340e40291ba5a32922f89953c|GEOLOGIC_CONTEXT_MISSING|matched_geologic_unit|,rec-6e30862b567e3441f4bc732aa1ad57970faaaa1340e40291ba5a32922f89953c,foregs-floodplain-sediment,D2,info,review_required,GEOLOGIC_CONTEXT_MISSING,matched_geologic_unit,,记录没有来源直报或空间匹配的地质单元。,在比例尺与边界不确定性允许时执行空间匹配，并记录地图源、版本、匹配方法和边界距离；否则保留缺失。,true
ITER|rec-6e35b5779d791697891d314bfa72bb5041b8757809e1172f4b052908a89be544|GEOLOGIC_CONTEXT_MISSING|matched_geologic_unit|,rec-6e35b5779d791697891d314bfa72bb5041b8757809e1172f4b052908a89be544,foregs-floodplain-sediment,D2,info,review_required,GEOLOGIC_CONTEXT_MISSING,matched_geologic_unit,,记录没有来源直报或空间匹配的地质单元。,在比例尺与边界不确定性允许时执行空间匹配，并记录地图源、版本、匹配方法和边界距离；否则保留缺失。,true
ITER|rec-6edbdf28c02e1b7a2abbbdb8322decb992005cb8c7056529399a9222ef856c10|GEOLOGIC_CONTEXT_MISSING|matched_geologic_unit|,rec-6edbdf28c02e1b7a2abbbdb8322decb992005cb8c7056529399a9222ef856c10,foregs-stream-sediment,D2,info,review_required,GEOLOGIC_CONTEXT_MISSING,matched_geologic_unit,,记录没有来源直报或空间匹配的地质单元。,在比例尺与边界不确定性允许时执行空间匹配，并记录地图源、版本、匹配方法和边界距离；否则保留缺失。,true
ITER|rec-6ee6377f2b4df2d64b0dd3c70d56eb6e13c9fe774b1979b012839bbd06cf0e61|GEOLOGIC_CONTEXT_MISSING|matched_geologic_unit|,rec-6ee6377f2b4df2d64b0dd3c70d56eb6e13c9fe774b1979b012839bbd06cf0e61,foregs-subsoil,D2,info,review_required,GEOLOGIC_CONTEXT_MISSING,matched_geologic_unit,,记录没有来源直报或空间匹配的地质单元。,在比例尺与边界不确定性允许时执行空间匹配，并记录地图源、版本、匹配方法和边界距离；否则保留缺失。,true
ITER|rec-6f514118c62f0edacfb4d8258a9347254b951fd03a9aeb6929edbfc56724392e|GEOLOGIC_CONTEXT_MISSING|matched_geologic_unit|,rec-6f514118c62f0edacfb4d8258a9347254b951fd03a9aeb6929edbfc56724392e,geotraces-idp2025,D2,info,review_required,GEOLOGIC_CONTEXT_MISSING,matched_geologic_unit,,记录没有来源直报或空间匹配的地质单元。,在比例尺与边界不确定性允许时执行空间匹配，并记录地图源、版本、匹配方法和边界距离；否则保留缺失。,true
ITER|rec-6f59241802c526d622f14e2327122096515c236f151a2f8d17e3a2d6ef9db531|ANALYTICAL_METHOD_MISSING|analytical_method|,rec-6f59241802c526d622f14e2327122096515c236f151a2f8d17e3a2d6ef9db531,georoc-archaean,D1,warning,action_required,ANALYTICAL_METHOD_MISSING,analytical_method,,分析方法证据缺失，跨来源浓度与元素组合不可可靠比较。,回查数据字典、方法论文或记录级元数据；同时绑定 method_source_locator，未找到时保留缺失原因。,true
ITER|rec-6f59241802c526d622f14e2327122096515c236f151a2f8d17e3a2d6ef9db531|COORDINATE_UNUSABLE|latitude%2Clongitude|%2C,rec-6f59241802c526d622f14e2327122096515c236f151a2f8d17e3a2d6ef9db531,georoc-archaean,D1,error,action_required,COORDINATE_UNUSABLE,"latitude,longitude",",",WGS84 坐标缺失、非数值或超出合法范围，因此不能上图。,从原始来源恢复坐标与 CRS；若只提供区域名称，保留缺失并记录原因，不得填区域质心。,true
ITER|rec-6f59241802c526d622f14e2327122096515c236f151a2f8d17e3a2d6ef9db531|GEOLOGIC_CONTEXT_MISSING|matched_geologic_unit|,rec-6f59241802c526d622f14e2327122096515c236f151a2f8d17e3a2d6ef9db531,georoc-archaean,D2,info,review_required,GEOLOGIC_CONTEXT_MISSING,matched_geologic_unit,,记录没有来源直报或空间匹配的地质单元。,在比例尺与边界不确定性允许时执行空间匹配，并记录地图源、版本、匹配方法和边界距离；否则保留缺失。,true
ITER|rec-6fa5ac2b0125a42eabea53d3346fb85f63c3c6cc7fe6f6efba6588506dc0cec4|GEOLOGIC_CONTEXT_MISSING|matched_geologic_unit|,rec-6fa5ac2b0125a42eabea53d3346fb85f63c3c6cc7fe6f6efba6588506dc0cec4,foregs-stream-water,D2,info,review_required,GEOLOGIC_CONTEXT_MISSING,matched_geologic_unit,,记录没有来源直报或空间匹配的地质单元。,在比例尺与边界不确定性允许时执行空间匹配，并记录地图源、版本、匹配方法和边界距离；否则保留缺失。,true
ITER|rec-6faabf1fd348a7833b78585925862f6b196b28039f188e9b42f288f5ed5255ae|GEOLOGIC_CONTEXT_MISSING|matched_geologic_unit|,rec-6faabf1fd348a7833b78585925862f6b196b28039f188e9b42f288f5ed5255ae,norway-marchem,D2,info,review_required,GEOLOGIC_CONTEXT_MISSING,matched_geologic_unit,,记录没有来源直报或空间匹配的地质单元。,在比例尺与边界不确定性允许时执行空间匹配，并记录地图源、版本、匹配方法和边界距离；否则保留缺失。,true
ITER|rec-705522aebb6020725ffa3b09484b782356123e301b277aa648c8d73314daf84f|GEOLOGIC_CONTEXT_MISSING|matched_geologic_unit|,rec-705522aebb6020725ffa3b09484b782356123e301b277aa648c8d73314daf84f,foregs-stream-sediment,D2,info,review_required,GEOLOGIC_CONTEXT_MISSING,matched_geologic_unit,,记录没有来源直报或空间匹配的地质单元。,在比例尺与边界不确定性允许时执行空间匹配，并记录地图源、版本、匹配方法和边界距离；否则保留缺失。,true
ITER|rec-709a85e01ec8be60701e319ef693204d99b2f5f24956bb5cdacaeefec4f060ad|GEOLOGIC_CONTEXT_MISSING|matched_geologic_unit|,rec-709a85e01ec8be60701e319ef693204d99b2f5f24956bb5cdacaeefec4f060ad,foregs-floodplain-sediment,D2,info,review_required,GEOLOGIC_CONTEXT_MISSING,matched_geologic_unit,,记录没有来源直报或空间匹配的地质单元。,在比例尺与边界不确定性允许时执行空间匹配，并记录地图源、版本、匹配方法和边界距离；否则保留缺失。,true
ITER|rec-70bf8f2b94ada5bdae32e0068e9cd0d7502f491105e8ba6f56f2d660ddfb7fda|COORDINATE_UNUSABLE|latitude%2Clongitude|%2C,rec-70bf8f2b94ada5bdae32e0068e9cd0d7502f491105e8ba6f56f2d660ddfb7fda,afsis-phase-i-wet-chemistry,D1,error,action_required,COORDINATE_UNUSABLE,"latitude,longitude",",",WGS84 坐标缺失、非数值或超出合法范围，因此不能上图。,从原始来源恢复坐标与 CRS；若只提供区域名称，保留缺失并记录原因，不得填区域质心。,true
ITER|rec-70bf8f2b94ada5bdae32e0068e9cd0d7502f491105e8ba6f56f2d660ddfb7fda|GEOLOGIC_CONTEXT_MISSING|matched_geologic_unit|,rec-70bf8f2b94ada5bdae32e0068e9cd0d7502f491105e8ba6f56f2d660ddfb7fda,afsis-phase-i-wet-chemistry,D2,info,review_required,GEOLOGIC_CONTEXT_MISSING,matched_geologic_unit,,记录没有来源直报或空间匹配的地质单元。,在比例尺与边界不确定性允许时执行空间匹配，并记录地图源、版本、匹配方法和边界距离；否则保留缺失。,true
ITER|rec-71d0932941ad28f5ede29973302aee8288ec0d5803285d3f028cef2edc07855c|ANALYTICAL_METHOD_MISSING|analytical_method|,rec-71d0932941ad28f5ede29973302aee8288ec0d5803285d3f028cef2edc07855c,japan-gsj-geochemical-map,D1,warning,action_required,ANALYTICAL_METHOD_MISSING,analytical_method,,分析方法证据缺失，跨来源浓度与元素组合不可可靠比较。,回查数据字典、方法论文或记录级元数据；同时绑定 method_source_locator，未找到时保留缺失原因。,true
ITER|rec-71d0932941ad28f5ede29973302aee8288ec0d5803285d3f028cef2edc07855c|GEOLOGIC_CONTEXT_MISSING|matched_geologic_unit|,rec-71d0932941ad28f5ede29973302aee8288ec0d5803285d3f028cef2edc07855c,japan-gsj-geochemical-map,D2,info,review_required,GEOLOGIC_CONTEXT_MISSING,matched_geologic_unit,,记录没有来源直报或空间匹配的地质单元。,在比例尺与边界不确定性允许时执行空间匹配，并记录地图源、版本、匹配方法和边界距离；否则保留缺失。,true
ITER|rec-7227c1d2f6b3cc3f4b3d0798142b9aa99e56cd99367c58d3917b7104354fd2c9|ANALYTICAL_METHOD_MISSING|analytical_method|,rec-7227c1d2f6b3cc3f4b3d0798142b9aa99e56cd99367c58d3917b7104354fd2c9,georoc-archaean,D1,warning,action_required,ANALYTICAL_METHOD_MISSING,analytical_method,,分析方法证据缺失，跨来源浓度与元素组合不可可靠比较。,回查数据字典、方法论文或记录级元数据；同时绑定 method_source_locator，未找到时保留缺失原因。,true
ITER|rec-7227c1d2f6b3cc3f4b3d0798142b9aa99e56cd99367c58d3917b7104354fd2c9|COORDINATE_UNUSABLE|latitude%2Clongitude|%2C,rec-7227c1d2f6b3cc3f4b3d0798142b9aa99e56cd99367c58d3917b7104354fd2c9,georoc-archaean,D1,error,action_required,COORDINATE_UNUSABLE,"latitude,longitude",",",WGS84 坐标缺失、非数值或超出合法范围，因此不能上图。,从原始来源恢复坐标与 CRS；若只提供区域名称，保留缺失并记录原因，不得填区域质心。,true
ITER|rec-7227c1d2f6b3cc3f4b3d0798142b9aa99e56cd99367c58d3917b7104354fd2c9|GEOLOGIC_CONTEXT_MISSING|matched_geologic_unit|,rec-7227c1d2f6b3cc3f4b3d0798142b9aa99e56cd99367c58d3917b7104354fd2c9,georoc-archaean,D2,info,review_required,GEOLOGIC_CONTEXT_MISSING,matched_geologic_unit,,记录没有来源直报或空间匹配的地质单元。,在比例尺与边界不确定性允许时执行空间匹配，并记录地图源、版本、匹配方法和边界距离；否则保留缺失。,true
ITER|rec-72643be7412f76a58da26790b487542b18248685edaf456b2200d2d61d51d14d|GEOLOGIC_CONTEXT_MISSING|matched_geologic_unit|,rec-72643be7412f76a58da26790b487542b18248685edaf456b2200d2d61d51d14d,norway-marchem,D2,info,review_required,GEOLOGIC_CONTEXT_MISSING,matched_geologic_unit,,记录没有来源直报或空间匹配的地质单元。,在比例尺与边界不确定性允许时执行空间匹配，并记录地图源、版本、匹配方法和边界距离；否则保留缺失。,true
ITER|rec-72a53827026f42083a9c39a0223077871b4b40b6ff87ccf789a63622117c4967|CENSORED_OBSERVATION|censored|%3C,rec-72a53827026f42083a9c39a0223077871b4b40b6ff87ccf789a63622117c4967,gemstat-open-archive,D2,info,scientific_limit,CENSORED_OBSERVATION,censored,<,这是检出限/定量限约束的删失观测，不等同于零，也不自动视为采集失败。,保留原始 qualifier 与 censoring limit；默认从普通相关和异常筛查中排除，或使用明确的删失统计模型。,false
ITER|rec-72a53827026f42083a9c39a0223077871b4b40b6ff87ccf789a63622117c4967|GEOLOGIC_CONTEXT_MISSING|matched_geologic_unit|,rec-72a53827026f42083a9c39a0223077871b4b40b6ff87ccf789a63622117c4967,gemstat-open-archive,D2,info,review_required,GEOLOGIC_CONTEXT_MISSING,matched_geologic_unit,,记录没有来源直报或空间匹配的地质单元。,在比例尺与边界不确定性允许时执行空间匹配，并记录地图源、版本、匹配方法和边界距离；否则保留缺失。,true
ITER|rec-72faca2d8d9bddcd2053fbfc4849389bda49dceff703a6e551589b265457e5a2|ANALYTICAL_METHOD_MISSING|analytical_method|,rec-72faca2d8d9bddcd2053fbfc4849389bda49dceff703a6e551589b265457e5a2,georoc-archaean,D1,warning,action_required,ANALYTICAL_METHOD_MISSING,analytical_method,,分析方法证据缺失，跨来源浓度与元素组合不可可靠比较。,回查数据字典、方法论文或记录级元数据；同时绑定 method_source_locator，未找到时保留缺失原因。,true
ITER|rec-72faca2d8d9bddcd2053fbfc4849389bda49dceff703a6e551589b265457e5a2|COORDINATE_UNUSABLE|latitude%2Clongitude|%2C,rec-72faca2d8d9bddcd2053fbfc4849389bda49dceff703a6e551589b265457e5a2,georoc-archaean,D1,error,action_required,COORDINATE_UNUSABLE,"latitude,longitude",",",WGS84 坐标缺失、非数值或超出合法范围，因此不能上图。,从原始来源恢复坐标与 CRS；若只提供区域名称，保留缺失并记录原因，不得填区域质心。,true
ITER|rec-72faca2d8d9bddcd2053fbfc4849389bda49dceff703a6e551589b265457e5a2|GEOLOGIC_CONTEXT_MISSING|matched_geologic_unit|,rec-72faca2d8d9bddcd2053fbfc4849389bda49dceff703a6e551589b265457e5a2,georoc-archaean,D2,info,review_required,GEOLOGIC_CONTEXT_MISSING,matched_geologic_unit,,记录没有来源直报或空间匹配的地质单元。,在比例尺与边界不确定性允许时执行空间匹配，并记录地图源、版本、匹配方法和边界距离；否则保留缺失。,true
ITER|rec-732033b568114d759a0e49f359dafa8c36c3ad36c2e2962d8a171c2fb788f018|GEOLOGIC_CONTEXT_MISSING|matched_geologic_unit|,rec-732033b568114d759a0e49f359dafa8c36c3ad36c2e2962d8a171c2fb788f018,foregs-subsoil,D2,info,review_required,GEOLOGIC_CONTEXT_MISSING,matched_geologic_unit,,记录没有来源直报或空间匹配的地质单元。,在比例尺与边界不确定性允许时执行空间匹配，并记录地图源、版本、匹配方法和边界距离；否则保留缺失。,true
ITER|rec-733373d8b28d9b27a8dd2405dbf38e92fa028b78fe39458e43dc8a39b2f31706|CENSORED_OBSERVATION|censored|%3C,rec-733373d8b28d9b27a8dd2405dbf38e92fa028b78fe39458e43dc8a39b2f31706,gemstat-open-archive,D2,info,scientific_limit,CENSORED_OBSERVATION,censored,<,这是检出限/定量限约束的删失观测，不等同于零，也不自动视为采集失败。,保留原始 qualifier 与 censoring limit；默认从普通相关和异常筛查中排除，或使用明确的删失统计模型。,false
ITER|rec-733373d8b28d9b27a8dd2405dbf38e92fa028b78fe39458e43dc8a39b2f31706|GEOLOGIC_CONTEXT_MISSING|matched_geologic_unit|,rec-733373d8b28d9b27a8dd2405dbf38e92fa028b78fe39458e43dc8a39b2f31706,gemstat-open-archive,D2,info,review_required,GEOLOGIC_CONTEXT_MISSING,matched_geologic_unit,,记录没有来源直报或空间匹配的地质单元。,在比例尺与边界不确定性允许时执行空间匹配，并记录地图源、版本、匹配方法和边界距离；否则保留缺失。,true
ITER|rec-73500b880003d1a43a36a0bce849fa08589ff2a25bcf233ed263dfcbc426518c|GEOLOGIC_CONTEXT_MISSING|matched_geologic_unit|,rec-73500b880003d1a43a36a0bce849fa08589ff2a25bcf233ed263dfcbc426518c,foregs-stream-water,D2,info,review_required,GEOLOGIC_CONTEXT_MISSING,matched_geologic_unit,,记录没有来源直报或空间匹配的地质单元。,在比例尺与边界不确定性允许时执行空间匹配，并记录地图源、版本、匹配方法和边界距离；否则保留缺失。,true
ITER|rec-7366d4ba564bd6529364238d5b1273c63c1c0ad1605c7f09d7342f1b3fe68f32|GEOLOGIC_CONTEXT_MISSING|matched_geologic_unit|,rec-7366d4ba564bd6529364238d5b1273c63c1c0ad1605c7f09d7342f1b3fe68f32,pangaea-north-africa-soil,D2,info,review_required,GEOLOGIC_CONTEXT_MISSING,matched_geologic_unit,,记录没有来源直报或空间匹配的地质单元。,在比例尺与边界不确定性允许时执行空间匹配，并记录地图源、版本、匹配方法和边界距离；否则保留缺失。,true
ITER|rec-7371f59bc309e9682b6f21e5677f7713cf0aa2578d78ef532afe2fcabc1999b1|GEOLOGIC_CONTEXT_MISSING|matched_geologic_unit|,rec-7371f59bc309e9682b6f21e5677f7713cf0aa2578d78ef532afe2fcabc1999b1,foregs-topsoil,D2,info,review_required,GEOLOGIC_CONTEXT_MISSING,matched_geologic_unit,,记录没有来源直报或空间匹配的地质单元。,在比例尺与边界不确定性允许时执行空间匹配，并记录地图源、版本、匹配方法和边界距离；否则保留缺失。,true
ITER|rec-744379712d5e986e1e2ed18c088384066e43c869404fa7cdd0a77f13ef3e6535|ANALYTICAL_METHOD_MISSING|analytical_method|,rec-744379712d5e986e1e2ed18c088384066e43c869404fa7cdd0a77f13ef3e6535,georoc-archaean,D1,warning,action_required,ANALYTICAL_METHOD_MISSING,analytical_method,,分析方法证据缺失，跨来源浓度与元素组合不可可靠比较。,回查数据字典、方法论文或记录级元数据；同时绑定 method_source_locator，未找到时保留缺失原因。,true
ITER|rec-744379712d5e986e1e2ed18c088384066e43c869404fa7cdd0a77f13ef3e6535|COORDINATE_UNUSABLE|latitude%2Clongitude|%2C,rec-744379712d5e986e1e2ed18c088384066e43c869404fa7cdd0a77f13ef3e6535,georoc-archaean,D1,error,action_required,COORDINATE_UNUSABLE,"latitude,longitude",",",WGS84 坐标缺失、非数值或超出合法范围，因此不能上图。,从原始来源恢复坐标与 CRS；若只提供区域名称，保留缺失并记录原因，不得填区域质心。,true
ITER|rec-744379712d5e986e1e2ed18c088384066e43c869404fa7cdd0a77f13ef3e6535|GEOLOGIC_CONTEXT_MISSING|matched_geologic_unit|,rec-744379712d5e986e1e2ed18c088384066e43c869404fa7cdd0a77f13ef3e6535,georoc-archaean,D2,info,review_required,GEOLOGIC_CONTEXT_MISSING,matched_geologic_unit,,记录没有来源直报或空间匹配的地质单元。,在比例尺与边界不确定性允许时执行空间匹配，并记录地图源、版本、匹配方法和边界距离；否则保留缺失。,true
ITER|rec-746d1ee00fb98d48aab15492c92f90d4072dc8de02e046a2c4a7b84d49d338b7|GEOLOGIC_CONTEXT_MISSING|matched_geologic_unit|,rec-746d1ee00fb98d48aab15492c92f90d4072dc8de02e046a2c4a7b84d49d338b7,foregs-topsoil,D2,info,review_required,GEOLOGIC_CONTEXT_MISSING,matched_geologic_unit,,记录没有来源直报或空间匹配的地质单元。,在比例尺与边界不确定性允许时执行空间匹配，并记录地图源、版本、匹配方法和边界距离；否则保留缺失。,true
ITER|rec-746ff3d561edaa58cfcc55d7311d17f560d51b48e76320b7d0c902af13cf36b0|GEOLOGIC_CONTEXT_MISSING|matched_geologic_unit|,rec-746ff3d561edaa58cfcc55d7311d17f560d51b48e76320b7d0c902af13cf36b0,foregs-topsoil,D2,info,review_required,GEOLOGIC_CONTEXT_MISSING,matched_geologic_unit,,记录没有来源直报或空间匹配的地质单元。,在比例尺与边界不确定性允许时执行空间匹配，并记录地图源、版本、匹配方法和边界距离；否则保留缺失。,true
ITER|rec-74fa308894407c2a8967d1c4dee26e09ccc1813f607d17c14306b0e4101dd8aa|GEOLOGIC_CONTEXT_MISSING|matched_geologic_unit|,rec-74fa308894407c2a8967d1c4dee26e09ccc1813f607d17c14306b0e4101dd8aa,geotraces-idp2025,D2,info,review_required,GEOLOGIC_CONTEXT_MISSING,matched_geologic_unit,,记录没有来源直报或空间匹配的地质单元。,在比例尺与边界不确定性允许时执行空间匹配，并记录地图源、版本、匹配方法和边界距离；否则保留缺失。,true
ITER|rec-753e89678b2f2b531ac04acc3ceb0a5afb2f0c0100382265b7b478374493a430|GEOLOGIC_CONTEXT_MISSING|matched_geologic_unit|,rec-753e89678b2f2b531ac04acc3ceb0a5afb2f0c0100382265b7b478374493a430,pangaea-north-africa-soil,D2,info,review_required,GEOLOGIC_CONTEXT_MISSING,matched_geologic_unit,,记录没有来源直报或空间匹配的地质单元。,在比例尺与边界不确定性允许时执行空间匹配，并记录地图源、版本、匹配方法和边界距离；否则保留缺失。,true
ITER|rec-767bc32c0dda5f461721eebf12a4fc7355433722453c0e2fa01e33782c786868|GEOLOGIC_CONTEXT_MISSING|matched_geologic_unit|,rec-767bc32c0dda5f461721eebf12a4fc7355433722453c0e2fa01e33782c786868,pangaea-north-africa-soil,D2,info,review_required,GEOLOGIC_CONTEXT_MISSING,matched_geologic_unit,,记录没有来源直报或空间匹配的地质单元。,在比例尺与边界不确定性允许时执行空间匹配，并记录地图源、版本、匹配方法和边界距离；否则保留缺失。,true
ITER|rec-76982f3bd5304e444dacc6cbe9a2f43e05239918bbd03b1205cacd7ea9350986|COORDINATE_UNUSABLE|latitude%2Clongitude|%2C,rec-76982f3bd5304e444dacc6cbe9a2f43e05239918bbd03b1205cacd7ea9350986,afsis-phase-i-wet-chemistry,D1,error,action_required,COORDINATE_UNUSABLE,"latitude,longitude",",",WGS84 坐标缺失、非数值或超出合法范围，因此不能上图。,从原始来源恢复坐标与 CRS；若只提供区域名称，保留缺失并记录原因，不得填区域质心。,true
ITER|rec-76982f3bd5304e444dacc6cbe9a2f43e05239918bbd03b1205cacd7ea9350986|GEOLOGIC_CONTEXT_MISSING|matched_geologic_unit|,rec-76982f3bd5304e444dacc6cbe9a2f43e05239918bbd03b1205cacd7ea9350986,afsis-phase-i-wet-chemistry,D2,info,review_required,GEOLOGIC_CONTEXT_MISSING,matched_geologic_unit,,记录没有来源直报或空间匹配的地质单元。,在比例尺与边界不确定性允许时执行空间匹配，并记录地图源、版本、匹配方法和边界距离；否则保留缺失。,true
ITER|rec-771809559752c94207a7d123e6f03f40c8aec2993f0f1f378c2a43f533d47bee|GEOLOGIC_CONTEXT_MISSING|matched_geologic_unit|,rec-771809559752c94207a7d123e6f03f40c8aec2993f0f1f378c2a43f533d47bee,foregs-subsoil,D2,info,review_required,GEOLOGIC_CONTEXT_MISSING,matched_geologic_unit,,记录没有来源直报或空间匹配的地质单元。,在比例尺与边界不确定性允许时执行空间匹配，并记录地图源、版本、匹配方法和边界距离；否则保留缺失。,true
ITER|rec-77a01148b64dc3b86ad20c7357e9bad4f27a141d8bd0d788bbc8d74d786dc136|COORDINATE_UNUSABLE|latitude%2Clongitude|%2C,rec-77a01148b64dc3b86ad20c7357e9bad4f27a141d8bd0d788bbc8d74d786dc136,afsis-phase-i-wet-chemistry,D1,error,action_required,COORDINATE_UNUSABLE,"latitude,longitude",",",WGS84 坐标缺失、非数值或超出合法范围，因此不能上图。,从原始来源恢复坐标与 CRS；若只提供区域名称，保留缺失并记录原因，不得填区域质心。,true
ITER|rec-77a01148b64dc3b86ad20c7357e9bad4f27a141d8bd0d788bbc8d74d786dc136|GEOLOGIC_CONTEXT_MISSING|matched_geologic_unit|,rec-77a01148b64dc3b86ad20c7357e9bad4f27a141d8bd0d788bbc8d74d786dc136,afsis-phase-i-wet-chemistry,D2,info,review_required,GEOLOGIC_CONTEXT_MISSING,matched_geologic_unit,,记录没有来源直报或空间匹配的地质单元。,在比例尺与边界不确定性允许时执行空间匹配，并记录地图源、版本、匹配方法和边界距离；否则保留缺失。,true
ITER|rec-7806463a5f958e7822e344ffe95cc6136cfc5d2d872a522d5f7c36e4d20b96a6|GEOLOGIC_CONTEXT_MISSING|matched_geologic_unit|,rec-7806463a5f958e7822e344ffe95cc6136cfc5d2d872a522d5f7c36e4d20b96a6,norway-marchem,D2,info,review_required,GEOLOGIC_CONTEXT_MISSING,matched_geologic_unit,,记录没有来源直报或空间匹配的地质单元。,在比例尺与边界不确定性允许时执行空间匹配，并记录地图源、版本、匹配方法和边界距离；否则保留缺失。,true
ITER|rec-7822f98d4aa40a9e878cd2a48f39484c2691c0c17ccf126840e099ee6b9d3eb8|GEOLOGIC_CONTEXT_MISSING|matched_geologic_unit|,rec-7822f98d4aa40a9e878cd2a48f39484c2691c0c17ccf126840e099ee6b9d3eb8,foregs-humus,D2,info,review_required,GEOLOGIC_CONTEXT_MISSING,matched_geologic_unit,,记录没有来源直报或空间匹配的地质单元。,在比例尺与边界不确定性允许时执行空间匹配，并记录地图源、版本、匹配方法和边界距离；否则保留缺失。,true
ITER|rec-783a5f564868496872f20eee535f87ee9a1ed239fab007805e1136cd8f59b82d|GEOLOGIC_CONTEXT_MISSING|matched_geologic_unit|,rec-783a5f564868496872f20eee535f87ee9a1ed239fab007805e1136cd8f59b82d,foregs-stream-water,D2,info,review_required,GEOLOGIC_CONTEXT_MISSING,matched_geologic_unit,,记录没有来源直报或空间匹配的地质单元。,在比例尺与边界不确定性允许时执行空间匹配，并记录地图源、版本、匹配方法和边界距离；否则保留缺失。,true
ITER|rec-78ab48e3bb77b4ff16830bfe64ab0e560fac6e3888e1d9a1149c6cd552e9c715|ANALYTICAL_METHOD_MISSING|analytical_method|,rec-78ab48e3bb77b4ff16830bfe64ab0e560fac6e3888e1d9a1149c6cd552e9c715,georoc-archaean,D1,warning,action_required,ANALYTICAL_METHOD_MISSING,analytical_method,,分析方法证据缺失，跨来源浓度与元素组合不可可靠比较。,回查数据字典、方法论文或记录级元数据；同时绑定 method_source_locator，未找到时保留缺失原因。,true
ITER|rec-78ab48e3bb77b4ff16830bfe64ab0e560fac6e3888e1d9a1149c6cd552e9c715|COORDINATE_UNUSABLE|latitude%2Clongitude|%2C,rec-78ab48e3bb77b4ff16830bfe64ab0e560fac6e3888e1d9a1149c6cd552e9c715,georoc-archaean,D1,error,action_required,COORDINATE_UNUSABLE,"latitude,longitude",",",WGS84 坐标缺失、非数值或超出合法范围，因此不能上图。,从原始来源恢复坐标与 CRS；若只提供区域名称，保留缺失并记录原因，不得填区域质心。,true
ITER|rec-78ab48e3bb77b4ff16830bfe64ab0e560fac6e3888e1d9a1149c6cd552e9c715|GEOLOGIC_CONTEXT_MISSING|matched_geologic_unit|,rec-78ab48e3bb77b4ff16830bfe64ab0e560fac6e3888e1d9a1149c6cd552e9c715,georoc-archaean,D2,info,review_required,GEOLOGIC_CONTEXT_MISSING,matched_geologic_unit,,记录没有来源直报或空间匹配的地质单元。,在比例尺与边界不确定性允许时执行空间匹配，并记录地图源、版本、匹配方法和边界距离；否则保留缺失。,true
ITER|rec-78bb4dc8cd8380cb8f40e013ceef9fddbef14bcc6f570ee72f93123a8870d071|ANALYTICAL_METHOD_MISSING|analytical_method|,rec-78bb4dc8cd8380cb8f40e013ceef9fddbef14bcc6f570ee72f93123a8870d071,japan-gsj-geochemical-map,D1,warning,action_required,ANALYTICAL_METHOD_MISSING,analytical_method,,分析方法证据缺失，跨来源浓度与元素组合不可可靠比较。,回查数据字典、方法论文或记录级元数据；同时绑定 method_source_locator，未找到时保留缺失原因。,true
ITER|rec-78bb4dc8cd8380cb8f40e013ceef9fddbef14bcc6f570ee72f93123a8870d071|GEOLOGIC_CONTEXT_MISSING|matched_geologic_unit|,rec-78bb4dc8cd8380cb8f40e013ceef9fddbef14bcc6f570ee72f93123a8870d071,japan-gsj-geochemical-map,D2,info,review_required,GEOLOGIC_CONTEXT_MISSING,matched_geologic_unit,,记录没有来源直报或空间匹配的地质单元。,在比例尺与边界不确定性允许时执行空间匹配，并记录地图源、版本、匹配方法和边界距离；否则保留缺失。,true
ITER|rec-79447b6cbf74fbc7f98f2a972fa7ef3f54c3bb208fbb57e5f1dae3cef04b210b|GEOLOGIC_CONTEXT_MISSING|matched_geologic_unit|,rec-79447b6cbf74fbc7f98f2a972fa7ef3f54c3bb208fbb57e5f1dae3cef04b210b,norway-marchem,D2,info,review_required,GEOLOGIC_CONTEXT_MISSING,matched_geologic_unit,,记录没有来源直报或空间匹配的地质单元。,在比例尺与边界不确定性允许时执行空间匹配，并记录地图源、版本、匹配方法和边界距离；否则保留缺失。,true
ITER|rec-79564bdaccef2c646acc4a94fa7332d2578e6e8e0609d910572a69893718e36d|GEOLOGIC_CONTEXT_MISSING|matched_geologic_unit|,rec-79564bdaccef2c646acc4a94fa7332d2578e6e8e0609d910572a69893718e36d,foregs-stream-water,D2,info,review_required,GEOLOGIC_CONTEXT_MISSING,matched_geologic_unit,,记录没有来源直报或空间匹配的地质单元。,在比例尺与边界不确定性允许时执行空间匹配，并记录地图源、版本、匹配方法和边界距离；否则保留缺失。,true
ITER|rec-795f5ea94afc5c5421a22e78f5bb00f9ad5a28c24e749344d0adf5c5ce9f2006|GEOLOGIC_CONTEXT_MISSING|matched_geologic_unit|,rec-795f5ea94afc5c5421a22e78f5bb00f9ad5a28c24e749344d0adf5c5ce9f2006,foregs-floodplain-sediment,D2,info,review_required,GEOLOGIC_CONTEXT_MISSING,matched_geologic_unit,,记录没有来源直报或空间匹配的地质单元。,在比例尺与边界不确定性允许时执行空间匹配，并记录地图源、版本、匹配方法和边界距离；否则保留缺失。,true
ITER|rec-79a4b51675d6a8d52bad670519739caf47cc1744077f146ab207406a7b0b620d|GEOLOGIC_CONTEXT_MISSING|matched_geologic_unit|,rec-79a4b51675d6a8d52bad670519739caf47cc1744077f146ab207406a7b0b620d,foregs-topsoil,D2,info,review_required,GEOLOGIC_CONTEXT_MISSING,matched_geologic_unit,,记录没有来源直报或空间匹配的地质单元。,在比例尺与边界不确定性允许时执行空间匹配，并记录地图源、版本、匹配方法和边界距离；否则保留缺失。,true
ITER|rec-79cc14eda1a3ae8d9c92f26f693c59a1a88c2bfb066bda44681ec487d4eaf4fd|GEOLOGIC_CONTEXT_MISSING|matched_geologic_unit|,rec-79cc14eda1a3ae8d9c92f26f693c59a1a88c2bfb066bda44681ec487d4eaf4fd,foregs-subsoil,D2,info,review_required,GEOLOGIC_CONTEXT_MISSING,matched_geologic_unit,,记录没有来源直报或空间匹配的地质单元。,在比例尺与边界不确定性允许时执行空间匹配，并记录地图源、版本、匹配方法和边界距离；否则保留缺失。,true
ITER|rec-7a3ae41654700b23223ef93cb582d1ab2e182ba7447b87b28afff65fbfd3fb2b|GEOLOGIC_CONTEXT_MISSING|matched_geologic_unit|,rec-7a3ae41654700b23223ef93cb582d1ab2e182ba7447b87b28afff65fbfd3fb2b,foregs-stream-water,D2,info,review_required,GEOLOGIC_CONTEXT_MISSING,matched_geologic_unit,,记录没有来源直报或空间匹配的地质单元。,在比例尺与边界不确定性允许时执行空间匹配，并记录地图源、版本、匹配方法和边界距离；否则保留缺失。,true
ITER|rec-7a46f31127f345e0992f1aeea944507ea833d2e04dc410f09a400c5a4bf88b6c|GEOLOGIC_CONTEXT_MISSING|matched_geologic_unit|,rec-7a46f31127f345e0992f1aeea944507ea833d2e04dc410f09a400c5a4bf88b6c,geotraces-idp2025,D2,info,review_required,GEOLOGIC_CONTEXT_MISSING,matched_geologic_unit,,记录没有来源直报或空间匹配的地质单元。,在比例尺与边界不确定性允许时执行空间匹配，并记录地图源、版本、匹配方法和边界距离；否则保留缺失。,true
ITER|rec-7a90461c1b99ebfdfaffead4e9fab0f2355f4d63044c9132990222b112930dc3|GEOLOGIC_CONTEXT_MISSING|matched_geologic_unit|,rec-7a90461c1b99ebfdfaffead4e9fab0f2355f4d63044c9132990222b112930dc3,foregs-stream-water,D2,info,review_required,GEOLOGIC_CONTEXT_MISSING,matched_geologic_unit,,记录没有来源直报或空间匹配的地质单元。,在比例尺与边界不确定性允许时执行空间匹配，并记录地图源、版本、匹配方法和边界距离；否则保留缺失。,true
ITER|rec-7aa4f6ee69c2b94e4202b2a707fe724a0f082fd0b2f8ce2e7f8799529b34c0e9|GEOLOGIC_CONTEXT_MISSING|matched_geologic_unit|,rec-7aa4f6ee69c2b94e4202b2a707fe724a0f082fd0b2f8ce2e7f8799529b34c0e9,geotraces-idp2025,D2,info,review_required,GEOLOGIC_CONTEXT_MISSING,matched_geologic_unit,,记录没有来源直报或空间匹配的地质单元。,在比例尺与边界不确定性允许时执行空间匹配，并记录地图源、版本、匹配方法和边界距离；否则保留缺失。,true
ITER|rec-7aec2f1a7af374fa8d035ac1d3e93565f9fdf0a507155f5bc9f5da95d72db2d3|ANALYTICAL_METHOD_MISSING|analytical_method|,rec-7aec2f1a7af374fa8d035ac1d3e93565f9fdf0a507155f5bc9f5da95d72db2d3,usgs-conus-soil,D1,warning,action_required,ANALYTICAL_METHOD_MISSING,analytical_method,,分析方法证据缺失，跨来源浓度与元素组合不可可靠比较。,回查数据字典、方法论文或记录级元数据；同时绑定 method_source_locator，未找到时保留缺失原因。,true
ITER|rec-7aec2f1a7af374fa8d035ac1d3e93565f9fdf0a507155f5bc9f5da95d72db2d3|GEOLOGIC_CONTEXT_MISSING|matched_geologic_unit|,rec-7aec2f1a7af374fa8d035ac1d3e93565f9fdf0a507155f5bc9f5da95d72db2d3,usgs-conus-soil,D2,info,review_required,GEOLOGIC_CONTEXT_MISSING,matched_geologic_unit,,记录没有来源直报或空间匹配的地质单元。,在比例尺与边界不确定性允许时执行空间匹配，并记录地图源、版本、匹配方法和边界距离；否则保留缺失。,true
ITER|rec-7b0277a8dc9069ef63919f305628aa047be1fbb75fbbd25719df96ea74784a8c|GEOLOGIC_CONTEXT_MISSING|matched_geologic_unit|,rec-7b0277a8dc9069ef63919f305628aa047be1fbb75fbbd25719df96ea74784a8c,norway-marchem,D2,info,review_required,GEOLOGIC_CONTEXT_MISSING,matched_geologic_unit,,记录没有来源直报或空间匹配的地质单元。,在比例尺与边界不确定性允许时执行空间匹配，并记录地图源、版本、匹配方法和边界距离；否则保留缺失。,true
ITER|rec-7b1abbc103524772135e8ec60609c6f3ee0668e26a626899d511cf38d46f35c2|GEOLOGIC_CONTEXT_MISSING|matched_geologic_unit|,rec-7b1abbc103524772135e8ec60609c6f3ee0668e26a626899d511cf38d46f35c2,norway-marchem,D2,info,review_required,GEOLOGIC_CONTEXT_MISSING,matched_geologic_unit,,记录没有来源直报或空间匹配的地质单元。,在比例尺与边界不确定性允许时执行空间匹配，并记录地图源、版本、匹配方法和边界距离；否则保留缺失。,true
ITER|rec-7bc747e4c61b62d25bf3b3da3f8c27f20f9b81bce004645b3b8a2f6658390f87|COORDINATE_UNUSABLE|latitude%2Clongitude|%2C,rec-7bc747e4c61b62d25bf3b3da3f8c27f20f9b81bce004645b3b8a2f6658390f87,afsis-phase-i-wet-chemistry,D1,error,action_required,COORDINATE_UNUSABLE,"latitude,longitude",",",WGS84 坐标缺失、非数值或超出合法范围，因此不能上图。,从原始来源恢复坐标与 CRS；若只提供区域名称，保留缺失并记录原因，不得填区域质心。,true
ITER|rec-7bc747e4c61b62d25bf3b3da3f8c27f20f9b81bce004645b3b8a2f6658390f87|GEOLOGIC_CONTEXT_MISSING|matched_geologic_unit|,rec-7bc747e4c61b62d25bf3b3da3f8c27f20f9b81bce004645b3b8a2f6658390f87,afsis-phase-i-wet-chemistry,D2,info,review_required,GEOLOGIC_CONTEXT_MISSING,matched_geologic_unit,,记录没有来源直报或空间匹配的地质单元。,在比例尺与边界不确定性允许时执行空间匹配，并记录地图源、版本、匹配方法和边界距离；否则保留缺失。,true
ITER|rec-7d789b59aee501eb7dbf322b285f6cbb0c27fefc48bca196b8975c11f3785474|ANALYTICAL_METHOD_MISSING|analytical_method|,rec-7d789b59aee501eb7dbf322b285f6cbb0c27fefc48bca196b8975c11f3785474,georoc-archaean,D1,warning,action_required,ANALYTICAL_METHOD_MISSING,analytical_method,,分析方法证据缺失，跨来源浓度与元素组合不可可靠比较。,回查数据字典、方法论文或记录级元数据；同时绑定 method_source_locator，未找到时保留缺失原因。,true
ITER|rec-7d789b59aee501eb7dbf322b285f6cbb0c27fefc48bca196b8975c11f3785474|COORDINATE_UNUSABLE|latitude%2Clongitude|%2C,rec-7d789b59aee501eb7dbf322b285f6cbb0c27fefc48bca196b8975c11f3785474,georoc-archaean,D1,error,action_required,COORDINATE_UNUSABLE,"latitude,longitude",",",WGS84 坐标缺失、非数值或超出合法范围，因此不能上图。,从原始来源恢复坐标与 CRS；若只提供区域名称，保留缺失并记录原因，不得填区域质心。,true
ITER|rec-7d789b59aee501eb7dbf322b285f6cbb0c27fefc48bca196b8975c11f3785474|GEOLOGIC_CONTEXT_MISSING|matched_geologic_unit|,rec-7d789b59aee501eb7dbf322b285f6cbb0c27fefc48bca196b8975c11f3785474,georoc-archaean,D2,info,review_required,GEOLOGIC_CONTEXT_MISSING,matched_geologic_unit,,记录没有来源直报或空间匹配的地质单元。,在比例尺与边界不确定性允许时执行空间匹配，并记录地图源、版本、匹配方法和边界距离；否则保留缺失。,true
ITER|rec-7db8cf8baf623ec661ab76a2a1b4ca53e6a1e53ba1287da11388ce9eae6f3c24|GEOLOGIC_CONTEXT_MISSING|matched_geologic_unit|,rec-7db8cf8baf623ec661ab76a2a1b4ca53e6a1e53ba1287da11388ce9eae6f3c24,norway-marchem,D2,info,review_required,GEOLOGIC_CONTEXT_MISSING,matched_geologic_unit,,记录没有来源直报或空间匹配的地质单元。,在比例尺与边界不确定性允许时执行空间匹配，并记录地图源、版本、匹配方法和边界距离；否则保留缺失。,true
ITER|rec-7e08c04fb744923b09f61e87c8770ac6d0135eca38bb546a4169161f954c9d80|GEOLOGIC_CONTEXT_MISSING|matched_geologic_unit|,rec-7e08c04fb744923b09f61e87c8770ac6d0135eca38bb546a4169161f954c9d80,geotraces-idp2025,D2,info,review_required,GEOLOGIC_CONTEXT_MISSING,matched_geologic_unit,,记录没有来源直报或空间匹配的地质单元。,在比例尺与边界不确定性允许时执行空间匹配，并记录地图源、版本、匹配方法和边界距离；否则保留缺失。,true
ITER|rec-7e9cafd076dbcc6e5d64ef07809e4b7d13adbdfd6da185146176f8a742e86783|COORDINATE_UNUSABLE|latitude%2Clongitude|%2C,rec-7e9cafd076dbcc6e5d64ef07809e4b7d13adbdfd6da185146176f8a742e86783,afsis-phase-i-wet-chemistry,D1,error,action_required,COORDINATE_UNUSABLE,"latitude,longitude",",",WGS84 坐标缺失、非数值或超出合法范围，因此不能上图。,从原始来源恢复坐标与 CRS；若只提供区域名称，保留缺失并记录原因，不得填区域质心。,true
ITER|rec-7e9cafd076dbcc6e5d64ef07809e4b7d13adbdfd6da185146176f8a742e86783|GEOLOGIC_CONTEXT_MISSING|matched_geologic_unit|,rec-7e9cafd076dbcc6e5d64ef07809e4b7d13adbdfd6da185146176f8a742e86783,afsis-phase-i-wet-chemistry,D2,info,review_required,GEOLOGIC_CONTEXT_MISSING,matched_geologic_unit,,记录没有来源直报或空间匹配的地质单元。,在比例尺与边界不确定性允许时执行空间匹配，并记录地图源、版本、匹配方法和边界距离；否则保留缺失。,true
ITER|rec-7eaadc6e862d968238604abb6c65c0505071c9c7caa6d4f8a292a0b59b5fe98b|GEOLOGIC_CONTEXT_MISSING|matched_geologic_unit|,rec-7eaadc6e862d968238604abb6c65c0505071c9c7caa6d4f8a292a0b59b5fe98b,foregs-topsoil,D2,info,review_required,GEOLOGIC_CONTEXT_MISSING,matched_geologic_unit,,记录没有来源直报或空间匹配的地质单元。,在比例尺与边界不确定性允许时执行空间匹配，并记录地图源、版本、匹配方法和边界距离；否则保留缺失。,true
ITER|rec-7f6d027342d60e8eda5938d105059d00997d1cd69675f1dc389f8e6f5f077272|GEOLOGIC_CONTEXT_MISSING|matched_geologic_unit|,rec-7f6d027342d60e8eda5938d105059d00997d1cd69675f1dc389f8e6f5f077272,foregs-topsoil,D2,info,review_required,GEOLOGIC_CONTEXT_MISSING,matched_geologic_unit,,记录没有来源直报或空间匹配的地质单元。,在比例尺与边界不确定性允许时执行空间匹配，并记录地图源、版本、匹配方法和边界距离；否则保留缺失。,true
ITER|rec-80071e5b9020113ce0e4b259d8fa3369bb9232b59cc020d5f667662d39eb490d|GEOLOGIC_CONTEXT_MISSING|matched_geologic_unit|,rec-80071e5b9020113ce0e4b259d8fa3369bb9232b59cc020d5f667662d39eb490d,foregs-subsoil,D2,info,review_required,GEOLOGIC_CONTEXT_MISSING,matched_geologic_unit,,记录没有来源直报或空间匹配的地质单元。,在比例尺与边界不确定性允许时执行空间匹配，并记录地图源、版本、匹配方法和边界距离；否则保留缺失。,true
ITER|rec-80edd333f45f82c8554b192fbe7aa064bf4176cef40651161ff843640930ae4b|GEOLOGIC_CONTEXT_MISSING|matched_geologic_unit|,rec-80edd333f45f82c8554b192fbe7aa064bf4176cef40651161ff843640930ae4b,us-wqp-sacramento-river-arsenic,D2,info,review_required,GEOLOGIC_CONTEXT_MISSING,matched_geologic_unit,,记录没有来源直报或空间匹配的地质单元。,在比例尺与边界不确定性允许时执行空间匹配，并记录地图源、版本、匹配方法和边界距离；否则保留缺失。,true
ITER|rec-81026c13aeb82351bcbcc2940b1ca5dc1237b608f481e123481226625da2ede5|GEOLOGIC_CONTEXT_MISSING|matched_geologic_unit|,rec-81026c13aeb82351bcbcc2940b1ca5dc1237b608f481e123481226625da2ede5,foregs-stream-water,D2,info,review_required,GEOLOGIC_CONTEXT_MISSING,matched_geologic_unit,,记录没有来源直报或空间匹配的地质单元。,在比例尺与边界不确定性允许时执行空间匹配，并记录地图源、版本、匹配方法和边界距离；否则保留缺失。,true
ITER|rec-8103c1d5441318445a23103953c5f3315d951c4d82e2032ce67e145b0ec17ff2|ANALYTICAL_METHOD_MISSING|analytical_method|,rec-8103c1d5441318445a23103953c5f3315d951c4d82e2032ce67e145b0ec17ff2,georoc-archaean,D1,warning,action_required,ANALYTICAL_METHOD_MISSING,analytical_method,,分析方法证据缺失，跨来源浓度与元素组合不可可靠比较。,回查数据字典、方法论文或记录级元数据；同时绑定 method_source_locator，未找到时保留缺失原因。,true
ITER|rec-8103c1d5441318445a23103953c5f3315d951c4d82e2032ce67e145b0ec17ff2|COORDINATE_UNUSABLE|latitude%2Clongitude|%2C,rec-8103c1d5441318445a23103953c5f3315d951c4d82e2032ce67e145b0ec17ff2,georoc-archaean,D1,error,action_required,COORDINATE_UNUSABLE,"latitude,longitude",",",WGS84 坐标缺失、非数值或超出合法范围，因此不能上图。,从原始来源恢复坐标与 CRS；若只提供区域名称，保留缺失并记录原因，不得填区域质心。,true
ITER|rec-8103c1d5441318445a23103953c5f3315d951c4d82e2032ce67e145b0ec17ff2|GEOLOGIC_CONTEXT_MISSING|matched_geologic_unit|,rec-8103c1d5441318445a23103953c5f3315d951c4d82e2032ce67e145b0ec17ff2,georoc-archaean,D2,info,review_required,GEOLOGIC_CONTEXT_MISSING,matched_geologic_unit,,记录没有来源直报或空间匹配的地质单元。,在比例尺与边界不确定性允许时执行空间匹配，并记录地图源、版本、匹配方法和边界距离；否则保留缺失。,true
ITER|rec-81d7daebd3eac88890dc7f53c0cea12424d1cb815ecd6d2f235784730193cba0|CENSORED_OBSERVATION|censored|%3C,rec-81d7daebd3eac88890dc7f53c0cea12424d1cb815ecd6d2f235784730193cba0,gemstat-open-archive,D2,info,scientific_limit,CENSORED_OBSERVATION,censored,<,这是检出限/定量限约束的删失观测，不等同于零，也不自动视为采集失败。,保留原始 qualifier 与 censoring limit；默认从普通相关和异常筛查中排除，或使用明确的删失统计模型。,false
ITER|rec-81d7daebd3eac88890dc7f53c0cea12424d1cb815ecd6d2f235784730193cba0|GEOLOGIC_CONTEXT_MISSING|matched_geologic_unit|,rec-81d7daebd3eac88890dc7f53c0cea12424d1cb815ecd6d2f235784730193cba0,gemstat-open-archive,D2,info,review_required,GEOLOGIC_CONTEXT_MISSING,matched_geologic_unit,,记录没有来源直报或空间匹配的地质单元。,在比例尺与边界不确定性允许时执行空间匹配，并记录地图源、版本、匹配方法和边界距离；否则保留缺失。,true
ITER|rec-81fa6c3ca33aefcb8da8eb3e6fdc7a83e7363de5f84a7662fa47c83c1de259e0|GEOLOGIC_CONTEXT_MISSING|matched_geologic_unit|,rec-81fa6c3ca33aefcb8da8eb3e6fdc7a83e7363de5f84a7662fa47c83c1de259e0,foregs-stream-water,D2,info,review_required,GEOLOGIC_CONTEXT_MISSING,matched_geologic_unit,,记录没有来源直报或空间匹配的地质单元。,在比例尺与边界不确定性允许时执行空间匹配，并记录地图源、版本、匹配方法和边界距离；否则保留缺失。,true
ITER|rec-8238890cbb00bd153cc9811eace5761a064a6848321503cf3ee15569e663b652|GEOLOGIC_CONTEXT_MISSING|matched_geologic_unit|,rec-8238890cbb00bd153cc9811eace5761a064a6848321503cf3ee15569e663b652,us-wqp-sacramento-river-arsenic,D2,info,review_required,GEOLOGIC_CONTEXT_MISSING,matched_geologic_unit,,记录没有来源直报或空间匹配的地质单元。,在比例尺与边界不确定性允许时执行空间匹配，并记录地图源、版本、匹配方法和边界距离；否则保留缺失。,true
ITER|rec-82b801237a077c9a8aaf2be015d51db94f59f6e65ea2a76f1e91091f9efb4362|GEOLOGIC_CONTEXT_MISSING|matched_geologic_unit|,rec-82b801237a077c9a8aaf2be015d51db94f59f6e65ea2a76f1e91091f9efb4362,foregs-humus,D2,info,review_required,GEOLOGIC_CONTEXT_MISSING,matched_geologic_unit,,记录没有来源直报或空间匹配的地质单元。,在比例尺与边界不确定性允许时执行空间匹配，并记录地图源、版本、匹配方法和边界距离；否则保留缺失。,true
ITER|rec-835371913a5173b23dc3ab3c4e6c59a1c1e7fd098033e1c00aec1d08d4158ee9|GEOLOGIC_CONTEXT_MISSING|matched_geologic_unit|,rec-835371913a5173b23dc3ab3c4e6c59a1c1e7fd098033e1c00aec1d08d4158ee9,gemstat-open-archive,D2,info,review_required,GEOLOGIC_CONTEXT_MISSING,matched_geologic_unit,,记录没有来源直报或空间匹配的地质单元。,在比例尺与边界不确定性允许时执行空间匹配，并记录地图源、版本、匹配方法和边界距离；否则保留缺失。,true
ITER|rec-835371913a5173b23dc3ab3c4e6c59a1c1e7fd098033e1c00aec1d08d4158ee9|NORMALIZATION_FAILED|normalized_value|,rec-835371913a5173b23dc3ab3c4e6c59a1c1e7fd098033e1c00aec1d08d4158ee9,gemstat-open-archive,D2,error,action_required,NORMALIZATION_FAILED,normalized_value,,非删失测定没有可用标准值。,检查原值解析、单位词表、物质基准和换算公式；不能证明可换算时保留失败状态，不得猜值。,true
ITER|rec-836565b860e13c1d5cb13d28168998bf257ed81e2d8947a4898e944c2aedd61c|ANALYTICAL_METHOD_MISSING|analytical_method|,rec-836565b860e13c1d5cb13d28168998bf257ed81e2d8947a4898e944c2aedd61c,usgs-conus-soil,D1,warning,action_required,ANALYTICAL_METHOD_MISSING,analytical_method,,分析方法证据缺失，跨来源浓度与元素组合不可可靠比较。,回查数据字典、方法论文或记录级元数据；同时绑定 method_source_locator，未找到时保留缺失原因。,true
ITER|rec-836565b860e13c1d5cb13d28168998bf257ed81e2d8947a4898e944c2aedd61c|GEOLOGIC_CONTEXT_MISSING|matched_geologic_unit|,rec-836565b860e13c1d5cb13d28168998bf257ed81e2d8947a4898e944c2aedd61c,usgs-conus-soil,D2,info,review_required,GEOLOGIC_CONTEXT_MISSING,matched_geologic_unit,,记录没有来源直报或空间匹配的地质单元。,在比例尺与边界不确定性允许时执行空间匹配，并记录地图源、版本、匹配方法和边界距离；否则保留缺失。,true
ITER|rec-837e722976dad90e1d74ae107f7a16b7488fa2d1fec0456499a04841875f6da8|GEOLOGIC_CONTEXT_MISSING|matched_geologic_unit|,rec-837e722976dad90e1d74ae107f7a16b7488fa2d1fec0456499a04841875f6da8,norway-marchem,D2,info,review_required,GEOLOGIC_CONTEXT_MISSING,matched_geologic_unit,,记录没有来源直报或空间匹配的地质单元。,在比例尺与边界不确定性允许时执行空间匹配，并记录地图源、版本、匹配方法和边界距离；否则保留缺失。,true
ITER|rec-840cbfdc35336f88adf43742cfdad848126a04ef56f9a99a361d1d0475258e88|GEOLOGIC_CONTEXT_MISSING|matched_geologic_unit|,rec-840cbfdc35336f88adf43742cfdad848126a04ef56f9a99a361d1d0475258e88,foregs-floodplain-sediment,D2,info,review_required,GEOLOGIC_CONTEXT_MISSING,matched_geologic_unit,,记录没有来源直报或空间匹配的地质单元。,在比例尺与边界不确定性允许时执行空间匹配，并记录地图源、版本、匹配方法和边界距离；否则保留缺失。,true
ITER|rec-8421983de9353fd3261bbd5baaf9944bb2d8f4dd6f3a916809df65b6696b36ab|GEOLOGIC_CONTEXT_MISSING|matched_geologic_unit|,rec-8421983de9353fd3261bbd5baaf9944bb2d8f4dd6f3a916809df65b6696b36ab,norway-marchem,D2,info,review_required,GEOLOGIC_CONTEXT_MISSING,matched_geologic_unit,,记录没有来源直报或空间匹配的地质单元。,在比例尺与边界不确定性允许时执行空间匹配，并记录地图源、版本、匹配方法和边界距离；否则保留缺失。,true
ITER|rec-843011861d9f9e19f9be97b8a33a2c9de2dbd179b3dda63b2ef0a997658aaa93|GEOLOGIC_CONTEXT_MISSING|matched_geologic_unit|,rec-843011861d9f9e19f9be97b8a33a2c9de2dbd179b3dda63b2ef0a997658aaa93,us-wqp-sacramento-river-arsenic,D2,info,review_required,GEOLOGIC_CONTEXT_MISSING,matched_geologic_unit,,记录没有来源直报或空间匹配的地质单元。,在比例尺与边界不确定性允许时执行空间匹配，并记录地图源、版本、匹配方法和边界距离；否则保留缺失。,true
ITER|rec-8481c873b4e187e40eb3b4e6099c935df4dc6aa230dca33be1215fc6830a2cdc|CENSORED_OBSERVATION|censored|%3C,rec-8481c873b4e187e40eb3b4e6099c935df4dc6aa230dca33be1215fc6830a2cdc,gemstat-open-archive,D2,info,scientific_limit,CENSORED_OBSERVATION,censored,<,这是检出限/定量限约束的删失观测，不等同于零，也不自动视为采集失败。,保留原始 qualifier 与 censoring limit；默认从普通相关和异常筛查中排除，或使用明确的删失统计模型。,false
ITER|rec-8481c873b4e187e40eb3b4e6099c935df4dc6aa230dca33be1215fc6830a2cdc|GEOLOGIC_CONTEXT_MISSING|matched_geologic_unit|,rec-8481c873b4e187e40eb3b4e6099c935df4dc6aa230dca33be1215fc6830a2cdc,gemstat-open-archive,D2,info,review_required,GEOLOGIC_CONTEXT_MISSING,matched_geologic_unit,,记录没有来源直报或空间匹配的地质单元。,在比例尺与边界不确定性允许时执行空间匹配，并记录地图源、版本、匹配方法和边界距离；否则保留缺失。,true
ITER|rec-84daaef18f1fdcccc71580f423784a6e682c09ed507de4778468173630f74281|GEOLOGIC_CONTEXT_MISSING|matched_geologic_unit|,rec-84daaef18f1fdcccc71580f423784a6e682c09ed507de4778468173630f74281,foregs-stream-water,D2,info,review_required,GEOLOGIC_CONTEXT_MISSING,matched_geologic_unit,,记录没有来源直报或空间匹配的地质单元。,在比例尺与边界不确定性允许时执行空间匹配，并记录地图源、版本、匹配方法和边界距离；否则保留缺失。,true
ITER|rec-84dd752c2d60b0879680a8efe8da417127e0aa9fe8f4f056c271ea2f1b5ccdbd|ANALYTICAL_METHOD_MISSING|analytical_method|,rec-84dd752c2d60b0879680a8efe8da417127e0aa9fe8f4f056c271ea2f1b5ccdbd,georoc-archaean,D1,warning,action_required,ANALYTICAL_METHOD_MISSING,analytical_method,,分析方法证据缺失，跨来源浓度与元素组合不可可靠比较。,回查数据字典、方法论文或记录级元数据；同时绑定 method_source_locator，未找到时保留缺失原因。,true
ITER|rec-84dd752c2d60b0879680a8efe8da417127e0aa9fe8f4f056c271ea2f1b5ccdbd|COORDINATE_UNUSABLE|latitude%2Clongitude|%2C,rec-84dd752c2d60b0879680a8efe8da417127e0aa9fe8f4f056c271ea2f1b5ccdbd,georoc-archaean,D1,error,action_required,COORDINATE_UNUSABLE,"latitude,longitude",",",WGS84 坐标缺失、非数值或超出合法范围，因此不能上图。,从原始来源恢复坐标与 CRS；若只提供区域名称，保留缺失并记录原因，不得填区域质心。,true
ITER|rec-84dd752c2d60b0879680a8efe8da417127e0aa9fe8f4f056c271ea2f1b5ccdbd|GEOLOGIC_CONTEXT_MISSING|matched_geologic_unit|,rec-84dd752c2d60b0879680a8efe8da417127e0aa9fe8f4f056c271ea2f1b5ccdbd,georoc-archaean,D2,info,review_required,GEOLOGIC_CONTEXT_MISSING,matched_geologic_unit,,记录没有来源直报或空间匹配的地质单元。,在比例尺与边界不确定性允许时执行空间匹配，并记录地图源、版本、匹配方法和边界距离；否则保留缺失。,true
ITER|rec-850b57b596e84c30ca3e32c2860377eb581e8e3669a76410ea47b0f9d4aafd12|GEOLOGIC_CONTEXT_MISSING|matched_geologic_unit|,rec-850b57b596e84c30ca3e32c2860377eb581e8e3669a76410ea47b0f9d4aafd12,us-wqp-sacramento-river-arsenic,D2,info,review_required,GEOLOGIC_CONTEXT_MISSING,matched_geologic_unit,,记录没有来源直报或空间匹配的地质单元。,在比例尺与边界不确定性允许时执行空间匹配，并记录地图源、版本、匹配方法和边界距离；否则保留缺失。,true
ITER|rec-851838eae46dd211095d1bf475518dcfae5cc2fc9c705e3b2ad5dbced56d7e88|GEOLOGIC_CONTEXT_MISSING|matched_geologic_unit|,rec-851838eae46dd211095d1bf475518dcfae5cc2fc9c705e3b2ad5dbced56d7e88,foregs-subsoil,D2,info,review_required,GEOLOGIC_CONTEXT_MISSING,matched_geologic_unit,,记录没有来源直报或空间匹配的地质单元。,在比例尺与边界不确定性允许时执行空间匹配，并记录地图源、版本、匹配方法和边界距离；否则保留缺失。,true
ITER|rec-8604fc061b27ae9d25586a6bf8a5bae0774fe4e95d9cf6ccbda65626d7064b73|GEOLOGIC_CONTEXT_MISSING|matched_geologic_unit|,rec-8604fc061b27ae9d25586a6bf8a5bae0774fe4e95d9cf6ccbda65626d7064b73,norway-marchem,D2,info,review_required,GEOLOGIC_CONTEXT_MISSING,matched_geologic_unit,,记录没有来源直报或空间匹配的地质单元。,在比例尺与边界不确定性允许时执行空间匹配，并记录地图源、版本、匹配方法和边界距离；否则保留缺失。,true
ITER|rec-87546a9568fe1c45d73bc6660b8bfba667b880978fcbf88242be6b44b7875ea6|GEOLOGIC_CONTEXT_MISSING|matched_geologic_unit|,rec-87546a9568fe1c45d73bc6660b8bfba667b880978fcbf88242be6b44b7875ea6,foregs-floodplain-sediment,D2,info,review_required,GEOLOGIC_CONTEXT_MISSING,matched_geologic_unit,,记录没有来源直报或空间匹配的地质单元。,在比例尺与边界不确定性允许时执行空间匹配，并记录地图源、版本、匹配方法和边界距离；否则保留缺失。,true
ITER|rec-875b6388f2c7d3aa5e0f70ce6548d1b3f77db2babeb3943c7ee372f45dd0ce61|GEOLOGIC_CONTEXT_MISSING|matched_geologic_unit|,rec-875b6388f2c7d3aa5e0f70ce6548d1b3f77db2babeb3943c7ee372f45dd0ce61,foregs-humus,D2,info,review_required,GEOLOGIC_CONTEXT_MISSING,matched_geologic_unit,,记录没有来源直报或空间匹配的地质单元。,在比例尺与边界不确定性允许时执行空间匹配，并记录地图源、版本、匹配方法和边界距离；否则保留缺失。,true
ITER|rec-87c3c4fae6d6df3376237b73d9dc3efb641919fd2533735f9f7222d7756b3823|ANALYTICAL_METHOD_MISSING|analytical_method|,rec-87c3c4fae6d6df3376237b73d9dc3efb641919fd2533735f9f7222d7756b3823,japan-gsj-geochemical-map,D1,warning,action_required,ANALYTICAL_METHOD_MISSING,analytical_method,,分析方法证据缺失，跨来源浓度与元素组合不可可靠比较。,回查数据字典、方法论文或记录级元数据；同时绑定 method_source_locator，未找到时保留缺失原因。,true
ITER|rec-87c3c4fae6d6df3376237b73d9dc3efb641919fd2533735f9f7222d7756b3823|GEOLOGIC_CONTEXT_MISSING|matched_geologic_unit|,rec-87c3c4fae6d6df3376237b73d9dc3efb641919fd2533735f9f7222d7756b3823,japan-gsj-geochemical-map,D2,info,review_required,GEOLOGIC_CONTEXT_MISSING,matched_geologic_unit,,记录没有来源直报或空间匹配的地质单元。,在比例尺与边界不确定性允许时执行空间匹配，并记录地图源、版本、匹配方法和边界距离；否则保留缺失。,true
ITER|rec-88bcacc4706b88a8e93cae159020efcf0a46c7a8fcfd638e89e9e2fb4f630484|ANALYTICAL_METHOD_MISSING|analytical_method|,rec-88bcacc4706b88a8e93cae159020efcf0a46c7a8fcfd638e89e9e2fb4f630484,japan-gsj-geochemical-map,D1,warning,action_required,ANALYTICAL_METHOD_MISSING,analytical_method,,分析方法证据缺失，跨来源浓度与元素组合不可可靠比较。,回查数据字典、方法论文或记录级元数据；同时绑定 method_source_locator，未找到时保留缺失原因。,true
ITER|rec-88bcacc4706b88a8e93cae159020efcf0a46c7a8fcfd638e89e9e2fb4f630484|GEOLOGIC_CONTEXT_MISSING|matched_geologic_unit|,rec-88bcacc4706b88a8e93cae159020efcf0a46c7a8fcfd638e89e9e2fb4f630484,japan-gsj-geochemical-map,D2,info,review_required,GEOLOGIC_CONTEXT_MISSING,matched_geologic_unit,,记录没有来源直报或空间匹配的地质单元。,在比例尺与边界不确定性允许时执行空间匹配，并记录地图源、版本、匹配方法和边界距离；否则保留缺失。,true
ITER|rec-88c26c533d39aa26b9c2f6a522c29398bff72ed9f9d13bf4b5b1e492c108d787|GEOLOGIC_CONTEXT_MISSING|matched_geologic_unit|,rec-88c26c533d39aa26b9c2f6a522c29398bff72ed9f9d13bf4b5b1e492c108d787,pangaea-north-africa-soil,D2,info,review_required,GEOLOGIC_CONTEXT_MISSING,matched_geologic_unit,,记录没有来源直报或空间匹配的地质单元。,在比例尺与边界不确定性允许时执行空间匹配，并记录地图源、版本、匹配方法和边界距离；否则保留缺失。,true
ITER|rec-88dc56e9a1831cb9f64d9455141d3e6c725c95f181f6f1724948236e9115844b|GEOLOGIC_CONTEXT_MISSING|matched_geologic_unit|,rec-88dc56e9a1831cb9f64d9455141d3e6c725c95f181f6f1724948236e9115844b,foregs-stream-sediment,D2,info,review_required,GEOLOGIC_CONTEXT_MISSING,matched_geologic_unit,,记录没有来源直报或空间匹配的地质单元。,在比例尺与边界不确定性允许时执行空间匹配，并记录地图源、版本、匹配方法和边界距离；否则保留缺失。,true
ITER|rec-88e1caec9dbb08c4e87efe4f193aaad9e48861cbe7b7433531686ea399cf773a|GEOLOGIC_CONTEXT_MISSING|matched_geologic_unit|,rec-88e1caec9dbb08c4e87efe4f193aaad9e48861cbe7b7433531686ea399cf773a,norway-marchem,D2,info,review_required,GEOLOGIC_CONTEXT_MISSING,matched_geologic_unit,,记录没有来源直报或空间匹配的地质单元。,在比例尺与边界不确定性允许时执行空间匹配，并记录地图源、版本、匹配方法和边界距离；否则保留缺失。,true
ITER|rec-892f9d1e4470378959e8ad3228da1874b261c1405640749aa8037bec197118f4|ANALYTICAL_METHOD_MISSING|analytical_method|,rec-892f9d1e4470378959e8ad3228da1874b261c1405640749aa8037bec197118f4,usgs-conus-soil,D1,warning,action_required,ANALYTICAL_METHOD_MISSING,analytical_method,,分析方法证据缺失，跨来源浓度与元素组合不可可靠比较。,回查数据字典、方法论文或记录级元数据；同时绑定 method_source_locator，未找到时保留缺失原因。,true
ITER|rec-892f9d1e4470378959e8ad3228da1874b261c1405640749aa8037bec197118f4|GEOLOGIC_CONTEXT_MISSING|matched_geologic_unit|,rec-892f9d1e4470378959e8ad3228da1874b261c1405640749aa8037bec197118f4,usgs-conus-soil,D2,info,review_required,GEOLOGIC_CONTEXT_MISSING,matched_geologic_unit,,记录没有来源直报或空间匹配的地质单元。,在比例尺与边界不确定性允许时执行空间匹配，并记录地图源、版本、匹配方法和边界距离；否则保留缺失。,true
ITER|rec-893fe99c514ba2f8e7f6034e181ef740db6ec37d19e308aa7aa8cc97dceb02b8|GEOLOGIC_CONTEXT_MISSING|matched_geologic_unit|,rec-893fe99c514ba2f8e7f6034e181ef740db6ec37d19e308aa7aa8cc97dceb02b8,foregs-subsoil,D2,info,review_required,GEOLOGIC_CONTEXT_MISSING,matched_geologic_unit,,记录没有来源直报或空间匹配的地质单元。,在比例尺与边界不确定性允许时执行空间匹配，并记录地图源、版本、匹配方法和边界距离；否则保留缺失。,true
ITER|rec-895afe71a511bc22952e549ece8df73e0a7ae377a9cc150953ee9a9d289180bd|GEOLOGIC_CONTEXT_MISSING|matched_geologic_unit|,rec-895afe71a511bc22952e549ece8df73e0a7ae377a9cc150953ee9a9d289180bd,us-wqp-sacramento-river-arsenic,D2,info,review_required,GEOLOGIC_CONTEXT_MISSING,matched_geologic_unit,,记录没有来源直报或空间匹配的地质单元。,在比例尺与边界不确定性允许时执行空间匹配，并记录地图源、版本、匹配方法和边界距离；否则保留缺失。,true
ITER|rec-89bc40f1faa239ad70b5c4e1bb8ac8c53721bab2ac94c0ae2ea923cc7ebcaf96|ANALYTICAL_METHOD_MISSING|analytical_method|,rec-89bc40f1faa239ad70b5c4e1bb8ac8c53721bab2ac94c0ae2ea923cc7ebcaf96,georoc-archaean,D1,warning,action_required,ANALYTICAL_METHOD_MISSING,analytical_method,,分析方法证据缺失，跨来源浓度与元素组合不可可靠比较。,回查数据字典、方法论文或记录级元数据；同时绑定 method_source_locator，未找到时保留缺失原因。,true
ITER|rec-89bc40f1faa239ad70b5c4e1bb8ac8c53721bab2ac94c0ae2ea923cc7ebcaf96|COORDINATE_UNUSABLE|latitude%2Clongitude|%2C,rec-89bc40f1faa239ad70b5c4e1bb8ac8c53721bab2ac94c0ae2ea923cc7ebcaf96,georoc-archaean,D1,error,action_required,COORDINATE_UNUSABLE,"latitude,longitude",",",WGS84 坐标缺失、非数值或超出合法范围，因此不能上图。,从原始来源恢复坐标与 CRS；若只提供区域名称，保留缺失并记录原因，不得填区域质心。,true
ITER|rec-89bc40f1faa239ad70b5c4e1bb8ac8c53721bab2ac94c0ae2ea923cc7ebcaf96|GEOLOGIC_CONTEXT_MISSING|matched_geologic_unit|,rec-89bc40f1faa239ad70b5c4e1bb8ac8c53721bab2ac94c0ae2ea923cc7ebcaf96,georoc-archaean,D2,info,review_required,GEOLOGIC_CONTEXT_MISSING,matched_geologic_unit,,记录没有来源直报或空间匹配的地质单元。,在比例尺与边界不确定性允许时执行空间匹配，并记录地图源、版本、匹配方法和边界距离；否则保留缺失。,true
ITER|rec-8a1e43ea89dd541d7d4536af3365e005113c9bf8f26150921487751836b0250e|ANALYTICAL_METHOD_MISSING|analytical_method|,rec-8a1e43ea89dd541d7d4536af3365e005113c9bf8f26150921487751836b0250e,japan-gsj-geochemical-map,D1,warning,action_required,ANALYTICAL_METHOD_MISSING,analytical_method,,分析方法证据缺失，跨来源浓度与元素组合不可可靠比较。,回查数据字典、方法论文或记录级元数据；同时绑定 method_source_locator，未找到时保留缺失原因。,true
ITER|rec-8a1e43ea89dd541d7d4536af3365e005113c9bf8f26150921487751836b0250e|GEOLOGIC_CONTEXT_MISSING|matched_geologic_unit|,rec-8a1e43ea89dd541d7d4536af3365e005113c9bf8f26150921487751836b0250e,japan-gsj-geochemical-map,D2,info,review_required,GEOLOGIC_CONTEXT_MISSING,matched_geologic_unit,,记录没有来源直报或空间匹配的地质单元。,在比例尺与边界不确定性允许时执行空间匹配，并记录地图源、版本、匹配方法和边界距离；否则保留缺失。,true
ITER|rec-8a9ecf5805136c5647a1bbb41b1eac36848ca6b8270b9b48dff1df5863ca452c|GEOLOGIC_CONTEXT_MISSING|matched_geologic_unit|,rec-8a9ecf5805136c5647a1bbb41b1eac36848ca6b8270b9b48dff1df5863ca452c,norway-marchem,D2,info,review_required,GEOLOGIC_CONTEXT_MISSING,matched_geologic_unit,,记录没有来源直报或空间匹配的地质单元。,在比例尺与边界不确定性允许时执行空间匹配，并记录地图源、版本、匹配方法和边界距离；否则保留缺失。,true
ITER|rec-8ab6e8acd7570499b09ac4a8166cd63aaa3c651bb4c8085ebbb5f9dd4c9ba578|GEOLOGIC_CONTEXT_MISSING|matched_geologic_unit|,rec-8ab6e8acd7570499b09ac4a8166cd63aaa3c651bb4c8085ebbb5f9dd4c9ba578,norway-marchem,D2,info,review_required,GEOLOGIC_CONTEXT_MISSING,matched_geologic_unit,,记录没有来源直报或空间匹配的地质单元。,在比例尺与边界不确定性允许时执行空间匹配，并记录地图源、版本、匹配方法和边界距离；否则保留缺失。,true
ITER|rec-8b72f7fb21fb01b8fc34079bca4d65ab3e561e7b4db4d56161cfc3403e69ea9a|COORDINATE_UNUSABLE|latitude%2Clongitude|%2C,rec-8b72f7fb21fb01b8fc34079bca4d65ab3e561e7b4db4d56161cfc3403e69ea9a,afsis-phase-i-wet-chemistry,D1,error,action_required,COORDINATE_UNUSABLE,"latitude,longitude",",",WGS84 坐标缺失、非数值或超出合法范围，因此不能上图。,从原始来源恢复坐标与 CRS；若只提供区域名称，保留缺失并记录原因，不得填区域质心。,true
ITER|rec-8b72f7fb21fb01b8fc34079bca4d65ab3e561e7b4db4d56161cfc3403e69ea9a|GEOLOGIC_CONTEXT_MISSING|matched_geologic_unit|,rec-8b72f7fb21fb01b8fc34079bca4d65ab3e561e7b4db4d56161cfc3403e69ea9a,afsis-phase-i-wet-chemistry,D2,info,review_required,GEOLOGIC_CONTEXT_MISSING,matched_geologic_unit,,记录没有来源直报或空间匹配的地质单元。,在比例尺与边界不确定性允许时执行空间匹配，并记录地图源、版本、匹配方法和边界距离；否则保留缺失。,true
ITER|rec-8be62c5a14e9df91763f5c6ccc491ecd22f2e9b48e15acca23413713f442d039|GEOLOGIC_CONTEXT_MISSING|matched_geologic_unit|,rec-8be62c5a14e9df91763f5c6ccc491ecd22f2e9b48e15acca23413713f442d039,norway-marchem,D2,info,review_required,GEOLOGIC_CONTEXT_MISSING,matched_geologic_unit,,记录没有来源直报或空间匹配的地质单元。,在比例尺与边界不确定性允许时执行空间匹配，并记录地图源、版本、匹配方法和边界距离；否则保留缺失。,true
ITER|rec-8c6588501dafe3429255b9b25595b6572a1ee5cad983bdac14274751f93c6cf2|COORDINATE_UNUSABLE|latitude%2Clongitude|%2C,rec-8c6588501dafe3429255b9b25595b6572a1ee5cad983bdac14274751f93c6cf2,afsis-phase-i-wet-chemistry,D1,error,action_required,COORDINATE_UNUSABLE,"latitude,longitude",",",WGS84 坐标缺失、非数值或超出合法范围，因此不能上图。,从原始来源恢复坐标与 CRS；若只提供区域名称，保留缺失并记录原因，不得填区域质心。,true
ITER|rec-8c6588501dafe3429255b9b25595b6572a1ee5cad983bdac14274751f93c6cf2|GEOLOGIC_CONTEXT_MISSING|matched_geologic_unit|,rec-8c6588501dafe3429255b9b25595b6572a1ee5cad983bdac14274751f93c6cf2,afsis-phase-i-wet-chemistry,D2,info,review_required,GEOLOGIC_CONTEXT_MISSING,matched_geologic_unit,,记录没有来源直报或空间匹配的地质单元。,在比例尺与边界不确定性允许时执行空间匹配，并记录地图源、版本、匹配方法和边界距离；否则保留缺失。,true
ITER|rec-8c70b253e7f30a555e8d5d9dbe13d0526ae301b78672b4e08622db2d5240cd5d|GEOLOGIC_CONTEXT_MISSING|matched_geologic_unit|,rec-8c70b253e7f30a555e8d5d9dbe13d0526ae301b78672b4e08622db2d5240cd5d,foregs-humus,D2,info,review_required,GEOLOGIC_CONTEXT_MISSING,matched_geologic_unit,,记录没有来源直报或空间匹配的地质单元。,在比例尺与边界不确定性允许时执行空间匹配，并记录地图源、版本、匹配方法和边界距离；否则保留缺失。,true
ITER|rec-8c85a22886055437f477e6cddaa88e35efff8bc110eb2b0ce5bb3d5e62767069|GEOLOGIC_CONTEXT_MISSING|matched_geologic_unit|,rec-8c85a22886055437f477e6cddaa88e35efff8bc110eb2b0ce5bb3d5e62767069,foregs-stream-sediment,D2,info,review_required,GEOLOGIC_CONTEXT_MISSING,matched_geologic_unit,,记录没有来源直报或空间匹配的地质单元。,在比例尺与边界不确定性允许时执行空间匹配，并记录地图源、版本、匹配方法和边界距离；否则保留缺失。,true
ITER|rec-8de6c26833a53262dc001d5d69cc60c591b66f470c8ba033aab8353bba764d35|CENSORED_OBSERVATION|censored|%3C,rec-8de6c26833a53262dc001d5d69cc60c591b66f470c8ba033aab8353bba764d35,gemstat-open-archive,D2,info,scientific_limit,CENSORED_OBSERVATION,censored,<,这是检出限/定量限约束的删失观测，不等同于零，也不自动视为采集失败。,保留原始 qualifier 与 censoring limit；默认从普通相关和异常筛查中排除，或使用明确的删失统计模型。,false
ITER|rec-8de6c26833a53262dc001d5d69cc60c591b66f470c8ba033aab8353bba764d35|GEOLOGIC_CONTEXT_MISSING|matched_geologic_unit|,rec-8de6c26833a53262dc001d5d69cc60c591b66f470c8ba033aab8353bba764d35,gemstat-open-archive,D2,info,review_required,GEOLOGIC_CONTEXT_MISSING,matched_geologic_unit,,记录没有来源直报或空间匹配的地质单元。,在比例尺与边界不确定性允许时执行空间匹配，并记录地图源、版本、匹配方法和边界距离；否则保留缺失。,true
ITER|rec-8e18fdc2e13e33a41f10408e7e912a2b00eeb1e79ffaffdf625fe1b1fe65f877|GEOLOGIC_CONTEXT_MISSING|matched_geologic_unit|,rec-8e18fdc2e13e33a41f10408e7e912a2b00eeb1e79ffaffdf625fe1b1fe65f877,foregs-topsoil,D2,info,review_required,GEOLOGIC_CONTEXT_MISSING,matched_geologic_unit,,记录没有来源直报或空间匹配的地质单元。,在比例尺与边界不确定性允许时执行空间匹配，并记录地图源、版本、匹配方法和边界距离；否则保留缺失。,true
ITER|rec-8e9601022630b2a226d1b01fd8596565803dfd899ca39183e274d7a9751da5cc|GEOLOGIC_CONTEXT_MISSING|matched_geologic_unit|,rec-8e9601022630b2a226d1b01fd8596565803dfd899ca39183e274d7a9751da5cc,norway-marchem,D2,info,review_required,GEOLOGIC_CONTEXT_MISSING,matched_geologic_unit,,记录没有来源直报或空间匹配的地质单元。,在比例尺与边界不确定性允许时执行空间匹配，并记录地图源、版本、匹配方法和边界距离；否则保留缺失。,true
ITER|rec-8eea4b6f3201b3783d08802f71782c1aff506ecad52020632a7ef079c8240bb1|GEOLOGIC_CONTEXT_MISSING|matched_geologic_unit|,rec-8eea4b6f3201b3783d08802f71782c1aff506ecad52020632a7ef079c8240bb1,us-wqp-sacramento-river-arsenic,D2,info,review_required,GEOLOGIC_CONTEXT_MISSING,matched_geologic_unit,,记录没有来源直报或空间匹配的地质单元。,在比例尺与边界不确定性允许时执行空间匹配，并记录地图源、版本、匹配方法和边界距离；否则保留缺失。,true
ITER|rec-8f66ad4562074a7b66319c19172e616272d43f908f539ae2e15e2ca9463aee0b|ANALYTICAL_METHOD_MISSING|analytical_method|,rec-8f66ad4562074a7b66319c19172e616272d43f908f539ae2e15e2ca9463aee0b,usgs-conus-soil,D1,warning,action_required,ANALYTICAL_METHOD_MISSING,analytical_method,,分析方法证据缺失，跨来源浓度与元素组合不可可靠比较。,回查数据字典、方法论文或记录级元数据；同时绑定 method_source_locator，未找到时保留缺失原因。,true
ITER|rec-8f66ad4562074a7b66319c19172e616272d43f908f539ae2e15e2ca9463aee0b|GEOLOGIC_CONTEXT_MISSING|matched_geologic_unit|,rec-8f66ad4562074a7b66319c19172e616272d43f908f539ae2e15e2ca9463aee0b,usgs-conus-soil,D2,info,review_required,GEOLOGIC_CONTEXT_MISSING,matched_geologic_unit,,记录没有来源直报或空间匹配的地质单元。,在比例尺与边界不确定性允许时执行空间匹配，并记录地图源、版本、匹配方法和边界距离；否则保留缺失。,true
ITER|rec-8f83037e1e6497e0272aa79964541046c364c3719c16d3f8c991ffd8dad20ea7|GEOLOGIC_CONTEXT_MISSING|matched_geologic_unit|,rec-8f83037e1e6497e0272aa79964541046c364c3719c16d3f8c991ffd8dad20ea7,foregs-stream-sediment,D2,info,review_required,GEOLOGIC_CONTEXT_MISSING,matched_geologic_unit,,记录没有来源直报或空间匹配的地质单元。,在比例尺与边界不确定性允许时执行空间匹配，并记录地图源、版本、匹配方法和边界距离；否则保留缺失。,true
ITER|rec-8fe72c876ec0c87c9623d8bcbb39682381dd6ce127f98c2b095dcb08742f9b97|GEOLOGIC_CONTEXT_MISSING|matched_geologic_unit|,rec-8fe72c876ec0c87c9623d8bcbb39682381dd6ce127f98c2b095dcb08742f9b97,geotraces-idp2025,D2,info,review_required,GEOLOGIC_CONTEXT_MISSING,matched_geologic_unit,,记录没有来源直报或空间匹配的地质单元。,在比例尺与边界不确定性允许时执行空间匹配，并记录地图源、版本、匹配方法和边界距离；否则保留缺失。,true
ITER|rec-905697a776222545b74abb0aabbe10b3e86b77cf7e53d630dd8c12c63a016be1|CENSORED_OBSERVATION|censored|%3C,rec-905697a776222545b74abb0aabbe10b3e86b77cf7e53d630dd8c12c63a016be1,norway-marchem,D2,info,scientific_limit,CENSORED_OBSERVATION,censored,<,这是检出限/定量限约束的删失观测，不等同于零，也不自动视为采集失败。,保留原始 qualifier 与 censoring limit；默认从普通相关和异常筛查中排除，或使用明确的删失统计模型。,false
ITER|rec-905697a776222545b74abb0aabbe10b3e86b77cf7e53d630dd8c12c63a016be1|GEOLOGIC_CONTEXT_MISSING|matched_geologic_unit|,rec-905697a776222545b74abb0aabbe10b3e86b77cf7e53d630dd8c12c63a016be1,norway-marchem,D2,info,review_required,GEOLOGIC_CONTEXT_MISSING,matched_geologic_unit,,记录没有来源直报或空间匹配的地质单元。,在比例尺与边界不确定性允许时执行空间匹配，并记录地图源、版本、匹配方法和边界距离；否则保留缺失。,true
ITER|rec-9067154998951591060dc863baaac3977dcf468457e4e30de64e4d5934e2cecb|GEOLOGIC_CONTEXT_MISSING|matched_geologic_unit|,rec-9067154998951591060dc863baaac3977dcf468457e4e30de64e4d5934e2cecb,foregs-stream-sediment,D2,info,review_required,GEOLOGIC_CONTEXT_MISSING,matched_geologic_unit,,记录没有来源直报或空间匹配的地质单元。,在比例尺与边界不确定性允许时执行空间匹配，并记录地图源、版本、匹配方法和边界距离；否则保留缺失。,true
ITER|rec-907dd8787e21f3b6d5e446fb10ec42cb24361ee572189cdb11feda9f9b1983cf|GEOLOGIC_CONTEXT_MISSING|matched_geologic_unit|,rec-907dd8787e21f3b6d5e446fb10ec42cb24361ee572189cdb11feda9f9b1983cf,norway-marchem,D2,info,review_required,GEOLOGIC_CONTEXT_MISSING,matched_geologic_unit,,记录没有来源直报或空间匹配的地质单元。,在比例尺与边界不确定性允许时执行空间匹配，并记录地图源、版本、匹配方法和边界距离；否则保留缺失。,true
ITER|rec-90882f48a89b7d2f410e27da51ed96c6ae90929f65753850561994a90f7a01b7|CENSORED_OBSERVATION|censored|%3C,rec-90882f48a89b7d2f410e27da51ed96c6ae90929f65753850561994a90f7a01b7,gemstat-open-archive,D2,info,scientific_limit,CENSORED_OBSERVATION,censored,<,这是检出限/定量限约束的删失观测，不等同于零，也不自动视为采集失败。,保留原始 qualifier 与 censoring limit；默认从普通相关和异常筛查中排除，或使用明确的删失统计模型。,false
ITER|rec-90882f48a89b7d2f410e27da51ed96c6ae90929f65753850561994a90f7a01b7|GEOLOGIC_CONTEXT_MISSING|matched_geologic_unit|,rec-90882f48a89b7d2f410e27da51ed96c6ae90929f65753850561994a90f7a01b7,gemstat-open-archive,D2,info,review_required,GEOLOGIC_CONTEXT_MISSING,matched_geologic_unit,,记录没有来源直报或空间匹配的地质单元。,在比例尺与边界不确定性允许时执行空间匹配，并记录地图源、版本、匹配方法和边界距离；否则保留缺失。,true
ITER|rec-90e8225fadedb8a5d8b24b4c9496c06dc99edff5124d47ba6ce5a4c2f476a900|ANALYTICAL_METHOD_MISSING|analytical_method|,rec-90e8225fadedb8a5d8b24b4c9496c06dc99edff5124d47ba6ce5a4c2f476a900,georoc-archaean,D1,warning,action_required,ANALYTICAL_METHOD_MISSING,analytical_method,,分析方法证据缺失，跨来源浓度与元素组合不可可靠比较。,回查数据字典、方法论文或记录级元数据；同时绑定 method_source_locator，未找到时保留缺失原因。,true
ITER|rec-90e8225fadedb8a5d8b24b4c9496c06dc99edff5124d47ba6ce5a4c2f476a900|COORDINATE_UNUSABLE|latitude%2Clongitude|%2C,rec-90e8225fadedb8a5d8b24b4c9496c06dc99edff5124d47ba6ce5a4c2f476a900,georoc-archaean,D1,error,action_required,COORDINATE_UNUSABLE,"latitude,longitude",",",WGS84 坐标缺失、非数值或超出合法范围，因此不能上图。,从原始来源恢复坐标与 CRS；若只提供区域名称，保留缺失并记录原因，不得填区域质心。,true
ITER|rec-90e8225fadedb8a5d8b24b4c9496c06dc99edff5124d47ba6ce5a4c2f476a900|GEOLOGIC_CONTEXT_MISSING|matched_geologic_unit|,rec-90e8225fadedb8a5d8b24b4c9496c06dc99edff5124d47ba6ce5a4c2f476a900,georoc-archaean,D2,info,review_required,GEOLOGIC_CONTEXT_MISSING,matched_geologic_unit,,记录没有来源直报或空间匹配的地质单元。,在比例尺与边界不确定性允许时执行空间匹配，并记录地图源、版本、匹配方法和边界距离；否则保留缺失。,true
ITER|rec-90fa1ed4f2cc9f2a217c1f03b57e1efb6297476fa1f17510ab36a52e542b159d|GEOLOGIC_CONTEXT_MISSING|matched_geologic_unit|,rec-90fa1ed4f2cc9f2a217c1f03b57e1efb6297476fa1f17510ab36a52e542b159d,foregs-topsoil,D2,info,review_required,GEOLOGIC_CONTEXT_MISSING,matched_geologic_unit,,记录没有来源直报或空间匹配的地质单元。,在比例尺与边界不确定性允许时执行空间匹配，并记录地图源、版本、匹配方法和边界距离；否则保留缺失。,true
ITER|rec-91119bdee1fe7059ba4b458df1466bf165f3baeb0e0d8a3d2be60367a77addc8|CENSORED_OBSERVATION|censored|%3C,rec-91119bdee1fe7059ba4b458df1466bf165f3baeb0e0d8a3d2be60367a77addc8,gemstat-open-archive,D2,info,scientific_limit,CENSORED_OBSERVATION,censored,<,这是检出限/定量限约束的删失观测，不等同于零，也不自动视为采集失败。,保留原始 qualifier 与 censoring limit；默认从普通相关和异常筛查中排除，或使用明确的删失统计模型。,false
ITER|rec-91119bdee1fe7059ba4b458df1466bf165f3baeb0e0d8a3d2be60367a77addc8|GEOLOGIC_CONTEXT_MISSING|matched_geologic_unit|,rec-91119bdee1fe7059ba4b458df1466bf165f3baeb0e0d8a3d2be60367a77addc8,gemstat-open-archive,D2,info,review_required,GEOLOGIC_CONTEXT_MISSING,matched_geologic_unit,,记录没有来源直报或空间匹配的地质单元。,在比例尺与边界不确定性允许时执行空间匹配，并记录地图源、版本、匹配方法和边界距离；否则保留缺失。,true
ITER|rec-914577b5278341e85fc9cc755cf0f53408e107c9d204c9c1ab661fbdbac035d0|GEOLOGIC_CONTEXT_MISSING|matched_geologic_unit|,rec-914577b5278341e85fc9cc755cf0f53408e107c9d204c9c1ab661fbdbac035d0,foregs-stream-sediment,D2,info,review_required,GEOLOGIC_CONTEXT_MISSING,matched_geologic_unit,,记录没有来源直报或空间匹配的地质单元。,在比例尺与边界不确定性允许时执行空间匹配，并记录地图源、版本、匹配方法和边界距离；否则保留缺失。,true
ITER|rec-916b30fc2e56880cae80c158ec0feba6d8be29aef9bdeaff815ecd143dacf50c|ANALYTICAL_METHOD_MISSING|analytical_method|,rec-916b30fc2e56880cae80c158ec0feba6d8be29aef9bdeaff815ecd143dacf50c,japan-gsj-geochemical-map,D1,warning,action_required,ANALYTICAL_METHOD_MISSING,analytical_method,,分析方法证据缺失，跨来源浓度与元素组合不可可靠比较。,回查数据字典、方法论文或记录级元数据；同时绑定 method_source_locator，未找到时保留缺失原因。,true
ITER|rec-916b30fc2e56880cae80c158ec0feba6d8be29aef9bdeaff815ecd143dacf50c|GEOLOGIC_CONTEXT_MISSING|matched_geologic_unit|,rec-916b30fc2e56880cae80c158ec0feba6d8be29aef9bdeaff815ecd143dacf50c,japan-gsj-geochemical-map,D2,info,review_required,GEOLOGIC_CONTEXT_MISSING,matched_geologic_unit,,记录没有来源直报或空间匹配的地质单元。,在比例尺与边界不确定性允许时执行空间匹配，并记录地图源、版本、匹配方法和边界距离；否则保留缺失。,true
ITER|rec-91b68b102134ca365a41c8852838a53b0fe9dc6f43805cd4f83e20dbf6df0199|ANALYTICAL_METHOD_MISSING|analytical_method|,rec-91b68b102134ca365a41c8852838a53b0fe9dc6f43805cd4f83e20dbf6df0199,georoc-archaean,D1,warning,action_required,ANALYTICAL_METHOD_MISSING,analytical_method,,分析方法证据缺失，跨来源浓度与元素组合不可可靠比较。,回查数据字典、方法论文或记录级元数据；同时绑定 method_source_locator，未找到时保留缺失原因。,true
ITER|rec-91b68b102134ca365a41c8852838a53b0fe9dc6f43805cd4f83e20dbf6df0199|COORDINATE_UNUSABLE|latitude%2Clongitude|%2C,rec-91b68b102134ca365a41c8852838a53b0fe9dc6f43805cd4f83e20dbf6df0199,georoc-archaean,D1,error,action_required,COORDINATE_UNUSABLE,"latitude,longitude",",",WGS84 坐标缺失、非数值或超出合法范围，因此不能上图。,从原始来源恢复坐标与 CRS；若只提供区域名称，保留缺失并记录原因，不得填区域质心。,true
ITER|rec-91b68b102134ca365a41c8852838a53b0fe9dc6f43805cd4f83e20dbf6df0199|GEOLOGIC_CONTEXT_MISSING|matched_geologic_unit|,rec-91b68b102134ca365a41c8852838a53b0fe9dc6f43805cd4f83e20dbf6df0199,georoc-archaean,D2,info,review_required,GEOLOGIC_CONTEXT_MISSING,matched_geologic_unit,,记录没有来源直报或空间匹配的地质单元。,在比例尺与边界不确定性允许时执行空间匹配，并记录地图源、版本、匹配方法和边界距离；否则保留缺失。,true
ITER|rec-9208b4f86d88c562e276452d3468df2a3dfe850c812280ff271ff555cb2ce21f|GEOLOGIC_CONTEXT_MISSING|matched_geologic_unit|,rec-9208b4f86d88c562e276452d3468df2a3dfe850c812280ff271ff555cb2ce21f,pangaea-north-africa-soil,D2,info,review_required,GEOLOGIC_CONTEXT_MISSING,matched_geologic_unit,,记录没有来源直报或空间匹配的地质单元。,在比例尺与边界不确定性允许时执行空间匹配，并记录地图源、版本、匹配方法和边界距离；否则保留缺失。,true
ITER|rec-929811ace69c8dd7153b8f7ffe3f9d6f97bdc13d0978bb3d15834ac9de777d6b|COORDINATE_UNUSABLE|latitude%2Clongitude|%2C,rec-929811ace69c8dd7153b8f7ffe3f9d6f97bdc13d0978bb3d15834ac9de777d6b,afsis-phase-i-wet-chemistry,D1,error,action_required,COORDINATE_UNUSABLE,"latitude,longitude",",",WGS84 坐标缺失、非数值或超出合法范围，因此不能上图。,从原始来源恢复坐标与 CRS；若只提供区域名称，保留缺失并记录原因，不得填区域质心。,true
ITER|rec-929811ace69c8dd7153b8f7ffe3f9d6f97bdc13d0978bb3d15834ac9de777d6b|GEOLOGIC_CONTEXT_MISSING|matched_geologic_unit|,rec-929811ace69c8dd7153b8f7ffe3f9d6f97bdc13d0978bb3d15834ac9de777d6b,afsis-phase-i-wet-chemistry,D2,info,review_required,GEOLOGIC_CONTEXT_MISSING,matched_geologic_unit,,记录没有来源直报或空间匹配的地质单元。,在比例尺与边界不确定性允许时执行空间匹配，并记录地图源、版本、匹配方法和边界距离；否则保留缺失。,true
ITER|rec-92efb73dcbe3476a671249c7ea3790bbfbe6ecccbd76a8e2aaf8d8abfd52c7f2|ANALYTICAL_METHOD_MISSING|analytical_method|,rec-92efb73dcbe3476a671249c7ea3790bbfbe6ecccbd76a8e2aaf8d8abfd52c7f2,japan-gsj-geochemical-map,D1,warning,action_required,ANALYTICAL_METHOD_MISSING,analytical_method,,分析方法证据缺失，跨来源浓度与元素组合不可可靠比较。,回查数据字典、方法论文或记录级元数据；同时绑定 method_source_locator，未找到时保留缺失原因。,true
ITER|rec-92efb73dcbe3476a671249c7ea3790bbfbe6ecccbd76a8e2aaf8d8abfd52c7f2|GEOLOGIC_CONTEXT_MISSING|matched_geologic_unit|,rec-92efb73dcbe3476a671249c7ea3790bbfbe6ecccbd76a8e2aaf8d8abfd52c7f2,japan-gsj-geochemical-map,D2,info,review_required,GEOLOGIC_CONTEXT_MISSING,matched_geologic_unit,,记录没有来源直报或空间匹配的地质单元。,在比例尺与边界不确定性允许时执行空间匹配，并记录地图源、版本、匹配方法和边界距离；否则保留缺失。,true
ITER|rec-937bbe5cc8077b3a0f72de78dcf7ed028771d7b682d5e986a0ea6c403ccb9480|GEOLOGIC_CONTEXT_MISSING|matched_geologic_unit|,rec-937bbe5cc8077b3a0f72de78dcf7ed028771d7b682d5e986a0ea6c403ccb9480,pangaea-north-africa-soil,D2,info,review_required,GEOLOGIC_CONTEXT_MISSING,matched_geologic_unit,,记录没有来源直报或空间匹配的地质单元。,在比例尺与边界不确定性允许时执行空间匹配，并记录地图源、版本、匹配方法和边界距离；否则保留缺失。,true
ITER|rec-93acf084c108b4b91fd53214785142f155f40a917c9d1538e5c2261d62f519d3|GEOLOGIC_CONTEXT_MISSING|matched_geologic_unit|,rec-93acf084c108b4b91fd53214785142f155f40a917c9d1538e5c2261d62f519d3,norway-marchem,D2,info,review_required,GEOLOGIC_CONTEXT_MISSING,matched_geologic_unit,,记录没有来源直报或空间匹配的地质单元。,在比例尺与边界不确定性允许时执行空间匹配，并记录地图源、版本、匹配方法和边界距离；否则保留缺失。,true
ITER|rec-9438a9df8d2ddde5ee72dc082c5ae2fc8980a6267c757683a472878d8b77eb5d|GEOLOGIC_CONTEXT_MISSING|matched_geologic_unit|,rec-9438a9df8d2ddde5ee72dc082c5ae2fc8980a6267c757683a472878d8b77eb5d,norway-marchem,D2,info,review_required,GEOLOGIC_CONTEXT_MISSING,matched_geologic_unit,,记录没有来源直报或空间匹配的地质单元。,在比例尺与边界不确定性允许时执行空间匹配，并记录地图源、版本、匹配方法和边界距离；否则保留缺失。,true
ITER|rec-94396a904c9cde315b4d349e036ea0f0d5908ebe5117241340f2e1a3d1612703|GEOLOGIC_CONTEXT_MISSING|matched_geologic_unit|,rec-94396a904c9cde315b4d349e036ea0f0d5908ebe5117241340f2e1a3d1612703,us-wqp-sacramento-river-arsenic,D2,info,review_required,GEOLOGIC_CONTEXT_MISSING,matched_geologic_unit,,记录没有来源直报或空间匹配的地质单元。,在比例尺与边界不确定性允许时执行空间匹配，并记录地图源、版本、匹配方法和边界距离；否则保留缺失。,true
ITER|rec-944ff00b2b643f2ba908cdc9e79f5ddd071727279e4f6668e47ea5424ad754e2|GEOLOGIC_CONTEXT_MISSING|matched_geologic_unit|,rec-944ff00b2b643f2ba908cdc9e79f5ddd071727279e4f6668e47ea5424ad754e2,norway-marchem,D2,info,review_required,GEOLOGIC_CONTEXT_MISSING,matched_geologic_unit,,记录没有来源直报或空间匹配的地质单元。,在比例尺与边界不确定性允许时执行空间匹配，并记录地图源、版本、匹配方法和边界距离；否则保留缺失。,true
ITER|rec-94628028ead48c9e6565e50b28a2a89e8e9584915a8f993a6ba4218eb2465f7d|GEOLOGIC_CONTEXT_MISSING|matched_geologic_unit|,rec-94628028ead48c9e6565e50b28a2a89e8e9584915a8f993a6ba4218eb2465f7d,foregs-topsoil,D2,info,review_required,GEOLOGIC_CONTEXT_MISSING,matched_geologic_unit,,记录没有来源直报或空间匹配的地质单元。,在比例尺与边界不确定性允许时执行空间匹配，并记录地图源、版本、匹配方法和边界距离；否则保留缺失。,true
ITER|rec-948093ea0159b919cb970d297cf92018fdc6d7c35bcaec20dbfecc9b082c8ae3|GEOLOGIC_CONTEXT_MISSING|matched_geologic_unit|,rec-948093ea0159b919cb970d297cf92018fdc6d7c35bcaec20dbfecc9b082c8ae3,foregs-floodplain-sediment,D2,info,review_required,GEOLOGIC_CONTEXT_MISSING,matched_geologic_unit,,记录没有来源直报或空间匹配的地质单元。,在比例尺与边界不确定性允许时执行空间匹配，并记录地图源、版本、匹配方法和边界距离；否则保留缺失。,true
ITER|rec-94b65260d748417971363e9b92e584387d0c8638c1626d2cb02fe660cacc43e7|ANALYTICAL_METHOD_MISSING|analytical_method|,rec-94b65260d748417971363e9b92e584387d0c8638c1626d2cb02fe660cacc43e7,japan-gsj-geochemical-map,D1,warning,action_required,ANALYTICAL_METHOD_MISSING,analytical_method,,分析方法证据缺失，跨来源浓度与元素组合不可可靠比较。,回查数据字典、方法论文或记录级元数据；同时绑定 method_source_locator，未找到时保留缺失原因。,true
ITER|rec-94b65260d748417971363e9b92e584387d0c8638c1626d2cb02fe660cacc43e7|GEOLOGIC_CONTEXT_MISSING|matched_geologic_unit|,rec-94b65260d748417971363e9b92e584387d0c8638c1626d2cb02fe660cacc43e7,japan-gsj-geochemical-map,D2,info,review_required,GEOLOGIC_CONTEXT_MISSING,matched_geologic_unit,,记录没有来源直报或空间匹配的地质单元。,在比例尺与边界不确定性允许时执行空间匹配，并记录地图源、版本、匹配方法和边界距离；否则保留缺失。,true
ITER|rec-94c6ec69855f2729ea7bf42a2724706e8936c85519ec4a3a3977c035732ece39|GEOLOGIC_CONTEXT_MISSING|matched_geologic_unit|,rec-94c6ec69855f2729ea7bf42a2724706e8936c85519ec4a3a3977c035732ece39,foregs-humus,D2,info,review_required,GEOLOGIC_CONTEXT_MISSING,matched_geologic_unit,,记录没有来源直报或空间匹配的地质单元。,在比例尺与边界不确定性允许时执行空间匹配，并记录地图源、版本、匹配方法和边界距离；否则保留缺失。,true
ITER|rec-94d19842979892a2f2d14ecdb7d1dc67c2c4d8ff0e384ae09ab666533b8bf772|GEOLOGIC_CONTEXT_MISSING|matched_geologic_unit|,rec-94d19842979892a2f2d14ecdb7d1dc67c2c4d8ff0e384ae09ab666533b8bf772,foregs-humus,D2,info,review_required,GEOLOGIC_CONTEXT_MISSING,matched_geologic_unit,,记录没有来源直报或空间匹配的地质单元。,在比例尺与边界不确定性允许时执行空间匹配，并记录地图源、版本、匹配方法和边界距离；否则保留缺失。,true
ITER|rec-94eed7f073e337f74b792a9432d6ee24de20bcb8607bcc756bee0ebb2a8472c9|GEOLOGIC_CONTEXT_MISSING|matched_geologic_unit|,rec-94eed7f073e337f74b792a9432d6ee24de20bcb8607bcc756bee0ebb2a8472c9,foregs-stream-water,D2,info,review_required,GEOLOGIC_CONTEXT_MISSING,matched_geologic_unit,,记录没有来源直报或空间匹配的地质单元。,在比例尺与边界不确定性允许时执行空间匹配，并记录地图源、版本、匹配方法和边界距离；否则保留缺失。,true
ITER|rec-950e408f20acbec1a0b640009e5d88798877357e80ac88ab2ce893d053456ede|ANALYTICAL_METHOD_MISSING|analytical_method|,rec-950e408f20acbec1a0b640009e5d88798877357e80ac88ab2ce893d053456ede,usgs-conus-soil,D1,warning,action_required,ANALYTICAL_METHOD_MISSING,analytical_method,,分析方法证据缺失，跨来源浓度与元素组合不可可靠比较。,回查数据字典、方法论文或记录级元数据；同时绑定 method_source_locator，未找到时保留缺失原因。,true
ITER|rec-950e408f20acbec1a0b640009e5d88798877357e80ac88ab2ce893d053456ede|GEOLOGIC_CONTEXT_MISSING|matched_geologic_unit|,rec-950e408f20acbec1a0b640009e5d88798877357e80ac88ab2ce893d053456ede,usgs-conus-soil,D2,info,review_required,GEOLOGIC_CONTEXT_MISSING,matched_geologic_unit,,记录没有来源直报或空间匹配的地质单元。,在比例尺与边界不确定性允许时执行空间匹配，并记录地图源、版本、匹配方法和边界距离；否则保留缺失。,true
ITER|rec-962c18d06df33b0550bdae4f949ebcb846e94fadbdec8585ecf1ebcc97a35c54|GEOLOGIC_CONTEXT_MISSING|matched_geologic_unit|,rec-962c18d06df33b0550bdae4f949ebcb846e94fadbdec8585ecf1ebcc97a35c54,foregs-floodplain-sediment,D2,info,review_required,GEOLOGIC_CONTEXT_MISSING,matched_geologic_unit,,记录没有来源直报或空间匹配的地质单元。,在比例尺与边界不确定性允许时执行空间匹配，并记录地图源、版本、匹配方法和边界距离；否则保留缺失。,true
ITER|rec-9636dc7a13f29ec5feb2cc1372934037bfc1650f229f8249b82540fdffc13dc9|ANALYTICAL_METHOD_MISSING|analytical_method|,rec-9636dc7a13f29ec5feb2cc1372934037bfc1650f229f8249b82540fdffc13dc9,georoc-archaean,D1,warning,action_required,ANALYTICAL_METHOD_MISSING,analytical_method,,分析方法证据缺失，跨来源浓度与元素组合不可可靠比较。,回查数据字典、方法论文或记录级元数据；同时绑定 method_source_locator，未找到时保留缺失原因。,true
ITER|rec-9636dc7a13f29ec5feb2cc1372934037bfc1650f229f8249b82540fdffc13dc9|COORDINATE_UNUSABLE|latitude%2Clongitude|%2C,rec-9636dc7a13f29ec5feb2cc1372934037bfc1650f229f8249b82540fdffc13dc9,georoc-archaean,D1,error,action_required,COORDINATE_UNUSABLE,"latitude,longitude",",",WGS84 坐标缺失、非数值或超出合法范围，因此不能上图。,从原始来源恢复坐标与 CRS；若只提供区域名称，保留缺失并记录原因，不得填区域质心。,true
ITER|rec-9636dc7a13f29ec5feb2cc1372934037bfc1650f229f8249b82540fdffc13dc9|GEOLOGIC_CONTEXT_MISSING|matched_geologic_unit|,rec-9636dc7a13f29ec5feb2cc1372934037bfc1650f229f8249b82540fdffc13dc9,georoc-archaean,D2,info,review_required,GEOLOGIC_CONTEXT_MISSING,matched_geologic_unit,,记录没有来源直报或空间匹配的地质单元。,在比例尺与边界不确定性允许时执行空间匹配，并记录地图源、版本、匹配方法和边界距离；否则保留缺失。,true
ITER|rec-9644e7f942bc3a2747a26e0a45a0dfc0651a1f3c02e68bd0f05befadc8a46ddb|GEOLOGIC_CONTEXT_MISSING|matched_geologic_unit|,rec-9644e7f942bc3a2747a26e0a45a0dfc0651a1f3c02e68bd0f05befadc8a46ddb,foregs-humus,D2,info,review_required,GEOLOGIC_CONTEXT_MISSING,matched_geologic_unit,,记录没有来源直报或空间匹配的地质单元。,在比例尺与边界不确定性允许时执行空间匹配，并记录地图源、版本、匹配方法和边界距离；否则保留缺失。,true
ITER|rec-96998cfa54989e829037806bb73e4ac4defca61e2aea88fcad50e38ad926d4f0|GEOLOGIC_CONTEXT_MISSING|matched_geologic_unit|,rec-96998cfa54989e829037806bb73e4ac4defca61e2aea88fcad50e38ad926d4f0,foregs-stream-water,D2,info,review_required,GEOLOGIC_CONTEXT_MISSING,matched_geologic_unit,,记录没有来源直报或空间匹配的地质单元。,在比例尺与边界不确定性允许时执行空间匹配，并记录地图源、版本、匹配方法和边界距离；否则保留缺失。,true
ITER|rec-979eed37b21e7f2072a7dc531dde427c17441d71d2f3bca62d9d0bfa0b54ef0a|GEOLOGIC_CONTEXT_MISSING|matched_geologic_unit|,rec-979eed37b21e7f2072a7dc531dde427c17441d71d2f3bca62d9d0bfa0b54ef0a,pangaea-north-africa-soil,D2,info,review_required,GEOLOGIC_CONTEXT_MISSING,matched_geologic_unit,,记录没有来源直报或空间匹配的地质单元。,在比例尺与边界不确定性允许时执行空间匹配，并记录地图源、版本、匹配方法和边界距离；否则保留缺失。,true
ITER|rec-98a975e1668a3f4385f5456296412442187d1eded49a8160964ad52519667c15|COORDINATE_UNUSABLE|latitude%2Clongitude|%2C,rec-98a975e1668a3f4385f5456296412442187d1eded49a8160964ad52519667c15,afsis-phase-i-wet-chemistry,D1,error,action_required,COORDINATE_UNUSABLE,"latitude,longitude",",",WGS84 坐标缺失、非数值或超出合法范围，因此不能上图。,从原始来源恢复坐标与 CRS；若只提供区域名称，保留缺失并记录原因，不得填区域质心。,true
ITER|rec-98a975e1668a3f4385f5456296412442187d1eded49a8160964ad52519667c15|GEOLOGIC_CONTEXT_MISSING|matched_geologic_unit|,rec-98a975e1668a3f4385f5456296412442187d1eded49a8160964ad52519667c15,afsis-phase-i-wet-chemistry,D2,info,review_required,GEOLOGIC_CONTEXT_MISSING,matched_geologic_unit,,记录没有来源直报或空间匹配的地质单元。,在比例尺与边界不确定性允许时执行空间匹配，并记录地图源、版本、匹配方法和边界距离；否则保留缺失。,true
ITER|rec-98c3423cd08522c65de052269ca6877bdcafc6ff22a2e35645f0697c3fb181dc|GEOLOGIC_CONTEXT_MISSING|matched_geologic_unit|,rec-98c3423cd08522c65de052269ca6877bdcafc6ff22a2e35645f0697c3fb181dc,foregs-humus,D2,info,review_required,GEOLOGIC_CONTEXT_MISSING,matched_geologic_unit,,记录没有来源直报或空间匹配的地质单元。,在比例尺与边界不确定性允许时执行空间匹配，并记录地图源、版本、匹配方法和边界距离；否则保留缺失。,true
ITER|rec-9980911b4cffdaf9e3264a489ceac0b900ebec721ec7ab06f177938ab462cc8e|GEOLOGIC_CONTEXT_MISSING|matched_geologic_unit|,rec-9980911b4cffdaf9e3264a489ceac0b900ebec721ec7ab06f177938ab462cc8e,pangaea-north-africa-soil,D2,info,review_required,GEOLOGIC_CONTEXT_MISSING,matched_geologic_unit,,记录没有来源直报或空间匹配的地质单元。,在比例尺与边界不确定性允许时执行空间匹配，并记录地图源、版本、匹配方法和边界距离；否则保留缺失。,true
ITER|rec-9981373bbdb13d9078a3809d7f53d036c49acf0bbd4a1d181c5d96db7f62773b|ANALYTICAL_METHOD_MISSING|analytical_method|,rec-9981373bbdb13d9078a3809d7f53d036c49acf0bbd4a1d181c5d96db7f62773b,georoc-archaean,D1,warning,action_required,ANALYTICAL_METHOD_MISSING,analytical_method,,分析方法证据缺失，跨来源浓度与元素组合不可可靠比较。,回查数据字典、方法论文或记录级元数据；同时绑定 method_source_locator，未找到时保留缺失原因。,true
ITER|rec-9981373bbdb13d9078a3809d7f53d036c49acf0bbd4a1d181c5d96db7f62773b|COORDINATE_UNUSABLE|latitude%2Clongitude|%2C,rec-9981373bbdb13d9078a3809d7f53d036c49acf0bbd4a1d181c5d96db7f62773b,georoc-archaean,D1,error,action_required,COORDINATE_UNUSABLE,"latitude,longitude",",",WGS84 坐标缺失、非数值或超出合法范围，因此不能上图。,从原始来源恢复坐标与 CRS；若只提供区域名称，保留缺失并记录原因，不得填区域质心。,true
ITER|rec-9981373bbdb13d9078a3809d7f53d036c49acf0bbd4a1d181c5d96db7f62773b|GEOLOGIC_CONTEXT_MISSING|matched_geologic_unit|,rec-9981373bbdb13d9078a3809d7f53d036c49acf0bbd4a1d181c5d96db7f62773b,georoc-archaean,D2,info,review_required,GEOLOGIC_CONTEXT_MISSING,matched_geologic_unit,,记录没有来源直报或空间匹配的地质单元。,在比例尺与边界不确定性允许时执行空间匹配，并记录地图源、版本、匹配方法和边界距离；否则保留缺失。,true
ITER|rec-9990c33aa539e6f0a46c56b697cb1b04ade6640b2e899d3d1847b50d09c107c5|GEOLOGIC_CONTEXT_MISSING|matched_geologic_unit|,rec-9990c33aa539e6f0a46c56b697cb1b04ade6640b2e899d3d1847b50d09c107c5,gemstat-open-archive,D2,info,review_required,GEOLOGIC_CONTEXT_MISSING,matched_geologic_unit,,记录没有来源直报或空间匹配的地质单元。,在比例尺与边界不确定性允许时执行空间匹配，并记录地图源、版本、匹配方法和边界距离；否则保留缺失。,true
ITER|rec-9990c33aa539e6f0a46c56b697cb1b04ade6640b2e899d3d1847b50d09c107c5|NORMALIZATION_FAILED|normalized_value|,rec-9990c33aa539e6f0a46c56b697cb1b04ade6640b2e899d3d1847b50d09c107c5,gemstat-open-archive,D2,error,action_required,NORMALIZATION_FAILED,normalized_value,,非删失测定没有可用标准值。,检查原值解析、单位词表、物质基准和换算公式；不能证明可换算时保留失败状态，不得猜值。,true
ITER|rec-99fc9b078d1a159c2e492f4863c401fedc86e980a9369e614958165c18765810|GEOLOGIC_CONTEXT_MISSING|matched_geologic_unit|,rec-99fc9b078d1a159c2e492f4863c401fedc86e980a9369e614958165c18765810,norway-marchem,D2,info,review_required,GEOLOGIC_CONTEXT_MISSING,matched_geologic_unit,,记录没有来源直报或空间匹配的地质单元。,在比例尺与边界不确定性允许时执行空间匹配，并记录地图源、版本、匹配方法和边界距离；否则保留缺失。,true
ITER|rec-9a202a4f3be72c765a4ebc5bd31bf66bb6be7e0025f8de86b332e0d3940253f8|GEOLOGIC_CONTEXT_MISSING|matched_geologic_unit|,rec-9a202a4f3be72c765a4ebc5bd31bf66bb6be7e0025f8de86b332e0d3940253f8,geotraces-idp2025,D2,info,review_required,GEOLOGIC_CONTEXT_MISSING,matched_geologic_unit,,记录没有来源直报或空间匹配的地质单元。,在比例尺与边界不确定性允许时执行空间匹配，并记录地图源、版本、匹配方法和边界距离；否则保留缺失。,true
ITER|rec-9a214efd09194cd0ef50754288625a31618da75e27f243f8a44e3c989d369b6c|GEOLOGIC_CONTEXT_MISSING|matched_geologic_unit|,rec-9a214efd09194cd0ef50754288625a31618da75e27f243f8a44e3c989d369b6c,geotraces-idp2025,D2,info,review_required,GEOLOGIC_CONTEXT_MISSING,matched_geologic_unit,,记录没有来源直报或空间匹配的地质单元。,在比例尺与边界不确定性允许时执行空间匹配，并记录地图源、版本、匹配方法和边界距离；否则保留缺失。,true
ITER|rec-9a3cc41bb5693f53be18f0fb186b48932ad6aa7e791ec8d66464d283f8087d02|CENSORED_OBSERVATION|censored|%3C,rec-9a3cc41bb5693f53be18f0fb186b48932ad6aa7e791ec8d66464d283f8087d02,gemstat-open-archive,D2,info,scientific_limit,CENSORED_OBSERVATION,censored,<,这是检出限/定量限约束的删失观测，不等同于零，也不自动视为采集失败。,保留原始 qualifier 与 censoring limit；默认从普通相关和异常筛查中排除，或使用明确的删失统计模型。,false
ITER|rec-9a3cc41bb5693f53be18f0fb186b48932ad6aa7e791ec8d66464d283f8087d02|GEOLOGIC_CONTEXT_MISSING|matched_geologic_unit|,rec-9a3cc41bb5693f53be18f0fb186b48932ad6aa7e791ec8d66464d283f8087d02,gemstat-open-archive,D2,info,review_required,GEOLOGIC_CONTEXT_MISSING,matched_geologic_unit,,记录没有来源直报或空间匹配的地质单元。,在比例尺与边界不确定性允许时执行空间匹配，并记录地图源、版本、匹配方法和边界距离；否则保留缺失。,true
ITER|rec-9a44d4cecc9fed335fc0a9062427842917c229e70c2c5e6945717fc9633cd7c7|GEOLOGIC_CONTEXT_MISSING|matched_geologic_unit|,rec-9a44d4cecc9fed335fc0a9062427842917c229e70c2c5e6945717fc9633cd7c7,foregs-stream-sediment,D2,info,review_required,GEOLOGIC_CONTEXT_MISSING,matched_geologic_unit,,记录没有来源直报或空间匹配的地质单元。,在比例尺与边界不确定性允许时执行空间匹配，并记录地图源、版本、匹配方法和边界距离；否则保留缺失。,true
ITER|rec-9a486fb72f66adf0f1507096724a8db49cd682b75243583b397cdc307f360dde|GEOLOGIC_CONTEXT_MISSING|matched_geologic_unit|,rec-9a486fb72f66adf0f1507096724a8db49cd682b75243583b397cdc307f360dde,us-wqp-sacramento-river-arsenic,D2,info,review_required,GEOLOGIC_CONTEXT_MISSING,matched_geologic_unit,,记录没有来源直报或空间匹配的地质单元。,在比例尺与边界不确定性允许时执行空间匹配，并记录地图源、版本、匹配方法和边界距离；否则保留缺失。,true
ITER|rec-9a84b1a74bd5bce5bc4913ec6799f58971dc3d37154c2b22feef2bcb6b5e629b|ANALYTICAL_METHOD_MISSING|analytical_method|,rec-9a84b1a74bd5bce5bc4913ec6799f58971dc3d37154c2b22feef2bcb6b5e629b,japan-gsj-geochemical-map,D1,warning,action_required,ANALYTICAL_METHOD_MISSING,analytical_method,,分析方法证据缺失，跨来源浓度与元素组合不可可靠比较。,回查数据字典、方法论文或记录级元数据；同时绑定 method_source_locator，未找到时保留缺失原因。,true
ITER|rec-9a84b1a74bd5bce5bc4913ec6799f58971dc3d37154c2b22feef2bcb6b5e629b|GEOLOGIC_CONTEXT_MISSING|matched_geologic_unit|,rec-9a84b1a74bd5bce5bc4913ec6799f58971dc3d37154c2b22feef2bcb6b5e629b,japan-gsj-geochemical-map,D2,info,review_required,GEOLOGIC_CONTEXT_MISSING,matched_geologic_unit,,记录没有来源直报或空间匹配的地质单元。,在比例尺与边界不确定性允许时执行空间匹配，并记录地图源、版本、匹配方法和边界距离；否则保留缺失。,true
ITER|rec-9a8b692565aac6bbc8433faef3a02a05707f36b827db877e21d1f8a4d805d549|GEOLOGIC_CONTEXT_MISSING|matched_geologic_unit|,rec-9a8b692565aac6bbc8433faef3a02a05707f36b827db877e21d1f8a4d805d549,foregs-topsoil,D2,info,review_required,GEOLOGIC_CONTEXT_MISSING,matched_geologic_unit,,记录没有来源直报或空间匹配的地质单元。,在比例尺与边界不确定性允许时执行空间匹配，并记录地图源、版本、匹配方法和边界距离；否则保留缺失。,true
ITER|rec-9af6f43051e07ef58fccd88e131dcb993df2bb0a52bb89457fbc469737a19e5d|GEOLOGIC_CONTEXT_MISSING|matched_geologic_unit|,rec-9af6f43051e07ef58fccd88e131dcb993df2bb0a52bb89457fbc469737a19e5d,pangaea-north-africa-soil,D2,info,review_required,GEOLOGIC_CONTEXT_MISSING,matched_geologic_unit,,记录没有来源直报或空间匹配的地质单元。,在比例尺与边界不确定性允许时执行空间匹配，并记录地图源、版本、匹配方法和边界距离；否则保留缺失。,true
ITER|rec-9b1b7bc3ffd32a0cf75b2071d7f007bd529e80efed90d7363528d279ae8b9ebb|GEOLOGIC_CONTEXT_MISSING|matched_geologic_unit|,rec-9b1b7bc3ffd32a0cf75b2071d7f007bd529e80efed90d7363528d279ae8b9ebb,foregs-subsoil,D2,info,review_required,GEOLOGIC_CONTEXT_MISSING,matched_geologic_unit,,记录没有来源直报或空间匹配的地质单元。,在比例尺与边界不确定性允许时执行空间匹配，并记录地图源、版本、匹配方法和边界距离；否则保留缺失。,true
ITER|rec-9b6b9c80ca50e7142039b3d62ba08edc88fa70165f12731bca1144685aa1fefb|GEOLOGIC_CONTEXT_MISSING|matched_geologic_unit|,rec-9b6b9c80ca50e7142039b3d62ba08edc88fa70165f12731bca1144685aa1fefb,pangaea-north-africa-soil,D2,info,review_required,GEOLOGIC_CONTEXT_MISSING,matched_geologic_unit,,记录没有来源直报或空间匹配的地质单元。,在比例尺与边界不确定性允许时执行空间匹配，并记录地图源、版本、匹配方法和边界距离；否则保留缺失。,true
ITER|rec-9c851ecb134350f5535ab5ded37e16b17aac9a60f34b8fd94970054b33586fb3|GEOLOGIC_CONTEXT_MISSING|matched_geologic_unit|,rec-9c851ecb134350f5535ab5ded37e16b17aac9a60f34b8fd94970054b33586fb3,pangaea-north-africa-soil,D2,info,review_required,GEOLOGIC_CONTEXT_MISSING,matched_geologic_unit,,记录没有来源直报或空间匹配的地质单元。,在比例尺与边界不确定性允许时执行空间匹配，并记录地图源、版本、匹配方法和边界距离；否则保留缺失。,true
ITER|rec-9d002ca03d7d97c0ecda2d165b0c9114fe3258c3683e95449916771b736cd2e8|CENSORED_OBSERVATION|censored|%3C,rec-9d002ca03d7d97c0ecda2d165b0c9114fe3258c3683e95449916771b736cd2e8,gemstat-open-archive,D2,info,scientific_limit,CENSORED_OBSERVATION,censored,<,这是检出限/定量限约束的删失观测，不等同于零，也不自动视为采集失败。,保留原始 qualifier 与 censoring limit；默认从普通相关和异常筛查中排除，或使用明确的删失统计模型。,false
ITER|rec-9d002ca03d7d97c0ecda2d165b0c9114fe3258c3683e95449916771b736cd2e8|GEOLOGIC_CONTEXT_MISSING|matched_geologic_unit|,rec-9d002ca03d7d97c0ecda2d165b0c9114fe3258c3683e95449916771b736cd2e8,gemstat-open-archive,D2,info,review_required,GEOLOGIC_CONTEXT_MISSING,matched_geologic_unit,,记录没有来源直报或空间匹配的地质单元。,在比例尺与边界不确定性允许时执行空间匹配，并记录地图源、版本、匹配方法和边界距离；否则保留缺失。,true
ITER|rec-9d2a139e1530ef36ddf2316f18261fa15f7a611edad4b7b7d075dfa950ce4186|GEOLOGIC_CONTEXT_MISSING|matched_geologic_unit|,rec-9d2a139e1530ef36ddf2316f18261fa15f7a611edad4b7b7d075dfa950ce4186,foregs-stream-water,D2,info,review_required,GEOLOGIC_CONTEXT_MISSING,matched_geologic_unit,,记录没有来源直报或空间匹配的地质单元。,在比例尺与边界不确定性允许时执行空间匹配，并记录地图源、版本、匹配方法和边界距离；否则保留缺失。,true
ITER|rec-9d741faa21f33d946256d89637151961ed1ef8c2069e2befd660f4b9d8a6f88c|GEOLOGIC_CONTEXT_MISSING|matched_geologic_unit|,rec-9d741faa21f33d946256d89637151961ed1ef8c2069e2befd660f4b9d8a6f88c,foregs-subsoil,D2,info,review_required,GEOLOGIC_CONTEXT_MISSING,matched_geologic_unit,,记录没有来源直报或空间匹配的地质单元。,在比例尺与边界不确定性允许时执行空间匹配，并记录地图源、版本、匹配方法和边界距离；否则保留缺失。,true
ITER|rec-9da620b1cd6f031eb50f757d5d6d4e737c87b34e3dc05ad3da6908d6f7637c2f|GEOLOGIC_CONTEXT_MISSING|matched_geologic_unit|,rec-9da620b1cd6f031eb50f757d5d6d4e737c87b34e3dc05ad3da6908d6f7637c2f,foregs-floodplain-sediment,D2,info,review_required,GEOLOGIC_CONTEXT_MISSING,matched_geologic_unit,,记录没有来源直报或空间匹配的地质单元。,在比例尺与边界不确定性允许时执行空间匹配，并记录地图源、版本、匹配方法和边界距离；否则保留缺失。,true
ITER|rec-9e069c652708e7f9bef49b59d200286e975c257c141b60332cebe6e87218f488|GEOLOGIC_CONTEXT_MISSING|matched_geologic_unit|,rec-9e069c652708e7f9bef49b59d200286e975c257c141b60332cebe6e87218f488,norway-marchem,D2,info,review_required,GEOLOGIC_CONTEXT_MISSING,matched_geologic_unit,,记录没有来源直报或空间匹配的地质单元。,在比例尺与边界不确定性允许时执行空间匹配，并记录地图源、版本、匹配方法和边界距离；否则保留缺失。,true
ITER|rec-9e4b0cd2f670220feab8c9d8c467be7943050b68a297d1bd555fb3753432ca9c|COORDINATE_UNUSABLE|latitude%2Clongitude|%2C,rec-9e4b0cd2f670220feab8c9d8c467be7943050b68a297d1bd555fb3753432ca9c,afsis-phase-i-wet-chemistry,D1,error,action_required,COORDINATE_UNUSABLE,"latitude,longitude",",",WGS84 坐标缺失、非数值或超出合法范围，因此不能上图。,从原始来源恢复坐标与 CRS；若只提供区域名称，保留缺失并记录原因，不得填区域质心。,true
ITER|rec-9e4b0cd2f670220feab8c9d8c467be7943050b68a297d1bd555fb3753432ca9c|GEOLOGIC_CONTEXT_MISSING|matched_geologic_unit|,rec-9e4b0cd2f670220feab8c9d8c467be7943050b68a297d1bd555fb3753432ca9c,afsis-phase-i-wet-chemistry,D2,info,review_required,GEOLOGIC_CONTEXT_MISSING,matched_geologic_unit,,记录没有来源直报或空间匹配的地质单元。,在比例尺与边界不确定性允许时执行空间匹配，并记录地图源、版本、匹配方法和边界距离；否则保留缺失。,true
ITER|rec-9e9f3c640aded1f339c812184150e6fd8e6e695537bc021ea0617b70548625bb|GEOLOGIC_CONTEXT_MISSING|matched_geologic_unit|,rec-9e9f3c640aded1f339c812184150e6fd8e6e695537bc021ea0617b70548625bb,foregs-floodplain-sediment,D2,info,review_required,GEOLOGIC_CONTEXT_MISSING,matched_geologic_unit,,记录没有来源直报或空间匹配的地质单元。,在比例尺与边界不确定性允许时执行空间匹配，并记录地图源、版本、匹配方法和边界距离；否则保留缺失。,true
ITER|rec-9ed380208718fa3ef24ada2c8920b3456894a05b1616c8748288b658934fefb7|GEOLOGIC_CONTEXT_MISSING|matched_geologic_unit|,rec-9ed380208718fa3ef24ada2c8920b3456894a05b1616c8748288b658934fefb7,norway-marchem,D2,info,review_required,GEOLOGIC_CONTEXT_MISSING,matched_geologic_unit,,记录没有来源直报或空间匹配的地质单元。,在比例尺与边界不确定性允许时执行空间匹配，并记录地图源、版本、匹配方法和边界距离；否则保留缺失。,true
ITER|rec-9f29f75db722207a46e14f89c1232ce7533a1cbb42a84234e1a3427742d0d522|ANALYTICAL_METHOD_MISSING|analytical_method|,rec-9f29f75db722207a46e14f89c1232ce7533a1cbb42a84234e1a3427742d0d522,japan-gsj-geochemical-map,D1,warning,action_required,ANALYTICAL_METHOD_MISSING,analytical_method,,分析方法证据缺失，跨来源浓度与元素组合不可可靠比较。,回查数据字典、方法论文或记录级元数据；同时绑定 method_source_locator，未找到时保留缺失原因。,true
ITER|rec-9f29f75db722207a46e14f89c1232ce7533a1cbb42a84234e1a3427742d0d522|GEOLOGIC_CONTEXT_MISSING|matched_geologic_unit|,rec-9f29f75db722207a46e14f89c1232ce7533a1cbb42a84234e1a3427742d0d522,japan-gsj-geochemical-map,D2,info,review_required,GEOLOGIC_CONTEXT_MISSING,matched_geologic_unit,,记录没有来源直报或空间匹配的地质单元。,在比例尺与边界不确定性允许时执行空间匹配，并记录地图源、版本、匹配方法和边界距离；否则保留缺失。,true
ITER|rec-a077bd0b4f9f727975d44e52b7063939a00c0e911b3a7711dc0942734bfd7a01|GEOLOGIC_CONTEXT_MISSING|matched_geologic_unit|,rec-a077bd0b4f9f727975d44e52b7063939a00c0e911b3a7711dc0942734bfd7a01,foregs-humus,D2,info,review_required,GEOLOGIC_CONTEXT_MISSING,matched_geologic_unit,,记录没有来源直报或空间匹配的地质单元。,在比例尺与边界不确定性允许时执行空间匹配，并记录地图源、版本、匹配方法和边界距离；否则保留缺失。,true
ITER|rec-a0e1803f1731b715e0c9fbd5591e97c026c8ed4438e05e35f0acec4c159059fb|ANALYTICAL_METHOD_MISSING|analytical_method|,rec-a0e1803f1731b715e0c9fbd5591e97c026c8ed4438e05e35f0acec4c159059fb,usgs-conus-soil,D1,warning,action_required,ANALYTICAL_METHOD_MISSING,analytical_method,,分析方法证据缺失，跨来源浓度与元素组合不可可靠比较。,回查数据字典、方法论文或记录级元数据；同时绑定 method_source_locator，未找到时保留缺失原因。,true
ITER|rec-a0e1803f1731b715e0c9fbd5591e97c026c8ed4438e05e35f0acec4c159059fb|GEOLOGIC_CONTEXT_MISSING|matched_geologic_unit|,rec-a0e1803f1731b715e0c9fbd5591e97c026c8ed4438e05e35f0acec4c159059fb,usgs-conus-soil,D2,info,review_required,GEOLOGIC_CONTEXT_MISSING,matched_geologic_unit,,记录没有来源直报或空间匹配的地质单元。,在比例尺与边界不确定性允许时执行空间匹配，并记录地图源、版本、匹配方法和边界距离；否则保留缺失。,true
ITER|rec-a2884d1b2da28d0de48aa20d9875b4bee20f330adf76a7ca13b3a70b70f1feef|GEOLOGIC_CONTEXT_MISSING|matched_geologic_unit|,rec-a2884d1b2da28d0de48aa20d9875b4bee20f330adf76a7ca13b3a70b70f1feef,gemstat-open-archive,D2,info,review_required,GEOLOGIC_CONTEXT_MISSING,matched_geologic_unit,,记录没有来源直报或空间匹配的地质单元。,在比例尺与边界不确定性允许时执行空间匹配，并记录地图源、版本、匹配方法和边界距离；否则保留缺失。,true
ITER|rec-a2884d1b2da28d0de48aa20d9875b4bee20f330adf76a7ca13b3a70b70f1feef|NORMALIZATION_FAILED|normalized_value|,rec-a2884d1b2da28d0de48aa20d9875b4bee20f330adf76a7ca13b3a70b70f1feef,gemstat-open-archive,D2,error,action_required,NORMALIZATION_FAILED,normalized_value,,非删失测定没有可用标准值。,检查原值解析、单位词表、物质基准和换算公式；不能证明可换算时保留失败状态，不得猜值。,true
ITER|rec-a2e8088b3773ea2f002209a533416b81feca30d5e725dfeb1b241732db6374b7|ANALYTICAL_METHOD_MISSING|analytical_method|,rec-a2e8088b3773ea2f002209a533416b81feca30d5e725dfeb1b241732db6374b7,usgs-conus-soil,D1,warning,action_required,ANALYTICAL_METHOD_MISSING,analytical_method,,分析方法证据缺失，跨来源浓度与元素组合不可可靠比较。,回查数据字典、方法论文或记录级元数据；同时绑定 method_source_locator，未找到时保留缺失原因。,true
ITER|rec-a2e8088b3773ea2f002209a533416b81feca30d5e725dfeb1b241732db6374b7|GEOLOGIC_CONTEXT_MISSING|matched_geologic_unit|,rec-a2e8088b3773ea2f002209a533416b81feca30d5e725dfeb1b241732db6374b7,usgs-conus-soil,D2,info,review_required,GEOLOGIC_CONTEXT_MISSING,matched_geologic_unit,,记录没有来源直报或空间匹配的地质单元。,在比例尺与边界不确定性允许时执行空间匹配，并记录地图源、版本、匹配方法和边界距离；否则保留缺失。,true
ITER|rec-a30840ab17cd9801a6d62a5818f13f2fb472eed49b0bfd400a000fefa7b2db55|GEOLOGIC_CONTEXT_MISSING|matched_geologic_unit|,rec-a30840ab17cd9801a6d62a5818f13f2fb472eed49b0bfd400a000fefa7b2db55,norway-marchem,D2,info,review_required,GEOLOGIC_CONTEXT_MISSING,matched_geologic_unit,,记录没有来源直报或空间匹配的地质单元。,在比例尺与边界不确定性允许时执行空间匹配，并记录地图源、版本、匹配方法和边界距离；否则保留缺失。,true
ITER|rec-a31d2c05ffe61c41af1304d142e92bdceba74ea088ade7f77dcdfd9303c15718|GEOLOGIC_CONTEXT_MISSING|matched_geologic_unit|,rec-a31d2c05ffe61c41af1304d142e92bdceba74ea088ade7f77dcdfd9303c15718,foregs-stream-sediment,D2,info,review_required,GEOLOGIC_CONTEXT_MISSING,matched_geologic_unit,,记录没有来源直报或空间匹配的地质单元。,在比例尺与边界不确定性允许时执行空间匹配，并记录地图源、版本、匹配方法和边界距离；否则保留缺失。,true
ITER|rec-a32e253401e55f32ede2afda73ce92cbc2c09b4d130cdad8321e4293c28ecf8b|ANALYTICAL_METHOD_MISSING|analytical_method|,rec-a32e253401e55f32ede2afda73ce92cbc2c09b4d130cdad8321e4293c28ecf8b,georoc-archaean,D1,warning,action_required,ANALYTICAL_METHOD_MISSING,analytical_method,,分析方法证据缺失，跨来源浓度与元素组合不可可靠比较。,回查数据字典、方法论文或记录级元数据；同时绑定 method_source_locator，未找到时保留缺失原因。,true
ITER|rec-a32e253401e55f32ede2afda73ce92cbc2c09b4d130cdad8321e4293c28ecf8b|COORDINATE_UNUSABLE|latitude%2Clongitude|%2C,rec-a32e253401e55f32ede2afda73ce92cbc2c09b4d130cdad8321e4293c28ecf8b,georoc-archaean,D1,error,action_required,COORDINATE_UNUSABLE,"latitude,longitude",",",WGS84 坐标缺失、非数值或超出合法范围，因此不能上图。,从原始来源恢复坐标与 CRS；若只提供区域名称，保留缺失并记录原因，不得填区域质心。,true
ITER|rec-a32e253401e55f32ede2afda73ce92cbc2c09b4d130cdad8321e4293c28ecf8b|GEOLOGIC_CONTEXT_MISSING|matched_geologic_unit|,rec-a32e253401e55f32ede2afda73ce92cbc2c09b4d130cdad8321e4293c28ecf8b,georoc-archaean,D2,info,review_required,GEOLOGIC_CONTEXT_MISSING,matched_geologic_unit,,记录没有来源直报或空间匹配的地质单元。,在比例尺与边界不确定性允许时执行空间匹配，并记录地图源、版本、匹配方法和边界距离；否则保留缺失。,true
ITER|rec-a372d090d26fa07a7393d28b341a36806e67ef7cd9e9e2ee7e9e4ce43fd882e8|ANALYTICAL_METHOD_MISSING|analytical_method|,rec-a372d090d26fa07a7393d28b341a36806e67ef7cd9e9e2ee7e9e4ce43fd882e8,japan-gsj-geochemical-map,D1,warning,action_required,ANALYTICAL_METHOD_MISSING,analytical_method,,分析方法证据缺失，跨来源浓度与元素组合不可可靠比较。,回查数据字典、方法论文或记录级元数据；同时绑定 method_source_locator，未找到时保留缺失原因。,true
ITER|rec-a372d090d26fa07a7393d28b341a36806e67ef7cd9e9e2ee7e9e4ce43fd882e8|GEOLOGIC_CONTEXT_MISSING|matched_geologic_unit|,rec-a372d090d26fa07a7393d28b341a36806e67ef7cd9e9e2ee7e9e4ce43fd882e8,japan-gsj-geochemical-map,D2,info,review_required,GEOLOGIC_CONTEXT_MISSING,matched_geologic_unit,,记录没有来源直报或空间匹配的地质单元。,在比例尺与边界不确定性允许时执行空间匹配，并记录地图源、版本、匹配方法和边界距离；否则保留缺失。,true
ITER|rec-a3c40bd4c285f7cf44d37767a12ba7aeb6d9b87f79166e1360abcaec3d0448a8|ANALYTICAL_METHOD_MISSING|analytical_method|,rec-a3c40bd4c285f7cf44d37767a12ba7aeb6d9b87f79166e1360abcaec3d0448a8,usgs-conus-soil,D1,warning,action_required,ANALYTICAL_METHOD_MISSING,analytical_method,,分析方法证据缺失，跨来源浓度与元素组合不可可靠比较。,回查数据字典、方法论文或记录级元数据；同时绑定 method_source_locator，未找到时保留缺失原因。,true
ITER|rec-a3c40bd4c285f7cf44d37767a12ba7aeb6d9b87f79166e1360abcaec3d0448a8|GEOLOGIC_CONTEXT_MISSING|matched_geologic_unit|,rec-a3c40bd4c285f7cf44d37767a12ba7aeb6d9b87f79166e1360abcaec3d0448a8,usgs-conus-soil,D2,info,review_required,GEOLOGIC_CONTEXT_MISSING,matched_geologic_unit,,记录没有来源直报或空间匹配的地质单元。,在比例尺与边界不确定性允许时执行空间匹配，并记录地图源、版本、匹配方法和边界距离；否则保留缺失。,true
ITER|rec-a3d51f9cf86050ef2e37f8467a0256a18d64f1cfc1e8d429a85d9ca67083da45|GEOLOGIC_CONTEXT_MISSING|matched_geologic_unit|,rec-a3d51f9cf86050ef2e37f8467a0256a18d64f1cfc1e8d429a85d9ca67083da45,foregs-stream-sediment,D2,info,review_required,GEOLOGIC_CONTEXT_MISSING,matched_geologic_unit,,记录没有来源直报或空间匹配的地质单元。,在比例尺与边界不确定性允许时执行空间匹配，并记录地图源、版本、匹配方法和边界距离；否则保留缺失。,true
ITER|rec-a401738d9f03a42a8ac869956e369e42b441885e5ed9bb4420a46ad621aea485|GEOLOGIC_CONTEXT_MISSING|matched_geologic_unit|,rec-a401738d9f03a42a8ac869956e369e42b441885e5ed9bb4420a46ad621aea485,pangaea-north-africa-soil,D2,info,review_required,GEOLOGIC_CONTEXT_MISSING,matched_geologic_unit,,记录没有来源直报或空间匹配的地质单元。,在比例尺与边界不确定性允许时执行空间匹配，并记录地图源、版本、匹配方法和边界距离；否则保留缺失。,true
ITER|rec-a42e2d1e316a42b8adb9a91422935ff8d9c327c66878d8c8571f29fd56cb7210|CENSORED_OBSERVATION|censored|%3C,rec-a42e2d1e316a42b8adb9a91422935ff8d9c327c66878d8c8571f29fd56cb7210,gemstat-open-archive,D2,info,scientific_limit,CENSORED_OBSERVATION,censored,<,这是检出限/定量限约束的删失观测，不等同于零，也不自动视为采集失败。,保留原始 qualifier 与 censoring limit；默认从普通相关和异常筛查中排除，或使用明确的删失统计模型。,false
ITER|rec-a42e2d1e316a42b8adb9a91422935ff8d9c327c66878d8c8571f29fd56cb7210|GEOLOGIC_CONTEXT_MISSING|matched_geologic_unit|,rec-a42e2d1e316a42b8adb9a91422935ff8d9c327c66878d8c8571f29fd56cb7210,gemstat-open-archive,D2,info,review_required,GEOLOGIC_CONTEXT_MISSING,matched_geologic_unit,,记录没有来源直报或空间匹配的地质单元。,在比例尺与边界不确定性允许时执行空间匹配，并记录地图源、版本、匹配方法和边界距离；否则保留缺失。,true
ITER|rec-a44da2e77de7ed53ee0ec826e6520d4028cae498f5eaa9fbd21f2d07ecadd32e|GEOLOGIC_CONTEXT_MISSING|matched_geologic_unit|,rec-a44da2e77de7ed53ee0ec826e6520d4028cae498f5eaa9fbd21f2d07ecadd32e,pangaea-north-africa-soil,D2,info,review_required,GEOLOGIC_CONTEXT_MISSING,matched_geologic_unit,,记录没有来源直报或空间匹配的地质单元。,在比例尺与边界不确定性允许时执行空间匹配，并记录地图源、版本、匹配方法和边界距离；否则保留缺失。,true
ITER|rec-a5007fd49b1e2b3d79408301bd3e1634f0deadab38d785d20b9875889f17a5bc|GEOLOGIC_CONTEXT_MISSING|matched_geologic_unit|,rec-a5007fd49b1e2b3d79408301bd3e1634f0deadab38d785d20b9875889f17a5bc,foregs-stream-sediment,D2,info,review_required,GEOLOGIC_CONTEXT_MISSING,matched_geologic_unit,,记录没有来源直报或空间匹配的地质单元。,在比例尺与边界不确定性允许时执行空间匹配，并记录地图源、版本、匹配方法和边界距离；否则保留缺失。,true
ITER|rec-a5211bb2d8cc15f56dbc6ba27a41d5e60f914f6030d01db26771d0cc126dcdde|COORDINATE_UNUSABLE|latitude%2Clongitude|%2C,rec-a5211bb2d8cc15f56dbc6ba27a41d5e60f914f6030d01db26771d0cc126dcdde,afsis-phase-i-wet-chemistry,D1,error,action_required,COORDINATE_UNUSABLE,"latitude,longitude",",",WGS84 坐标缺失、非数值或超出合法范围，因此不能上图。,从原始来源恢复坐标与 CRS；若只提供区域名称，保留缺失并记录原因，不得填区域质心。,true
ITER|rec-a5211bb2d8cc15f56dbc6ba27a41d5e60f914f6030d01db26771d0cc126dcdde|GEOLOGIC_CONTEXT_MISSING|matched_geologic_unit|,rec-a5211bb2d8cc15f56dbc6ba27a41d5e60f914f6030d01db26771d0cc126dcdde,afsis-phase-i-wet-chemistry,D2,info,review_required,GEOLOGIC_CONTEXT_MISSING,matched_geologic_unit,,记录没有来源直报或空间匹配的地质单元。,在比例尺与边界不确定性允许时执行空间匹配，并记录地图源、版本、匹配方法和边界距离；否则保留缺失。,true
ITER|rec-a52ee4b335cece84fc97c82054b50a3d0964a7232635c9c9d38e127bbe44f951|CENSORED_OBSERVATION|censored|%3C,rec-a52ee4b335cece84fc97c82054b50a3d0964a7232635c9c9d38e127bbe44f951,gemstat-open-archive,D2,info,scientific_limit,CENSORED_OBSERVATION,censored,<,这是检出限/定量限约束的删失观测，不等同于零，也不自动视为采集失败。,保留原始 qualifier 与 censoring limit；默认从普通相关和异常筛查中排除，或使用明确的删失统计模型。,false
ITER|rec-a52ee4b335cece84fc97c82054b50a3d0964a7232635c9c9d38e127bbe44f951|GEOLOGIC_CONTEXT_MISSING|matched_geologic_unit|,rec-a52ee4b335cece84fc97c82054b50a3d0964a7232635c9c9d38e127bbe44f951,gemstat-open-archive,D2,info,review_required,GEOLOGIC_CONTEXT_MISSING,matched_geologic_unit,,记录没有来源直报或空间匹配的地质单元。,在比例尺与边界不确定性允许时执行空间匹配，并记录地图源、版本、匹配方法和边界距离；否则保留缺失。,true
ITER|rec-a66817d7f4581dbee7bd42532d5e4a2f6dee360b6714fc063a1ddd62f3cdc269|GEOLOGIC_CONTEXT_MISSING|matched_geologic_unit|,rec-a66817d7f4581dbee7bd42532d5e4a2f6dee360b6714fc063a1ddd62f3cdc269,norway-marchem,D2,info,review_required,GEOLOGIC_CONTEXT_MISSING,matched_geologic_unit,,记录没有来源直报或空间匹配的地质单元。,在比例尺与边界不确定性允许时执行空间匹配，并记录地图源、版本、匹配方法和边界距离；否则保留缺失。,true
ITER|rec-a68df66e105772978375368ff666e061a126a314863eb365cffedf83bc4a11e0|GEOLOGIC_CONTEXT_MISSING|matched_geologic_unit|,rec-a68df66e105772978375368ff666e061a126a314863eb365cffedf83bc4a11e0,us-wqp-sacramento-river-arsenic,D2,info,review_required,GEOLOGIC_CONTEXT_MISSING,matched_geologic_unit,,记录没有来源直报或空间匹配的地质单元。,在比例尺与边界不确定性允许时执行空间匹配，并记录地图源、版本、匹配方法和边界距离；否则保留缺失。,true
ITER|rec-a68edef06bf0fecb0d026fd88e203e6d5e1ea448ecba085f794035dbe01283d5|CENSORED_OBSERVATION|censored|%3C,rec-a68edef06bf0fecb0d026fd88e203e6d5e1ea448ecba085f794035dbe01283d5,gemstat-open-archive,D2,info,scientific_limit,CENSORED_OBSERVATION,censored,<,这是检出限/定量限约束的删失观测，不等同于零，也不自动视为采集失败。,保留原始 qualifier 与 censoring limit；默认从普通相关和异常筛查中排除，或使用明确的删失统计模型。,false
ITER|rec-a68edef06bf0fecb0d026fd88e203e6d5e1ea448ecba085f794035dbe01283d5|GEOLOGIC_CONTEXT_MISSING|matched_geologic_unit|,rec-a68edef06bf0fecb0d026fd88e203e6d5e1ea448ecba085f794035dbe01283d5,gemstat-open-archive,D2,info,review_required,GEOLOGIC_CONTEXT_MISSING,matched_geologic_unit,,记录没有来源直报或空间匹配的地质单元。,在比例尺与边界不确定性允许时执行空间匹配，并记录地图源、版本、匹配方法和边界距离；否则保留缺失。,true
ITER|rec-a6af30b2765cbdd8dd03b4bb321580c7536816d0e5f122eab1473ab1e4b1746f|ANALYTICAL_METHOD_MISSING|analytical_method|,rec-a6af30b2765cbdd8dd03b4bb321580c7536816d0e5f122eab1473ab1e4b1746f,japan-gsj-geochemical-map,D1,warning,action_required,ANALYTICAL_METHOD_MISSING,analytical_method,,分析方法证据缺失，跨来源浓度与元素组合不可可靠比较。,回查数据字典、方法论文或记录级元数据；同时绑定 method_source_locator，未找到时保留缺失原因。,true
ITER|rec-a6af30b2765cbdd8dd03b4bb321580c7536816d0e5f122eab1473ab1e4b1746f|GEOLOGIC_CONTEXT_MISSING|matched_geologic_unit|,rec-a6af30b2765cbdd8dd03b4bb321580c7536816d0e5f122eab1473ab1e4b1746f,japan-gsj-geochemical-map,D2,info,review_required,GEOLOGIC_CONTEXT_MISSING,matched_geologic_unit,,记录没有来源直报或空间匹配的地质单元。,在比例尺与边界不确定性允许时执行空间匹配，并记录地图源、版本、匹配方法和边界距离；否则保留缺失。,true
ITER|rec-a6dd69bb5dc8522f6f7f47441be6a2116eda33c4b59d564323d767fc7e57b5fd|ANALYTICAL_METHOD_MISSING|analytical_method|,rec-a6dd69bb5dc8522f6f7f47441be6a2116eda33c4b59d564323d767fc7e57b5fd,usgs-conus-soil,D1,warning,action_required,ANALYTICAL_METHOD_MISSING,analytical_method,,分析方法证据缺失，跨来源浓度与元素组合不可可靠比较。,回查数据字典、方法论文或记录级元数据；同时绑定 method_source_locator，未找到时保留缺失原因。,true
ITER|rec-a6dd69bb5dc8522f6f7f47441be6a2116eda33c4b59d564323d767fc7e57b5fd|GEOLOGIC_CONTEXT_MISSING|matched_geologic_unit|,rec-a6dd69bb5dc8522f6f7f47441be6a2116eda33c4b59d564323d767fc7e57b5fd,usgs-conus-soil,D2,info,review_required,GEOLOGIC_CONTEXT_MISSING,matched_geologic_unit,,记录没有来源直报或空间匹配的地质单元。,在比例尺与边界不确定性允许时执行空间匹配，并记录地图源、版本、匹配方法和边界距离；否则保留缺失。,true
ITER|rec-a7235280ab618a4e2e58fb8ffebb9166221d25d632040fab772cbb88496cbb25|GEOLOGIC_CONTEXT_MISSING|matched_geologic_unit|,rec-a7235280ab618a4e2e58fb8ffebb9166221d25d632040fab772cbb88496cbb25,norway-marchem,D2,info,review_required,GEOLOGIC_CONTEXT_MISSING,matched_geologic_unit,,记录没有来源直报或空间匹配的地质单元。,在比例尺与边界不确定性允许时执行空间匹配，并记录地图源、版本、匹配方法和边界距离；否则保留缺失。,true
ITER|rec-a807a79805b098901d6538ed150bd00f92c6bb793a1148b1aea252f2e26c5df5|GEOLOGIC_CONTEXT_MISSING|matched_geologic_unit|,rec-a807a79805b098901d6538ed150bd00f92c6bb793a1148b1aea252f2e26c5df5,foregs-floodplain-sediment,D2,info,review_required,GEOLOGIC_CONTEXT_MISSING,matched_geologic_unit,,记录没有来源直报或空间匹配的地质单元。,在比例尺与边界不确定性允许时执行空间匹配，并记录地图源、版本、匹配方法和边界距离；否则保留缺失。,true
ITER|rec-a80dd9ccdf00fefccdde79c7a2913c4973c37de939657e58e30de64119f4c799|GEOLOGIC_CONTEXT_MISSING|matched_geologic_unit|,rec-a80dd9ccdf00fefccdde79c7a2913c4973c37de939657e58e30de64119f4c799,norway-marchem,D2,info,review_required,GEOLOGIC_CONTEXT_MISSING,matched_geologic_unit,,记录没有来源直报或空间匹配的地质单元。,在比例尺与边界不确定性允许时执行空间匹配，并记录地图源、版本、匹配方法和边界距离；否则保留缺失。,true
ITER|rec-a813d51a5867071a8d4f24ca51d1b376d2e4aa47e6be0a56fcbfb6dee32aaa93|GEOLOGIC_CONTEXT_MISSING|matched_geologic_unit|,rec-a813d51a5867071a8d4f24ca51d1b376d2e4aa47e6be0a56fcbfb6dee32aaa93,geotraces-idp2025,D2,info,review_required,GEOLOGIC_CONTEXT_MISSING,matched_geologic_unit,,记录没有来源直报或空间匹配的地质单元。,在比例尺与边界不确定性允许时执行空间匹配，并记录地图源、版本、匹配方法和边界距离；否则保留缺失。,true
ITER|rec-a847a37b1c90f97956d7fab8ed75465bb1b58ed9a219780ac16848c566bc5757|GEOLOGIC_CONTEXT_MISSING|matched_geologic_unit|,rec-a847a37b1c90f97956d7fab8ed75465bb1b58ed9a219780ac16848c566bc5757,norway-marchem,D2,info,review_required,GEOLOGIC_CONTEXT_MISSING,matched_geologic_unit,,记录没有来源直报或空间匹配的地质单元。,在比例尺与边界不确定性允许时执行空间匹配，并记录地图源、版本、匹配方法和边界距离；否则保留缺失。,true
ITER|rec-a8a720c5811cc14eceec479f1f6d25819cf6583849e6b19a27c5360441177a70|COORDINATE_UNUSABLE|latitude%2Clongitude|%2C,rec-a8a720c5811cc14eceec479f1f6d25819cf6583849e6b19a27c5360441177a70,afsis-phase-i-wet-chemistry,D1,error,action_required,COORDINATE_UNUSABLE,"latitude,longitude",",",WGS84 坐标缺失、非数值或超出合法范围，因此不能上图。,从原始来源恢复坐标与 CRS；若只提供区域名称，保留缺失并记录原因，不得填区域质心。,true
ITER|rec-a8a720c5811cc14eceec479f1f6d25819cf6583849e6b19a27c5360441177a70|GEOLOGIC_CONTEXT_MISSING|matched_geologic_unit|,rec-a8a720c5811cc14eceec479f1f6d25819cf6583849e6b19a27c5360441177a70,afsis-phase-i-wet-chemistry,D2,info,review_required,GEOLOGIC_CONTEXT_MISSING,matched_geologic_unit,,记录没有来源直报或空间匹配的地质单元。,在比例尺与边界不确定性允许时执行空间匹配，并记录地图源、版本、匹配方法和边界距离；否则保留缺失。,true
ITER|rec-a984ce0272b0301771a0392b973c736a2a067c17b269f9041da55d462ce71b56|ANALYTICAL_METHOD_MISSING|analytical_method|,rec-a984ce0272b0301771a0392b973c736a2a067c17b269f9041da55d462ce71b56,usgs-conus-soil,D1,warning,action_required,ANALYTICAL_METHOD_MISSING,analytical_method,,分析方法证据缺失，跨来源浓度与元素组合不可可靠比较。,回查数据字典、方法论文或记录级元数据；同时绑定 method_source_locator，未找到时保留缺失原因。,true
ITER|rec-a984ce0272b0301771a0392b973c736a2a067c17b269f9041da55d462ce71b56|GEOLOGIC_CONTEXT_MISSING|matched_geologic_unit|,rec-a984ce0272b0301771a0392b973c736a2a067c17b269f9041da55d462ce71b56,usgs-conus-soil,D2,info,review_required,GEOLOGIC_CONTEXT_MISSING,matched_geologic_unit,,记录没有来源直报或空间匹配的地质单元。,在比例尺与边界不确定性允许时执行空间匹配，并记录地图源、版本、匹配方法和边界距离；否则保留缺失。,true
ITER|rec-a9f3f2827628d217bad43fd70487584fdd2934868ee0466148ed8499ce0502e4|ANALYTICAL_METHOD_MISSING|analytical_method|,rec-a9f3f2827628d217bad43fd70487584fdd2934868ee0466148ed8499ce0502e4,usgs-conus-soil,D1,warning,action_required,ANALYTICAL_METHOD_MISSING,analytical_method,,分析方法证据缺失，跨来源浓度与元素组合不可可靠比较。,回查数据字典、方法论文或记录级元数据；同时绑定 method_source_locator，未找到时保留缺失原因。,true
ITER|rec-a9f3f2827628d217bad43fd70487584fdd2934868ee0466148ed8499ce0502e4|GEOLOGIC_CONTEXT_MISSING|matched_geologic_unit|,rec-a9f3f2827628d217bad43fd70487584fdd2934868ee0466148ed8499ce0502e4,usgs-conus-soil,D2,info,review_required,GEOLOGIC_CONTEXT_MISSING,matched_geologic_unit,,记录没有来源直报或空间匹配的地质单元。,在比例尺与边界不确定性允许时执行空间匹配，并记录地图源、版本、匹配方法和边界距离；否则保留缺失。,true
ITER|rec-aa21da919d75710b7582f7e6a643acb78f00c4c1bf03aa3ea1b4c0a448b63da1|GEOLOGIC_CONTEXT_MISSING|matched_geologic_unit|,rec-aa21da919d75710b7582f7e6a643acb78f00c4c1bf03aa3ea1b4c0a448b63da1,foregs-topsoil,D2,info,review_required,GEOLOGIC_CONTEXT_MISSING,matched_geologic_unit,,记录没有来源直报或空间匹配的地质单元。,在比例尺与边界不确定性允许时执行空间匹配，并记录地图源、版本、匹配方法和边界距离；否则保留缺失。,true
ITER|rec-aa4780b9baa05c3dc629fa5f3bd0e68fcd7f7bf983bbcf6eeb57efef7c4d4ead|GEOLOGIC_CONTEXT_MISSING|matched_geologic_unit|,rec-aa4780b9baa05c3dc629fa5f3bd0e68fcd7f7bf983bbcf6eeb57efef7c4d4ead,pangaea-north-africa-soil,D2,info,review_required,GEOLOGIC_CONTEXT_MISSING,matched_geologic_unit,,记录没有来源直报或空间匹配的地质单元。,在比例尺与边界不确定性允许时执行空间匹配，并记录地图源、版本、匹配方法和边界距离；否则保留缺失。,true
ITER|rec-aa57221c658a332e6fd9865d77d3a6cde2d31da0b782ea56eff259e9da659ed1|GEOLOGIC_CONTEXT_MISSING|matched_geologic_unit|,rec-aa57221c658a332e6fd9865d77d3a6cde2d31da0b782ea56eff259e9da659ed1,norway-marchem,D2,info,review_required,GEOLOGIC_CONTEXT_MISSING,matched_geologic_unit,,记录没有来源直报或空间匹配的地质单元。,在比例尺与边界不确定性允许时执行空间匹配，并记录地图源、版本、匹配方法和边界距离；否则保留缺失。,true
ITER|rec-aa5e88b70c04d0d059558ead67e9a232044ccca062f2451e61404e94556b060a|GEOLOGIC_CONTEXT_MISSING|matched_geologic_unit|,rec-aa5e88b70c04d0d059558ead67e9a232044ccca062f2451e61404e94556b060a,foregs-stream-water,D2,info,review_required,GEOLOGIC_CONTEXT_MISSING,matched_geologic_unit,,记录没有来源直报或空间匹配的地质单元。,在比例尺与边界不确定性允许时执行空间匹配，并记录地图源、版本、匹配方法和边界距离；否则保留缺失。,true
ITER|rec-aa6b0043d2f226362b55a734453ce954f6d1a48f907a76f5923004a2507870d4|GEOLOGIC_CONTEXT_MISSING|matched_geologic_unit|,rec-aa6b0043d2f226362b55a734453ce954f6d1a48f907a76f5923004a2507870d4,foregs-subsoil,D2,info,review_required,GEOLOGIC_CONTEXT_MISSING,matched_geologic_unit,,记录没有来源直报或空间匹配的地质单元。,在比例尺与边界不确定性允许时执行空间匹配，并记录地图源、版本、匹配方法和边界距离；否则保留缺失。,true
ITER|rec-aa97b95e2ddbd836a7dee7af792dbf6f8a8554e2062cf4834b6e17eb083d270b|GEOLOGIC_CONTEXT_MISSING|matched_geologic_unit|,rec-aa97b95e2ddbd836a7dee7af792dbf6f8a8554e2062cf4834b6e17eb083d270b,norway-marchem,D2,info,review_required,GEOLOGIC_CONTEXT_MISSING,matched_geologic_unit,,记录没有来源直报或空间匹配的地质单元。,在比例尺与边界不确定性允许时执行空间匹配，并记录地图源、版本、匹配方法和边界距离；否则保留缺失。,true
ITER|rec-aaa9f3108922266cfa26ba106dd447012eeb64d9aeb2f208ee1fe3ceaf9fda9c|GEOLOGIC_CONTEXT_MISSING|matched_geologic_unit|,rec-aaa9f3108922266cfa26ba106dd447012eeb64d9aeb2f208ee1fe3ceaf9fda9c,norway-marchem,D2,info,review_required,GEOLOGIC_CONTEXT_MISSING,matched_geologic_unit,,记录没有来源直报或空间匹配的地质单元。,在比例尺与边界不确定性允许时执行空间匹配，并记录地图源、版本、匹配方法和边界距离；否则保留缺失。,true
ITER|rec-ab703b1e973ff81e98a323e07e3697414f502ef8a1e1f8bb6c4d0c8af5a5c4c8|GEOLOGIC_CONTEXT_MISSING|matched_geologic_unit|,rec-ab703b1e973ff81e98a323e07e3697414f502ef8a1e1f8bb6c4d0c8af5a5c4c8,foregs-stream-sediment,D2,info,review_required,GEOLOGIC_CONTEXT_MISSING,matched_geologic_unit,,记录没有来源直报或空间匹配的地质单元。,在比例尺与边界不确定性允许时执行空间匹配，并记录地图源、版本、匹配方法和边界距离；否则保留缺失。,true
ITER|rec-ab8af79e70c2359d72460c78db7e8cf28f90df07a44fdef85cb8102aed3cfd96|GEOLOGIC_CONTEXT_MISSING|matched_geologic_unit|,rec-ab8af79e70c2359d72460c78db7e8cf28f90df07a44fdef85cb8102aed3cfd96,foregs-humus,D2,info,review_required,GEOLOGIC_CONTEXT_MISSING,matched_geologic_unit,,记录没有来源直报或空间匹配的地质单元。,在比例尺与边界不确定性允许时执行空间匹配，并记录地图源、版本、匹配方法和边界距离；否则保留缺失。,true
ITER|rec-abbc5192b0fb215735fa4a72008cb6e4cbcea485c663a7905f843c48a0409fe1|ANALYTICAL_METHOD_MISSING|analytical_method|,rec-abbc5192b0fb215735fa4a72008cb6e4cbcea485c663a7905f843c48a0409fe1,usgs-conus-soil,D1,warning,action_required,ANALYTICAL_METHOD_MISSING,analytical_method,,分析方法证据缺失，跨来源浓度与元素组合不可可靠比较。,回查数据字典、方法论文或记录级元数据；同时绑定 method_source_locator，未找到时保留缺失原因。,true
ITER|rec-abbc5192b0fb215735fa4a72008cb6e4cbcea485c663a7905f843c48a0409fe1|GEOLOGIC_CONTEXT_MISSING|matched_geologic_unit|,rec-abbc5192b0fb215735fa4a72008cb6e4cbcea485c663a7905f843c48a0409fe1,usgs-conus-soil,D2,info,review_required,GEOLOGIC_CONTEXT_MISSING,matched_geologic_unit,,记录没有来源直报或空间匹配的地质单元。,在比例尺与边界不确定性允许时执行空间匹配，并记录地图源、版本、匹配方法和边界距离；否则保留缺失。,true
ITER|rec-ac08ce0a086f1b60a4689e5506710012c78cbf44961fd2a537db4681d44f483f|GEOLOGIC_CONTEXT_MISSING|matched_geologic_unit|,rec-ac08ce0a086f1b60a4689e5506710012c78cbf44961fd2a537db4681d44f483f,norway-marchem,D2,info,review_required,GEOLOGIC_CONTEXT_MISSING,matched_geologic_unit,,记录没有来源直报或空间匹配的地质单元。,在比例尺与边界不确定性允许时执行空间匹配，并记录地图源、版本、匹配方法和边界距离；否则保留缺失。,true
ITER|rec-ac10812edf1a36d1b22b33cf6aa20c85270d7de1de6179c51baf288dcd13d67e|GEOLOGIC_CONTEXT_MISSING|matched_geologic_unit|,rec-ac10812edf1a36d1b22b33cf6aa20c85270d7de1de6179c51baf288dcd13d67e,foregs-floodplain-sediment,D2,info,review_required,GEOLOGIC_CONTEXT_MISSING,matched_geologic_unit,,记录没有来源直报或空间匹配的地质单元。,在比例尺与边界不确定性允许时执行空间匹配，并记录地图源、版本、匹配方法和边界距离；否则保留缺失。,true
ITER|rec-ac2364cd3ea1432eed4df504f8628306e9acb0cacac0555adab4335c7094cd5d|CENSORED_OBSERVATION|censored|%3C,rec-ac2364cd3ea1432eed4df504f8628306e9acb0cacac0555adab4335c7094cd5d,gemstat-open-archive,D2,info,scientific_limit,CENSORED_OBSERVATION,censored,<,这是检出限/定量限约束的删失观测，不等同于零，也不自动视为采集失败。,保留原始 qualifier 与 censoring limit；默认从普通相关和异常筛查中排除，或使用明确的删失统计模型。,false
ITER|rec-ac2364cd3ea1432eed4df504f8628306e9acb0cacac0555adab4335c7094cd5d|GEOLOGIC_CONTEXT_MISSING|matched_geologic_unit|,rec-ac2364cd3ea1432eed4df504f8628306e9acb0cacac0555adab4335c7094cd5d,gemstat-open-archive,D2,info,review_required,GEOLOGIC_CONTEXT_MISSING,matched_geologic_unit,,记录没有来源直报或空间匹配的地质单元。,在比例尺与边界不确定性允许时执行空间匹配，并记录地图源、版本、匹配方法和边界距离；否则保留缺失。,true
ITER|rec-ac46e8d435f451d39b951f4113be2a2883b8e11a21a16ec531df090e6cdd84fd|ANALYTICAL_METHOD_MISSING|analytical_method|,rec-ac46e8d435f451d39b951f4113be2a2883b8e11a21a16ec531df090e6cdd84fd,georoc-archaean,D1,warning,action_required,ANALYTICAL_METHOD_MISSING,analytical_method,,分析方法证据缺失，跨来源浓度与元素组合不可可靠比较。,回查数据字典、方法论文或记录级元数据；同时绑定 method_source_locator，未找到时保留缺失原因。,true
ITER|rec-ac46e8d435f451d39b951f4113be2a2883b8e11a21a16ec531df090e6cdd84fd|COORDINATE_UNUSABLE|latitude%2Clongitude|%2C,rec-ac46e8d435f451d39b951f4113be2a2883b8e11a21a16ec531df090e6cdd84fd,georoc-archaean,D1,error,action_required,COORDINATE_UNUSABLE,"latitude,longitude",",",WGS84 坐标缺失、非数值或超出合法范围，因此不能上图。,从原始来源恢复坐标与 CRS；若只提供区域名称，保留缺失并记录原因，不得填区域质心。,true
ITER|rec-ac46e8d435f451d39b951f4113be2a2883b8e11a21a16ec531df090e6cdd84fd|GEOLOGIC_CONTEXT_MISSING|matched_geologic_unit|,rec-ac46e8d435f451d39b951f4113be2a2883b8e11a21a16ec531df090e6cdd84fd,georoc-archaean,D2,info,review_required,GEOLOGIC_CONTEXT_MISSING,matched_geologic_unit,,记录没有来源直报或空间匹配的地质单元。,在比例尺与边界不确定性允许时执行空间匹配，并记录地图源、版本、匹配方法和边界距离；否则保留缺失。,true
ITER|rec-ac57852a3cf35c8ce8a03dbcb80f68f876c276e9f1018f6298b7ab0e5353651c|CENSORED_OBSERVATION|censored|%3C,rec-ac57852a3cf35c8ce8a03dbcb80f68f876c276e9f1018f6298b7ab0e5353651c,gemstat-open-archive,D2,info,scientific_limit,CENSORED_OBSERVATION,censored,<,这是检出限/定量限约束的删失观测，不等同于零，也不自动视为采集失败。,保留原始 qualifier 与 censoring limit；默认从普通相关和异常筛查中排除，或使用明确的删失统计模型。,false
ITER|rec-ac57852a3cf35c8ce8a03dbcb80f68f876c276e9f1018f6298b7ab0e5353651c|GEOLOGIC_CONTEXT_MISSING|matched_geologic_unit|,rec-ac57852a3cf35c8ce8a03dbcb80f68f876c276e9f1018f6298b7ab0e5353651c,gemstat-open-archive,D2,info,review_required,GEOLOGIC_CONTEXT_MISSING,matched_geologic_unit,,记录没有来源直报或空间匹配的地质单元。,在比例尺与边界不确定性允许时执行空间匹配，并记录地图源、版本、匹配方法和边界距离；否则保留缺失。,true
ITER|rec-acec5320d3bcfd55d296d4a6b82ff22c9aeb5976e1777b3f5c81ba1da55b706e|GEOLOGIC_CONTEXT_MISSING|matched_geologic_unit|,rec-acec5320d3bcfd55d296d4a6b82ff22c9aeb5976e1777b3f5c81ba1da55b706e,us-wqp-sacramento-river-arsenic,D2,info,review_required,GEOLOGIC_CONTEXT_MISSING,matched_geologic_unit,,记录没有来源直报或空间匹配的地质单元。,在比例尺与边界不确定性允许时执行空间匹配，并记录地图源、版本、匹配方法和边界距离；否则保留缺失。,true
ITER|rec-adfd4e36f13ba9abbb2fe1cdfe480b15cf8b61c133bb49324b9997c140f579a6|GEOLOGIC_CONTEXT_MISSING|matched_geologic_unit|,rec-adfd4e36f13ba9abbb2fe1cdfe480b15cf8b61c133bb49324b9997c140f579a6,geotraces-idp2025,D2,info,review_required,GEOLOGIC_CONTEXT_MISSING,matched_geologic_unit,,记录没有来源直报或空间匹配的地质单元。,在比例尺与边界不确定性允许时执行空间匹配，并记录地图源、版本、匹配方法和边界距离；否则保留缺失。,true
ITER|rec-ae77fa6ea71be3be1177669eb4e07d8d12621950d136b56ab2759b50318e6837|GEOLOGIC_CONTEXT_MISSING|matched_geologic_unit|,rec-ae77fa6ea71be3be1177669eb4e07d8d12621950d136b56ab2759b50318e6837,foregs-subsoil,D2,info,review_required,GEOLOGIC_CONTEXT_MISSING,matched_geologic_unit,,记录没有来源直报或空间匹配的地质单元。,在比例尺与边界不确定性允许时执行空间匹配，并记录地图源、版本、匹配方法和边界距离；否则保留缺失。,true
ITER|rec-aeb061fda8713217aba299236102fffac8fc43a4b289a00fbe07aa41a4775d75|GEOLOGIC_CONTEXT_MISSING|matched_geologic_unit|,rec-aeb061fda8713217aba299236102fffac8fc43a4b289a00fbe07aa41a4775d75,foregs-topsoil,D2,info,review_required,GEOLOGIC_CONTEXT_MISSING,matched_geologic_unit,,记录没有来源直报或空间匹配的地质单元。,在比例尺与边界不确定性允许时执行空间匹配，并记录地图源、版本、匹配方法和边界距离；否则保留缺失。,true
ITER|rec-aee0950f8245b4a6b597f10b7243415612e4b45287ae44c7dce57121d87a6d8c|GEOLOGIC_CONTEXT_MISSING|matched_geologic_unit|,rec-aee0950f8245b4a6b597f10b7243415612e4b45287ae44c7dce57121d87a6d8c,norway-marchem,D2,info,review_required,GEOLOGIC_CONTEXT_MISSING,matched_geologic_unit,,记录没有来源直报或空间匹配的地质单元。,在比例尺与边界不确定性允许时执行空间匹配，并记录地图源、版本、匹配方法和边界距离；否则保留缺失。,true
ITER|rec-aee9217bffb5dba6a00664f86713eff2b0187a2dcd51ede83748b11f4cc9f6d9|GEOLOGIC_CONTEXT_MISSING|matched_geologic_unit|,rec-aee9217bffb5dba6a00664f86713eff2b0187a2dcd51ede83748b11f4cc9f6d9,foregs-topsoil,D2,info,review_required,GEOLOGIC_CONTEXT_MISSING,matched_geologic_unit,,记录没有来源直报或空间匹配的地质单元。,在比例尺与边界不确定性允许时执行空间匹配，并记录地图源、版本、匹配方法和边界距离；否则保留缺失。,true
ITER|rec-aee9fa3b5a733dcda80ec2e4a65796f42e9bc7ef36dd1edf8501c06880c1597b|GEOLOGIC_CONTEXT_MISSING|matched_geologic_unit|,rec-aee9fa3b5a733dcda80ec2e4a65796f42e9bc7ef36dd1edf8501c06880c1597b,foregs-stream-water,D2,info,review_required,GEOLOGIC_CONTEXT_MISSING,matched_geologic_unit,,记录没有来源直报或空间匹配的地质单元。,在比例尺与边界不确定性允许时执行空间匹配，并记录地图源、版本、匹配方法和边界距离；否则保留缺失。,true
ITER|rec-af9c6e60e442c7027392ea4cc0fd51bd327cd9744128c781ef711c59f8f1b250|ANALYTICAL_METHOD_MISSING|analytical_method|,rec-af9c6e60e442c7027392ea4cc0fd51bd327cd9744128c781ef711c59f8f1b250,georoc-archaean,D1,warning,action_required,ANALYTICAL_METHOD_MISSING,analytical_method,,分析方法证据缺失，跨来源浓度与元素组合不可可靠比较。,回查数据字典、方法论文或记录级元数据；同时绑定 method_source_locator，未找到时保留缺失原因。,true
ITER|rec-af9c6e60e442c7027392ea4cc0fd51bd327cd9744128c781ef711c59f8f1b250|COORDINATE_UNUSABLE|latitude%2Clongitude|%2C,rec-af9c6e60e442c7027392ea4cc0fd51bd327cd9744128c781ef711c59f8f1b250,georoc-archaean,D1,error,action_required,COORDINATE_UNUSABLE,"latitude,longitude",",",WGS84 坐标缺失、非数值或超出合法范围，因此不能上图。,从原始来源恢复坐标与 CRS；若只提供区域名称，保留缺失并记录原因，不得填区域质心。,true
ITER|rec-af9c6e60e442c7027392ea4cc0fd51bd327cd9744128c781ef711c59f8f1b250|GEOLOGIC_CONTEXT_MISSING|matched_geologic_unit|,rec-af9c6e60e442c7027392ea4cc0fd51bd327cd9744128c781ef711c59f8f1b250,georoc-archaean,D2,info,review_required,GEOLOGIC_CONTEXT_MISSING,matched_geologic_unit,,记录没有来源直报或空间匹配的地质单元。,在比例尺与边界不确定性允许时执行空间匹配，并记录地图源、版本、匹配方法和边界距离；否则保留缺失。,true
ITER|rec-afc3efe7a28421a467493346a6f4cd0d33697f51e4b3032de2f9be6d18d8198d|GEOLOGIC_CONTEXT_MISSING|matched_geologic_unit|,rec-afc3efe7a28421a467493346a6f4cd0d33697f51e4b3032de2f9be6d18d8198d,foregs-humus,D2,info,review_required,GEOLOGIC_CONTEXT_MISSING,matched_geologic_unit,,记录没有来源直报或空间匹配的地质单元。,在比例尺与边界不确定性允许时执行空间匹配，并记录地图源、版本、匹配方法和边界距离；否则保留缺失。,true
ITER|rec-b00f70f00a0fd51466a5f01e056e3c4ef1c70318e1ce0167d6509391bbf6a5e9|GEOLOGIC_CONTEXT_MISSING|matched_geologic_unit|,rec-b00f70f00a0fd51466a5f01e056e3c4ef1c70318e1ce0167d6509391bbf6a5e9,norway-marchem,D2,info,review_required,GEOLOGIC_CONTEXT_MISSING,matched_geologic_unit,,记录没有来源直报或空间匹配的地质单元。,在比例尺与边界不确定性允许时执行空间匹配，并记录地图源、版本、匹配方法和边界距离；否则保留缺失。,true
ITER|rec-b07afbf83b6faa629e11db917f771ddae5e0c457624c87712bcb7c07ee30e29b|CENSORED_OBSERVATION|censored|%3C,rec-b07afbf83b6faa629e11db917f771ddae5e0c457624c87712bcb7c07ee30e29b,gemstat-open-archive,D2,info,scientific_limit,CENSORED_OBSERVATION,censored,<,这是检出限/定量限约束的删失观测，不等同于零，也不自动视为采集失败。,保留原始 qualifier 与 censoring limit；默认从普通相关和异常筛查中排除，或使用明确的删失统计模型。,false
ITER|rec-b07afbf83b6faa629e11db917f771ddae5e0c457624c87712bcb7c07ee30e29b|GEOLOGIC_CONTEXT_MISSING|matched_geologic_unit|,rec-b07afbf83b6faa629e11db917f771ddae5e0c457624c87712bcb7c07ee30e29b,gemstat-open-archive,D2,info,review_required,GEOLOGIC_CONTEXT_MISSING,matched_geologic_unit,,记录没有来源直报或空间匹配的地质单元。,在比例尺与边界不确定性允许时执行空间匹配，并记录地图源、版本、匹配方法和边界距离；否则保留缺失。,true
ITER|rec-b080ff5b0dc6a1862084bd77f6f47cd5c12c10ac4eddc0f5ebcf27c388cbf348|GEOLOGIC_CONTEXT_MISSING|matched_geologic_unit|,rec-b080ff5b0dc6a1862084bd77f6f47cd5c12c10ac4eddc0f5ebcf27c388cbf348,norway-marchem,D2,info,review_required,GEOLOGIC_CONTEXT_MISSING,matched_geologic_unit,,记录没有来源直报或空间匹配的地质单元。,在比例尺与边界不确定性允许时执行空间匹配，并记录地图源、版本、匹配方法和边界距离；否则保留缺失。,true
ITER|rec-b084c656b60f6d6e9a75e8b070f4e4aff21be5760d8d08213f7da000457fd632|GEOLOGIC_CONTEXT_MISSING|matched_geologic_unit|,rec-b084c656b60f6d6e9a75e8b070f4e4aff21be5760d8d08213f7da000457fd632,norway-marchem,D2,info,review_required,GEOLOGIC_CONTEXT_MISSING,matched_geologic_unit,,记录没有来源直报或空间匹配的地质单元。,在比例尺与边界不确定性允许时执行空间匹配，并记录地图源、版本、匹配方法和边界距离；否则保留缺失。,true
ITER|rec-b093c46d587d706f3af7c3059907593d913a1970ff20ac07344b15a03de1f317|GEOLOGIC_CONTEXT_MISSING|matched_geologic_unit|,rec-b093c46d587d706f3af7c3059907593d913a1970ff20ac07344b15a03de1f317,foregs-humus,D2,info,review_required,GEOLOGIC_CONTEXT_MISSING,matched_geologic_unit,,记录没有来源直报或空间匹配的地质单元。,在比例尺与边界不确定性允许时执行空间匹配，并记录地图源、版本、匹配方法和边界距离；否则保留缺失。,true
ITER|rec-b0eb84dd67db6ef0d57c5d76955d982c45c3b863d536dc9e09993a342aa9bcc3|GEOLOGIC_CONTEXT_MISSING|matched_geologic_unit|,rec-b0eb84dd67db6ef0d57c5d76955d982c45c3b863d536dc9e09993a342aa9bcc3,foregs-stream-water,D2,info,review_required,GEOLOGIC_CONTEXT_MISSING,matched_geologic_unit,,记录没有来源直报或空间匹配的地质单元。,在比例尺与边界不确定性允许时执行空间匹配，并记录地图源、版本、匹配方法和边界距离；否则保留缺失。,true
ITER|rec-b227c47c3bfc7de8d7e86bc95d9b372c575456a4d5eb75eeb4b77272dca8874a|GEOLOGIC_CONTEXT_MISSING|matched_geologic_unit|,rec-b227c47c3bfc7de8d7e86bc95d9b372c575456a4d5eb75eeb4b77272dca8874a,norway-marchem,D2,info,review_required,GEOLOGIC_CONTEXT_MISSING,matched_geologic_unit,,记录没有来源直报或空间匹配的地质单元。,在比例尺与边界不确定性允许时执行空间匹配，并记录地图源、版本、匹配方法和边界距离；否则保留缺失。,true
ITER|rec-b25a9af3fe8659f239bb95ebae783f56594410c78c4a0223b319b6a3f36dafab|GEOLOGIC_CONTEXT_MISSING|matched_geologic_unit|,rec-b25a9af3fe8659f239bb95ebae783f56594410c78c4a0223b319b6a3f36dafab,us-wqp-sacramento-river-arsenic,D2,info,review_required,GEOLOGIC_CONTEXT_MISSING,matched_geologic_unit,,记录没有来源直报或空间匹配的地质单元。,在比例尺与边界不确定性允许时执行空间匹配，并记录地图源、版本、匹配方法和边界距离；否则保留缺失。,true
ITER|rec-b27b76c1313569823db14f1ffce183da99525fbc4b495d5dac716bd30ad4f214|ANALYTICAL_METHOD_MISSING|analytical_method|,rec-b27b76c1313569823db14f1ffce183da99525fbc4b495d5dac716bd30ad4f214,japan-gsj-geochemical-map,D1,warning,action_required,ANALYTICAL_METHOD_MISSING,analytical_method,,分析方法证据缺失，跨来源浓度与元素组合不可可靠比较。,回查数据字典、方法论文或记录级元数据；同时绑定 method_source_locator，未找到时保留缺失原因。,true
ITER|rec-b27b76c1313569823db14f1ffce183da99525fbc4b495d5dac716bd30ad4f214|GEOLOGIC_CONTEXT_MISSING|matched_geologic_unit|,rec-b27b76c1313569823db14f1ffce183da99525fbc4b495d5dac716bd30ad4f214,japan-gsj-geochemical-map,D2,info,review_required,GEOLOGIC_CONTEXT_MISSING,matched_geologic_unit,,记录没有来源直报或空间匹配的地质单元。,在比例尺与边界不确定性允许时执行空间匹配，并记录地图源、版本、匹配方法和边界距离；否则保留缺失。,true
ITER|rec-b2db0deb4cc1d0e8eee44fe3d1fc8f180300d8c9783aa5bdb616fedd43166463|GEOLOGIC_CONTEXT_MISSING|matched_geologic_unit|,rec-b2db0deb4cc1d0e8eee44fe3d1fc8f180300d8c9783aa5bdb616fedd43166463,foregs-floodplain-sediment,D2,info,review_required,GEOLOGIC_CONTEXT_MISSING,matched_geologic_unit,,记录没有来源直报或空间匹配的地质单元。,在比例尺与边界不确定性允许时执行空间匹配，并记录地图源、版本、匹配方法和边界距离；否则保留缺失。,true
ITER|rec-b2f300b08bf95b6bf1967c1006dd20a967e127edecce1c91c6aad9304e70bb15|GEOLOGIC_CONTEXT_MISSING|matched_geologic_unit|,rec-b2f300b08bf95b6bf1967c1006dd20a967e127edecce1c91c6aad9304e70bb15,foregs-floodplain-sediment,D2,info,review_required,GEOLOGIC_CONTEXT_MISSING,matched_geologic_unit,,记录没有来源直报或空间匹配的地质单元。,在比例尺与边界不确定性允许时执行空间匹配，并记录地图源、版本、匹配方法和边界距离；否则保留缺失。,true
ITER|rec-b3343f3aafb31a5bbaeb998bd2bdaa145ba4ed52a59fcbf2c54a4601dea2d06a|GEOLOGIC_CONTEXT_MISSING|matched_geologic_unit|,rec-b3343f3aafb31a5bbaeb998bd2bdaa145ba4ed52a59fcbf2c54a4601dea2d06a,foregs-stream-water,D2,info,review_required,GEOLOGIC_CONTEXT_MISSING,matched_geologic_unit,,记录没有来源直报或空间匹配的地质单元。,在比例尺与边界不确定性允许时执行空间匹配，并记录地图源、版本、匹配方法和边界距离；否则保留缺失。,true
ITER|rec-b33826cac1a70bf08537772e97be924f436a848c9b2e47f233efcf3c34f4eae3|GEOLOGIC_CONTEXT_MISSING|matched_geologic_unit|,rec-b33826cac1a70bf08537772e97be924f436a848c9b2e47f233efcf3c34f4eae3,foregs-topsoil,D2,info,review_required,GEOLOGIC_CONTEXT_MISSING,matched_geologic_unit,,记录没有来源直报或空间匹配的地质单元。,在比例尺与边界不确定性允许时执行空间匹配，并记录地图源、版本、匹配方法和边界距离；否则保留缺失。,true
ITER|rec-b4577223cee128ed346bf2f3fc76350fc7ba363ec89b903fd3720a5774731e82|GEOLOGIC_CONTEXT_MISSING|matched_geologic_unit|,rec-b4577223cee128ed346bf2f3fc76350fc7ba363ec89b903fd3720a5774731e82,us-wqp-sacramento-river-arsenic,D2,info,review_required,GEOLOGIC_CONTEXT_MISSING,matched_geologic_unit,,记录没有来源直报或空间匹配的地质单元。,在比例尺与边界不确定性允许时执行空间匹配，并记录地图源、版本、匹配方法和边界距离；否则保留缺失。,true
ITER|rec-b5b0e0b88e77b651097a11e83288f9a942222107a48dfd26d363fbb1fbdfdfbb|ANALYTICAL_METHOD_MISSING|analytical_method|,rec-b5b0e0b88e77b651097a11e83288f9a942222107a48dfd26d363fbb1fbdfdfbb,usgs-conus-soil,D1,warning,action_required,ANALYTICAL_METHOD_MISSING,analytical_method,,分析方法证据缺失，跨来源浓度与元素组合不可可靠比较。,回查数据字典、方法论文或记录级元数据；同时绑定 method_source_locator，未找到时保留缺失原因。,true
ITER|rec-b5b0e0b88e77b651097a11e83288f9a942222107a48dfd26d363fbb1fbdfdfbb|GEOLOGIC_CONTEXT_MISSING|matched_geologic_unit|,rec-b5b0e0b88e77b651097a11e83288f9a942222107a48dfd26d363fbb1fbdfdfbb,usgs-conus-soil,D2,info,review_required,GEOLOGIC_CONTEXT_MISSING,matched_geologic_unit,,记录没有来源直报或空间匹配的地质单元。,在比例尺与边界不确定性允许时执行空间匹配，并记录地图源、版本、匹配方法和边界距离；否则保留缺失。,true
ITER|rec-b5b93e3f23a43723d681de4375907a13bf88ed4d563ba6962eeefba6b48e070f|ANALYTICAL_METHOD_MISSING|analytical_method|,rec-b5b93e3f23a43723d681de4375907a13bf88ed4d563ba6962eeefba6b48e070f,japan-gsj-geochemical-map,D1,warning,action_required,ANALYTICAL_METHOD_MISSING,analytical_method,,分析方法证据缺失，跨来源浓度与元素组合不可可靠比较。,回查数据字典、方法论文或记录级元数据；同时绑定 method_source_locator，未找到时保留缺失原因。,true
ITER|rec-b5b93e3f23a43723d681de4375907a13bf88ed4d563ba6962eeefba6b48e070f|GEOLOGIC_CONTEXT_MISSING|matched_geologic_unit|,rec-b5b93e3f23a43723d681de4375907a13bf88ed4d563ba6962eeefba6b48e070f,japan-gsj-geochemical-map,D2,info,review_required,GEOLOGIC_CONTEXT_MISSING,matched_geologic_unit,,记录没有来源直报或空间匹配的地质单元。,在比例尺与边界不确定性允许时执行空间匹配，并记录地图源、版本、匹配方法和边界距离；否则保留缺失。,true
ITER|rec-b5fa2c8dd81423b1ac5997e7698f6e71817c972641bc6828e7bc031f5e4d656e|GEOLOGIC_CONTEXT_MISSING|matched_geologic_unit|,rec-b5fa2c8dd81423b1ac5997e7698f6e71817c972641bc6828e7bc031f5e4d656e,foregs-humus,D2,info,review_required,GEOLOGIC_CONTEXT_MISSING,matched_geologic_unit,,记录没有来源直报或空间匹配的地质单元。,在比例尺与边界不确定性允许时执行空间匹配，并记录地图源、版本、匹配方法和边界距离；否则保留缺失。,true
ITER|rec-b67fa681e07fadf2c546537efc05944bf5c001867c485c029fe9a4152a03bf5f|GEOLOGIC_CONTEXT_MISSING|matched_geologic_unit|,rec-b67fa681e07fadf2c546537efc05944bf5c001867c485c029fe9a4152a03bf5f,gemstat-open-archive,D2,info,review_required,GEOLOGIC_CONTEXT_MISSING,matched_geologic_unit,,记录没有来源直报或空间匹配的地质单元。,在比例尺与边界不确定性允许时执行空间匹配，并记录地图源、版本、匹配方法和边界距离；否则保留缺失。,true
ITER|rec-b67fa681e07fadf2c546537efc05944bf5c001867c485c029fe9a4152a03bf5f|NORMALIZATION_FAILED|normalized_value|,rec-b67fa681e07fadf2c546537efc05944bf5c001867c485c029fe9a4152a03bf5f,gemstat-open-archive,D2,error,action_required,NORMALIZATION_FAILED,normalized_value,,非删失测定没有可用标准值。,检查原值解析、单位词表、物质基准和换算公式；不能证明可换算时保留失败状态，不得猜值。,true
ITER|rec-b694056e9b95882888757ad667444cbff14e7de1894d90b3eced2ea7cda2671c|ANALYTICAL_METHOD_MISSING|analytical_method|,rec-b694056e9b95882888757ad667444cbff14e7de1894d90b3eced2ea7cda2671c,japan-gsj-geochemical-map,D1,warning,action_required,ANALYTICAL_METHOD_MISSING,analytical_method,,分析方法证据缺失，跨来源浓度与元素组合不可可靠比较。,回查数据字典、方法论文或记录级元数据；同时绑定 method_source_locator，未找到时保留缺失原因。,true
ITER|rec-b694056e9b95882888757ad667444cbff14e7de1894d90b3eced2ea7cda2671c|GEOLOGIC_CONTEXT_MISSING|matched_geologic_unit|,rec-b694056e9b95882888757ad667444cbff14e7de1894d90b3eced2ea7cda2671c,japan-gsj-geochemical-map,D2,info,review_required,GEOLOGIC_CONTEXT_MISSING,matched_geologic_unit,,记录没有来源直报或空间匹配的地质单元。,在比例尺与边界不确定性允许时执行空间匹配，并记录地图源、版本、匹配方法和边界距离；否则保留缺失。,true
ITER|rec-b6b3db44ea7e230bf4fac3e2e512d4bf878cf0b07c77701b5b21919417e8c6db|GEOLOGIC_CONTEXT_MISSING|matched_geologic_unit|,rec-b6b3db44ea7e230bf4fac3e2e512d4bf878cf0b07c77701b5b21919417e8c6db,foregs-stream-water,D2,info,review_required,GEOLOGIC_CONTEXT_MISSING,matched_geologic_unit,,记录没有来源直报或空间匹配的地质单元。,在比例尺与边界不确定性允许时执行空间匹配，并记录地图源、版本、匹配方法和边界距离；否则保留缺失。,true
ITER|rec-b713fb92ef6f69b063d55bde4b01030a9dab2b1d934be5bf7c18f4ab13f3e6e3|COORDINATE_UNUSABLE|latitude%2Clongitude|%2C,rec-b713fb92ef6f69b063d55bde4b01030a9dab2b1d934be5bf7c18f4ab13f3e6e3,afsis-phase-i-wet-chemistry,D1,error,action_required,COORDINATE_UNUSABLE,"latitude,longitude",",",WGS84 坐标缺失、非数值或超出合法范围，因此不能上图。,从原始来源恢复坐标与 CRS；若只提供区域名称，保留缺失并记录原因，不得填区域质心。,true
ITER|rec-b713fb92ef6f69b063d55bde4b01030a9dab2b1d934be5bf7c18f4ab13f3e6e3|GEOLOGIC_CONTEXT_MISSING|matched_geologic_unit|,rec-b713fb92ef6f69b063d55bde4b01030a9dab2b1d934be5bf7c18f4ab13f3e6e3,afsis-phase-i-wet-chemistry,D2,info,review_required,GEOLOGIC_CONTEXT_MISSING,matched_geologic_unit,,记录没有来源直报或空间匹配的地质单元。,在比例尺与边界不确定性允许时执行空间匹配，并记录地图源、版本、匹配方法和边界距离；否则保留缺失。,true
ITER|rec-b73a5bae96f59d1f69e513ceb3a86f98a8095f55a0e10162df11849fc377cc07|GEOLOGIC_CONTEXT_MISSING|matched_geologic_unit|,rec-b73a5bae96f59d1f69e513ceb3a86f98a8095f55a0e10162df11849fc377cc07,us-wqp-sacramento-river-arsenic,D2,info,review_required,GEOLOGIC_CONTEXT_MISSING,matched_geologic_unit,,记录没有来源直报或空间匹配的地质单元。,在比例尺与边界不确定性允许时执行空间匹配，并记录地图源、版本、匹配方法和边界距离；否则保留缺失。,true
ITER|rec-b7b8becca1c0044f302f0a27dd7ad93bc3a661d32b7f2ebce0ee0d92e9d92787|CENSORED_OBSERVATION|censored|%3C,rec-b7b8becca1c0044f302f0a27dd7ad93bc3a661d32b7f2ebce0ee0d92e9d92787,norway-marchem,D2,info,scientific_limit,CENSORED_OBSERVATION,censored,<,这是检出限/定量限约束的删失观测，不等同于零，也不自动视为采集失败。,保留原始 qualifier 与 censoring limit；默认从普通相关和异常筛查中排除，或使用明确的删失统计模型。,false
ITER|rec-b7b8becca1c0044f302f0a27dd7ad93bc3a661d32b7f2ebce0ee0d92e9d92787|GEOLOGIC_CONTEXT_MISSING|matched_geologic_unit|,rec-b7b8becca1c0044f302f0a27dd7ad93bc3a661d32b7f2ebce0ee0d92e9d92787,norway-marchem,D2,info,review_required,GEOLOGIC_CONTEXT_MISSING,matched_geologic_unit,,记录没有来源直报或空间匹配的地质单元。,在比例尺与边界不确定性允许时执行空间匹配，并记录地图源、版本、匹配方法和边界距离；否则保留缺失。,true
ITER|rec-b80ac84c049007013409ea1ff39a3c133e293ba58bd0aa607d5d8849d6393f38|GEOLOGIC_CONTEXT_MISSING|matched_geologic_unit|,rec-b80ac84c049007013409ea1ff39a3c133e293ba58bd0aa607d5d8849d6393f38,foregs-floodplain-sediment,D2,info,review_required,GEOLOGIC_CONTEXT_MISSING,matched_geologic_unit,,记录没有来源直报或空间匹配的地质单元。,在比例尺与边界不确定性允许时执行空间匹配，并记录地图源、版本、匹配方法和边界距离；否则保留缺失。,true
ITER|rec-b8401e5f601e9966f7491d2dd0fac1c78e987a5ebb0d5333f2a6ca1182b22904|GEOLOGIC_CONTEXT_MISSING|matched_geologic_unit|,rec-b8401e5f601e9966f7491d2dd0fac1c78e987a5ebb0d5333f2a6ca1182b22904,foregs-stream-water,D2,info,review_required,GEOLOGIC_CONTEXT_MISSING,matched_geologic_unit,,记录没有来源直报或空间匹配的地质单元。,在比例尺与边界不确定性允许时执行空间匹配，并记录地图源、版本、匹配方法和边界距离；否则保留缺失。,true
ITER|rec-b89fa5239c1f7abe0d7db6e0032f9b0fc4728f1feba3bec3c1ebcc7892a0f5c1|GEOLOGIC_CONTEXT_MISSING|matched_geologic_unit|,rec-b89fa5239c1f7abe0d7db6e0032f9b0fc4728f1feba3bec3c1ebcc7892a0f5c1,foregs-stream-sediment,D2,info,review_required,GEOLOGIC_CONTEXT_MISSING,matched_geologic_unit,,记录没有来源直报或空间匹配的地质单元。,在比例尺与边界不确定性允许时执行空间匹配，并记录地图源、版本、匹配方法和边界距离；否则保留缺失。,true
ITER|rec-b8d97efb876ad5b77ddb68d08f291c4d5dd31061f78a13432ab9cc8d4009366b|ANALYTICAL_METHOD_MISSING|analytical_method|,rec-b8d97efb876ad5b77ddb68d08f291c4d5dd31061f78a13432ab9cc8d4009366b,usgs-conus-soil,D1,warning,action_required,ANALYTICAL_METHOD_MISSING,analytical_method,,分析方法证据缺失，跨来源浓度与元素组合不可可靠比较。,回查数据字典、方法论文或记录级元数据；同时绑定 method_source_locator，未找到时保留缺失原因。,true
ITER|rec-b8d97efb876ad5b77ddb68d08f291c4d5dd31061f78a13432ab9cc8d4009366b|GEOLOGIC_CONTEXT_MISSING|matched_geologic_unit|,rec-b8d97efb876ad5b77ddb68d08f291c4d5dd31061f78a13432ab9cc8d4009366b,usgs-conus-soil,D2,info,review_required,GEOLOGIC_CONTEXT_MISSING,matched_geologic_unit,,记录没有来源直报或空间匹配的地质单元。,在比例尺与边界不确定性允许时执行空间匹配，并记录地图源、版本、匹配方法和边界距离；否则保留缺失。,true
ITER|rec-b98eebb28dadfbc9538a2738edc9c3767a3ace62ae8f3e37a472bb27b2b3a174|GEOLOGIC_CONTEXT_MISSING|matched_geologic_unit|,rec-b98eebb28dadfbc9538a2738edc9c3767a3ace62ae8f3e37a472bb27b2b3a174,foregs-subsoil,D2,info,review_required,GEOLOGIC_CONTEXT_MISSING,matched_geologic_unit,,记录没有来源直报或空间匹配的地质单元。,在比例尺与边界不确定性允许时执行空间匹配，并记录地图源、版本、匹配方法和边界距离；否则保留缺失。,true
ITER|rec-bb78a3516362f336015e4b35f444a6b4e75717fdd402d8ad933bee5c04d31a7e|COORDINATE_UNUSABLE|latitude%2Clongitude|%2C,rec-bb78a3516362f336015e4b35f444a6b4e75717fdd402d8ad933bee5c04d31a7e,afsis-phase-i-wet-chemistry,D1,error,action_required,COORDINATE_UNUSABLE,"latitude,longitude",",",WGS84 坐标缺失、非数值或超出合法范围，因此不能上图。,从原始来源恢复坐标与 CRS；若只提供区域名称，保留缺失并记录原因，不得填区域质心。,true
ITER|rec-bb78a3516362f336015e4b35f444a6b4e75717fdd402d8ad933bee5c04d31a7e|GEOLOGIC_CONTEXT_MISSING|matched_geologic_unit|,rec-bb78a3516362f336015e4b35f444a6b4e75717fdd402d8ad933bee5c04d31a7e,afsis-phase-i-wet-chemistry,D2,info,review_required,GEOLOGIC_CONTEXT_MISSING,matched_geologic_unit,,记录没有来源直报或空间匹配的地质单元。,在比例尺与边界不确定性允许时执行空间匹配，并记录地图源、版本、匹配方法和边界距离；否则保留缺失。,true
ITER|rec-bbcfa0efe40fd17ed885e1a5daf6b668f1180546ead3d77072b740e2493fc3f1|GEOLOGIC_CONTEXT_MISSING|matched_geologic_unit|,rec-bbcfa0efe40fd17ed885e1a5daf6b668f1180546ead3d77072b740e2493fc3f1,foregs-floodplain-sediment,D2,info,review_required,GEOLOGIC_CONTEXT_MISSING,matched_geologic_unit,,记录没有来源直报或空间匹配的地质单元。,在比例尺与边界不确定性允许时执行空间匹配，并记录地图源、版本、匹配方法和边界距离；否则保留缺失。,true
ITER|rec-bc3352cf68a82f34a3eb90e6d104e0f3d0d5d06bf9209e69043dd11167602d6a|ANALYTICAL_METHOD_MISSING|analytical_method|,rec-bc3352cf68a82f34a3eb90e6d104e0f3d0d5d06bf9209e69043dd11167602d6a,georoc-archaean,D1,warning,action_required,ANALYTICAL_METHOD_MISSING,analytical_method,,分析方法证据缺失，跨来源浓度与元素组合不可可靠比较。,回查数据字典、方法论文或记录级元数据；同时绑定 method_source_locator，未找到时保留缺失原因。,true
ITER|rec-bc3352cf68a82f34a3eb90e6d104e0f3d0d5d06bf9209e69043dd11167602d6a|COORDINATE_UNUSABLE|latitude%2Clongitude|%2C,rec-bc3352cf68a82f34a3eb90e6d104e0f3d0d5d06bf9209e69043dd11167602d6a,georoc-archaean,D1,error,action_required,COORDINATE_UNUSABLE,"latitude,longitude",",",WGS84 坐标缺失、非数值或超出合法范围，因此不能上图。,从原始来源恢复坐标与 CRS；若只提供区域名称，保留缺失并记录原因，不得填区域质心。,true
ITER|rec-bc3352cf68a82f34a3eb90e6d104e0f3d0d5d06bf9209e69043dd11167602d6a|GEOLOGIC_CONTEXT_MISSING|matched_geologic_unit|,rec-bc3352cf68a82f34a3eb90e6d104e0f3d0d5d06bf9209e69043dd11167602d6a,georoc-archaean,D2,info,review_required,GEOLOGIC_CONTEXT_MISSING,matched_geologic_unit,,记录没有来源直报或空间匹配的地质单元。,在比例尺与边界不确定性允许时执行空间匹配，并记录地图源、版本、匹配方法和边界距离；否则保留缺失。,true
ITER|rec-bc66c40ee1d99c87e106aa40e0c391596c1f6ee8798fe869a165deca596afda1|COORDINATE_UNUSABLE|latitude%2Clongitude|%2C,rec-bc66c40ee1d99c87e106aa40e0c391596c1f6ee8798fe869a165deca596afda1,afsis-phase-i-wet-chemistry,D1,error,action_required,COORDINATE_UNUSABLE,"latitude,longitude",",",WGS84 坐标缺失、非数值或超出合法范围，因此不能上图。,从原始来源恢复坐标与 CRS；若只提供区域名称，保留缺失并记录原因，不得填区域质心。,true
ITER|rec-bc66c40ee1d99c87e106aa40e0c391596c1f6ee8798fe869a165deca596afda1|GEOLOGIC_CONTEXT_MISSING|matched_geologic_unit|,rec-bc66c40ee1d99c87e106aa40e0c391596c1f6ee8798fe869a165deca596afda1,afsis-phase-i-wet-chemistry,D2,info,review_required,GEOLOGIC_CONTEXT_MISSING,matched_geologic_unit,,记录没有来源直报或空间匹配的地质单元。,在比例尺与边界不确定性允许时执行空间匹配，并记录地图源、版本、匹配方法和边界距离；否则保留缺失。,true
ITER|rec-bc8714bde708122fa6f1585c5abf65c18c6b48696b028e18018f09df8ac64b08|ANALYTICAL_METHOD_MISSING|analytical_method|,rec-bc8714bde708122fa6f1585c5abf65c18c6b48696b028e18018f09df8ac64b08,georoc-archaean,D1,warning,action_required,ANALYTICAL_METHOD_MISSING,analytical_method,,分析方法证据缺失，跨来源浓度与元素组合不可可靠比较。,回查数据字典、方法论文或记录级元数据；同时绑定 method_source_locator，未找到时保留缺失原因。,true
ITER|rec-bc8714bde708122fa6f1585c5abf65c18c6b48696b028e18018f09df8ac64b08|COORDINATE_UNUSABLE|latitude%2Clongitude|%2C,rec-bc8714bde708122fa6f1585c5abf65c18c6b48696b028e18018f09df8ac64b08,georoc-archaean,D1,error,action_required,COORDINATE_UNUSABLE,"latitude,longitude",",",WGS84 坐标缺失、非数值或超出合法范围，因此不能上图。,从原始来源恢复坐标与 CRS；若只提供区域名称，保留缺失并记录原因，不得填区域质心。,true
ITER|rec-bc8714bde708122fa6f1585c5abf65c18c6b48696b028e18018f09df8ac64b08|GEOLOGIC_CONTEXT_MISSING|matched_geologic_unit|,rec-bc8714bde708122fa6f1585c5abf65c18c6b48696b028e18018f09df8ac64b08,georoc-archaean,D2,info,review_required,GEOLOGIC_CONTEXT_MISSING,matched_geologic_unit,,记录没有来源直报或空间匹配的地质单元。,在比例尺与边界不确定性允许时执行空间匹配，并记录地图源、版本、匹配方法和边界距离；否则保留缺失。,true
ITER|rec-bca3691a3d2a2f30f6c7e9160f60ab9a613bc52f36f6bb0526a4cdc6e23e3e02|GEOLOGIC_CONTEXT_MISSING|matched_geologic_unit|,rec-bca3691a3d2a2f30f6c7e9160f60ab9a613bc52f36f6bb0526a4cdc6e23e3e02,foregs-subsoil,D2,info,review_required,GEOLOGIC_CONTEXT_MISSING,matched_geologic_unit,,记录没有来源直报或空间匹配的地质单元。,在比例尺与边界不确定性允许时执行空间匹配，并记录地图源、版本、匹配方法和边界距离；否则保留缺失。,true
ITER|rec-bd1abbd3b382bb630a370d59e1f3e36c156f1b44f78f55d935641efa820ea94f|GEOLOGIC_CONTEXT_MISSING|matched_geologic_unit|,rec-bd1abbd3b382bb630a370d59e1f3e36c156f1b44f78f55d935641efa820ea94f,norway-marchem,D2,info,review_required,GEOLOGIC_CONTEXT_MISSING,matched_geologic_unit,,记录没有来源直报或空间匹配的地质单元。,在比例尺与边界不确定性允许时执行空间匹配，并记录地图源、版本、匹配方法和边界距离；否则保留缺失。,true
ITER|rec-bd45616974fa1a53cd7d23f749368fc6f9b472e31e1c8f754d9a415fd9a6897d|GEOLOGIC_CONTEXT_MISSING|matched_geologic_unit|,rec-bd45616974fa1a53cd7d23f749368fc6f9b472e31e1c8f754d9a415fd9a6897d,foregs-stream-sediment,D2,info,review_required,GEOLOGIC_CONTEXT_MISSING,matched_geologic_unit,,记录没有来源直报或空间匹配的地质单元。,在比例尺与边界不确定性允许时执行空间匹配，并记录地图源、版本、匹配方法和边界距离；否则保留缺失。,true
ITER|rec-bd539665884fd9340206acc0cec4942ce2b0285ee1707eff72ae1bc8623eecc9|GEOLOGIC_CONTEXT_MISSING|matched_geologic_unit|,rec-bd539665884fd9340206acc0cec4942ce2b0285ee1707eff72ae1bc8623eecc9,pangaea-north-africa-soil,D2,info,review_required,GEOLOGIC_CONTEXT_MISSING,matched_geologic_unit,,记录没有来源直报或空间匹配的地质单元。,在比例尺与边界不确定性允许时执行空间匹配，并记录地图源、版本、匹配方法和边界距离；否则保留缺失。,true
ITER|rec-bd7aa86277373b64e38794d92a48b01bd3b41756676ec8bd71e8fe357738d50e|ANALYTICAL_METHOD_MISSING|analytical_method|,rec-bd7aa86277373b64e38794d92a48b01bd3b41756676ec8bd71e8fe357738d50e,usgs-conus-soil,D1,warning,action_required,ANALYTICAL_METHOD_MISSING,analytical_method,,分析方法证据缺失，跨来源浓度与元素组合不可可靠比较。,回查数据字典、方法论文或记录级元数据；同时绑定 method_source_locator，未找到时保留缺失原因。,true
ITER|rec-bd7aa86277373b64e38794d92a48b01bd3b41756676ec8bd71e8fe357738d50e|GEOLOGIC_CONTEXT_MISSING|matched_geologic_unit|,rec-bd7aa86277373b64e38794d92a48b01bd3b41756676ec8bd71e8fe357738d50e,usgs-conus-soil,D2,info,review_required,GEOLOGIC_CONTEXT_MISSING,matched_geologic_unit,,记录没有来源直报或空间匹配的地质单元。,在比例尺与边界不确定性允许时执行空间匹配，并记录地图源、版本、匹配方法和边界距离；否则保留缺失。,true
ITER|rec-bdec9cddeba65bd3c99d71ed2f4de8ba2d12c9333b6727543fd098b73f69f261|ANALYTICAL_METHOD_MISSING|analytical_method|,rec-bdec9cddeba65bd3c99d71ed2f4de8ba2d12c9333b6727543fd098b73f69f261,japan-gsj-geochemical-map,D1,warning,action_required,ANALYTICAL_METHOD_MISSING,analytical_method,,分析方法证据缺失，跨来源浓度与元素组合不可可靠比较。,回查数据字典、方法论文或记录级元数据；同时绑定 method_source_locator，未找到时保留缺失原因。,true
ITER|rec-bdec9cddeba65bd3c99d71ed2f4de8ba2d12c9333b6727543fd098b73f69f261|GEOLOGIC_CONTEXT_MISSING|matched_geologic_unit|,rec-bdec9cddeba65bd3c99d71ed2f4de8ba2d12c9333b6727543fd098b73f69f261,japan-gsj-geochemical-map,D2,info,review_required,GEOLOGIC_CONTEXT_MISSING,matched_geologic_unit,,记录没有来源直报或空间匹配的地质单元。,在比例尺与边界不确定性允许时执行空间匹配，并记录地图源、版本、匹配方法和边界距离；否则保留缺失。,true
ITER|rec-bee2b1b96c1e659247f860559b3821869924c0d7e509b6a01c67e37a0e182663|ANALYTICAL_METHOD_MISSING|analytical_method|,rec-bee2b1b96c1e659247f860559b3821869924c0d7e509b6a01c67e37a0e182663,japan-gsj-geochemical-map,D1,warning,action_required,ANALYTICAL_METHOD_MISSING,analytical_method,,分析方法证据缺失，跨来源浓度与元素组合不可可靠比较。,回查数据字典、方法论文或记录级元数据；同时绑定 method_source_locator，未找到时保留缺失原因。,true
ITER|rec-bee2b1b96c1e659247f860559b3821869924c0d7e509b6a01c67e37a0e182663|GEOLOGIC_CONTEXT_MISSING|matched_geologic_unit|,rec-bee2b1b96c1e659247f860559b3821869924c0d7e509b6a01c67e37a0e182663,japan-gsj-geochemical-map,D2,info,review_required,GEOLOGIC_CONTEXT_MISSING,matched_geologic_unit,,记录没有来源直报或空间匹配的地质单元。,在比例尺与边界不确定性允许时执行空间匹配，并记录地图源、版本、匹配方法和边界距离；否则保留缺失。,true
ITER|rec-befa01ee97e42f391931a1c154bcdc50f471928a2af1cd7d18a6875dca106a7d|GEOLOGIC_CONTEXT_MISSING|matched_geologic_unit|,rec-befa01ee97e42f391931a1c154bcdc50f471928a2af1cd7d18a6875dca106a7d,foregs-stream-sediment,D2,info,review_required,GEOLOGIC_CONTEXT_MISSING,matched_geologic_unit,,记录没有来源直报或空间匹配的地质单元。,在比例尺与边界不确定性允许时执行空间匹配，并记录地图源、版本、匹配方法和边界距离；否则保留缺失。,true
ITER|rec-befec849d09912a3a087c50ec3231d003e176cf9dda2304fee2f1b13f359e0b2|ANALYTICAL_METHOD_MISSING|analytical_method|,rec-befec849d09912a3a087c50ec3231d003e176cf9dda2304fee2f1b13f359e0b2,japan-gsj-geochemical-map,D1,warning,action_required,ANALYTICAL_METHOD_MISSING,analytical_method,,分析方法证据缺失，跨来源浓度与元素组合不可可靠比较。,回查数据字典、方法论文或记录级元数据；同时绑定 method_source_locator，未找到时保留缺失原因。,true
ITER|rec-befec849d09912a3a087c50ec3231d003e176cf9dda2304fee2f1b13f359e0b2|GEOLOGIC_CONTEXT_MISSING|matched_geologic_unit|,rec-befec849d09912a3a087c50ec3231d003e176cf9dda2304fee2f1b13f359e0b2,japan-gsj-geochemical-map,D2,info,review_required,GEOLOGIC_CONTEXT_MISSING,matched_geologic_unit,,记录没有来源直报或空间匹配的地质单元。,在比例尺与边界不确定性允许时执行空间匹配，并记录地图源、版本、匹配方法和边界距离；否则保留缺失。,true
ITER|rec-bf47995669b8b5b7a483ef6b9458744d82ddd8a5863a8b3ec7a03f830c53db76|GEOLOGIC_CONTEXT_MISSING|matched_geologic_unit|,rec-bf47995669b8b5b7a483ef6b9458744d82ddd8a5863a8b3ec7a03f830c53db76,foregs-stream-water,D2,info,review_required,GEOLOGIC_CONTEXT_MISSING,matched_geologic_unit,,记录没有来源直报或空间匹配的地质单元。,在比例尺与边界不确定性允许时执行空间匹配，并记录地图源、版本、匹配方法和边界距离；否则保留缺失。,true
ITER|rec-bf9e2882dd4a713eed917f71a5a786783dcfd40f5cbe7dc9db3ce47c59b77b96|GEOLOGIC_CONTEXT_MISSING|matched_geologic_unit|,rec-bf9e2882dd4a713eed917f71a5a786783dcfd40f5cbe7dc9db3ce47c59b77b96,foregs-topsoil,D2,info,review_required,GEOLOGIC_CONTEXT_MISSING,matched_geologic_unit,,记录没有来源直报或空间匹配的地质单元。,在比例尺与边界不确定性允许时执行空间匹配，并记录地图源、版本、匹配方法和边界距离；否则保留缺失。,true
ITER|rec-bfa94e91bd969dd75ed1d32fbd5ab3fe765821081b9385e22e8df62bf1478d72|COORDINATE_UNUSABLE|latitude%2Clongitude|%2C,rec-bfa94e91bd969dd75ed1d32fbd5ab3fe765821081b9385e22e8df62bf1478d72,afsis-phase-i-wet-chemistry,D1,error,action_required,COORDINATE_UNUSABLE,"latitude,longitude",",",WGS84 坐标缺失、非数值或超出合法范围，因此不能上图。,从原始来源恢复坐标与 CRS；若只提供区域名称，保留缺失并记录原因，不得填区域质心。,true
ITER|rec-bfa94e91bd969dd75ed1d32fbd5ab3fe765821081b9385e22e8df62bf1478d72|GEOLOGIC_CONTEXT_MISSING|matched_geologic_unit|,rec-bfa94e91bd969dd75ed1d32fbd5ab3fe765821081b9385e22e8df62bf1478d72,afsis-phase-i-wet-chemistry,D2,info,review_required,GEOLOGIC_CONTEXT_MISSING,matched_geologic_unit,,记录没有来源直报或空间匹配的地质单元。,在比例尺与边界不确定性允许时执行空间匹配，并记录地图源、版本、匹配方法和边界距离；否则保留缺失。,true
ITER|rec-bfbb5abb14dd5d5cd01d75574bbc4f8ab735b140e5feb2b7cf733ca4e9c2be88|CENSORED_OBSERVATION|censored|%3C,rec-bfbb5abb14dd5d5cd01d75574bbc4f8ab735b140e5feb2b7cf733ca4e9c2be88,gemstat-open-archive,D2,info,scientific_limit,CENSORED_OBSERVATION,censored,<,这是检出限/定量限约束的删失观测，不等同于零，也不自动视为采集失败。,保留原始 qualifier 与 censoring limit；默认从普通相关和异常筛查中排除，或使用明确的删失统计模型。,false
ITER|rec-bfbb5abb14dd5d5cd01d75574bbc4f8ab735b140e5feb2b7cf733ca4e9c2be88|GEOLOGIC_CONTEXT_MISSING|matched_geologic_unit|,rec-bfbb5abb14dd5d5cd01d75574bbc4f8ab735b140e5feb2b7cf733ca4e9c2be88,gemstat-open-archive,D2,info,review_required,GEOLOGIC_CONTEXT_MISSING,matched_geologic_unit,,记录没有来源直报或空间匹配的地质单元。,在比例尺与边界不确定性允许时执行空间匹配，并记录地图源、版本、匹配方法和边界距离；否则保留缺失。,true
ITER|rec-c02533d5ec8c20b6cd1f40a3c7fd73199fb6fae6533b8a6f0ea1744fdf9c79a1|GEOLOGIC_CONTEXT_MISSING|matched_geologic_unit|,rec-c02533d5ec8c20b6cd1f40a3c7fd73199fb6fae6533b8a6f0ea1744fdf9c79a1,foregs-stream-water,D2,info,review_required,GEOLOGIC_CONTEXT_MISSING,matched_geologic_unit,,记录没有来源直报或空间匹配的地质单元。,在比例尺与边界不确定性允许时执行空间匹配，并记录地图源、版本、匹配方法和边界距离；否则保留缺失。,true
ITER|rec-c051816f698f5b4389029dd5e96b295a646110166c7710606f96ecf78707eb4c|GEOLOGIC_CONTEXT_MISSING|matched_geologic_unit|,rec-c051816f698f5b4389029dd5e96b295a646110166c7710606f96ecf78707eb4c,foregs-humus,D2,info,review_required,GEOLOGIC_CONTEXT_MISSING,matched_geologic_unit,,记录没有来源直报或空间匹配的地质单元。,在比例尺与边界不确定性允许时执行空间匹配，并记录地图源、版本、匹配方法和边界距离；否则保留缺失。,true
ITER|rec-c0743acd6bcf3d76b1f44ceffe6706d140c1ded6e80c06e74248fbe37ccf517b|GEOLOGIC_CONTEXT_MISSING|matched_geologic_unit|,rec-c0743acd6bcf3d76b1f44ceffe6706d140c1ded6e80c06e74248fbe37ccf517b,foregs-humus,D2,info,review_required,GEOLOGIC_CONTEXT_MISSING,matched_geologic_unit,,记录没有来源直报或空间匹配的地质单元。,在比例尺与边界不确定性允许时执行空间匹配，并记录地图源、版本、匹配方法和边界距离；否则保留缺失。,true
ITER|rec-c0816caa34ceebd8c5c81253500e537c693c97c19eaabef61f19072a49cafa9d|COORDINATE_UNUSABLE|latitude%2Clongitude|%2C,rec-c0816caa34ceebd8c5c81253500e537c693c97c19eaabef61f19072a49cafa9d,afsis-phase-i-wet-chemistry,D1,error,action_required,COORDINATE_UNUSABLE,"latitude,longitude",",",WGS84 坐标缺失、非数值或超出合法范围，因此不能上图。,从原始来源恢复坐标与 CRS；若只提供区域名称，保留缺失并记录原因，不得填区域质心。,true
ITER|rec-c0816caa34ceebd8c5c81253500e537c693c97c19eaabef61f19072a49cafa9d|GEOLOGIC_CONTEXT_MISSING|matched_geologic_unit|,rec-c0816caa34ceebd8c5c81253500e537c693c97c19eaabef61f19072a49cafa9d,afsis-phase-i-wet-chemistry,D2,info,review_required,GEOLOGIC_CONTEXT_MISSING,matched_geologic_unit,,记录没有来源直报或空间匹配的地质单元。,在比例尺与边界不确定性允许时执行空间匹配，并记录地图源、版本、匹配方法和边界距离；否则保留缺失。,true
ITER|rec-c09929fbff872f767bbc1bc8442b340f312cd527766912e37370e0d1fb1bbaa2|ANALYTICAL_METHOD_MISSING|analytical_method|,rec-c09929fbff872f767bbc1bc8442b340f312cd527766912e37370e0d1fb1bbaa2,usgs-conus-soil,D1,warning,action_required,ANALYTICAL_METHOD_MISSING,analytical_method,,分析方法证据缺失，跨来源浓度与元素组合不可可靠比较。,回查数据字典、方法论文或记录级元数据；同时绑定 method_source_locator，未找到时保留缺失原因。,true
ITER|rec-c09929fbff872f767bbc1bc8442b340f312cd527766912e37370e0d1fb1bbaa2|GEOLOGIC_CONTEXT_MISSING|matched_geologic_unit|,rec-c09929fbff872f767bbc1bc8442b340f312cd527766912e37370e0d1fb1bbaa2,usgs-conus-soil,D2,info,review_required,GEOLOGIC_CONTEXT_MISSING,matched_geologic_unit,,记录没有来源直报或空间匹配的地质单元。,在比例尺与边界不确定性允许时执行空间匹配，并记录地图源、版本、匹配方法和边界距离；否则保留缺失。,true
ITER|rec-c11b5f34746825091cd3688171d4a58dd948d18dcc602e9ba6b58a6f670ec625|GEOLOGIC_CONTEXT_MISSING|matched_geologic_unit|,rec-c11b5f34746825091cd3688171d4a58dd948d18dcc602e9ba6b58a6f670ec625,us-wqp-sacramento-river-arsenic,D2,info,review_required,GEOLOGIC_CONTEXT_MISSING,matched_geologic_unit,,记录没有来源直报或空间匹配的地质单元。,在比例尺与边界不确定性允许时执行空间匹配，并记录地图源、版本、匹配方法和边界距离；否则保留缺失。,true
ITER|rec-c2a62a2cf309b67d938f3e9bc7707ae4d30837eb6f1bdb9ef246a514395948a1|GEOLOGIC_CONTEXT_MISSING|matched_geologic_unit|,rec-c2a62a2cf309b67d938f3e9bc7707ae4d30837eb6f1bdb9ef246a514395948a1,pangaea-north-africa-soil,D2,info,review_required,GEOLOGIC_CONTEXT_MISSING,matched_geologic_unit,,记录没有来源直报或空间匹配的地质单元。,在比例尺与边界不确定性允许时执行空间匹配，并记录地图源、版本、匹配方法和边界距离；否则保留缺失。,true
ITER|rec-c2ca8253bab5a3a8f1ce9a551c6ea7e391e2361b6b69c3d66c8f008b664915aa|GEOLOGIC_CONTEXT_MISSING|matched_geologic_unit|,rec-c2ca8253bab5a3a8f1ce9a551c6ea7e391e2361b6b69c3d66c8f008b664915aa,us-wqp-sacramento-river-arsenic,D2,info,review_required,GEOLOGIC_CONTEXT_MISSING,matched_geologic_unit,,记录没有来源直报或空间匹配的地质单元。,在比例尺与边界不确定性允许时执行空间匹配，并记录地图源、版本、匹配方法和边界距离；否则保留缺失。,true
ITER|rec-c330938bb346f664969cdf9561b568c17b5cea13be621b8696d84b0ed190bf0d|CENSORED_OBSERVATION|censored|%3C,rec-c330938bb346f664969cdf9561b568c17b5cea13be621b8696d84b0ed190bf0d,gemstat-open-archive,D2,info,scientific_limit,CENSORED_OBSERVATION,censored,<,这是检出限/定量限约束的删失观测，不等同于零，也不自动视为采集失败。,保留原始 qualifier 与 censoring limit；默认从普通相关和异常筛查中排除，或使用明确的删失统计模型。,false
ITER|rec-c330938bb346f664969cdf9561b568c17b5cea13be621b8696d84b0ed190bf0d|GEOLOGIC_CONTEXT_MISSING|matched_geologic_unit|,rec-c330938bb346f664969cdf9561b568c17b5cea13be621b8696d84b0ed190bf0d,gemstat-open-archive,D2,info,review_required,GEOLOGIC_CONTEXT_MISSING,matched_geologic_unit,,记录没有来源直报或空间匹配的地质单元。,在比例尺与边界不确定性允许时执行空间匹配，并记录地图源、版本、匹配方法和边界距离；否则保留缺失。,true
ITER|rec-c457bca3e324224c3cca6b583642c7579c6bb8cc10cf928895fc64d333eb7ec3|GEOLOGIC_CONTEXT_MISSING|matched_geologic_unit|,rec-c457bca3e324224c3cca6b583642c7579c6bb8cc10cf928895fc64d333eb7ec3,foregs-topsoil,D2,info,review_required,GEOLOGIC_CONTEXT_MISSING,matched_geologic_unit,,记录没有来源直报或空间匹配的地质单元。,在比例尺与边界不确定性允许时执行空间匹配，并记录地图源、版本、匹配方法和边界距离；否则保留缺失。,true
ITER|rec-c46d7d46165c3f5c77ae093e39670c7221ec190dbe2a7cba7efcf892c6a7cbb7|GEOLOGIC_CONTEXT_MISSING|matched_geologic_unit|,rec-c46d7d46165c3f5c77ae093e39670c7221ec190dbe2a7cba7efcf892c6a7cbb7,foregs-subsoil,D2,info,review_required,GEOLOGIC_CONTEXT_MISSING,matched_geologic_unit,,记录没有来源直报或空间匹配的地质单元。,在比例尺与边界不确定性允许时执行空间匹配，并记录地图源、版本、匹配方法和边界距离；否则保留缺失。,true
ITER|rec-c48ea0c35398ec6e58a223c960360cf7fc47146fdf67877c15519e93e55e8c50|GEOLOGIC_CONTEXT_MISSING|matched_geologic_unit|,rec-c48ea0c35398ec6e58a223c960360cf7fc47146fdf67877c15519e93e55e8c50,geotraces-idp2025,D2,info,review_required,GEOLOGIC_CONTEXT_MISSING,matched_geologic_unit,,记录没有来源直报或空间匹配的地质单元。,在比例尺与边界不确定性允许时执行空间匹配，并记录地图源、版本、匹配方法和边界距离；否则保留缺失。,true
ITER|rec-c541a7c88e7c23fb428a722f460afda421688ad8cb7be39172c2095a679d1711|GEOLOGIC_CONTEXT_MISSING|matched_geologic_unit|,rec-c541a7c88e7c23fb428a722f460afda421688ad8cb7be39172c2095a679d1711,geotraces-idp2025,D2,info,review_required,GEOLOGIC_CONTEXT_MISSING,matched_geologic_unit,,记录没有来源直报或空间匹配的地质单元。,在比例尺与边界不确定性允许时执行空间匹配，并记录地图源、版本、匹配方法和边界距离；否则保留缺失。,true
ITER|rec-c5e3276b524da60ed73d49d35fbf7004597b5b1528a882d13c9b8aaa3e0c8b38|GEOLOGIC_CONTEXT_MISSING|matched_geologic_unit|,rec-c5e3276b524da60ed73d49d35fbf7004597b5b1528a882d13c9b8aaa3e0c8b38,foregs-stream-sediment,D2,info,review_required,GEOLOGIC_CONTEXT_MISSING,matched_geologic_unit,,记录没有来源直报或空间匹配的地质单元。,在比例尺与边界不确定性允许时执行空间匹配，并记录地图源、版本、匹配方法和边界距离；否则保留缺失。,true
ITER|rec-c5e9aa10f6f6084771cabe7086bc72230f3bca11ffae95781491499c4ea8406f|GEOLOGIC_CONTEXT_MISSING|matched_geologic_unit|,rec-c5e9aa10f6f6084771cabe7086bc72230f3bca11ffae95781491499c4ea8406f,foregs-floodplain-sediment,D2,info,review_required,GEOLOGIC_CONTEXT_MISSING,matched_geologic_unit,,记录没有来源直报或空间匹配的地质单元。,在比例尺与边界不确定性允许时执行空间匹配，并记录地图源、版本、匹配方法和边界距离；否则保留缺失。,true
ITER|rec-c5ecaba62171d5712b9600594467ec75593bb25a9396dffc4ff42d58482f1d12|GEOLOGIC_CONTEXT_MISSING|matched_geologic_unit|,rec-c5ecaba62171d5712b9600594467ec75593bb25a9396dffc4ff42d58482f1d12,geotraces-idp2025,D2,info,review_required,GEOLOGIC_CONTEXT_MISSING,matched_geologic_unit,,记录没有来源直报或空间匹配的地质单元。,在比例尺与边界不确定性允许时执行空间匹配，并记录地图源、版本、匹配方法和边界距离；否则保留缺失。,true
ITER|rec-c62ad4341691e09c208fd5c7a2e6ca16b349697910bb49d7355f89bf7679544a|GEOLOGIC_CONTEXT_MISSING|matched_geologic_unit|,rec-c62ad4341691e09c208fd5c7a2e6ca16b349697910bb49d7355f89bf7679544a,foregs-subsoil,D2,info,review_required,GEOLOGIC_CONTEXT_MISSING,matched_geologic_unit,,记录没有来源直报或空间匹配的地质单元。,在比例尺与边界不确定性允许时执行空间匹配，并记录地图源、版本、匹配方法和边界距离；否则保留缺失。,true
ITER|rec-c62fbdcd61e101d1dcbf6fbcdd5e1620a268e560ed503149975a93c3ef31a036|GEOLOGIC_CONTEXT_MISSING|matched_geologic_unit|,rec-c62fbdcd61e101d1dcbf6fbcdd5e1620a268e560ed503149975a93c3ef31a036,foregs-humus,D2,info,review_required,GEOLOGIC_CONTEXT_MISSING,matched_geologic_unit,,记录没有来源直报或空间匹配的地质单元。,在比例尺与边界不确定性允许时执行空间匹配，并记录地图源、版本、匹配方法和边界距离；否则保留缺失。,true
ITER|rec-c80b598a753c9402a39d0f3b4f1d98a94f3b4d9bc2331caee567f4731434c395|GEOLOGIC_CONTEXT_MISSING|matched_geologic_unit|,rec-c80b598a753c9402a39d0f3b4f1d98a94f3b4d9bc2331caee567f4731434c395,foregs-floodplain-sediment,D2,info,review_required,GEOLOGIC_CONTEXT_MISSING,matched_geologic_unit,,记录没有来源直报或空间匹配的地质单元。,在比例尺与边界不确定性允许时执行空间匹配，并记录地图源、版本、匹配方法和边界距离；否则保留缺失。,true
ITER|rec-c80c00501a1b5ad0b41145281ca92d84c8841b41391a4e4dd93ba19ee6abf09e|CENSORED_OBSERVATION|censored|%3C,rec-c80c00501a1b5ad0b41145281ca92d84c8841b41391a4e4dd93ba19ee6abf09e,gemstat-open-archive,D2,info,scientific_limit,CENSORED_OBSERVATION,censored,<,这是检出限/定量限约束的删失观测，不等同于零，也不自动视为采集失败。,保留原始 qualifier 与 censoring limit；默认从普通相关和异常筛查中排除，或使用明确的删失统计模型。,false
ITER|rec-c80c00501a1b5ad0b41145281ca92d84c8841b41391a4e4dd93ba19ee6abf09e|GEOLOGIC_CONTEXT_MISSING|matched_geologic_unit|,rec-c80c00501a1b5ad0b41145281ca92d84c8841b41391a4e4dd93ba19ee6abf09e,gemstat-open-archive,D2,info,review_required,GEOLOGIC_CONTEXT_MISSING,matched_geologic_unit,,记录没有来源直报或空间匹配的地质单元。,在比例尺与边界不确定性允许时执行空间匹配，并记录地图源、版本、匹配方法和边界距离；否则保留缺失。,true
ITER|rec-c851b3ffcdfa59f6e33ee2dce05fc1d813ff9cebe032aa728d19f5d7bf0c90ca|GEOLOGIC_CONTEXT_MISSING|matched_geologic_unit|,rec-c851b3ffcdfa59f6e33ee2dce05fc1d813ff9cebe032aa728d19f5d7bf0c90ca,foregs-stream-sediment,D2,info,review_required,GEOLOGIC_CONTEXT_MISSING,matched_geologic_unit,,记录没有来源直报或空间匹配的地质单元。,在比例尺与边界不确定性允许时执行空间匹配，并记录地图源、版本、匹配方法和边界距离；否则保留缺失。,true
ITER|rec-c872063c71eb2134348550b2a346b17fba66046c007801558cd9ed51af535ba9|ANALYTICAL_METHOD_MISSING|analytical_method|,rec-c872063c71eb2134348550b2a346b17fba66046c007801558cd9ed51af535ba9,usgs-conus-soil,D1,warning,action_required,ANALYTICAL_METHOD_MISSING,analytical_method,,分析方法证据缺失，跨来源浓度与元素组合不可可靠比较。,回查数据字典、方法论文或记录级元数据；同时绑定 method_source_locator，未找到时保留缺失原因。,true
ITER|rec-c872063c71eb2134348550b2a346b17fba66046c007801558cd9ed51af535ba9|GEOLOGIC_CONTEXT_MISSING|matched_geologic_unit|,rec-c872063c71eb2134348550b2a346b17fba66046c007801558cd9ed51af535ba9,usgs-conus-soil,D2,info,review_required,GEOLOGIC_CONTEXT_MISSING,matched_geologic_unit,,记录没有来源直报或空间匹配的地质单元。,在比例尺与边界不确定性允许时执行空间匹配，并记录地图源、版本、匹配方法和边界距离；否则保留缺失。,true
ITER|rec-c8d0dec0ed4b6a3c3e7336cd8510571b31aba6ae3fd7249584c5c05170066807|GEOLOGIC_CONTEXT_MISSING|matched_geologic_unit|,rec-c8d0dec0ed4b6a3c3e7336cd8510571b31aba6ae3fd7249584c5c05170066807,foregs-topsoil,D2,info,review_required,GEOLOGIC_CONTEXT_MISSING,matched_geologic_unit,,记录没有来源直报或空间匹配的地质单元。,在比例尺与边界不确定性允许时执行空间匹配，并记录地图源、版本、匹配方法和边界距离；否则保留缺失。,true
ITER|rec-c92793c9376670eec0c6312fb0a90c3f94f25b4702aee50b110082ffaa726848|GEOLOGIC_CONTEXT_MISSING|matched_geologic_unit|,rec-c92793c9376670eec0c6312fb0a90c3f94f25b4702aee50b110082ffaa726848,foregs-stream-sediment,D2,info,review_required,GEOLOGIC_CONTEXT_MISSING,matched_geologic_unit,,记录没有来源直报或空间匹配的地质单元。,在比例尺与边界不确定性允许时执行空间匹配，并记录地图源、版本、匹配方法和边界距离；否则保留缺失。,true
ITER|rec-c9c323b83abad0b270d681a3b7bb17c960e3359cd18e6da3e73312f7beba888f|GEOLOGIC_CONTEXT_MISSING|matched_geologic_unit|,rec-c9c323b83abad0b270d681a3b7bb17c960e3359cd18e6da3e73312f7beba888f,pangaea-north-africa-soil,D2,info,review_required,GEOLOGIC_CONTEXT_MISSING,matched_geologic_unit,,记录没有来源直报或空间匹配的地质单元。,在比例尺与边界不确定性允许时执行空间匹配，并记录地图源、版本、匹配方法和边界距离；否则保留缺失。,true
ITER|rec-cabef6e5540ade7e8625c58ad92728d04870545aee15126e64a6776729f64ea4|GEOLOGIC_CONTEXT_MISSING|matched_geologic_unit|,rec-cabef6e5540ade7e8625c58ad92728d04870545aee15126e64a6776729f64ea4,pangaea-north-africa-soil,D2,info,review_required,GEOLOGIC_CONTEXT_MISSING,matched_geologic_unit,,记录没有来源直报或空间匹配的地质单元。,在比例尺与边界不确定性允许时执行空间匹配，并记录地图源、版本、匹配方法和边界距离；否则保留缺失。,true
ITER|rec-cb3c118259ef45b4aa80cd4bbd7aea54b26eff766b632482e53600b4268fe537|GEOLOGIC_CONTEXT_MISSING|matched_geologic_unit|,rec-cb3c118259ef45b4aa80cd4bbd7aea54b26eff766b632482e53600b4268fe537,pangaea-north-africa-soil,D2,info,review_required,GEOLOGIC_CONTEXT_MISSING,matched_geologic_unit,,记录没有来源直报或空间匹配的地质单元。,在比例尺与边界不确定性允许时执行空间匹配，并记录地图源、版本、匹配方法和边界距离；否则保留缺失。,true
ITER|rec-cbcb2169d20af4807d2e5a8b2d9a7ce9c400921331df49512ddb4299410c930d|GEOLOGIC_CONTEXT_MISSING|matched_geologic_unit|,rec-cbcb2169d20af4807d2e5a8b2d9a7ce9c400921331df49512ddb4299410c930d,us-wqp-sacramento-river-arsenic,D2,info,review_required,GEOLOGIC_CONTEXT_MISSING,matched_geologic_unit,,记录没有来源直报或空间匹配的地质单元。,在比例尺与边界不确定性允许时执行空间匹配，并记录地图源、版本、匹配方法和边界距离；否则保留缺失。,true
ITER|rec-ccf8767100e36acf7646b22fa04e12e862c2904195fef3db21c84a7cc0ddd0a4|GEOLOGIC_CONTEXT_MISSING|matched_geologic_unit|,rec-ccf8767100e36acf7646b22fa04e12e862c2904195fef3db21c84a7cc0ddd0a4,foregs-subsoil,D2,info,review_required,GEOLOGIC_CONTEXT_MISSING,matched_geologic_unit,,记录没有来源直报或空间匹配的地质单元。,在比例尺与边界不确定性允许时执行空间匹配，并记录地图源、版本、匹配方法和边界距离；否则保留缺失。,true
ITER|rec-cd359efa9c6054eddd938667951c7300dab60612aa3727623853590495b789dc|CENSORED_OBSERVATION|censored|%3C,rec-cd359efa9c6054eddd938667951c7300dab60612aa3727623853590495b789dc,gemstat-open-archive,D2,info,scientific_limit,CENSORED_OBSERVATION,censored,<,这是检出限/定量限约束的删失观测，不等同于零，也不自动视为采集失败。,保留原始 qualifier 与 censoring limit；默认从普通相关和异常筛查中排除，或使用明确的删失统计模型。,false
ITER|rec-cd359efa9c6054eddd938667951c7300dab60612aa3727623853590495b789dc|GEOLOGIC_CONTEXT_MISSING|matched_geologic_unit|,rec-cd359efa9c6054eddd938667951c7300dab60612aa3727623853590495b789dc,gemstat-open-archive,D2,info,review_required,GEOLOGIC_CONTEXT_MISSING,matched_geologic_unit,,记录没有来源直报或空间匹配的地质单元。,在比例尺与边界不确定性允许时执行空间匹配，并记录地图源、版本、匹配方法和边界距离；否则保留缺失。,true
ITER|rec-cd387830ca7a621dd19a451307340f867f54d2308b01ac81a2c172e9646979fb|COORDINATE_UNUSABLE|latitude%2Clongitude|%2C,rec-cd387830ca7a621dd19a451307340f867f54d2308b01ac81a2c172e9646979fb,afsis-phase-i-wet-chemistry,D1,error,action_required,COORDINATE_UNUSABLE,"latitude,longitude",",",WGS84 坐标缺失、非数值或超出合法范围，因此不能上图。,从原始来源恢复坐标与 CRS；若只提供区域名称，保留缺失并记录原因，不得填区域质心。,true
ITER|rec-cd387830ca7a621dd19a451307340f867f54d2308b01ac81a2c172e9646979fb|GEOLOGIC_CONTEXT_MISSING|matched_geologic_unit|,rec-cd387830ca7a621dd19a451307340f867f54d2308b01ac81a2c172e9646979fb,afsis-phase-i-wet-chemistry,D2,info,review_required,GEOLOGIC_CONTEXT_MISSING,matched_geologic_unit,,记录没有来源直报或空间匹配的地质单元。,在比例尺与边界不确定性允许时执行空间匹配，并记录地图源、版本、匹配方法和边界距离；否则保留缺失。,true
ITER|rec-cd9c123ae70da11446385e8863e3a81281cb7d67d36fe700520a94d9dd362c87|GEOLOGIC_CONTEXT_MISSING|matched_geologic_unit|,rec-cd9c123ae70da11446385e8863e3a81281cb7d67d36fe700520a94d9dd362c87,norway-marchem,D2,info,review_required,GEOLOGIC_CONTEXT_MISSING,matched_geologic_unit,,记录没有来源直报或空间匹配的地质单元。,在比例尺与边界不确定性允许时执行空间匹配，并记录地图源、版本、匹配方法和边界距离；否则保留缺失。,true
ITER|rec-ce3ab261803c4b8b828e0952272eb1b845f6d90a314fa9f38e6cf1f88b574e4d|GEOLOGIC_CONTEXT_MISSING|matched_geologic_unit|,rec-ce3ab261803c4b8b828e0952272eb1b845f6d90a314fa9f38e6cf1f88b574e4d,norway-marchem,D2,info,review_required,GEOLOGIC_CONTEXT_MISSING,matched_geologic_unit,,记录没有来源直报或空间匹配的地质单元。,在比例尺与边界不确定性允许时执行空间匹配，并记录地图源、版本、匹配方法和边界距离；否则保留缺失。,true
ITER|rec-ce5c1ee2c89ad1c5c23cea7c0136d4e740225a2bd3e538e134a99f8aafcf6d7c|GEOLOGIC_CONTEXT_MISSING|matched_geologic_unit|,rec-ce5c1ee2c89ad1c5c23cea7c0136d4e740225a2bd3e538e134a99f8aafcf6d7c,foregs-stream-sediment,D2,info,review_required,GEOLOGIC_CONTEXT_MISSING,matched_geologic_unit,,记录没有来源直报或空间匹配的地质单元。,在比例尺与边界不确定性允许时执行空间匹配，并记录地图源、版本、匹配方法和边界距离；否则保留缺失。,true
ITER|rec-ceaba83a1ba6406e8b54b4bb2e4c217077e5664d8ea3479f45fdeae94ad64fcb|GEOLOGIC_CONTEXT_MISSING|matched_geologic_unit|,rec-ceaba83a1ba6406e8b54b4bb2e4c217077e5664d8ea3479f45fdeae94ad64fcb,foregs-topsoil,D2,info,review_required,GEOLOGIC_CONTEXT_MISSING,matched_geologic_unit,,记录没有来源直报或空间匹配的地质单元。,在比例尺与边界不确定性允许时执行空间匹配，并记录地图源、版本、匹配方法和边界距离；否则保留缺失。,true
ITER|rec-ceca5795ce79bc05f58151c826530415e02d17e26db03087b8c56495089a2a95|GEOLOGIC_CONTEXT_MISSING|matched_geologic_unit|,rec-ceca5795ce79bc05f58151c826530415e02d17e26db03087b8c56495089a2a95,geotraces-idp2025,D2,info,review_required,GEOLOGIC_CONTEXT_MISSING,matched_geologic_unit,,记录没有来源直报或空间匹配的地质单元。,在比例尺与边界不确定性允许时执行空间匹配，并记录地图源、版本、匹配方法和边界距离；否则保留缺失。,true
ITER|rec-cef6957ed020fff684c92c2ff3b902da124b251498cb6a9ecc4212b079d53203|GEOLOGIC_CONTEXT_MISSING|matched_geologic_unit|,rec-cef6957ed020fff684c92c2ff3b902da124b251498cb6a9ecc4212b079d53203,foregs-humus,D2,info,review_required,GEOLOGIC_CONTEXT_MISSING,matched_geologic_unit,,记录没有来源直报或空间匹配的地质单元。,在比例尺与边界不确定性允许时执行空间匹配，并记录地图源、版本、匹配方法和边界距离；否则保留缺失。,true
ITER|rec-cfb134fd119ef8675c78c2424e4dee618b3fc8dd7d55ca74cc06e6502de9248c|GEOLOGIC_CONTEXT_MISSING|matched_geologic_unit|,rec-cfb134fd119ef8675c78c2424e4dee618b3fc8dd7d55ca74cc06e6502de9248c,norway-marchem,D2,info,review_required,GEOLOGIC_CONTEXT_MISSING,matched_geologic_unit,,记录没有来源直报或空间匹配的地质单元。,在比例尺与边界不确定性允许时执行空间匹配，并记录地图源、版本、匹配方法和边界距离；否则保留缺失。,true
ITER|rec-d04f593701d8f99b5ac11936f52a05ad80e9a39d8833eb36c4f93f1e2e1642da|ANALYTICAL_METHOD_MISSING|analytical_method|,rec-d04f593701d8f99b5ac11936f52a05ad80e9a39d8833eb36c4f93f1e2e1642da,japan-gsj-geochemical-map,D1,warning,action_required,ANALYTICAL_METHOD_MISSING,analytical_method,,分析方法证据缺失，跨来源浓度与元素组合不可可靠比较。,回查数据字典、方法论文或记录级元数据；同时绑定 method_source_locator，未找到时保留缺失原因。,true
ITER|rec-d04f593701d8f99b5ac11936f52a05ad80e9a39d8833eb36c4f93f1e2e1642da|GEOLOGIC_CONTEXT_MISSING|matched_geologic_unit|,rec-d04f593701d8f99b5ac11936f52a05ad80e9a39d8833eb36c4f93f1e2e1642da,japan-gsj-geochemical-map,D2,info,review_required,GEOLOGIC_CONTEXT_MISSING,matched_geologic_unit,,记录没有来源直报或空间匹配的地质单元。,在比例尺与边界不确定性允许时执行空间匹配，并记录地图源、版本、匹配方法和边界距离；否则保留缺失。,true
ITER|rec-d06ba581d1d1ebf2b154d44d500b392384ce08d36f2f49f19fdceada9ee7300c|GEOLOGIC_CONTEXT_MISSING|matched_geologic_unit|,rec-d06ba581d1d1ebf2b154d44d500b392384ce08d36f2f49f19fdceada9ee7300c,foregs-floodplain-sediment,D2,info,review_required,GEOLOGIC_CONTEXT_MISSING,matched_geologic_unit,,记录没有来源直报或空间匹配的地质单元。,在比例尺与边界不确定性允许时执行空间匹配，并记录地图源、版本、匹配方法和边界距离；否则保留缺失。,true
ITER|rec-d074a91cf83967af9b619dc29db111ff9b860ff058de05f2378ab4a9c583994e|GEOLOGIC_CONTEXT_MISSING|matched_geologic_unit|,rec-d074a91cf83967af9b619dc29db111ff9b860ff058de05f2378ab4a9c583994e,us-wqp-sacramento-river-arsenic,D2,info,review_required,GEOLOGIC_CONTEXT_MISSING,matched_geologic_unit,,记录没有来源直报或空间匹配的地质单元。,在比例尺与边界不确定性允许时执行空间匹配，并记录地图源、版本、匹配方法和边界距离；否则保留缺失。,true
ITER|rec-d09e1f5f3b1dd447d1beffedc55efa89c0a86beecac134d7055460e4f7c3b549|GEOLOGIC_CONTEXT_MISSING|matched_geologic_unit|,rec-d09e1f5f3b1dd447d1beffedc55efa89c0a86beecac134d7055460e4f7c3b549,norway-marchem,D2,info,review_required,GEOLOGIC_CONTEXT_MISSING,matched_geologic_unit,,记录没有来源直报或空间匹配的地质单元。,在比例尺与边界不确定性允许时执行空间匹配，并记录地图源、版本、匹配方法和边界距离；否则保留缺失。,true
ITER|rec-d0e29f1f3803d46ee78b7042982051de5eaea408e8955dac107269a25fd90f4c|GEOLOGIC_CONTEXT_MISSING|matched_geologic_unit|,rec-d0e29f1f3803d46ee78b7042982051de5eaea408e8955dac107269a25fd90f4c,norway-marchem,D2,info,review_required,GEOLOGIC_CONTEXT_MISSING,matched_geologic_unit,,记录没有来源直报或空间匹配的地质单元。,在比例尺与边界不确定性允许时执行空间匹配，并记录地图源、版本、匹配方法和边界距离；否则保留缺失。,true
ITER|rec-d0f25e63fa59a55e7f1c39119c040507c7c53cd540438b5b11196102740673d6|GEOLOGIC_CONTEXT_MISSING|matched_geologic_unit|,rec-d0f25e63fa59a55e7f1c39119c040507c7c53cd540438b5b11196102740673d6,norway-marchem,D2,info,review_required,GEOLOGIC_CONTEXT_MISSING,matched_geologic_unit,,记录没有来源直报或空间匹配的地质单元。,在比例尺与边界不确定性允许时执行空间匹配，并记录地图源、版本、匹配方法和边界距离；否则保留缺失。,true
ITER|rec-d102034e1f1e5af9790d07235a1fcf4c46181c6faa78ba7a45e8e85e73e508cd|GEOLOGIC_CONTEXT_MISSING|matched_geologic_unit|,rec-d102034e1f1e5af9790d07235a1fcf4c46181c6faa78ba7a45e8e85e73e508cd,us-wqp-sacramento-river-arsenic,D2,info,review_required,GEOLOGIC_CONTEXT_MISSING,matched_geologic_unit,,记录没有来源直报或空间匹配的地质单元。,在比例尺与边界不确定性允许时执行空间匹配，并记录地图源、版本、匹配方法和边界距离；否则保留缺失。,true
ITER|rec-d1850f1e443f6f5709a1cfdd9a6be715c22f669148325cc9bbea299f3fff642a|ANALYTICAL_METHOD_MISSING|analytical_method|,rec-d1850f1e443f6f5709a1cfdd9a6be715c22f669148325cc9bbea299f3fff642a,usgs-conus-soil,D1,warning,action_required,ANALYTICAL_METHOD_MISSING,analytical_method,,分析方法证据缺失，跨来源浓度与元素组合不可可靠比较。,回查数据字典、方法论文或记录级元数据；同时绑定 method_source_locator，未找到时保留缺失原因。,true
ITER|rec-d1850f1e443f6f5709a1cfdd9a6be715c22f669148325cc9bbea299f3fff642a|GEOLOGIC_CONTEXT_MISSING|matched_geologic_unit|,rec-d1850f1e443f6f5709a1cfdd9a6be715c22f669148325cc9bbea299f3fff642a,usgs-conus-soil,D2,info,review_required,GEOLOGIC_CONTEXT_MISSING,matched_geologic_unit,,记录没有来源直报或空间匹配的地质单元。,在比例尺与边界不确定性允许时执行空间匹配，并记录地图源、版本、匹配方法和边界距离；否则保留缺失。,true
ITER|rec-d1cf40788929217f6b06209a00638c0f4ea5a928bb6fce01f1230d36d9058d4b|GEOLOGIC_CONTEXT_MISSING|matched_geologic_unit|,rec-d1cf40788929217f6b06209a00638c0f4ea5a928bb6fce01f1230d36d9058d4b,norway-marchem,D2,info,review_required,GEOLOGIC_CONTEXT_MISSING,matched_geologic_unit,,记录没有来源直报或空间匹配的地质单元。,在比例尺与边界不确定性允许时执行空间匹配，并记录地图源、版本、匹配方法和边界距离；否则保留缺失。,true
ITER|rec-d1e8224f7dabbdc86babd3cc2acec65e3f832247c2a507655450c63a2eed3252|GEOLOGIC_CONTEXT_MISSING|matched_geologic_unit|,rec-d1e8224f7dabbdc86babd3cc2acec65e3f832247c2a507655450c63a2eed3252,foregs-subsoil,D2,info,review_required,GEOLOGIC_CONTEXT_MISSING,matched_geologic_unit,,记录没有来源直报或空间匹配的地质单元。,在比例尺与边界不确定性允许时执行空间匹配，并记录地图源、版本、匹配方法和边界距离；否则保留缺失。,true
ITER|rec-d2e4b8ef7576d1cf23ea8e61e6389d472aab87978f443e846c60d71977b178b2|ANALYTICAL_METHOD_MISSING|analytical_method|,rec-d2e4b8ef7576d1cf23ea8e61e6389d472aab87978f443e846c60d71977b178b2,georoc-archaean,D1,warning,action_required,ANALYTICAL_METHOD_MISSING,analytical_method,,分析方法证据缺失，跨来源浓度与元素组合不可可靠比较。,回查数据字典、方法论文或记录级元数据；同时绑定 method_source_locator，未找到时保留缺失原因。,true
ITER|rec-d2e4b8ef7576d1cf23ea8e61e6389d472aab87978f443e846c60d71977b178b2|COORDINATE_UNUSABLE|latitude%2Clongitude|%2C,rec-d2e4b8ef7576d1cf23ea8e61e6389d472aab87978f443e846c60d71977b178b2,georoc-archaean,D1,error,action_required,COORDINATE_UNUSABLE,"latitude,longitude",",",WGS84 坐标缺失、非数值或超出合法范围，因此不能上图。,从原始来源恢复坐标与 CRS；若只提供区域名称，保留缺失并记录原因，不得填区域质心。,true
ITER|rec-d2e4b8ef7576d1cf23ea8e61e6389d472aab87978f443e846c60d71977b178b2|GEOLOGIC_CONTEXT_MISSING|matched_geologic_unit|,rec-d2e4b8ef7576d1cf23ea8e61e6389d472aab87978f443e846c60d71977b178b2,georoc-archaean,D2,info,review_required,GEOLOGIC_CONTEXT_MISSING,matched_geologic_unit,,记录没有来源直报或空间匹配的地质单元。,在比例尺与边界不确定性允许时执行空间匹配，并记录地图源、版本、匹配方法和边界距离；否则保留缺失。,true
ITER|rec-d31d9961116b50b4b09f2498ce830b5e22dd3b785d9806f06f98f6e299d907ad|COORDINATE_UNUSABLE|latitude%2Clongitude|%2C,rec-d31d9961116b50b4b09f2498ce830b5e22dd3b785d9806f06f98f6e299d907ad,afsis-phase-i-wet-chemistry,D1,error,action_required,COORDINATE_UNUSABLE,"latitude,longitude",",",WGS84 坐标缺失、非数值或超出合法范围，因此不能上图。,从原始来源恢复坐标与 CRS；若只提供区域名称，保留缺失并记录原因，不得填区域质心。,true
ITER|rec-d31d9961116b50b4b09f2498ce830b5e22dd3b785d9806f06f98f6e299d907ad|GEOLOGIC_CONTEXT_MISSING|matched_geologic_unit|,rec-d31d9961116b50b4b09f2498ce830b5e22dd3b785d9806f06f98f6e299d907ad,afsis-phase-i-wet-chemistry,D2,info,review_required,GEOLOGIC_CONTEXT_MISSING,matched_geologic_unit,,记录没有来源直报或空间匹配的地质单元。,在比例尺与边界不确定性允许时执行空间匹配，并记录地图源、版本、匹配方法和边界距离；否则保留缺失。,true
ITER|rec-d37dbc703c5ac1040d90764dceb8bf01becbb77d70a55c906b092a84085f4c6e|ANALYTICAL_METHOD_MISSING|analytical_method|,rec-d37dbc703c5ac1040d90764dceb8bf01becbb77d70a55c906b092a84085f4c6e,usgs-conus-soil,D1,warning,action_required,ANALYTICAL_METHOD_MISSING,analytical_method,,分析方法证据缺失，跨来源浓度与元素组合不可可靠比较。,回查数据字典、方法论文或记录级元数据；同时绑定 method_source_locator，未找到时保留缺失原因。,true
ITER|rec-d37dbc703c5ac1040d90764dceb8bf01becbb77d70a55c906b092a84085f4c6e|GEOLOGIC_CONTEXT_MISSING|matched_geologic_unit|,rec-d37dbc703c5ac1040d90764dceb8bf01becbb77d70a55c906b092a84085f4c6e,usgs-conus-soil,D2,info,review_required,GEOLOGIC_CONTEXT_MISSING,matched_geologic_unit,,记录没有来源直报或空间匹配的地质单元。,在比例尺与边界不确定性允许时执行空间匹配，并记录地图源、版本、匹配方法和边界距离；否则保留缺失。,true
ITER|rec-d388dac310efb46542fa862ea2bf30f6e83d352a5a00e37503b937cee14977ab|GEOLOGIC_CONTEXT_MISSING|matched_geologic_unit|,rec-d388dac310efb46542fa862ea2bf30f6e83d352a5a00e37503b937cee14977ab,foregs-subsoil,D2,info,review_required,GEOLOGIC_CONTEXT_MISSING,matched_geologic_unit,,记录没有来源直报或空间匹配的地质单元。,在比例尺与边界不确定性允许时执行空间匹配，并记录地图源、版本、匹配方法和边界距离；否则保留缺失。,true
ITER|rec-d3a984e921d889766bb60faeecc469a5425586885fa36a689e83a5a292f959a3|GEOLOGIC_CONTEXT_MISSING|matched_geologic_unit|,rec-d3a984e921d889766bb60faeecc469a5425586885fa36a689e83a5a292f959a3,foregs-humus,D2,info,review_required,GEOLOGIC_CONTEXT_MISSING,matched_geologic_unit,,记录没有来源直报或空间匹配的地质单元。,在比例尺与边界不确定性允许时执行空间匹配，并记录地图源、版本、匹配方法和边界距离；否则保留缺失。,true
ITER|rec-d3eab9a823f434bd4fac110fed4a85d8bc29bbb339f7a0ff9f8e8c98f563627e|GEOLOGIC_CONTEXT_MISSING|matched_geologic_unit|,rec-d3eab9a823f434bd4fac110fed4a85d8bc29bbb339f7a0ff9f8e8c98f563627e,foregs-topsoil,D2,info,review_required,GEOLOGIC_CONTEXT_MISSING,matched_geologic_unit,,记录没有来源直报或空间匹配的地质单元。,在比例尺与边界不确定性允许时执行空间匹配，并记录地图源、版本、匹配方法和边界距离；否则保留缺失。,true
ITER|rec-d46b8e78c5142016d01bc4f82483ea2212c292d344e773204a0a4f5a1a15e661|COORDINATE_UNUSABLE|latitude%2Clongitude|%2C,rec-d46b8e78c5142016d01bc4f82483ea2212c292d344e773204a0a4f5a1a15e661,afsis-phase-i-wet-chemistry,D1,error,action_required,COORDINATE_UNUSABLE,"latitude,longitude",",",WGS84 坐标缺失、非数值或超出合法范围，因此不能上图。,从原始来源恢复坐标与 CRS；若只提供区域名称，保留缺失并记录原因，不得填区域质心。,true
ITER|rec-d46b8e78c5142016d01bc4f82483ea2212c292d344e773204a0a4f5a1a15e661|GEOLOGIC_CONTEXT_MISSING|matched_geologic_unit|,rec-d46b8e78c5142016d01bc4f82483ea2212c292d344e773204a0a4f5a1a15e661,afsis-phase-i-wet-chemistry,D2,info,review_required,GEOLOGIC_CONTEXT_MISSING,matched_geologic_unit,,记录没有来源直报或空间匹配的地质单元。,在比例尺与边界不确定性允许时执行空间匹配，并记录地图源、版本、匹配方法和边界距离；否则保留缺失。,true
ITER|rec-d4d19821b8f33b91e8dd9cf17f2c3f309d06cad4f6f881796478f51e145d576c|GEOLOGIC_CONTEXT_MISSING|matched_geologic_unit|,rec-d4d19821b8f33b91e8dd9cf17f2c3f309d06cad4f6f881796478f51e145d576c,us-wqp-sacramento-river-arsenic,D2,info,review_required,GEOLOGIC_CONTEXT_MISSING,matched_geologic_unit,,记录没有来源直报或空间匹配的地质单元。,在比例尺与边界不确定性允许时执行空间匹配，并记录地图源、版本、匹配方法和边界距离；否则保留缺失。,true
ITER|rec-d4e50fd18c2652b17adf207b0becb76cebef62bf5d830ce739b76325931bf80e|GEOLOGIC_CONTEXT_MISSING|matched_geologic_unit|,rec-d4e50fd18c2652b17adf207b0becb76cebef62bf5d830ce739b76325931bf80e,us-wqp-sacramento-river-arsenic,D2,info,review_required,GEOLOGIC_CONTEXT_MISSING,matched_geologic_unit,,记录没有来源直报或空间匹配的地质单元。,在比例尺与边界不确定性允许时执行空间匹配，并记录地图源、版本、匹配方法和边界距离；否则保留缺失。,true
ITER|rec-d53e51916573b7a64f5fae474b13c8149c2c2bdb44665815fb12cb2715bfea74|COORDINATE_UNUSABLE|latitude%2Clongitude|%2C,rec-d53e51916573b7a64f5fae474b13c8149c2c2bdb44665815fb12cb2715bfea74,afsis-phase-i-wet-chemistry,D1,error,action_required,COORDINATE_UNUSABLE,"latitude,longitude",",",WGS84 坐标缺失、非数值或超出合法范围，因此不能上图。,从原始来源恢复坐标与 CRS；若只提供区域名称，保留缺失并记录原因，不得填区域质心。,true
ITER|rec-d53e51916573b7a64f5fae474b13c8149c2c2bdb44665815fb12cb2715bfea74|GEOLOGIC_CONTEXT_MISSING|matched_geologic_unit|,rec-d53e51916573b7a64f5fae474b13c8149c2c2bdb44665815fb12cb2715bfea74,afsis-phase-i-wet-chemistry,D2,info,review_required,GEOLOGIC_CONTEXT_MISSING,matched_geologic_unit,,记录没有来源直报或空间匹配的地质单元。,在比例尺与边界不确定性允许时执行空间匹配，并记录地图源、版本、匹配方法和边界距离；否则保留缺失。,true
ITER|rec-d545b2df4130e0c5e94baf02b6f0979f3caf9b96028c1dcf8730a6d472c11bc3|GEOLOGIC_CONTEXT_MISSING|matched_geologic_unit|,rec-d545b2df4130e0c5e94baf02b6f0979f3caf9b96028c1dcf8730a6d472c11bc3,us-wqp-sacramento-river-arsenic,D2,info,review_required,GEOLOGIC_CONTEXT_MISSING,matched_geologic_unit,,记录没有来源直报或空间匹配的地质单元。,在比例尺与边界不确定性允许时执行空间匹配，并记录地图源、版本、匹配方法和边界距离；否则保留缺失。,true
ITER|rec-d5cef813e71a7bcff7e51532a45e6b0e5e3b09434e7e79c364fd6add51eab532|GEOLOGIC_CONTEXT_MISSING|matched_geologic_unit|,rec-d5cef813e71a7bcff7e51532a45e6b0e5e3b09434e7e79c364fd6add51eab532,foregs-stream-water,D2,info,review_required,GEOLOGIC_CONTEXT_MISSING,matched_geologic_unit,,记录没有来源直报或空间匹配的地质单元。,在比例尺与边界不确定性允许时执行空间匹配，并记录地图源、版本、匹配方法和边界距离；否则保留缺失。,true
ITER|rec-d5e43e3ac54375a8c6a396f2552e25b50e2ea665bc5532ea7778e36920428521|ANALYTICAL_METHOD_MISSING|analytical_method|,rec-d5e43e3ac54375a8c6a396f2552e25b50e2ea665bc5532ea7778e36920428521,usgs-conus-soil,D1,warning,action_required,ANALYTICAL_METHOD_MISSING,analytical_method,,分析方法证据缺失，跨来源浓度与元素组合不可可靠比较。,回查数据字典、方法论文或记录级元数据；同时绑定 method_source_locator，未找到时保留缺失原因。,true
ITER|rec-d5e43e3ac54375a8c6a396f2552e25b50e2ea665bc5532ea7778e36920428521|GEOLOGIC_CONTEXT_MISSING|matched_geologic_unit|,rec-d5e43e3ac54375a8c6a396f2552e25b50e2ea665bc5532ea7778e36920428521,usgs-conus-soil,D2,info,review_required,GEOLOGIC_CONTEXT_MISSING,matched_geologic_unit,,记录没有来源直报或空间匹配的地质单元。,在比例尺与边界不确定性允许时执行空间匹配，并记录地图源、版本、匹配方法和边界距离；否则保留缺失。,true
ITER|rec-d5ede810a30db670428f7b6b8ff9a6cea3d884500475a834cb75bede9c08f4ca|ANALYTICAL_METHOD_MISSING|analytical_method|,rec-d5ede810a30db670428f7b6b8ff9a6cea3d884500475a834cb75bede9c08f4ca,usgs-conus-soil,D1,warning,action_required,ANALYTICAL_METHOD_MISSING,analytical_method,,分析方法证据缺失，跨来源浓度与元素组合不可可靠比较。,回查数据字典、方法论文或记录级元数据；同时绑定 method_source_locator，未找到时保留缺失原因。,true
ITER|rec-d5ede810a30db670428f7b6b8ff9a6cea3d884500475a834cb75bede9c08f4ca|GEOLOGIC_CONTEXT_MISSING|matched_geologic_unit|,rec-d5ede810a30db670428f7b6b8ff9a6cea3d884500475a834cb75bede9c08f4ca,usgs-conus-soil,D2,info,review_required,GEOLOGIC_CONTEXT_MISSING,matched_geologic_unit,,记录没有来源直报或空间匹配的地质单元。,在比例尺与边界不确定性允许时执行空间匹配，并记录地图源、版本、匹配方法和边界距离；否则保留缺失。,true
ITER|rec-d607fd0a3674d15e8c69a7b949fa82782c025b9778e25d6a3b961514df9c1a33|ANALYTICAL_METHOD_MISSING|analytical_method|,rec-d607fd0a3674d15e8c69a7b949fa82782c025b9778e25d6a3b961514df9c1a33,usgs-conus-soil,D1,warning,action_required,ANALYTICAL_METHOD_MISSING,analytical_method,,分析方法证据缺失，跨来源浓度与元素组合不可可靠比较。,回查数据字典、方法论文或记录级元数据；同时绑定 method_source_locator，未找到时保留缺失原因。,true
ITER|rec-d607fd0a3674d15e8c69a7b949fa82782c025b9778e25d6a3b961514df9c1a33|GEOLOGIC_CONTEXT_MISSING|matched_geologic_unit|,rec-d607fd0a3674d15e8c69a7b949fa82782c025b9778e25d6a3b961514df9c1a33,usgs-conus-soil,D2,info,review_required,GEOLOGIC_CONTEXT_MISSING,matched_geologic_unit,,记录没有来源直报或空间匹配的地质单元。,在比例尺与边界不确定性允许时执行空间匹配，并记录地图源、版本、匹配方法和边界距离；否则保留缺失。,true
ITER|rec-d63f74209c4a8892b264887200a4895529f89cf51444a3fb827b9f163f21dafb|GEOLOGIC_CONTEXT_MISSING|matched_geologic_unit|,rec-d63f74209c4a8892b264887200a4895529f89cf51444a3fb827b9f163f21dafb,foregs-stream-sediment,D2,info,review_required,GEOLOGIC_CONTEXT_MISSING,matched_geologic_unit,,记录没有来源直报或空间匹配的地质单元。,在比例尺与边界不确定性允许时执行空间匹配，并记录地图源、版本、匹配方法和边界距离；否则保留缺失。,true
ITER|rec-d6b0f90a0de6fc2c6ff6035e7042fd592d8ff92b3e8aa6845254e43227c767b9|GEOLOGIC_CONTEXT_MISSING|matched_geologic_unit|,rec-d6b0f90a0de6fc2c6ff6035e7042fd592d8ff92b3e8aa6845254e43227c767b9,norway-marchem,D2,info,review_required,GEOLOGIC_CONTEXT_MISSING,matched_geologic_unit,,记录没有来源直报或空间匹配的地质单元。,在比例尺与边界不确定性允许时执行空间匹配，并记录地图源、版本、匹配方法和边界距离；否则保留缺失。,true
ITER|rec-d72f199ceb14654dad8ddf5c6813b1893068f693a5834a60af197a43f1a4d6fa|COORDINATE_UNUSABLE|latitude%2Clongitude|%2C,rec-d72f199ceb14654dad8ddf5c6813b1893068f693a5834a60af197a43f1a4d6fa,afsis-phase-i-wet-chemistry,D1,error,action_required,COORDINATE_UNUSABLE,"latitude,longitude",",",WGS84 坐标缺失、非数值或超出合法范围，因此不能上图。,从原始来源恢复坐标与 CRS；若只提供区域名称，保留缺失并记录原因，不得填区域质心。,true
ITER|rec-d72f199ceb14654dad8ddf5c6813b1893068f693a5834a60af197a43f1a4d6fa|GEOLOGIC_CONTEXT_MISSING|matched_geologic_unit|,rec-d72f199ceb14654dad8ddf5c6813b1893068f693a5834a60af197a43f1a4d6fa,afsis-phase-i-wet-chemistry,D2,info,review_required,GEOLOGIC_CONTEXT_MISSING,matched_geologic_unit,,记录没有来源直报或空间匹配的地质单元。,在比例尺与边界不确定性允许时执行空间匹配，并记录地图源、版本、匹配方法和边界距离；否则保留缺失。,true
ITER|rec-d7985a89dac6ff1dee8ac62a978cc059062675632ad4f22a228f8b0765c6fb02|ANALYTICAL_METHOD_MISSING|analytical_method|,rec-d7985a89dac6ff1dee8ac62a978cc059062675632ad4f22a228f8b0765c6fb02,usgs-conus-soil,D1,warning,action_required,ANALYTICAL_METHOD_MISSING,analytical_method,,分析方法证据缺失，跨来源浓度与元素组合不可可靠比较。,回查数据字典、方法论文或记录级元数据；同时绑定 method_source_locator，未找到时保留缺失原因。,true
ITER|rec-d7985a89dac6ff1dee8ac62a978cc059062675632ad4f22a228f8b0765c6fb02|GEOLOGIC_CONTEXT_MISSING|matched_geologic_unit|,rec-d7985a89dac6ff1dee8ac62a978cc059062675632ad4f22a228f8b0765c6fb02,usgs-conus-soil,D2,info,review_required,GEOLOGIC_CONTEXT_MISSING,matched_geologic_unit,,记录没有来源直报或空间匹配的地质单元。,在比例尺与边界不确定性允许时执行空间匹配，并记录地图源、版本、匹配方法和边界距离；否则保留缺失。,true
ITER|rec-d7a20373e6a82a8a03c52918946bbf7cd087b0a198de9e7e0a0c441243d93eb0|ANALYTICAL_METHOD_MISSING|analytical_method|,rec-d7a20373e6a82a8a03c52918946bbf7cd087b0a198de9e7e0a0c441243d93eb0,georoc-archaean,D1,warning,action_required,ANALYTICAL_METHOD_MISSING,analytical_method,,分析方法证据缺失，跨来源浓度与元素组合不可可靠比较。,回查数据字典、方法论文或记录级元数据；同时绑定 method_source_locator，未找到时保留缺失原因。,true
ITER|rec-d7a20373e6a82a8a03c52918946bbf7cd087b0a198de9e7e0a0c441243d93eb0|COORDINATE_UNUSABLE|latitude%2Clongitude|%2C,rec-d7a20373e6a82a8a03c52918946bbf7cd087b0a198de9e7e0a0c441243d93eb0,georoc-archaean,D1,error,action_required,COORDINATE_UNUSABLE,"latitude,longitude",",",WGS84 坐标缺失、非数值或超出合法范围，因此不能上图。,从原始来源恢复坐标与 CRS；若只提供区域名称，保留缺失并记录原因，不得填区域质心。,true
ITER|rec-d7a20373e6a82a8a03c52918946bbf7cd087b0a198de9e7e0a0c441243d93eb0|GEOLOGIC_CONTEXT_MISSING|matched_geologic_unit|,rec-d7a20373e6a82a8a03c52918946bbf7cd087b0a198de9e7e0a0c441243d93eb0,georoc-archaean,D2,info,review_required,GEOLOGIC_CONTEXT_MISSING,matched_geologic_unit,,记录没有来源直报或空间匹配的地质单元。,在比例尺与边界不确定性允许时执行空间匹配，并记录地图源、版本、匹配方法和边界距离；否则保留缺失。,true
ITER|rec-d7b31b1dd6ab960584a88f38c44c1a3d156c517d139ceedbfd947c4fe713c51a|GEOLOGIC_CONTEXT_MISSING|matched_geologic_unit|,rec-d7b31b1dd6ab960584a88f38c44c1a3d156c517d139ceedbfd947c4fe713c51a,us-wqp-sacramento-river-arsenic,D2,info,review_required,GEOLOGIC_CONTEXT_MISSING,matched_geologic_unit,,记录没有来源直报或空间匹配的地质单元。,在比例尺与边界不确定性允许时执行空间匹配，并记录地图源、版本、匹配方法和边界距离；否则保留缺失。,true
ITER|rec-d80d469b69dfcd499ee744655f9a4dd428911c13fe0cb3609a45838d939141ce|CENSORED_OBSERVATION|censored|%3C,rec-d80d469b69dfcd499ee744655f9a4dd428911c13fe0cb3609a45838d939141ce,norway-marchem,D2,info,scientific_limit,CENSORED_OBSERVATION,censored,<,这是检出限/定量限约束的删失观测，不等同于零，也不自动视为采集失败。,保留原始 qualifier 与 censoring limit；默认从普通相关和异常筛查中排除，或使用明确的删失统计模型。,false
ITER|rec-d80d469b69dfcd499ee744655f9a4dd428911c13fe0cb3609a45838d939141ce|GEOLOGIC_CONTEXT_MISSING|matched_geologic_unit|,rec-d80d469b69dfcd499ee744655f9a4dd428911c13fe0cb3609a45838d939141ce,norway-marchem,D2,info,review_required,GEOLOGIC_CONTEXT_MISSING,matched_geologic_unit,,记录没有来源直报或空间匹配的地质单元。,在比例尺与边界不确定性允许时执行空间匹配，并记录地图源、版本、匹配方法和边界距离；否则保留缺失。,true
ITER|rec-d87ddced0eebe07c387082c522c36db514bb54b329bd0aa756ef47c7d061bd9b|CENSORED_OBSERVATION|censored|%3C,rec-d87ddced0eebe07c387082c522c36db514bb54b329bd0aa756ef47c7d061bd9b,gemstat-open-archive,D2,info,scientific_limit,CENSORED_OBSERVATION,censored,<,这是检出限/定量限约束的删失观测，不等同于零，也不自动视为采集失败。,保留原始 qualifier 与 censoring limit；默认从普通相关和异常筛查中排除，或使用明确的删失统计模型。,false
ITER|rec-d87ddced0eebe07c387082c522c36db514bb54b329bd0aa756ef47c7d061bd9b|GEOLOGIC_CONTEXT_MISSING|matched_geologic_unit|,rec-d87ddced0eebe07c387082c522c36db514bb54b329bd0aa756ef47c7d061bd9b,gemstat-open-archive,D2,info,review_required,GEOLOGIC_CONTEXT_MISSING,matched_geologic_unit,,记录没有来源直报或空间匹配的地质单元。,在比例尺与边界不确定性允许时执行空间匹配，并记录地图源、版本、匹配方法和边界距离；否则保留缺失。,true
ITER|rec-d88a4290c6ad13ced4a92e2b5d846ff01631a1caa5e2d8c98d9dd7b41cb70b44|ANALYTICAL_METHOD_MISSING|analytical_method|,rec-d88a4290c6ad13ced4a92e2b5d846ff01631a1caa5e2d8c98d9dd7b41cb70b44,japan-gsj-geochemical-map,D1,warning,action_required,ANALYTICAL_METHOD_MISSING,analytical_method,,分析方法证据缺失，跨来源浓度与元素组合不可可靠比较。,回查数据字典、方法论文或记录级元数据；同时绑定 method_source_locator，未找到时保留缺失原因。,true
ITER|rec-d88a4290c6ad13ced4a92e2b5d846ff01631a1caa5e2d8c98d9dd7b41cb70b44|GEOLOGIC_CONTEXT_MISSING|matched_geologic_unit|,rec-d88a4290c6ad13ced4a92e2b5d846ff01631a1caa5e2d8c98d9dd7b41cb70b44,japan-gsj-geochemical-map,D2,info,review_required,GEOLOGIC_CONTEXT_MISSING,matched_geologic_unit,,记录没有来源直报或空间匹配的地质单元。,在比例尺与边界不确定性允许时执行空间匹配，并记录地图源、版本、匹配方法和边界距离；否则保留缺失。,true
ITER|rec-d982ef1cb34c6e7daa6e53a2e1a399828bce15a1c1841ac36464ddef5cb62aed|GEOLOGIC_CONTEXT_MISSING|matched_geologic_unit|,rec-d982ef1cb34c6e7daa6e53a2e1a399828bce15a1c1841ac36464ddef5cb62aed,us-wqp-sacramento-river-arsenic,D2,info,review_required,GEOLOGIC_CONTEXT_MISSING,matched_geologic_unit,,记录没有来源直报或空间匹配的地质单元。,在比例尺与边界不确定性允许时执行空间匹配，并记录地图源、版本、匹配方法和边界距离；否则保留缺失。,true
ITER|rec-d98bb4c0363eed4127e11e8278af4da34b3b4153bc96030695b9a0b6db488ee1|GEOLOGIC_CONTEXT_MISSING|matched_geologic_unit|,rec-d98bb4c0363eed4127e11e8278af4da34b3b4153bc96030695b9a0b6db488ee1,norway-marchem,D2,info,review_required,GEOLOGIC_CONTEXT_MISSING,matched_geologic_unit,,记录没有来源直报或空间匹配的地质单元。,在比例尺与边界不确定性允许时执行空间匹配，并记录地图源、版本、匹配方法和边界距离；否则保留缺失。,true
ITER|rec-d98f941073179e689a8181501a5079e1f52ec6028929748e0a1d10e82a8e1df6|GEOLOGIC_CONTEXT_MISSING|matched_geologic_unit|,rec-d98f941073179e689a8181501a5079e1f52ec6028929748e0a1d10e82a8e1df6,foregs-stream-water,D2,info,review_required,GEOLOGIC_CONTEXT_MISSING,matched_geologic_unit,,记录没有来源直报或空间匹配的地质单元。,在比例尺与边界不确定性允许时执行空间匹配，并记录地图源、版本、匹配方法和边界距离；否则保留缺失。,true
ITER|rec-d9ae0f6bad4aaea8f66004b67097ebd87cc68e2faa00532511a7297c796fe13f|GEOLOGIC_CONTEXT_MISSING|matched_geologic_unit|,rec-d9ae0f6bad4aaea8f66004b67097ebd87cc68e2faa00532511a7297c796fe13f,foregs-stream-water,D2,info,review_required,GEOLOGIC_CONTEXT_MISSING,matched_geologic_unit,,记录没有来源直报或空间匹配的地质单元。,在比例尺与边界不确定性允许时执行空间匹配，并记录地图源、版本、匹配方法和边界距离；否则保留缺失。,true
ITER|rec-d9edce7d32a5bbe7103bf372d129e747dc29fac4cded53bf4064526c3831890b|GEOLOGIC_CONTEXT_MISSING|matched_geologic_unit|,rec-d9edce7d32a5bbe7103bf372d129e747dc29fac4cded53bf4064526c3831890b,foregs-stream-water,D2,info,review_required,GEOLOGIC_CONTEXT_MISSING,matched_geologic_unit,,记录没有来源直报或空间匹配的地质单元。,在比例尺与边界不确定性允许时执行空间匹配，并记录地图源、版本、匹配方法和边界距离；否则保留缺失。,true
ITER|rec-da9bfa390d25faf57de551f75e8909a4590801c632a1fd9d2b7e402cd47d14d6|GEOLOGIC_CONTEXT_MISSING|matched_geologic_unit|,rec-da9bfa390d25faf57de551f75e8909a4590801c632a1fd9d2b7e402cd47d14d6,foregs-stream-sediment,D2,info,review_required,GEOLOGIC_CONTEXT_MISSING,matched_geologic_unit,,记录没有来源直报或空间匹配的地质单元。,在比例尺与边界不确定性允许时执行空间匹配，并记录地图源、版本、匹配方法和边界距离；否则保留缺失。,true
ITER|rec-dac983d1e966126d53b542084fe19bbd768212561b93bfdb182ae66c048f4105|GEOLOGIC_CONTEXT_MISSING|matched_geologic_unit|,rec-dac983d1e966126d53b542084fe19bbd768212561b93bfdb182ae66c048f4105,geotraces-idp2025,D2,info,review_required,GEOLOGIC_CONTEXT_MISSING,matched_geologic_unit,,记录没有来源直报或空间匹配的地质单元。,在比例尺与边界不确定性允许时执行空间匹配，并记录地图源、版本、匹配方法和边界距离；否则保留缺失。,true
ITER|rec-dacc71cb4274a52eb0e8f048643412f2c4aca6fec85346e298339c6bf3ccaf4f|GEOLOGIC_CONTEXT_MISSING|matched_geologic_unit|,rec-dacc71cb4274a52eb0e8f048643412f2c4aca6fec85346e298339c6bf3ccaf4f,foregs-humus,D2,info,review_required,GEOLOGIC_CONTEXT_MISSING,matched_geologic_unit,,记录没有来源直报或空间匹配的地质单元。,在比例尺与边界不确定性允许时执行空间匹配，并记录地图源、版本、匹配方法和边界距离；否则保留缺失。,true
ITER|rec-daf0040c57ee273c9cea27046cd5d738955e3d109b56045392994ca41c96353d|ANALYTICAL_METHOD_MISSING|analytical_method|,rec-daf0040c57ee273c9cea27046cd5d738955e3d109b56045392994ca41c96353d,japan-gsj-geochemical-map,D1,warning,action_required,ANALYTICAL_METHOD_MISSING,analytical_method,,分析方法证据缺失，跨来源浓度与元素组合不可可靠比较。,回查数据字典、方法论文或记录级元数据；同时绑定 method_source_locator，未找到时保留缺失原因。,true
ITER|rec-daf0040c57ee273c9cea27046cd5d738955e3d109b56045392994ca41c96353d|GEOLOGIC_CONTEXT_MISSING|matched_geologic_unit|,rec-daf0040c57ee273c9cea27046cd5d738955e3d109b56045392994ca41c96353d,japan-gsj-geochemical-map,D2,info,review_required,GEOLOGIC_CONTEXT_MISSING,matched_geologic_unit,,记录没有来源直报或空间匹配的地质单元。,在比例尺与边界不确定性允许时执行空间匹配，并记录地图源、版本、匹配方法和边界距离；否则保留缺失。,true
ITER|rec-dc3b93625e624994521faa392e0348839be1880eff32d0ccccc840411a5a942a|GEOLOGIC_CONTEXT_MISSING|matched_geologic_unit|,rec-dc3b93625e624994521faa392e0348839be1880eff32d0ccccc840411a5a942a,foregs-floodplain-sediment,D2,info,review_required,GEOLOGIC_CONTEXT_MISSING,matched_geologic_unit,,记录没有来源直报或空间匹配的地质单元。,在比例尺与边界不确定性允许时执行空间匹配，并记录地图源、版本、匹配方法和边界距离；否则保留缺失。,true
ITER|rec-dc7e689907feec8a33a202736ffbd2c8faeb3cb8b1d6abce18eaa520d65f5275|GEOLOGIC_CONTEXT_MISSING|matched_geologic_unit|,rec-dc7e689907feec8a33a202736ffbd2c8faeb3cb8b1d6abce18eaa520d65f5275,foregs-stream-sediment,D2,info,review_required,GEOLOGIC_CONTEXT_MISSING,matched_geologic_unit,,记录没有来源直报或空间匹配的地质单元。,在比例尺与边界不确定性允许时执行空间匹配，并记录地图源、版本、匹配方法和边界距离；否则保留缺失。,true
ITER|rec-dca68f553036c3418de0e210ac8be42e2f83983c039a606cc77bddd6624eec0b|GEOLOGIC_CONTEXT_MISSING|matched_geologic_unit|,rec-dca68f553036c3418de0e210ac8be42e2f83983c039a606cc77bddd6624eec0b,foregs-stream-sediment,D2,info,review_required,GEOLOGIC_CONTEXT_MISSING,matched_geologic_unit,,记录没有来源直报或空间匹配的地质单元。,在比例尺与边界不确定性允许时执行空间匹配，并记录地图源、版本、匹配方法和边界距离；否则保留缺失。,true
ITER|rec-dcb58356319dea49574a3406f1e4624dce98dcf47d22f52aae20f151256037e9|COORDINATE_UNUSABLE|latitude%2Clongitude|%2C,rec-dcb58356319dea49574a3406f1e4624dce98dcf47d22f52aae20f151256037e9,afsis-phase-i-wet-chemistry,D1,error,action_required,COORDINATE_UNUSABLE,"latitude,longitude",",",WGS84 坐标缺失、非数值或超出合法范围，因此不能上图。,从原始来源恢复坐标与 CRS；若只提供区域名称，保留缺失并记录原因，不得填区域质心。,true
ITER|rec-dcb58356319dea49574a3406f1e4624dce98dcf47d22f52aae20f151256037e9|GEOLOGIC_CONTEXT_MISSING|matched_geologic_unit|,rec-dcb58356319dea49574a3406f1e4624dce98dcf47d22f52aae20f151256037e9,afsis-phase-i-wet-chemistry,D2,info,review_required,GEOLOGIC_CONTEXT_MISSING,matched_geologic_unit,,记录没有来源直报或空间匹配的地质单元。,在比例尺与边界不确定性允许时执行空间匹配，并记录地图源、版本、匹配方法和边界距离；否则保留缺失。,true
ITER|rec-dccd06f7d486eba6b41c69502ada001d0499bc684f1c0d598f00630c2d521a86|GEOLOGIC_CONTEXT_MISSING|matched_geologic_unit|,rec-dccd06f7d486eba6b41c69502ada001d0499bc684f1c0d598f00630c2d521a86,norway-marchem,D2,info,review_required,GEOLOGIC_CONTEXT_MISSING,matched_geologic_unit,,记录没有来源直报或空间匹配的地质单元。,在比例尺与边界不确定性允许时执行空间匹配，并记录地图源、版本、匹配方法和边界距离；否则保留缺失。,true
ITER|rec-dd2914161ea66bfc52570508becd23cbfeee42998d3b886cd36e5ed1744e1303|ANALYTICAL_METHOD_MISSING|analytical_method|,rec-dd2914161ea66bfc52570508becd23cbfeee42998d3b886cd36e5ed1744e1303,usgs-conus-soil,D1,warning,action_required,ANALYTICAL_METHOD_MISSING,analytical_method,,分析方法证据缺失，跨来源浓度与元素组合不可可靠比较。,回查数据字典、方法论文或记录级元数据；同时绑定 method_source_locator，未找到时保留缺失原因。,true
ITER|rec-dd2914161ea66bfc52570508becd23cbfeee42998d3b886cd36e5ed1744e1303|GEOLOGIC_CONTEXT_MISSING|matched_geologic_unit|,rec-dd2914161ea66bfc52570508becd23cbfeee42998d3b886cd36e5ed1744e1303,usgs-conus-soil,D2,info,review_required,GEOLOGIC_CONTEXT_MISSING,matched_geologic_unit,,记录没有来源直报或空间匹配的地质单元。,在比例尺与边界不确定性允许时执行空间匹配，并记录地图源、版本、匹配方法和边界距离；否则保留缺失。,true
ITER|rec-dda0c9fcfbd38e6b027121abb980b1b279d2dd3c7d9048d92cc6adf6e8cd2965|GEOLOGIC_CONTEXT_MISSING|matched_geologic_unit|,rec-dda0c9fcfbd38e6b027121abb980b1b279d2dd3c7d9048d92cc6adf6e8cd2965,norway-marchem,D2,info,review_required,GEOLOGIC_CONTEXT_MISSING,matched_geologic_unit,,记录没有来源直报或空间匹配的地质单元。,在比例尺与边界不确定性允许时执行空间匹配，并记录地图源、版本、匹配方法和边界距离；否则保留缺失。,true
ITER|rec-de0cd94799bdeb70ab914a0efc177ec60030b847eda5d7b16a7a1fd1fff7f98a|COORDINATE_UNUSABLE|latitude%2Clongitude|%2C,rec-de0cd94799bdeb70ab914a0efc177ec60030b847eda5d7b16a7a1fd1fff7f98a,afsis-phase-i-wet-chemistry,D1,error,action_required,COORDINATE_UNUSABLE,"latitude,longitude",",",WGS84 坐标缺失、非数值或超出合法范围，因此不能上图。,从原始来源恢复坐标与 CRS；若只提供区域名称，保留缺失并记录原因，不得填区域质心。,true
ITER|rec-de0cd94799bdeb70ab914a0efc177ec60030b847eda5d7b16a7a1fd1fff7f98a|GEOLOGIC_CONTEXT_MISSING|matched_geologic_unit|,rec-de0cd94799bdeb70ab914a0efc177ec60030b847eda5d7b16a7a1fd1fff7f98a,afsis-phase-i-wet-chemistry,D2,info,review_required,GEOLOGIC_CONTEXT_MISSING,matched_geologic_unit,,记录没有来源直报或空间匹配的地质单元。,在比例尺与边界不确定性允许时执行空间匹配，并记录地图源、版本、匹配方法和边界距离；否则保留缺失。,true
ITER|rec-de0ee93028cd1683039d0b1871a71a36873971290311429b02c42249985e6c3c|GEOLOGIC_CONTEXT_MISSING|matched_geologic_unit|,rec-de0ee93028cd1683039d0b1871a71a36873971290311429b02c42249985e6c3c,norway-marchem,D2,info,review_required,GEOLOGIC_CONTEXT_MISSING,matched_geologic_unit,,记录没有来源直报或空间匹配的地质单元。,在比例尺与边界不确定性允许时执行空间匹配，并记录地图源、版本、匹配方法和边界距离；否则保留缺失。,true
ITER|rec-dea77d44019f8d64eece3e6b3c4d6a895d35c26d9922cc1d6a7d9ce32af87065|COORDINATE_UNUSABLE|latitude%2Clongitude|%2C,rec-dea77d44019f8d64eece3e6b3c4d6a895d35c26d9922cc1d6a7d9ce32af87065,afsis-phase-i-wet-chemistry,D1,error,action_required,COORDINATE_UNUSABLE,"latitude,longitude",",",WGS84 坐标缺失、非数值或超出合法范围，因此不能上图。,从原始来源恢复坐标与 CRS；若只提供区域名称，保留缺失并记录原因，不得填区域质心。,true
ITER|rec-dea77d44019f8d64eece3e6b3c4d6a895d35c26d9922cc1d6a7d9ce32af87065|GEOLOGIC_CONTEXT_MISSING|matched_geologic_unit|,rec-dea77d44019f8d64eece3e6b3c4d6a895d35c26d9922cc1d6a7d9ce32af87065,afsis-phase-i-wet-chemistry,D2,info,review_required,GEOLOGIC_CONTEXT_MISSING,matched_geologic_unit,,记录没有来源直报或空间匹配的地质单元。,在比例尺与边界不确定性允许时执行空间匹配，并记录地图源、版本、匹配方法和边界距离；否则保留缺失。,true
ITER|rec-df1ee43a1eddae35b46927c1d80649b722eb33ad3d01581fe42bc5941c78a771|GEOLOGIC_CONTEXT_MISSING|matched_geologic_unit|,rec-df1ee43a1eddae35b46927c1d80649b722eb33ad3d01581fe42bc5941c78a771,norway-marchem,D2,info,review_required,GEOLOGIC_CONTEXT_MISSING,matched_geologic_unit,,记录没有来源直报或空间匹配的地质单元。,在比例尺与边界不确定性允许时执行空间匹配，并记录地图源、版本、匹配方法和边界距离；否则保留缺失。,true
ITER|rec-dfb7725bd2fc73989bd370361df6498cd4d6659409bdec19ef7263637e103b6c|COORDINATE_UNUSABLE|latitude%2Clongitude|%2C,rec-dfb7725bd2fc73989bd370361df6498cd4d6659409bdec19ef7263637e103b6c,afsis-phase-i-wet-chemistry,D1,error,action_required,COORDINATE_UNUSABLE,"latitude,longitude",",",WGS84 坐标缺失、非数值或超出合法范围，因此不能上图。,从原始来源恢复坐标与 CRS；若只提供区域名称，保留缺失并记录原因，不得填区域质心。,true
ITER|rec-dfb7725bd2fc73989bd370361df6498cd4d6659409bdec19ef7263637e103b6c|GEOLOGIC_CONTEXT_MISSING|matched_geologic_unit|,rec-dfb7725bd2fc73989bd370361df6498cd4d6659409bdec19ef7263637e103b6c,afsis-phase-i-wet-chemistry,D2,info,review_required,GEOLOGIC_CONTEXT_MISSING,matched_geologic_unit,,记录没有来源直报或空间匹配的地质单元。,在比例尺与边界不确定性允许时执行空间匹配，并记录地图源、版本、匹配方法和边界距离；否则保留缺失。,true
ITER|rec-e02a0b26047f5dfe8bc8d468f0a87e1bf1fa6327297108902c062be84a2b9a80|GEOLOGIC_CONTEXT_MISSING|matched_geologic_unit|,rec-e02a0b26047f5dfe8bc8d468f0a87e1bf1fa6327297108902c062be84a2b9a80,norway-marchem,D2,info,review_required,GEOLOGIC_CONTEXT_MISSING,matched_geologic_unit,,记录没有来源直报或空间匹配的地质单元。,在比例尺与边界不确定性允许时执行空间匹配，并记录地图源、版本、匹配方法和边界距离；否则保留缺失。,true
ITER|rec-e05e77196bc8969ebd4168802d6a983dc491c37a728eb2482ec52b727fbb4103|ANALYTICAL_METHOD_MISSING|analytical_method|,rec-e05e77196bc8969ebd4168802d6a983dc491c37a728eb2482ec52b727fbb4103,japan-gsj-geochemical-map,D1,warning,action_required,ANALYTICAL_METHOD_MISSING,analytical_method,,分析方法证据缺失，跨来源浓度与元素组合不可可靠比较。,回查数据字典、方法论文或记录级元数据；同时绑定 method_source_locator，未找到时保留缺失原因。,true
ITER|rec-e05e77196bc8969ebd4168802d6a983dc491c37a728eb2482ec52b727fbb4103|GEOLOGIC_CONTEXT_MISSING|matched_geologic_unit|,rec-e05e77196bc8969ebd4168802d6a983dc491c37a728eb2482ec52b727fbb4103,japan-gsj-geochemical-map,D2,info,review_required,GEOLOGIC_CONTEXT_MISSING,matched_geologic_unit,,记录没有来源直报或空间匹配的地质单元。,在比例尺与边界不确定性允许时执行空间匹配，并记录地图源、版本、匹配方法和边界距离；否则保留缺失。,true
ITER|rec-e078966252da55a5d3f5e272ea3a014715fd9528fd6ebdaa788c6fa34f5ca0c9|GEOLOGIC_CONTEXT_MISSING|matched_geologic_unit|,rec-e078966252da55a5d3f5e272ea3a014715fd9528fd6ebdaa788c6fa34f5ca0c9,geotraces-idp2025,D2,info,review_required,GEOLOGIC_CONTEXT_MISSING,matched_geologic_unit,,记录没有来源直报或空间匹配的地质单元。,在比例尺与边界不确定性允许时执行空间匹配，并记录地图源、版本、匹配方法和边界距离；否则保留缺失。,true
ITER|rec-e0b47197b5b954a522066151259bdd477ed123af5279cda4e13a20998cf5114d|GEOLOGIC_CONTEXT_MISSING|matched_geologic_unit|,rec-e0b47197b5b954a522066151259bdd477ed123af5279cda4e13a20998cf5114d,geotraces-idp2025,D2,info,review_required,GEOLOGIC_CONTEXT_MISSING,matched_geologic_unit,,记录没有来源直报或空间匹配的地质单元。,在比例尺与边界不确定性允许时执行空间匹配，并记录地图源、版本、匹配方法和边界距离；否则保留缺失。,true
ITER|rec-e1a253f8f3153dc36000ebd286f13433d7cc2e692eef95426c1ab0371d454d0c|COORDINATE_UNUSABLE|latitude%2Clongitude|%2C,rec-e1a253f8f3153dc36000ebd286f13433d7cc2e692eef95426c1ab0371d454d0c,afsis-phase-i-wet-chemistry,D1,error,action_required,COORDINATE_UNUSABLE,"latitude,longitude",",",WGS84 坐标缺失、非数值或超出合法范围，因此不能上图。,从原始来源恢复坐标与 CRS；若只提供区域名称，保留缺失并记录原因，不得填区域质心。,true
ITER|rec-e1a253f8f3153dc36000ebd286f13433d7cc2e692eef95426c1ab0371d454d0c|GEOLOGIC_CONTEXT_MISSING|matched_geologic_unit|,rec-e1a253f8f3153dc36000ebd286f13433d7cc2e692eef95426c1ab0371d454d0c,afsis-phase-i-wet-chemistry,D2,info,review_required,GEOLOGIC_CONTEXT_MISSING,matched_geologic_unit,,记录没有来源直报或空间匹配的地质单元。,在比例尺与边界不确定性允许时执行空间匹配，并记录地图源、版本、匹配方法和边界距离；否则保留缺失。,true
ITER|rec-e28eb4bd302489e1caae72d45c0d1194a7fd4d19d9e416e5f09bb830c0a8d1c4|ANALYTICAL_METHOD_MISSING|analytical_method|,rec-e28eb4bd302489e1caae72d45c0d1194a7fd4d19d9e416e5f09bb830c0a8d1c4,japan-gsj-geochemical-map,D1,warning,action_required,ANALYTICAL_METHOD_MISSING,analytical_method,,分析方法证据缺失，跨来源浓度与元素组合不可可靠比较。,回查数据字典、方法论文或记录级元数据；同时绑定 method_source_locator，未找到时保留缺失原因。,true
ITER|rec-e28eb4bd302489e1caae72d45c0d1194a7fd4d19d9e416e5f09bb830c0a8d1c4|GEOLOGIC_CONTEXT_MISSING|matched_geologic_unit|,rec-e28eb4bd302489e1caae72d45c0d1194a7fd4d19d9e416e5f09bb830c0a8d1c4,japan-gsj-geochemical-map,D2,info,review_required,GEOLOGIC_CONTEXT_MISSING,matched_geologic_unit,,记录没有来源直报或空间匹配的地质单元。,在比例尺与边界不确定性允许时执行空间匹配，并记录地图源、版本、匹配方法和边界距离；否则保留缺失。,true
ITER|rec-e35c4059338022201891116802ed9077497d0ca5c6d80cd062eb4ab6c14122e9|GEOLOGIC_CONTEXT_MISSING|matched_geologic_unit|,rec-e35c4059338022201891116802ed9077497d0ca5c6d80cd062eb4ab6c14122e9,foregs-stream-water,D2,info,review_required,GEOLOGIC_CONTEXT_MISSING,matched_geologic_unit,,记录没有来源直报或空间匹配的地质单元。,在比例尺与边界不确定性允许时执行空间匹配，并记录地图源、版本、匹配方法和边界距离；否则保留缺失。,true
ITER|rec-e411118bc88187621cc350371b391b93cd96bf165f1259b44cbb5495de6ade17|ANALYTICAL_METHOD_MISSING|analytical_method|,rec-e411118bc88187621cc350371b391b93cd96bf165f1259b44cbb5495de6ade17,georoc-archaean,D1,warning,action_required,ANALYTICAL_METHOD_MISSING,analytical_method,,分析方法证据缺失，跨来源浓度与元素组合不可可靠比较。,回查数据字典、方法论文或记录级元数据；同时绑定 method_source_locator，未找到时保留缺失原因。,true
ITER|rec-e411118bc88187621cc350371b391b93cd96bf165f1259b44cbb5495de6ade17|COORDINATE_UNUSABLE|latitude%2Clongitude|%2C,rec-e411118bc88187621cc350371b391b93cd96bf165f1259b44cbb5495de6ade17,georoc-archaean,D1,error,action_required,COORDINATE_UNUSABLE,"latitude,longitude",",",WGS84 坐标缺失、非数值或超出合法范围，因此不能上图。,从原始来源恢复坐标与 CRS；若只提供区域名称，保留缺失并记录原因，不得填区域质心。,true
ITER|rec-e411118bc88187621cc350371b391b93cd96bf165f1259b44cbb5495de6ade17|GEOLOGIC_CONTEXT_MISSING|matched_geologic_unit|,rec-e411118bc88187621cc350371b391b93cd96bf165f1259b44cbb5495de6ade17,georoc-archaean,D2,info,review_required,GEOLOGIC_CONTEXT_MISSING,matched_geologic_unit,,记录没有来源直报或空间匹配的地质单元。,在比例尺与边界不确定性允许时执行空间匹配，并记录地图源、版本、匹配方法和边界距离；否则保留缺失。,true
ITER|rec-e5db2246edcbee29d1669126fb8f344e3a970302cd33236bbe12c111e4971afd|ANALYTICAL_METHOD_MISSING|analytical_method|,rec-e5db2246edcbee29d1669126fb8f344e3a970302cd33236bbe12c111e4971afd,usgs-conus-soil,D1,warning,action_required,ANALYTICAL_METHOD_MISSING,analytical_method,,分析方法证据缺失，跨来源浓度与元素组合不可可靠比较。,回查数据字典、方法论文或记录级元数据；同时绑定 method_source_locator，未找到时保留缺失原因。,true
ITER|rec-e5db2246edcbee29d1669126fb8f344e3a970302cd33236bbe12c111e4971afd|GEOLOGIC_CONTEXT_MISSING|matched_geologic_unit|,rec-e5db2246edcbee29d1669126fb8f344e3a970302cd33236bbe12c111e4971afd,usgs-conus-soil,D2,info,review_required,GEOLOGIC_CONTEXT_MISSING,matched_geologic_unit,,记录没有来源直报或空间匹配的地质单元。,在比例尺与边界不确定性允许时执行空间匹配，并记录地图源、版本、匹配方法和边界距离；否则保留缺失。,true
ITER|rec-e609c76ff76970e516cd2a1ed5e1deb603999d0a80bd042adb30f499f17074f1|GEOLOGIC_CONTEXT_MISSING|matched_geologic_unit|,rec-e609c76ff76970e516cd2a1ed5e1deb603999d0a80bd042adb30f499f17074f1,foregs-humus,D2,info,review_required,GEOLOGIC_CONTEXT_MISSING,matched_geologic_unit,,记录没有来源直报或空间匹配的地质单元。,在比例尺与边界不确定性允许时执行空间匹配，并记录地图源、版本、匹配方法和边界距离；否则保留缺失。,true
ITER|rec-e66ecbe9e857e8deec9214bd4ab90d5937407f6cb43be4a99365698a923a75bd|GEOLOGIC_CONTEXT_MISSING|matched_geologic_unit|,rec-e66ecbe9e857e8deec9214bd4ab90d5937407f6cb43be4a99365698a923a75bd,norway-marchem,D2,info,review_required,GEOLOGIC_CONTEXT_MISSING,matched_geologic_unit,,记录没有来源直报或空间匹配的地质单元。,在比例尺与边界不确定性允许时执行空间匹配，并记录地图源、版本、匹配方法和边界距离；否则保留缺失。,true
ITER|rec-e67d70a2d172fb9513b136be544839f109ee5ea8a0cd79c99b0fe74534c2e1c2|ANALYTICAL_METHOD_MISSING|analytical_method|,rec-e67d70a2d172fb9513b136be544839f109ee5ea8a0cd79c99b0fe74534c2e1c2,georoc-archaean,D1,warning,action_required,ANALYTICAL_METHOD_MISSING,analytical_method,,分析方法证据缺失，跨来源浓度与元素组合不可可靠比较。,回查数据字典、方法论文或记录级元数据；同时绑定 method_source_locator，未找到时保留缺失原因。,true
ITER|rec-e67d70a2d172fb9513b136be544839f109ee5ea8a0cd79c99b0fe74534c2e1c2|COORDINATE_UNUSABLE|latitude%2Clongitude|%2C,rec-e67d70a2d172fb9513b136be544839f109ee5ea8a0cd79c99b0fe74534c2e1c2,georoc-archaean,D1,error,action_required,COORDINATE_UNUSABLE,"latitude,longitude",",",WGS84 坐标缺失、非数值或超出合法范围，因此不能上图。,从原始来源恢复坐标与 CRS；若只提供区域名称，保留缺失并记录原因，不得填区域质心。,true
ITER|rec-e67d70a2d172fb9513b136be544839f109ee5ea8a0cd79c99b0fe74534c2e1c2|GEOLOGIC_CONTEXT_MISSING|matched_geologic_unit|,rec-e67d70a2d172fb9513b136be544839f109ee5ea8a0cd79c99b0fe74534c2e1c2,georoc-archaean,D2,info,review_required,GEOLOGIC_CONTEXT_MISSING,matched_geologic_unit,,记录没有来源直报或空间匹配的地质单元。,在比例尺与边界不确定性允许时执行空间匹配，并记录地图源、版本、匹配方法和边界距离；否则保留缺失。,true
ITER|rec-e6bf0faa37ea18e059db864c6d81fd5f73065022b457d43d7c60bcacb70cbd67|GEOLOGIC_CONTEXT_MISSING|matched_geologic_unit|,rec-e6bf0faa37ea18e059db864c6d81fd5f73065022b457d43d7c60bcacb70cbd67,us-wqp-sacramento-river-arsenic,D2,info,review_required,GEOLOGIC_CONTEXT_MISSING,matched_geologic_unit,,记录没有来源直报或空间匹配的地质单元。,在比例尺与边界不确定性允许时执行空间匹配，并记录地图源、版本、匹配方法和边界距离；否则保留缺失。,true
ITER|rec-e6dfbe07e70b6109e61d65da0b913031a380d7ee24b1d68fc9b6117729cf9184|GEOLOGIC_CONTEXT_MISSING|matched_geologic_unit|,rec-e6dfbe07e70b6109e61d65da0b913031a380d7ee24b1d68fc9b6117729cf9184,foregs-humus,D2,info,review_required,GEOLOGIC_CONTEXT_MISSING,matched_geologic_unit,,记录没有来源直报或空间匹配的地质单元。,在比例尺与边界不确定性允许时执行空间匹配，并记录地图源、版本、匹配方法和边界距离；否则保留缺失。,true
ITER|rec-e726df88186b26d40a06be1bf198cd6d14e23eedca918a5fc3b9b7b960da407c|GEOLOGIC_CONTEXT_MISSING|matched_geologic_unit|,rec-e726df88186b26d40a06be1bf198cd6d14e23eedca918a5fc3b9b7b960da407c,pangaea-north-africa-soil,D2,info,review_required,GEOLOGIC_CONTEXT_MISSING,matched_geologic_unit,,记录没有来源直报或空间匹配的地质单元。,在比例尺与边界不确定性允许时执行空间匹配，并记录地图源、版本、匹配方法和边界距离；否则保留缺失。,true
ITER|rec-e7ee1459ee7a08b4ae43fdf9d6e74dbde4410d6b648029d23074168edf0f1ee9|GEOLOGIC_CONTEXT_MISSING|matched_geologic_unit|,rec-e7ee1459ee7a08b4ae43fdf9d6e74dbde4410d6b648029d23074168edf0f1ee9,foregs-floodplain-sediment,D2,info,review_required,GEOLOGIC_CONTEXT_MISSING,matched_geologic_unit,,记录没有来源直报或空间匹配的地质单元。,在比例尺与边界不确定性允许时执行空间匹配，并记录地图源、版本、匹配方法和边界距离；否则保留缺失。,true
ITER|rec-e82645e15d75f0c85fe311ee4be12ca8a9392e599972daca7fc2528b2d57d930|GEOLOGIC_CONTEXT_MISSING|matched_geologic_unit|,rec-e82645e15d75f0c85fe311ee4be12ca8a9392e599972daca7fc2528b2d57d930,foregs-topsoil,D2,info,review_required,GEOLOGIC_CONTEXT_MISSING,matched_geologic_unit,,记录没有来源直报或空间匹配的地质单元。,在比例尺与边界不确定性允许时执行空间匹配，并记录地图源、版本、匹配方法和边界距离；否则保留缺失。,true
ITER|rec-e944061a6d05fdd90ab26c48b90d654a3af3dadadb972cda23ec6cb4ac68101b|GEOLOGIC_CONTEXT_MISSING|matched_geologic_unit|,rec-e944061a6d05fdd90ab26c48b90d654a3af3dadadb972cda23ec6cb4ac68101b,foregs-topsoil,D2,info,review_required,GEOLOGIC_CONTEXT_MISSING,matched_geologic_unit,,记录没有来源直报或空间匹配的地质单元。,在比例尺与边界不确定性允许时执行空间匹配，并记录地图源、版本、匹配方法和边界距离；否则保留缺失。,true
ITER|rec-eadd91e07c7b04290d64c9de937be9580b349a64eddcad840233e3ac9710377d|GEOLOGIC_CONTEXT_MISSING|matched_geologic_unit|,rec-eadd91e07c7b04290d64c9de937be9580b349a64eddcad840233e3ac9710377d,us-wqp-sacramento-river-arsenic,D2,info,review_required,GEOLOGIC_CONTEXT_MISSING,matched_geologic_unit,,记录没有来源直报或空间匹配的地质单元。,在比例尺与边界不确定性允许时执行空间匹配，并记录地图源、版本、匹配方法和边界距离；否则保留缺失。,true
ITER|rec-eafb4b5b4cfcc973a52f5582b97b194333d5c7d6875173e99fda9d68d692f0cd|ANALYTICAL_METHOD_MISSING|analytical_method|,rec-eafb4b5b4cfcc973a52f5582b97b194333d5c7d6875173e99fda9d68d692f0cd,georoc-archaean,D1,warning,action_required,ANALYTICAL_METHOD_MISSING,analytical_method,,分析方法证据缺失，跨来源浓度与元素组合不可可靠比较。,回查数据字典、方法论文或记录级元数据；同时绑定 method_source_locator，未找到时保留缺失原因。,true
ITER|rec-eafb4b5b4cfcc973a52f5582b97b194333d5c7d6875173e99fda9d68d692f0cd|COORDINATE_UNUSABLE|latitude%2Clongitude|%2C,rec-eafb4b5b4cfcc973a52f5582b97b194333d5c7d6875173e99fda9d68d692f0cd,georoc-archaean,D1,error,action_required,COORDINATE_UNUSABLE,"latitude,longitude",",",WGS84 坐标缺失、非数值或超出合法范围，因此不能上图。,从原始来源恢复坐标与 CRS；若只提供区域名称，保留缺失并记录原因，不得填区域质心。,true
ITER|rec-eafb4b5b4cfcc973a52f5582b97b194333d5c7d6875173e99fda9d68d692f0cd|GEOLOGIC_CONTEXT_MISSING|matched_geologic_unit|,rec-eafb4b5b4cfcc973a52f5582b97b194333d5c7d6875173e99fda9d68d692f0cd,georoc-archaean,D2,info,review_required,GEOLOGIC_CONTEXT_MISSING,matched_geologic_unit,,记录没有来源直报或空间匹配的地质单元。,在比例尺与边界不确定性允许时执行空间匹配，并记录地图源、版本、匹配方法和边界距离；否则保留缺失。,true
ITER|rec-eb03c751ea054a852e349682fa23a4bb7722fdf31179d608a2e68195fb22ba10|GEOLOGIC_CONTEXT_MISSING|matched_geologic_unit|,rec-eb03c751ea054a852e349682fa23a4bb7722fdf31179d608a2e68195fb22ba10,pangaea-north-africa-soil,D2,info,review_required,GEOLOGIC_CONTEXT_MISSING,matched_geologic_unit,,记录没有来源直报或空间匹配的地质单元。,在比例尺与边界不确定性允许时执行空间匹配，并记录地图源、版本、匹配方法和边界距离；否则保留缺失。,true
ITER|rec-eb36e6a4e3672e9d495cb86d8dbf331302f34f52553dd4243bd300c9e24b0780|ANALYTICAL_METHOD_MISSING|analytical_method|,rec-eb36e6a4e3672e9d495cb86d8dbf331302f34f52553dd4243bd300c9e24b0780,usgs-conus-soil,D1,warning,action_required,ANALYTICAL_METHOD_MISSING,analytical_method,,分析方法证据缺失，跨来源浓度与元素组合不可可靠比较。,回查数据字典、方法论文或记录级元数据；同时绑定 method_source_locator，未找到时保留缺失原因。,true
ITER|rec-eb36e6a4e3672e9d495cb86d8dbf331302f34f52553dd4243bd300c9e24b0780|GEOLOGIC_CONTEXT_MISSING|matched_geologic_unit|,rec-eb36e6a4e3672e9d495cb86d8dbf331302f34f52553dd4243bd300c9e24b0780,usgs-conus-soil,D2,info,review_required,GEOLOGIC_CONTEXT_MISSING,matched_geologic_unit,,记录没有来源直报或空间匹配的地质单元。,在比例尺与边界不确定性允许时执行空间匹配，并记录地图源、版本、匹配方法和边界距离；否则保留缺失。,true
ITER|rec-eb45edfa0fdff79107e11b5981d620ba470a353d2008baee3a5c5d95520f1d3f|GEOLOGIC_CONTEXT_MISSING|matched_geologic_unit|,rec-eb45edfa0fdff79107e11b5981d620ba470a353d2008baee3a5c5d95520f1d3f,foregs-subsoil,D2,info,review_required,GEOLOGIC_CONTEXT_MISSING,matched_geologic_unit,,记录没有来源直报或空间匹配的地质单元。,在比例尺与边界不确定性允许时执行空间匹配，并记录地图源、版本、匹配方法和边界距离；否则保留缺失。,true
ITER|rec-eb5a8dab3dcd84906ef0f999eb940ea855156cf4be15d1be8606c2bc5671d1c3|GEOLOGIC_CONTEXT_MISSING|matched_geologic_unit|,rec-eb5a8dab3dcd84906ef0f999eb940ea855156cf4be15d1be8606c2bc5671d1c3,norway-marchem,D2,info,review_required,GEOLOGIC_CONTEXT_MISSING,matched_geologic_unit,,记录没有来源直报或空间匹配的地质单元。,在比例尺与边界不确定性允许时执行空间匹配，并记录地图源、版本、匹配方法和边界距离；否则保留缺失。,true
ITER|rec-eb69593d9d34547bae29f010f8e6a29be980dbd20256d40d9463a18d18940145|GEOLOGIC_CONTEXT_MISSING|matched_geologic_unit|,rec-eb69593d9d34547bae29f010f8e6a29be980dbd20256d40d9463a18d18940145,pangaea-north-africa-soil,D2,info,review_required,GEOLOGIC_CONTEXT_MISSING,matched_geologic_unit,,记录没有来源直报或空间匹配的地质单元。,在比例尺与边界不确定性允许时执行空间匹配，并记录地图源、版本、匹配方法和边界距离；否则保留缺失。,true
ITER|rec-eb80e00470a3a5d0d2a42e23a8b4ec2e6c4e4585f7ba2717d425fca0d7aa8b09|GEOLOGIC_CONTEXT_MISSING|matched_geologic_unit|,rec-eb80e00470a3a5d0d2a42e23a8b4ec2e6c4e4585f7ba2717d425fca0d7aa8b09,us-wqp-sacramento-river-arsenic,D2,info,review_required,GEOLOGIC_CONTEXT_MISSING,matched_geologic_unit,,记录没有来源直报或空间匹配的地质单元。,在比例尺与边界不确定性允许时执行空间匹配，并记录地图源、版本、匹配方法和边界距离；否则保留缺失。,true
ITER|rec-eb81c4049f0688b2b039be893b161c02e4ed95ca04cf77ed61f3d52edc7cd0bd|GEOLOGIC_CONTEXT_MISSING|matched_geologic_unit|,rec-eb81c4049f0688b2b039be893b161c02e4ed95ca04cf77ed61f3d52edc7cd0bd,geotraces-idp2025,D2,info,review_required,GEOLOGIC_CONTEXT_MISSING,matched_geologic_unit,,记录没有来源直报或空间匹配的地质单元。,在比例尺与边界不确定性允许时执行空间匹配，并记录地图源、版本、匹配方法和边界距离；否则保留缺失。,true
ITER|rec-ec1d725834be14900f9060674ffc56fcb77ddc89a8b268bf55792d726bece787|GEOLOGIC_CONTEXT_MISSING|matched_geologic_unit|,rec-ec1d725834be14900f9060674ffc56fcb77ddc89a8b268bf55792d726bece787,foregs-stream-sediment,D2,info,review_required,GEOLOGIC_CONTEXT_MISSING,matched_geologic_unit,,记录没有来源直报或空间匹配的地质单元。,在比例尺与边界不确定性允许时执行空间匹配，并记录地图源、版本、匹配方法和边界距离；否则保留缺失。,true
ITER|rec-ed5221cfeb49c3a77f53330de57e5f6e83fe47938484cd9092de040052bfd0ed|GEOLOGIC_CONTEXT_MISSING|matched_geologic_unit|,rec-ed5221cfeb49c3a77f53330de57e5f6e83fe47938484cd9092de040052bfd0ed,foregs-stream-sediment,D2,info,review_required,GEOLOGIC_CONTEXT_MISSING,matched_geologic_unit,,记录没有来源直报或空间匹配的地质单元。,在比例尺与边界不确定性允许时执行空间匹配，并记录地图源、版本、匹配方法和边界距离；否则保留缺失。,true
ITER|rec-ed7e15224c3b44f7da8db96115f66581c25121b148715d2492d4b38738d65ffb|GEOLOGIC_CONTEXT_MISSING|matched_geologic_unit|,rec-ed7e15224c3b44f7da8db96115f66581c25121b148715d2492d4b38738d65ffb,norway-marchem,D2,info,review_required,GEOLOGIC_CONTEXT_MISSING,matched_geologic_unit,,记录没有来源直报或空间匹配的地质单元。,在比例尺与边界不确定性允许时执行空间匹配，并记录地图源、版本、匹配方法和边界距离；否则保留缺失。,true
ITER|rec-ed895ba54bd373299c53224574a768e5772b594db16920bc02eb70eda363082d|GEOLOGIC_CONTEXT_MISSING|matched_geologic_unit|,rec-ed895ba54bd373299c53224574a768e5772b594db16920bc02eb70eda363082d,foregs-floodplain-sediment,D2,info,review_required,GEOLOGIC_CONTEXT_MISSING,matched_geologic_unit,,记录没有来源直报或空间匹配的地质单元。,在比例尺与边界不确定性允许时执行空间匹配，并记录地图源、版本、匹配方法和边界距离；否则保留缺失。,true
ITER|rec-eda29bf76edb5f9e2aa9b262c0312480d07d2e0e71a3f12225574d1c68a2695d|CENSORED_OBSERVATION|censored|%3C,rec-eda29bf76edb5f9e2aa9b262c0312480d07d2e0e71a3f12225574d1c68a2695d,norway-marchem,D2,info,scientific_limit,CENSORED_OBSERVATION,censored,<,这是检出限/定量限约束的删失观测，不等同于零，也不自动视为采集失败。,保留原始 qualifier 与 censoring limit；默认从普通相关和异常筛查中排除，或使用明确的删失统计模型。,false
ITER|rec-eda29bf76edb5f9e2aa9b262c0312480d07d2e0e71a3f12225574d1c68a2695d|GEOLOGIC_CONTEXT_MISSING|matched_geologic_unit|,rec-eda29bf76edb5f9e2aa9b262c0312480d07d2e0e71a3f12225574d1c68a2695d,norway-marchem,D2,info,review_required,GEOLOGIC_CONTEXT_MISSING,matched_geologic_unit,,记录没有来源直报或空间匹配的地质单元。,在比例尺与边界不确定性允许时执行空间匹配，并记录地图源、版本、匹配方法和边界距离；否则保留缺失。,true
ITER|rec-eda5071ece336ae17570b9539e025bfcf718aab3d1fe5df1c21826fd615c2c96|ANALYTICAL_METHOD_MISSING|analytical_method|,rec-eda5071ece336ae17570b9539e025bfcf718aab3d1fe5df1c21826fd615c2c96,usgs-conus-soil,D1,warning,action_required,ANALYTICAL_METHOD_MISSING,analytical_method,,分析方法证据缺失，跨来源浓度与元素组合不可可靠比较。,回查数据字典、方法论文或记录级元数据；同时绑定 method_source_locator，未找到时保留缺失原因。,true
ITER|rec-eda5071ece336ae17570b9539e025bfcf718aab3d1fe5df1c21826fd615c2c96|GEOLOGIC_CONTEXT_MISSING|matched_geologic_unit|,rec-eda5071ece336ae17570b9539e025bfcf718aab3d1fe5df1c21826fd615c2c96,usgs-conus-soil,D2,info,review_required,GEOLOGIC_CONTEXT_MISSING,matched_geologic_unit,,记录没有来源直报或空间匹配的地质单元。,在比例尺与边界不确定性允许时执行空间匹配，并记录地图源、版本、匹配方法和边界距离；否则保留缺失。,true
ITER|rec-ee212f83a2f03aa9aff1e31d97c236cb488448e6061f2dfadeed14e2988a2172|CENSORED_OBSERVATION|censored|%3C,rec-ee212f83a2f03aa9aff1e31d97c236cb488448e6061f2dfadeed14e2988a2172,gemstat-open-archive,D2,info,scientific_limit,CENSORED_OBSERVATION,censored,<,这是检出限/定量限约束的删失观测，不等同于零，也不自动视为采集失败。,保留原始 qualifier 与 censoring limit；默认从普通相关和异常筛查中排除，或使用明确的删失统计模型。,false
ITER|rec-ee212f83a2f03aa9aff1e31d97c236cb488448e6061f2dfadeed14e2988a2172|GEOLOGIC_CONTEXT_MISSING|matched_geologic_unit|,rec-ee212f83a2f03aa9aff1e31d97c236cb488448e6061f2dfadeed14e2988a2172,gemstat-open-archive,D2,info,review_required,GEOLOGIC_CONTEXT_MISSING,matched_geologic_unit,,记录没有来源直报或空间匹配的地质单元。,在比例尺与边界不确定性允许时执行空间匹配，并记录地图源、版本、匹配方法和边界距离；否则保留缺失。,true
ITER|rec-ee3a41040929277bb3b35718914f15528fc003ffdab6801abb2af8d132551fd0|ANALYTICAL_METHOD_MISSING|analytical_method|,rec-ee3a41040929277bb3b35718914f15528fc003ffdab6801abb2af8d132551fd0,usgs-conus-soil,D1,warning,action_required,ANALYTICAL_METHOD_MISSING,analytical_method,,分析方法证据缺失，跨来源浓度与元素组合不可可靠比较。,回查数据字典、方法论文或记录级元数据；同时绑定 method_source_locator，未找到时保留缺失原因。,true
ITER|rec-ee3a41040929277bb3b35718914f15528fc003ffdab6801abb2af8d132551fd0|GEOLOGIC_CONTEXT_MISSING|matched_geologic_unit|,rec-ee3a41040929277bb3b35718914f15528fc003ffdab6801abb2af8d132551fd0,usgs-conus-soil,D2,info,review_required,GEOLOGIC_CONTEXT_MISSING,matched_geologic_unit,,记录没有来源直报或空间匹配的地质单元。,在比例尺与边界不确定性允许时执行空间匹配，并记录地图源、版本、匹配方法和边界距离；否则保留缺失。,true
ITER|rec-ee75f3a39b397b151a1e48664324ff3fed7476b1b6d68c85d78e153082a99277|GEOLOGIC_CONTEXT_MISSING|matched_geologic_unit|,rec-ee75f3a39b397b151a1e48664324ff3fed7476b1b6d68c85d78e153082a99277,foregs-humus,D2,info,review_required,GEOLOGIC_CONTEXT_MISSING,matched_geologic_unit,,记录没有来源直报或空间匹配的地质单元。,在比例尺与边界不确定性允许时执行空间匹配，并记录地图源、版本、匹配方法和边界距离；否则保留缺失。,true
ITER|rec-eee041616ae986440bb366e982c78aa4a9664f5be8cd8a1f62b4c646ce8ad1d4|GEOLOGIC_CONTEXT_MISSING|matched_geologic_unit|,rec-eee041616ae986440bb366e982c78aa4a9664f5be8cd8a1f62b4c646ce8ad1d4,foregs-humus,D2,info,review_required,GEOLOGIC_CONTEXT_MISSING,matched_geologic_unit,,记录没有来源直报或空间匹配的地质单元。,在比例尺与边界不确定性允许时执行空间匹配，并记录地图源、版本、匹配方法和边界距离；否则保留缺失。,true
ITER|rec-eef577ca4614d33965ef79a1077c9e108994e5ec28020c96c7a38decb8da3ad0|GEOLOGIC_CONTEXT_MISSING|matched_geologic_unit|,rec-eef577ca4614d33965ef79a1077c9e108994e5ec28020c96c7a38decb8da3ad0,norway-marchem,D2,info,review_required,GEOLOGIC_CONTEXT_MISSING,matched_geologic_unit,,记录没有来源直报或空间匹配的地质单元。,在比例尺与边界不确定性允许时执行空间匹配，并记录地图源、版本、匹配方法和边界距离；否则保留缺失。,true
ITER|rec-ef1034435bbf3006bc5f3fce867edaec927ea82be8831d58228782b156bda723|GEOLOGIC_CONTEXT_MISSING|matched_geologic_unit|,rec-ef1034435bbf3006bc5f3fce867edaec927ea82be8831d58228782b156bda723,foregs-topsoil,D2,info,review_required,GEOLOGIC_CONTEXT_MISSING,matched_geologic_unit,,记录没有来源直报或空间匹配的地质单元。,在比例尺与边界不确定性允许时执行空间匹配，并记录地图源、版本、匹配方法和边界距离；否则保留缺失。,true
ITER|rec-ef4d3760a5a1e8e7e257cbd5b5980d13e12de371b61f8ef66a2a72b69d521afc|GEOLOGIC_CONTEXT_MISSING|matched_geologic_unit|,rec-ef4d3760a5a1e8e7e257cbd5b5980d13e12de371b61f8ef66a2a72b69d521afc,geotraces-idp2025,D2,info,review_required,GEOLOGIC_CONTEXT_MISSING,matched_geologic_unit,,记录没有来源直报或空间匹配的地质单元。,在比例尺与边界不确定性允许时执行空间匹配，并记录地图源、版本、匹配方法和边界距离；否则保留缺失。,true
ITER|rec-ef52de6f67da37954692ee0d573d00eff7b7d3b565aef012b7903a1bf21e7865|GEOLOGIC_CONTEXT_MISSING|matched_geologic_unit|,rec-ef52de6f67da37954692ee0d573d00eff7b7d3b565aef012b7903a1bf21e7865,foregs-topsoil,D2,info,review_required,GEOLOGIC_CONTEXT_MISSING,matched_geologic_unit,,记录没有来源直报或空间匹配的地质单元。,在比例尺与边界不确定性允许时执行空间匹配，并记录地图源、版本、匹配方法和边界距离；否则保留缺失。,true
ITER|rec-ef555bf3f36672e0bb59d37e52509e03c7261ea5ac327719e1a8a5c33cf2b899|GEOLOGIC_CONTEXT_MISSING|matched_geologic_unit|,rec-ef555bf3f36672e0bb59d37e52509e03c7261ea5ac327719e1a8a5c33cf2b899,foregs-topsoil,D2,info,review_required,GEOLOGIC_CONTEXT_MISSING,matched_geologic_unit,,记录没有来源直报或空间匹配的地质单元。,在比例尺与边界不确定性允许时执行空间匹配，并记录地图源、版本、匹配方法和边界距离；否则保留缺失。,true
ITER|rec-ef5d2001c28ee2766de86dd63c6f7e3467d0b12068f99864302eec432a733749|GEOLOGIC_CONTEXT_MISSING|matched_geologic_unit|,rec-ef5d2001c28ee2766de86dd63c6f7e3467d0b12068f99864302eec432a733749,foregs-floodplain-sediment,D2,info,review_required,GEOLOGIC_CONTEXT_MISSING,matched_geologic_unit,,记录没有来源直报或空间匹配的地质单元。,在比例尺与边界不确定性允许时执行空间匹配，并记录地图源、版本、匹配方法和边界距离；否则保留缺失。,true
ITER|rec-efd171b31034c0e8f57f574b46d79f63b25b1e1658a879d45ee76ca7ec1d1484|GEOLOGIC_CONTEXT_MISSING|matched_geologic_unit|,rec-efd171b31034c0e8f57f574b46d79f63b25b1e1658a879d45ee76ca7ec1d1484,foregs-subsoil,D2,info,review_required,GEOLOGIC_CONTEXT_MISSING,matched_geologic_unit,,记录没有来源直报或空间匹配的地质单元。,在比例尺与边界不确定性允许时执行空间匹配，并记录地图源、版本、匹配方法和边界距离；否则保留缺失。,true
ITER|rec-efd28b5cbc62141562da63f907f59d04f5376646bf2cbcdbc52a08fe0eef7c18|COORDINATE_UNUSABLE|latitude%2Clongitude|%2C,rec-efd28b5cbc62141562da63f907f59d04f5376646bf2cbcdbc52a08fe0eef7c18,afsis-phase-i-wet-chemistry,D1,error,action_required,COORDINATE_UNUSABLE,"latitude,longitude",",",WGS84 坐标缺失、非数值或超出合法范围，因此不能上图。,从原始来源恢复坐标与 CRS；若只提供区域名称，保留缺失并记录原因，不得填区域质心。,true
ITER|rec-efd28b5cbc62141562da63f907f59d04f5376646bf2cbcdbc52a08fe0eef7c18|GEOLOGIC_CONTEXT_MISSING|matched_geologic_unit|,rec-efd28b5cbc62141562da63f907f59d04f5376646bf2cbcdbc52a08fe0eef7c18,afsis-phase-i-wet-chemistry,D2,info,review_required,GEOLOGIC_CONTEXT_MISSING,matched_geologic_unit,,记录没有来源直报或空间匹配的地质单元。,在比例尺与边界不确定性允许时执行空间匹配，并记录地图源、版本、匹配方法和边界距离；否则保留缺失。,true
ITER|rec-efd438d33a8f3fc033f10ad43fbc680c699f49040b2c74b39b7a289e4af6c3c7|ANALYTICAL_METHOD_MISSING|analytical_method|,rec-efd438d33a8f3fc033f10ad43fbc680c699f49040b2c74b39b7a289e4af6c3c7,georoc-archaean,D1,warning,action_required,ANALYTICAL_METHOD_MISSING,analytical_method,,分析方法证据缺失，跨来源浓度与元素组合不可可靠比较。,回查数据字典、方法论文或记录级元数据；同时绑定 method_source_locator，未找到时保留缺失原因。,true
ITER|rec-efd438d33a8f3fc033f10ad43fbc680c699f49040b2c74b39b7a289e4af6c3c7|COORDINATE_UNUSABLE|latitude%2Clongitude|%2C,rec-efd438d33a8f3fc033f10ad43fbc680c699f49040b2c74b39b7a289e4af6c3c7,georoc-archaean,D1,error,action_required,COORDINATE_UNUSABLE,"latitude,longitude",",",WGS84 坐标缺失、非数值或超出合法范围，因此不能上图。,从原始来源恢复坐标与 CRS；若只提供区域名称，保留缺失并记录原因，不得填区域质心。,true
ITER|rec-efd438d33a8f3fc033f10ad43fbc680c699f49040b2c74b39b7a289e4af6c3c7|GEOLOGIC_CONTEXT_MISSING|matched_geologic_unit|,rec-efd438d33a8f3fc033f10ad43fbc680c699f49040b2c74b39b7a289e4af6c3c7,georoc-archaean,D2,info,review_required,GEOLOGIC_CONTEXT_MISSING,matched_geologic_unit,,记录没有来源直报或空间匹配的地质单元。,在比例尺与边界不确定性允许时执行空间匹配，并记录地图源、版本、匹配方法和边界距离；否则保留缺失。,true
ITER|rec-efd921979db8dff548b32545b2b1d18e34a6ff77376fa7c00d252714f6af0629|GEOLOGIC_CONTEXT_MISSING|matched_geologic_unit|,rec-efd921979db8dff548b32545b2b1d18e34a6ff77376fa7c00d252714f6af0629,foregs-stream-sediment,D2,info,review_required,GEOLOGIC_CONTEXT_MISSING,matched_geologic_unit,,记录没有来源直报或空间匹配的地质单元。,在比例尺与边界不确定性允许时执行空间匹配，并记录地图源、版本、匹配方法和边界距离；否则保留缺失。,true
ITER|rec-efdb0eea45bc8f14dfa212620a6f0223bb4a876d36dce6c2edd8576e9daece4f|GEOLOGIC_CONTEXT_MISSING|matched_geologic_unit|,rec-efdb0eea45bc8f14dfa212620a6f0223bb4a876d36dce6c2edd8576e9daece4f,pangaea-north-africa-soil,D2,info,review_required,GEOLOGIC_CONTEXT_MISSING,matched_geologic_unit,,记录没有来源直报或空间匹配的地质单元。,在比例尺与边界不确定性允许时执行空间匹配，并记录地图源、版本、匹配方法和边界距离；否则保留缺失。,true
ITER|rec-eff287a4742cc2091e1ea49f69e2c4276e25d3cc3c8fcffae2261c14418d78d8|GEOLOGIC_CONTEXT_MISSING|matched_geologic_unit|,rec-eff287a4742cc2091e1ea49f69e2c4276e25d3cc3c8fcffae2261c14418d78d8,foregs-floodplain-sediment,D2,info,review_required,GEOLOGIC_CONTEXT_MISSING,matched_geologic_unit,,记录没有来源直报或空间匹配的地质单元。,在比例尺与边界不确定性允许时执行空间匹配，并记录地图源、版本、匹配方法和边界距离；否则保留缺失。,true
ITER|rec-f06aea78e30775e972dc8a5feb03ee348ed64baa7b9bccbef23624bbc8a8b9b1|GEOLOGIC_CONTEXT_MISSING|matched_geologic_unit|,rec-f06aea78e30775e972dc8a5feb03ee348ed64baa7b9bccbef23624bbc8a8b9b1,foregs-topsoil,D2,info,review_required,GEOLOGIC_CONTEXT_MISSING,matched_geologic_unit,,记录没有来源直报或空间匹配的地质单元。,在比例尺与边界不确定性允许时执行空间匹配，并记录地图源、版本、匹配方法和边界距离；否则保留缺失。,true
ITER|rec-f06fda59b5ddcb841438e23e6e548aef0a1c22638da208f38a17a67690287f0c|ANALYTICAL_METHOD_MISSING|analytical_method|,rec-f06fda59b5ddcb841438e23e6e548aef0a1c22638da208f38a17a67690287f0c,japan-gsj-geochemical-map,D1,warning,action_required,ANALYTICAL_METHOD_MISSING,analytical_method,,分析方法证据缺失，跨来源浓度与元素组合不可可靠比较。,回查数据字典、方法论文或记录级元数据；同时绑定 method_source_locator，未找到时保留缺失原因。,true
ITER|rec-f06fda59b5ddcb841438e23e6e548aef0a1c22638da208f38a17a67690287f0c|GEOLOGIC_CONTEXT_MISSING|matched_geologic_unit|,rec-f06fda59b5ddcb841438e23e6e548aef0a1c22638da208f38a17a67690287f0c,japan-gsj-geochemical-map,D2,info,review_required,GEOLOGIC_CONTEXT_MISSING,matched_geologic_unit,,记录没有来源直报或空间匹配的地质单元。,在比例尺与边界不确定性允许时执行空间匹配，并记录地图源、版本、匹配方法和边界距离；否则保留缺失。,true
ITER|rec-f0b3d08e1686154100c92cbc00b0dc9ede8c4c98680fbae655a2ac82c3755f57|ANALYTICAL_METHOD_MISSING|analytical_method|,rec-f0b3d08e1686154100c92cbc00b0dc9ede8c4c98680fbae655a2ac82c3755f57,usgs-conus-soil,D1,warning,action_required,ANALYTICAL_METHOD_MISSING,analytical_method,,分析方法证据缺失，跨来源浓度与元素组合不可可靠比较。,回查数据字典、方法论文或记录级元数据；同时绑定 method_source_locator，未找到时保留缺失原因。,true
ITER|rec-f0b3d08e1686154100c92cbc00b0dc9ede8c4c98680fbae655a2ac82c3755f57|GEOLOGIC_CONTEXT_MISSING|matched_geologic_unit|,rec-f0b3d08e1686154100c92cbc00b0dc9ede8c4c98680fbae655a2ac82c3755f57,usgs-conus-soil,D2,info,review_required,GEOLOGIC_CONTEXT_MISSING,matched_geologic_unit,,记录没有来源直报或空间匹配的地质单元。,在比例尺与边界不确定性允许时执行空间匹配，并记录地图源、版本、匹配方法和边界距离；否则保留缺失。,true
ITER|rec-f0b7b6a7ddce9f7afebc46c98aa965d125b43d61aa074d3ce7cf2f03023b296f|GEOLOGIC_CONTEXT_MISSING|matched_geologic_unit|,rec-f0b7b6a7ddce9f7afebc46c98aa965d125b43d61aa074d3ce7cf2f03023b296f,norway-marchem,D2,info,review_required,GEOLOGIC_CONTEXT_MISSING,matched_geologic_unit,,记录没有来源直报或空间匹配的地质单元。,在比例尺与边界不确定性允许时执行空间匹配，并记录地图源、版本、匹配方法和边界距离；否则保留缺失。,true
ITER|rec-f12eb9579d39881306268cced7a55414d0d7a203911c444474d4eb15bf7f1728|ANALYTICAL_METHOD_MISSING|analytical_method|,rec-f12eb9579d39881306268cced7a55414d0d7a203911c444474d4eb15bf7f1728,usgs-conus-soil,D1,warning,action_required,ANALYTICAL_METHOD_MISSING,analytical_method,,分析方法证据缺失，跨来源浓度与元素组合不可可靠比较。,回查数据字典、方法论文或记录级元数据；同时绑定 method_source_locator，未找到时保留缺失原因。,true
ITER|rec-f12eb9579d39881306268cced7a55414d0d7a203911c444474d4eb15bf7f1728|GEOLOGIC_CONTEXT_MISSING|matched_geologic_unit|,rec-f12eb9579d39881306268cced7a55414d0d7a203911c444474d4eb15bf7f1728,usgs-conus-soil,D2,info,review_required,GEOLOGIC_CONTEXT_MISSING,matched_geologic_unit,,记录没有来源直报或空间匹配的地质单元。,在比例尺与边界不确定性允许时执行空间匹配，并记录地图源、版本、匹配方法和边界距离；否则保留缺失。,true
ITER|rec-f141fa2ec2f3865e5a35595f13fc15660f384641df01c2104bfe88c340aca639|GEOLOGIC_CONTEXT_MISSING|matched_geologic_unit|,rec-f141fa2ec2f3865e5a35595f13fc15660f384641df01c2104bfe88c340aca639,pangaea-north-africa-soil,D2,info,review_required,GEOLOGIC_CONTEXT_MISSING,matched_geologic_unit,,记录没有来源直报或空间匹配的地质单元。,在比例尺与边界不确定性允许时执行空间匹配，并记录地图源、版本、匹配方法和边界距离；否则保留缺失。,true
ITER|rec-f144c38b301fe2256b7940fe5fc1972a4c8e5fa55635a6c6bc56b0a57124c930|GEOLOGIC_CONTEXT_MISSING|matched_geologic_unit|,rec-f144c38b301fe2256b7940fe5fc1972a4c8e5fa55635a6c6bc56b0a57124c930,foregs-topsoil,D2,info,review_required,GEOLOGIC_CONTEXT_MISSING,matched_geologic_unit,,记录没有来源直报或空间匹配的地质单元。,在比例尺与边界不确定性允许时执行空间匹配，并记录地图源、版本、匹配方法和边界距离；否则保留缺失。,true
ITER|rec-f15d71e495417f950c0baa7b222427da9e0cb22f687531be04c1e4668e138f93|GEOLOGIC_CONTEXT_MISSING|matched_geologic_unit|,rec-f15d71e495417f950c0baa7b222427da9e0cb22f687531be04c1e4668e138f93,norway-marchem,D2,info,review_required,GEOLOGIC_CONTEXT_MISSING,matched_geologic_unit,,记录没有来源直报或空间匹配的地质单元。,在比例尺与边界不确定性允许时执行空间匹配，并记录地图源、版本、匹配方法和边界距离；否则保留缺失。,true
ITER|rec-f1b4d26a02d06b251a2a2c70513e9db8402966997da5258787b40da0efba2cd7|GEOLOGIC_CONTEXT_MISSING|matched_geologic_unit|,rec-f1b4d26a02d06b251a2a2c70513e9db8402966997da5258787b40da0efba2cd7,norway-marchem,D2,info,review_required,GEOLOGIC_CONTEXT_MISSING,matched_geologic_unit,,记录没有来源直报或空间匹配的地质单元。,在比例尺与边界不确定性允许时执行空间匹配，并记录地图源、版本、匹配方法和边界距离；否则保留缺失。,true
ITER|rec-f1d792a515754c4e7c439547cb2b0c0a25dc60008cf178e7cfa3e0debddb356f|COORDINATE_UNUSABLE|latitude%2Clongitude|%2C,rec-f1d792a515754c4e7c439547cb2b0c0a25dc60008cf178e7cfa3e0debddb356f,afsis-phase-i-wet-chemistry,D1,error,action_required,COORDINATE_UNUSABLE,"latitude,longitude",",",WGS84 坐标缺失、非数值或超出合法范围，因此不能上图。,从原始来源恢复坐标与 CRS；若只提供区域名称，保留缺失并记录原因，不得填区域质心。,true
ITER|rec-f1d792a515754c4e7c439547cb2b0c0a25dc60008cf178e7cfa3e0debddb356f|GEOLOGIC_CONTEXT_MISSING|matched_geologic_unit|,rec-f1d792a515754c4e7c439547cb2b0c0a25dc60008cf178e7cfa3e0debddb356f,afsis-phase-i-wet-chemistry,D2,info,review_required,GEOLOGIC_CONTEXT_MISSING,matched_geologic_unit,,记录没有来源直报或空间匹配的地质单元。,在比例尺与边界不确定性允许时执行空间匹配，并记录地图源、版本、匹配方法和边界距离；否则保留缺失。,true
ITER|rec-f1ec0978298f092ef701e06524223769bf4bd82bd8be9ed24fcd1e91857e9f91|COORDINATE_UNUSABLE|latitude%2Clongitude|%2C,rec-f1ec0978298f092ef701e06524223769bf4bd82bd8be9ed24fcd1e91857e9f91,afsis-phase-i-wet-chemistry,D1,error,action_required,COORDINATE_UNUSABLE,"latitude,longitude",",",WGS84 坐标缺失、非数值或超出合法范围，因此不能上图。,从原始来源恢复坐标与 CRS；若只提供区域名称，保留缺失并记录原因，不得填区域质心。,true
ITER|rec-f1ec0978298f092ef701e06524223769bf4bd82bd8be9ed24fcd1e91857e9f91|GEOLOGIC_CONTEXT_MISSING|matched_geologic_unit|,rec-f1ec0978298f092ef701e06524223769bf4bd82bd8be9ed24fcd1e91857e9f91,afsis-phase-i-wet-chemistry,D2,info,review_required,GEOLOGIC_CONTEXT_MISSING,matched_geologic_unit,,记录没有来源直报或空间匹配的地质单元。,在比例尺与边界不确定性允许时执行空间匹配，并记录地图源、版本、匹配方法和边界距离；否则保留缺失。,true
ITER|rec-f2399c88c5be029dd8b4624624a7cac23bbc95ccca5d48f004b92d847f13ffbe|GEOLOGIC_CONTEXT_MISSING|matched_geologic_unit|,rec-f2399c88c5be029dd8b4624624a7cac23bbc95ccca5d48f004b92d847f13ffbe,foregs-stream-sediment,D2,info,review_required,GEOLOGIC_CONTEXT_MISSING,matched_geologic_unit,,记录没有来源直报或空间匹配的地质单元。,在比例尺与边界不确定性允许时执行空间匹配，并记录地图源、版本、匹配方法和边界距离；否则保留缺失。,true
ITER|rec-f258ebdf6f215342db43bb10e8dff01db0c9e5496db346cbd4afe25d1d6861e7|GEOLOGIC_CONTEXT_MISSING|matched_geologic_unit|,rec-f258ebdf6f215342db43bb10e8dff01db0c9e5496db346cbd4afe25d1d6861e7,us-wqp-sacramento-river-arsenic,D2,info,review_required,GEOLOGIC_CONTEXT_MISSING,matched_geologic_unit,,记录没有来源直报或空间匹配的地质单元。,在比例尺与边界不确定性允许时执行空间匹配，并记录地图源、版本、匹配方法和边界距离；否则保留缺失。,true
ITER|rec-f32f359ea24c374a23f98f853541f98b18b45445ec9fcf9dac1b993482d94f3a|ANALYTICAL_METHOD_MISSING|analytical_method|,rec-f32f359ea24c374a23f98f853541f98b18b45445ec9fcf9dac1b993482d94f3a,japan-gsj-geochemical-map,D1,warning,action_required,ANALYTICAL_METHOD_MISSING,analytical_method,,分析方法证据缺失，跨来源浓度与元素组合不可可靠比较。,回查数据字典、方法论文或记录级元数据；同时绑定 method_source_locator，未找到时保留缺失原因。,true
ITER|rec-f32f359ea24c374a23f98f853541f98b18b45445ec9fcf9dac1b993482d94f3a|GEOLOGIC_CONTEXT_MISSING|matched_geologic_unit|,rec-f32f359ea24c374a23f98f853541f98b18b45445ec9fcf9dac1b993482d94f3a,japan-gsj-geochemical-map,D2,info,review_required,GEOLOGIC_CONTEXT_MISSING,matched_geologic_unit,,记录没有来源直报或空间匹配的地质单元。,在比例尺与边界不确定性允许时执行空间匹配，并记录地图源、版本、匹配方法和边界距离；否则保留缺失。,true
ITER|rec-f33b8b906858d737bbaf0819b336cc1790917fa93f874deb49928d6d8ca4f562|ANALYTICAL_METHOD_MISSING|analytical_method|,rec-f33b8b906858d737bbaf0819b336cc1790917fa93f874deb49928d6d8ca4f562,usgs-conus-soil,D1,warning,action_required,ANALYTICAL_METHOD_MISSING,analytical_method,,分析方法证据缺失，跨来源浓度与元素组合不可可靠比较。,回查数据字典、方法论文或记录级元数据；同时绑定 method_source_locator，未找到时保留缺失原因。,true
ITER|rec-f33b8b906858d737bbaf0819b336cc1790917fa93f874deb49928d6d8ca4f562|GEOLOGIC_CONTEXT_MISSING|matched_geologic_unit|,rec-f33b8b906858d737bbaf0819b336cc1790917fa93f874deb49928d6d8ca4f562,usgs-conus-soil,D2,info,review_required,GEOLOGIC_CONTEXT_MISSING,matched_geologic_unit,,记录没有来源直报或空间匹配的地质单元。,在比例尺与边界不确定性允许时执行空间匹配，并记录地图源、版本、匹配方法和边界距离；否则保留缺失。,true
ITER|rec-f34c8ee87ce4cc3781929befb7eb4b243408c9ccca4078ffef6e8f2fd17be852|GEOLOGIC_CONTEXT_MISSING|matched_geologic_unit|,rec-f34c8ee87ce4cc3781929befb7eb4b243408c9ccca4078ffef6e8f2fd17be852,foregs-humus,D2,info,review_required,GEOLOGIC_CONTEXT_MISSING,matched_geologic_unit,,记录没有来源直报或空间匹配的地质单元。,在比例尺与边界不确定性允许时执行空间匹配，并记录地图源、版本、匹配方法和边界距离；否则保留缺失。,true
ITER|rec-f3546151aba79c60b52c485d96b047a3a4da13f191dc6f6eb187dc4b42cd172a|GEOLOGIC_CONTEXT_MISSING|matched_geologic_unit|,rec-f3546151aba79c60b52c485d96b047a3a4da13f191dc6f6eb187dc4b42cd172a,geotraces-idp2025,D2,info,review_required,GEOLOGIC_CONTEXT_MISSING,matched_geologic_unit,,记录没有来源直报或空间匹配的地质单元。,在比例尺与边界不确定性允许时执行空间匹配，并记录地图源、版本、匹配方法和边界距离；否则保留缺失。,true
ITER|rec-f3fce768775e94a1f4a0b149c7fe58db5cfef317310ecb335cc9c56a6be0d7db|ANALYTICAL_METHOD_MISSING|analytical_method|,rec-f3fce768775e94a1f4a0b149c7fe58db5cfef317310ecb335cc9c56a6be0d7db,georoc-archaean,D1,warning,action_required,ANALYTICAL_METHOD_MISSING,analytical_method,,分析方法证据缺失，跨来源浓度与元素组合不可可靠比较。,回查数据字典、方法论文或记录级元数据；同时绑定 method_source_locator，未找到时保留缺失原因。,true
ITER|rec-f3fce768775e94a1f4a0b149c7fe58db5cfef317310ecb335cc9c56a6be0d7db|COORDINATE_UNUSABLE|latitude%2Clongitude|%2C,rec-f3fce768775e94a1f4a0b149c7fe58db5cfef317310ecb335cc9c56a6be0d7db,georoc-archaean,D1,error,action_required,COORDINATE_UNUSABLE,"latitude,longitude",",",WGS84 坐标缺失、非数值或超出合法范围，因此不能上图。,从原始来源恢复坐标与 CRS；若只提供区域名称，保留缺失并记录原因，不得填区域质心。,true
ITER|rec-f3fce768775e94a1f4a0b149c7fe58db5cfef317310ecb335cc9c56a6be0d7db|GEOLOGIC_CONTEXT_MISSING|matched_geologic_unit|,rec-f3fce768775e94a1f4a0b149c7fe58db5cfef317310ecb335cc9c56a6be0d7db,georoc-archaean,D2,info,review_required,GEOLOGIC_CONTEXT_MISSING,matched_geologic_unit,,记录没有来源直报或空间匹配的地质单元。,在比例尺与边界不确定性允许时执行空间匹配，并记录地图源、版本、匹配方法和边界距离；否则保留缺失。,true
ITER|rec-f4896b29ab24a8c08f2671f4a2741f9a31faa9eca8008efae049f93f51c4e4c5|GEOLOGIC_CONTEXT_MISSING|matched_geologic_unit|,rec-f4896b29ab24a8c08f2671f4a2741f9a31faa9eca8008efae049f93f51c4e4c5,norway-marchem,D2,info,review_required,GEOLOGIC_CONTEXT_MISSING,matched_geologic_unit,,记录没有来源直报或空间匹配的地质单元。,在比例尺与边界不确定性允许时执行空间匹配，并记录地图源、版本、匹配方法和边界距离；否则保留缺失。,true
ITER|rec-f495a2a37e6739f8dadb6c6561bd050a1b16d4141619de1050e384b500943de5|GEOLOGIC_CONTEXT_MISSING|matched_geologic_unit|,rec-f495a2a37e6739f8dadb6c6561bd050a1b16d4141619de1050e384b500943de5,us-wqp-sacramento-river-arsenic,D2,info,review_required,GEOLOGIC_CONTEXT_MISSING,matched_geologic_unit,,记录没有来源直报或空间匹配的地质单元。,在比例尺与边界不确定性允许时执行空间匹配，并记录地图源、版本、匹配方法和边界距离；否则保留缺失。,true
ITER|rec-f497f1dc2256b0b3b6eccd6ad818d648ae7cf379ba8d47aa4d61ef89f31da5d3|GEOLOGIC_CONTEXT_MISSING|matched_geologic_unit|,rec-f497f1dc2256b0b3b6eccd6ad818d648ae7cf379ba8d47aa4d61ef89f31da5d3,pangaea-north-africa-soil,D2,info,review_required,GEOLOGIC_CONTEXT_MISSING,matched_geologic_unit,,记录没有来源直报或空间匹配的地质单元。,在比例尺与边界不确定性允许时执行空间匹配，并记录地图源、版本、匹配方法和边界距离；否则保留缺失。,true
ITER|rec-f4b08381d3f51d97a8895869f6ef0a2365c6a5b5719e421c1d8da91e197ac8e3|GEOLOGIC_CONTEXT_MISSING|matched_geologic_unit|,rec-f4b08381d3f51d97a8895869f6ef0a2365c6a5b5719e421c1d8da91e197ac8e3,norway-marchem,D2,info,review_required,GEOLOGIC_CONTEXT_MISSING,matched_geologic_unit,,记录没有来源直报或空间匹配的地质单元。,在比例尺与边界不确定性允许时执行空间匹配，并记录地图源、版本、匹配方法和边界距离；否则保留缺失。,true
ITER|rec-f4becae44b99fd9f8cdfb54fd9e69a24438ec93879dc415e39d94d0b5def0ce9|GEOLOGIC_CONTEXT_MISSING|matched_geologic_unit|,rec-f4becae44b99fd9f8cdfb54fd9e69a24438ec93879dc415e39d94d0b5def0ce9,foregs-humus,D2,info,review_required,GEOLOGIC_CONTEXT_MISSING,matched_geologic_unit,,记录没有来源直报或空间匹配的地质单元。,在比例尺与边界不确定性允许时执行空间匹配，并记录地图源、版本、匹配方法和边界距离；否则保留缺失。,true
ITER|rec-f541b62c0ba033e429321439f04e5f377b8fa834d6b86742b5da2645866ee91d|GEOLOGIC_CONTEXT_MISSING|matched_geologic_unit|,rec-f541b62c0ba033e429321439f04e5f377b8fa834d6b86742b5da2645866ee91d,foregs-humus,D2,info,review_required,GEOLOGIC_CONTEXT_MISSING,matched_geologic_unit,,记录没有来源直报或空间匹配的地质单元。,在比例尺与边界不确定性允许时执行空间匹配，并记录地图源、版本、匹配方法和边界距离；否则保留缺失。,true
ITER|rec-f61fa9e6328ef8d9d4f17ceca2bdaa1e3bf8fbbb6cb8e2a1800a477f2f9a280d|CENSORED_OBSERVATION|censored|%3C,rec-f61fa9e6328ef8d9d4f17ceca2bdaa1e3bf8fbbb6cb8e2a1800a477f2f9a280d,gemstat-open-archive,D2,info,scientific_limit,CENSORED_OBSERVATION,censored,<,这是检出限/定量限约束的删失观测，不等同于零，也不自动视为采集失败。,保留原始 qualifier 与 censoring limit；默认从普通相关和异常筛查中排除，或使用明确的删失统计模型。,false
ITER|rec-f61fa9e6328ef8d9d4f17ceca2bdaa1e3bf8fbbb6cb8e2a1800a477f2f9a280d|GEOLOGIC_CONTEXT_MISSING|matched_geologic_unit|,rec-f61fa9e6328ef8d9d4f17ceca2bdaa1e3bf8fbbb6cb8e2a1800a477f2f9a280d,gemstat-open-archive,D2,info,review_required,GEOLOGIC_CONTEXT_MISSING,matched_geologic_unit,,记录没有来源直报或空间匹配的地质单元。,在比例尺与边界不确定性允许时执行空间匹配，并记录地图源、版本、匹配方法和边界距离；否则保留缺失。,true
ITER|rec-f6238625cc9e957ee0adc8ee870fbc83f687647341325b52624d5ddf561d8854|GEOLOGIC_CONTEXT_MISSING|matched_geologic_unit|,rec-f6238625cc9e957ee0adc8ee870fbc83f687647341325b52624d5ddf561d8854,geotraces-idp2025,D2,info,review_required,GEOLOGIC_CONTEXT_MISSING,matched_geologic_unit,,记录没有来源直报或空间匹配的地质单元。,在比例尺与边界不确定性允许时执行空间匹配，并记录地图源、版本、匹配方法和边界距离；否则保留缺失。,true
ITER|rec-f6603ee69bb905f9525b0b7b1a0b842ad0a7b55f7aa2e2878b70c449108e0330|COORDINATE_UNUSABLE|latitude%2Clongitude|%2C,rec-f6603ee69bb905f9525b0b7b1a0b842ad0a7b55f7aa2e2878b70c449108e0330,afsis-phase-i-wet-chemistry,D1,error,action_required,COORDINATE_UNUSABLE,"latitude,longitude",",",WGS84 坐标缺失、非数值或超出合法范围，因此不能上图。,从原始来源恢复坐标与 CRS；若只提供区域名称，保留缺失并记录原因，不得填区域质心。,true
ITER|rec-f6603ee69bb905f9525b0b7b1a0b842ad0a7b55f7aa2e2878b70c449108e0330|GEOLOGIC_CONTEXT_MISSING|matched_geologic_unit|,rec-f6603ee69bb905f9525b0b7b1a0b842ad0a7b55f7aa2e2878b70c449108e0330,afsis-phase-i-wet-chemistry,D2,info,review_required,GEOLOGIC_CONTEXT_MISSING,matched_geologic_unit,,记录没有来源直报或空间匹配的地质单元。,在比例尺与边界不确定性允许时执行空间匹配，并记录地图源、版本、匹配方法和边界距离；否则保留缺失。,true
ITER|rec-f6a57f54b69f9da36c8a87e2a3afc2e276a8b346674658d5afcf67830823fedf|GEOLOGIC_CONTEXT_MISSING|matched_geologic_unit|,rec-f6a57f54b69f9da36c8a87e2a3afc2e276a8b346674658d5afcf67830823fedf,norway-marchem,D2,info,review_required,GEOLOGIC_CONTEXT_MISSING,matched_geologic_unit,,记录没有来源直报或空间匹配的地质单元。,在比例尺与边界不确定性允许时执行空间匹配，并记录地图源、版本、匹配方法和边界距离；否则保留缺失。,true
ITER|rec-f6ba6038318c940efb45efa3e7e71336a8c58b52abf392993c4a048884983990|COORDINATE_UNUSABLE|latitude%2Clongitude|%2C,rec-f6ba6038318c940efb45efa3e7e71336a8c58b52abf392993c4a048884983990,afsis-phase-i-wet-chemistry,D1,error,action_required,COORDINATE_UNUSABLE,"latitude,longitude",",",WGS84 坐标缺失、非数值或超出合法范围，因此不能上图。,从原始来源恢复坐标与 CRS；若只提供区域名称，保留缺失并记录原因，不得填区域质心。,true
ITER|rec-f6ba6038318c940efb45efa3e7e71336a8c58b52abf392993c4a048884983990|GEOLOGIC_CONTEXT_MISSING|matched_geologic_unit|,rec-f6ba6038318c940efb45efa3e7e71336a8c58b52abf392993c4a048884983990,afsis-phase-i-wet-chemistry,D2,info,review_required,GEOLOGIC_CONTEXT_MISSING,matched_geologic_unit,,记录没有来源直报或空间匹配的地质单元。,在比例尺与边界不确定性允许时执行空间匹配，并记录地图源、版本、匹配方法和边界距离；否则保留缺失。,true
ITER|rec-f73cbde06144273b69541e5ddb5b23489ed4965c7e96966c8b56be72665fa8a4|GEOLOGIC_CONTEXT_MISSING|matched_geologic_unit|,rec-f73cbde06144273b69541e5ddb5b23489ed4965c7e96966c8b56be72665fa8a4,foregs-stream-water,D2,info,review_required,GEOLOGIC_CONTEXT_MISSING,matched_geologic_unit,,记录没有来源直报或空间匹配的地质单元。,在比例尺与边界不确定性允许时执行空间匹配，并记录地图源、版本、匹配方法和边界距离；否则保留缺失。,true
ITER|rec-f7de318a24a2952e666fa94221fe5159d359b55ff3cbed8a8be427b2a5a3bcfa|ANALYTICAL_METHOD_MISSING|analytical_method|,rec-f7de318a24a2952e666fa94221fe5159d359b55ff3cbed8a8be427b2a5a3bcfa,japan-gsj-geochemical-map,D1,warning,action_required,ANALYTICAL_METHOD_MISSING,analytical_method,,分析方法证据缺失，跨来源浓度与元素组合不可可靠比较。,回查数据字典、方法论文或记录级元数据；同时绑定 method_source_locator，未找到时保留缺失原因。,true
ITER|rec-f7de318a24a2952e666fa94221fe5159d359b55ff3cbed8a8be427b2a5a3bcfa|GEOLOGIC_CONTEXT_MISSING|matched_geologic_unit|,rec-f7de318a24a2952e666fa94221fe5159d359b55ff3cbed8a8be427b2a5a3bcfa,japan-gsj-geochemical-map,D2,info,review_required,GEOLOGIC_CONTEXT_MISSING,matched_geologic_unit,,记录没有来源直报或空间匹配的地质单元。,在比例尺与边界不确定性允许时执行空间匹配，并记录地图源、版本、匹配方法和边界距离；否则保留缺失。,true
ITER|rec-f83f07303af04e77fe3174dc9f7ec385dae2f6ce075caec1661fcf97ca41bfae|GEOLOGIC_CONTEXT_MISSING|matched_geologic_unit|,rec-f83f07303af04e77fe3174dc9f7ec385dae2f6ce075caec1661fcf97ca41bfae,pangaea-north-africa-soil,D2,info,review_required,GEOLOGIC_CONTEXT_MISSING,matched_geologic_unit,,记录没有来源直报或空间匹配的地质单元。,在比例尺与边界不确定性允许时执行空间匹配，并记录地图源、版本、匹配方法和边界距离；否则保留缺失。,true
ITER|rec-f875033527c53f362f93c71fccdb0232f6248dec0062f5d717f43b7a614e20a3|GEOLOGIC_CONTEXT_MISSING|matched_geologic_unit|,rec-f875033527c53f362f93c71fccdb0232f6248dec0062f5d717f43b7a614e20a3,foregs-topsoil,D2,info,review_required,GEOLOGIC_CONTEXT_MISSING,matched_geologic_unit,,记录没有来源直报或空间匹配的地质单元。,在比例尺与边界不确定性允许时执行空间匹配，并记录地图源、版本、匹配方法和边界距离；否则保留缺失。,true
ITER|rec-f8eae993dc5d23ffef081d9bb356f14cfd361e2a9a6441932ea20f17c4d7eb38|GEOLOGIC_CONTEXT_MISSING|matched_geologic_unit|,rec-f8eae993dc5d23ffef081d9bb356f14cfd361e2a9a6441932ea20f17c4d7eb38,foregs-subsoil,D2,info,review_required,GEOLOGIC_CONTEXT_MISSING,matched_geologic_unit,,记录没有来源直报或空间匹配的地质单元。,在比例尺与边界不确定性允许时执行空间匹配，并记录地图源、版本、匹配方法和边界距离；否则保留缺失。,true
ITER|rec-f8f150101fe2672822ee0d52526287e1575837ac4434019491ca91d31bf18bc1|GEOLOGIC_CONTEXT_MISSING|matched_geologic_unit|,rec-f8f150101fe2672822ee0d52526287e1575837ac4434019491ca91d31bf18bc1,foregs-stream-sediment,D2,info,review_required,GEOLOGIC_CONTEXT_MISSING,matched_geologic_unit,,记录没有来源直报或空间匹配的地质单元。,在比例尺与边界不确定性允许时执行空间匹配，并记录地图源、版本、匹配方法和边界距离；否则保留缺失。,true
ITER|rec-f90a2402121ba5f4f96a9fb5220b30ffdd38d826d3ba316c723a12fe38da2d61|GEOLOGIC_CONTEXT_MISSING|matched_geologic_unit|,rec-f90a2402121ba5f4f96a9fb5220b30ffdd38d826d3ba316c723a12fe38da2d61,foregs-humus,D2,info,review_required,GEOLOGIC_CONTEXT_MISSING,matched_geologic_unit,,记录没有来源直报或空间匹配的地质单元。,在比例尺与边界不确定性允许时执行空间匹配，并记录地图源、版本、匹配方法和边界距离；否则保留缺失。,true
ITER|rec-f90d468bba647e70c350dc99bb1f535d2c0c71446d758983b7d5ee7307da136e|COORDINATE_UNUSABLE|latitude%2Clongitude|%2C,rec-f90d468bba647e70c350dc99bb1f535d2c0c71446d758983b7d5ee7307da136e,afsis-phase-i-wet-chemistry,D1,error,action_required,COORDINATE_UNUSABLE,"latitude,longitude",",",WGS84 坐标缺失、非数值或超出合法范围，因此不能上图。,从原始来源恢复坐标与 CRS；若只提供区域名称，保留缺失并记录原因，不得填区域质心。,true
ITER|rec-f90d468bba647e70c350dc99bb1f535d2c0c71446d758983b7d5ee7307da136e|GEOLOGIC_CONTEXT_MISSING|matched_geologic_unit|,rec-f90d468bba647e70c350dc99bb1f535d2c0c71446d758983b7d5ee7307da136e,afsis-phase-i-wet-chemistry,D2,info,review_required,GEOLOGIC_CONTEXT_MISSING,matched_geologic_unit,,记录没有来源直报或空间匹配的地质单元。,在比例尺与边界不确定性允许时执行空间匹配，并记录地图源、版本、匹配方法和边界距离；否则保留缺失。,true
ITER|rec-f998bc65485ea98a376a1a48647db9ab0f5f58b67b066d9b8b893cdcb6d92e91|ANALYTICAL_METHOD_MISSING|analytical_method|,rec-f998bc65485ea98a376a1a48647db9ab0f5f58b67b066d9b8b893cdcb6d92e91,japan-gsj-geochemical-map,D1,warning,action_required,ANALYTICAL_METHOD_MISSING,analytical_method,,分析方法证据缺失，跨来源浓度与元素组合不可可靠比较。,回查数据字典、方法论文或记录级元数据；同时绑定 method_source_locator，未找到时保留缺失原因。,true
ITER|rec-f998bc65485ea98a376a1a48647db9ab0f5f58b67b066d9b8b893cdcb6d92e91|GEOLOGIC_CONTEXT_MISSING|matched_geologic_unit|,rec-f998bc65485ea98a376a1a48647db9ab0f5f58b67b066d9b8b893cdcb6d92e91,japan-gsj-geochemical-map,D2,info,review_required,GEOLOGIC_CONTEXT_MISSING,matched_geologic_unit,,记录没有来源直报或空间匹配的地质单元。,在比例尺与边界不确定性允许时执行空间匹配，并记录地图源、版本、匹配方法和边界距离；否则保留缺失。,true
ITER|rec-f99a4b26bec0cb594555cadab5f19b96f4eacb2c566d3977fc1876a4e5e32da6|ANALYTICAL_METHOD_MISSING|analytical_method|,rec-f99a4b26bec0cb594555cadab5f19b96f4eacb2c566d3977fc1876a4e5e32da6,japan-gsj-geochemical-map,D1,warning,action_required,ANALYTICAL_METHOD_MISSING,analytical_method,,分析方法证据缺失，跨来源浓度与元素组合不可可靠比较。,回查数据字典、方法论文或记录级元数据；同时绑定 method_source_locator，未找到时保留缺失原因。,true
ITER|rec-f99a4b26bec0cb594555cadab5f19b96f4eacb2c566d3977fc1876a4e5e32da6|GEOLOGIC_CONTEXT_MISSING|matched_geologic_unit|,rec-f99a4b26bec0cb594555cadab5f19b96f4eacb2c566d3977fc1876a4e5e32da6,japan-gsj-geochemical-map,D2,info,review_required,GEOLOGIC_CONTEXT_MISSING,matched_geologic_unit,,记录没有来源直报或空间匹配的地质单元。,在比例尺与边界不确定性允许时执行空间匹配，并记录地图源、版本、匹配方法和边界距离；否则保留缺失。,true
ITER|rec-fa253a36b81e965fb33e4a93e4f2d9733dff531afdbe8df9159e69f957a70238|GEOLOGIC_CONTEXT_MISSING|matched_geologic_unit|,rec-fa253a36b81e965fb33e4a93e4f2d9733dff531afdbe8df9159e69f957a70238,foregs-subsoil,D2,info,review_required,GEOLOGIC_CONTEXT_MISSING,matched_geologic_unit,,记录没有来源直报或空间匹配的地质单元。,在比例尺与边界不确定性允许时执行空间匹配，并记录地图源、版本、匹配方法和边界距离；否则保留缺失。,true
ITER|rec-faeb040672976a7d5f38b0d7b938534b736f83bee912436566694ae18c45629c|GEOLOGIC_CONTEXT_MISSING|matched_geologic_unit|,rec-faeb040672976a7d5f38b0d7b938534b736f83bee912436566694ae18c45629c,us-wqp-sacramento-river-arsenic,D2,info,review_required,GEOLOGIC_CONTEXT_MISSING,matched_geologic_unit,,记录没有来源直报或空间匹配的地质单元。,在比例尺与边界不确定性允许时执行空间匹配，并记录地图源、版本、匹配方法和边界距离；否则保留缺失。,true
ITER|rec-fb2745fed602dc0af6263a7da565ad2f6398b8424b298ed92a101500414e582e|ANALYTICAL_METHOD_MISSING|analytical_method|,rec-fb2745fed602dc0af6263a7da565ad2f6398b8424b298ed92a101500414e582e,usgs-conus-soil,D1,warning,action_required,ANALYTICAL_METHOD_MISSING,analytical_method,,分析方法证据缺失，跨来源浓度与元素组合不可可靠比较。,回查数据字典、方法论文或记录级元数据；同时绑定 method_source_locator，未找到时保留缺失原因。,true
ITER|rec-fb2745fed602dc0af6263a7da565ad2f6398b8424b298ed92a101500414e582e|GEOLOGIC_CONTEXT_MISSING|matched_geologic_unit|,rec-fb2745fed602dc0af6263a7da565ad2f6398b8424b298ed92a101500414e582e,usgs-conus-soil,D2,info,review_required,GEOLOGIC_CONTEXT_MISSING,matched_geologic_unit,,记录没有来源直报或空间匹配的地质单元。,在比例尺与边界不确定性允许时执行空间匹配，并记录地图源、版本、匹配方法和边界距离；否则保留缺失。,true
ITER|rec-fb2e5753b03f78fd60460934e8c24f574d171e6142ffd83f3fe41f44b55e0693|ANALYTICAL_METHOD_MISSING|analytical_method|,rec-fb2e5753b03f78fd60460934e8c24f574d171e6142ffd83f3fe41f44b55e0693,georoc-archaean,D1,warning,action_required,ANALYTICAL_METHOD_MISSING,analytical_method,,分析方法证据缺失，跨来源浓度与元素组合不可可靠比较。,回查数据字典、方法论文或记录级元数据；同时绑定 method_source_locator，未找到时保留缺失原因。,true
ITER|rec-fb2e5753b03f78fd60460934e8c24f574d171e6142ffd83f3fe41f44b55e0693|COORDINATE_UNUSABLE|latitude%2Clongitude|%2C,rec-fb2e5753b03f78fd60460934e8c24f574d171e6142ffd83f3fe41f44b55e0693,georoc-archaean,D1,error,action_required,COORDINATE_UNUSABLE,"latitude,longitude",",",WGS84 坐标缺失、非数值或超出合法范围，因此不能上图。,从原始来源恢复坐标与 CRS；若只提供区域名称，保留缺失并记录原因，不得填区域质心。,true
ITER|rec-fb2e5753b03f78fd60460934e8c24f574d171e6142ffd83f3fe41f44b55e0693|GEOLOGIC_CONTEXT_MISSING|matched_geologic_unit|,rec-fb2e5753b03f78fd60460934e8c24f574d171e6142ffd83f3fe41f44b55e0693,georoc-archaean,D2,info,review_required,GEOLOGIC_CONTEXT_MISSING,matched_geologic_unit,,记录没有来源直报或空间匹配的地质单元。,在比例尺与边界不确定性允许时执行空间匹配，并记录地图源、版本、匹配方法和边界距离；否则保留缺失。,true
ITER|rec-fb7c45816fd1f19d0afd6142c6a9f67e59af19210f4077f0274c603b66224369|ANALYTICAL_METHOD_MISSING|analytical_method|,rec-fb7c45816fd1f19d0afd6142c6a9f67e59af19210f4077f0274c603b66224369,usgs-conus-soil,D1,warning,action_required,ANALYTICAL_METHOD_MISSING,analytical_method,,分析方法证据缺失，跨来源浓度与元素组合不可可靠比较。,回查数据字典、方法论文或记录级元数据；同时绑定 method_source_locator，未找到时保留缺失原因。,true
ITER|rec-fb7c45816fd1f19d0afd6142c6a9f67e59af19210f4077f0274c603b66224369|GEOLOGIC_CONTEXT_MISSING|matched_geologic_unit|,rec-fb7c45816fd1f19d0afd6142c6a9f67e59af19210f4077f0274c603b66224369,usgs-conus-soil,D2,info,review_required,GEOLOGIC_CONTEXT_MISSING,matched_geologic_unit,,记录没有来源直报或空间匹配的地质单元。,在比例尺与边界不确定性允许时执行空间匹配，并记录地图源、版本、匹配方法和边界距离；否则保留缺失。,true
ITER|rec-fbb1bea4cc3768840f0b4fe70cca1ee554ea9a76988bfbb62fe2e58ebb320bc2|GEOLOGIC_CONTEXT_MISSING|matched_geologic_unit|,rec-fbb1bea4cc3768840f0b4fe70cca1ee554ea9a76988bfbb62fe2e58ebb320bc2,us-wqp-sacramento-river-arsenic,D2,info,review_required,GEOLOGIC_CONTEXT_MISSING,matched_geologic_unit,,记录没有来源直报或空间匹配的地质单元。,在比例尺与边界不确定性允许时执行空间匹配，并记录地图源、版本、匹配方法和边界距离；否则保留缺失。,true
ITER|rec-fbbf108701e4097bf9391e88368d340a053cf3ac3558897cf5bda08ceb08a4c4|GEOLOGIC_CONTEXT_MISSING|matched_geologic_unit|,rec-fbbf108701e4097bf9391e88368d340a053cf3ac3558897cf5bda08ceb08a4c4,us-wqp-sacramento-river-arsenic,D2,info,review_required,GEOLOGIC_CONTEXT_MISSING,matched_geologic_unit,,记录没有来源直报或空间匹配的地质单元。,在比例尺与边界不确定性允许时执行空间匹配，并记录地图源、版本、匹配方法和边界距离；否则保留缺失。,true
ITER|rec-fc0072d6a393430af6e05c8bd3e4702e6b042138622a8a446dbb20d9a89d8910|GEOLOGIC_CONTEXT_MISSING|matched_geologic_unit|,rec-fc0072d6a393430af6e05c8bd3e4702e6b042138622a8a446dbb20d9a89d8910,geotraces-idp2025,D2,info,review_required,GEOLOGIC_CONTEXT_MISSING,matched_geologic_unit,,记录没有来源直报或空间匹配的地质单元。,在比例尺与边界不确定性允许时执行空间匹配，并记录地图源、版本、匹配方法和边界距离；否则保留缺失。,true
ITER|rec-fc4bd5472a13dca6d550d3649a6cc0d29c139b8f8bd421f8e014e069862ffd25|ANALYTICAL_METHOD_MISSING|analytical_method|,rec-fc4bd5472a13dca6d550d3649a6cc0d29c139b8f8bd421f8e014e069862ffd25,georoc-archaean,D1,warning,action_required,ANALYTICAL_METHOD_MISSING,analytical_method,,分析方法证据缺失，跨来源浓度与元素组合不可可靠比较。,回查数据字典、方法论文或记录级元数据；同时绑定 method_source_locator，未找到时保留缺失原因。,true
ITER|rec-fc4bd5472a13dca6d550d3649a6cc0d29c139b8f8bd421f8e014e069862ffd25|COORDINATE_UNUSABLE|latitude%2Clongitude|%2C,rec-fc4bd5472a13dca6d550d3649a6cc0d29c139b8f8bd421f8e014e069862ffd25,georoc-archaean,D1,error,action_required,COORDINATE_UNUSABLE,"latitude,longitude",",",WGS84 坐标缺失、非数值或超出合法范围，因此不能上图。,从原始来源恢复坐标与 CRS；若只提供区域名称，保留缺失并记录原因，不得填区域质心。,true
ITER|rec-fc4bd5472a13dca6d550d3649a6cc0d29c139b8f8bd421f8e014e069862ffd25|GEOLOGIC_CONTEXT_MISSING|matched_geologic_unit|,rec-fc4bd5472a13dca6d550d3649a6cc0d29c139b8f8bd421f8e014e069862ffd25,georoc-archaean,D2,info,review_required,GEOLOGIC_CONTEXT_MISSING,matched_geologic_unit,,记录没有来源直报或空间匹配的地质单元。,在比例尺与边界不确定性允许时执行空间匹配，并记录地图源、版本、匹配方法和边界距离；否则保留缺失。,true
ITER|rec-fc5496b1b7f772201919e5c89554a84df0ad663041bd2ea63645f37f132c959b|GEOLOGIC_CONTEXT_MISSING|matched_geologic_unit|,rec-fc5496b1b7f772201919e5c89554a84df0ad663041bd2ea63645f37f132c959b,pangaea-north-africa-soil,D2,info,review_required,GEOLOGIC_CONTEXT_MISSING,matched_geologic_unit,,记录没有来源直报或空间匹配的地质单元。,在比例尺与边界不确定性允许时执行空间匹配，并记录地图源、版本、匹配方法和边界距离；否则保留缺失。,true
ITER|rec-fca3339cb85afbf76d1a980ed94a97e77bafd1894c22f80025146fb6d91a4e6a|GEOLOGIC_CONTEXT_MISSING|matched_geologic_unit|,rec-fca3339cb85afbf76d1a980ed94a97e77bafd1894c22f80025146fb6d91a4e6a,foregs-stream-water,D2,info,review_required,GEOLOGIC_CONTEXT_MISSING,matched_geologic_unit,,记录没有来源直报或空间匹配的地质单元。,在比例尺与边界不确定性允许时执行空间匹配，并记录地图源、版本、匹配方法和边界距离；否则保留缺失。,true
ITER|rec-fd3709e796405517f13c15d11089580a124b6034996bddbd2ead8acec2482e39|GEOLOGIC_CONTEXT_MISSING|matched_geologic_unit|,rec-fd3709e796405517f13c15d11089580a124b6034996bddbd2ead8acec2482e39,foregs-subsoil,D2,info,review_required,GEOLOGIC_CONTEXT_MISSING,matched_geologic_unit,,记录没有来源直报或空间匹配的地质单元。,在比例尺与边界不确定性允许时执行空间匹配，并记录地图源、版本、匹配方法和边界距离；否则保留缺失。,true
ITER|rec-fd572c75ba7989417083cf586643e4ceab867bfdda9cd6ad0a01d25ba7efd0b9|GEOLOGIC_CONTEXT_MISSING|matched_geologic_unit|,rec-fd572c75ba7989417083cf586643e4ceab867bfdda9cd6ad0a01d25ba7efd0b9,foregs-topsoil,D2,info,review_required,GEOLOGIC_CONTEXT_MISSING,matched_geologic_unit,,记录没有来源直报或空间匹配的地质单元。,在比例尺与边界不确定性允许时执行空间匹配，并记录地图源、版本、匹配方法和边界距离；否则保留缺失。,true
ITER|rec-fd7f24d2b542f1b007e6b68aeb0d08e5f377717c20871dd4ad786bbb9c96fe08|GEOLOGIC_CONTEXT_MISSING|matched_geologic_unit|,rec-fd7f24d2b542f1b007e6b68aeb0d08e5f377717c20871dd4ad786bbb9c96fe08,norway-marchem,D2,info,review_required,GEOLOGIC_CONTEXT_MISSING,matched_geologic_unit,,记录没有来源直报或空间匹配的地质单元。,在比例尺与边界不确定性允许时执行空间匹配，并记录地图源、版本、匹配方法和边界距离；否则保留缺失。,true
ITER|rec-fd864853c07b21c9183bd7adb21e1d96a2395627bf3b6f55390569318b0b5d17|GEOLOGIC_CONTEXT_MISSING|matched_geologic_unit|,rec-fd864853c07b21c9183bd7adb21e1d96a2395627bf3b6f55390569318b0b5d17,norway-marchem,D2,info,review_required,GEOLOGIC_CONTEXT_MISSING,matched_geologic_unit,,记录没有来源直报或空间匹配的地质单元。,在比例尺与边界不确定性允许时执行空间匹配，并记录地图源、版本、匹配方法和边界距离；否则保留缺失。,true
ITER|rec-fdbf9d1e9f0bc813c136ff0c51520dcf8c37e55ce1319d8daca6339b2a2b703c|CENSORED_OBSERVATION|censored|%3C,rec-fdbf9d1e9f0bc813c136ff0c51520dcf8c37e55ce1319d8daca6339b2a2b703c,us-wqp-sacramento-river-arsenic,D2,info,scientific_limit,CENSORED_OBSERVATION,censored,<,这是检出限/定量限约束的删失观测，不等同于零，也不自动视为采集失败。,保留原始 qualifier 与 censoring limit；默认从普通相关和异常筛查中排除，或使用明确的删失统计模型。,false
ITER|rec-fdbf9d1e9f0bc813c136ff0c51520dcf8c37e55ce1319d8daca6339b2a2b703c|GEOLOGIC_CONTEXT_MISSING|matched_geologic_unit|,rec-fdbf9d1e9f0bc813c136ff0c51520dcf8c37e55ce1319d8daca6339b2a2b703c,us-wqp-sacramento-river-arsenic,D2,info,review_required,GEOLOGIC_CONTEXT_MISSING,matched_geologic_unit,,记录没有来源直报或空间匹配的地质单元。,在比例尺与边界不确定性允许时执行空间匹配，并记录地图源、版本、匹配方法和边界距离；否则保留缺失。,true
ITER|rec-fdcc9ccd1fc0bf5a5ebfb21da8dc8cd585460dfa16d045488fe11d4fe77cc11a|GEOLOGIC_CONTEXT_MISSING|matched_geologic_unit|,rec-fdcc9ccd1fc0bf5a5ebfb21da8dc8cd585460dfa16d045488fe11d4fe77cc11a,geotraces-idp2025,D2,info,review_required,GEOLOGIC_CONTEXT_MISSING,matched_geologic_unit,,记录没有来源直报或空间匹配的地质单元。,在比例尺与边界不确定性允许时执行空间匹配，并记录地图源、版本、匹配方法和边界距离；否则保留缺失。,true
ITER|rec-fdf0942f07d80eeb611eadd25292c74b8c2eb3fd551689c6c9189083581b0b0e|ANALYTICAL_METHOD_MISSING|analytical_method|,rec-fdf0942f07d80eeb611eadd25292c74b8c2eb3fd551689c6c9189083581b0b0e,georoc-archaean,D1,warning,action_required,ANALYTICAL_METHOD_MISSING,analytical_method,,分析方法证据缺失，跨来源浓度与元素组合不可可靠比较。,回查数据字典、方法论文或记录级元数据；同时绑定 method_source_locator，未找到时保留缺失原因。,true
ITER|rec-fdf0942f07d80eeb611eadd25292c74b8c2eb3fd551689c6c9189083581b0b0e|COORDINATE_UNUSABLE|latitude%2Clongitude|%2C,rec-fdf0942f07d80eeb611eadd25292c74b8c2eb3fd551689c6c9189083581b0b0e,georoc-archaean,D1,error,action_required,COORDINATE_UNUSABLE,"latitude,longitude",",",WGS84 坐标缺失、非数值或超出合法范围，因此不能上图。,从原始来源恢复坐标与 CRS；若只提供区域名称，保留缺失并记录原因，不得填区域质心。,true
ITER|rec-fdf0942f07d80eeb611eadd25292c74b8c2eb3fd551689c6c9189083581b0b0e|GEOLOGIC_CONTEXT_MISSING|matched_geologic_unit|,rec-fdf0942f07d80eeb611eadd25292c74b8c2eb3fd551689c6c9189083581b0b0e,georoc-archaean,D2,info,review_required,GEOLOGIC_CONTEXT_MISSING,matched_geologic_unit,,记录没有来源直报或空间匹配的地质单元。,在比例尺与边界不确定性允许时执行空间匹配，并记录地图源、版本、匹配方法和边界距离；否则保留缺失。,true
ITER|rec-ffa21521cb303119d945fd3bb4260ae0851bf91ab8f3f92c27481badf7532093|GEOLOGIC_CONTEXT_MISSING|matched_geologic_unit|,rec-ffa21521cb303119d945fd3bb4260ae0851bf91ab8f3f92c27481badf7532093,foregs-topsoil,D2,info,review_required,GEOLOGIC_CONTEXT_MISSING,matched_geologic_unit,,记录没有来源直报或空间匹配的地质单元。,在比例尺与边界不确定性允许时执行空间匹配，并记录地图源、版本、匹配方法和边界距离；否则保留缺失。,true
ITER|rec-ffec7e7718492dc73afd7d30ce06183f6bed8ebb61f93b94ad441b7740303524|GEOLOGIC_CONTEXT_MISSING|matched_geologic_unit|,rec-ffec7e7718492dc73afd7d30ce06183f6bed8ebb61f93b94ad441b7740303524,foregs-topsoil,D2,info,review_required,GEOLOGIC_CONTEXT_MISSING,matched_geologic_unit,,记录没有来源直报或空间匹配的地质单元。,在比例尺与边界不确定性允许时执行空间匹配，并记录地图源、版本、匹配方法和边界距离；否则保留缺失。,true
ITER|rec-fff31577d6ee6b080ea38f217c5259b2ed83dd9e11e9d65dd134a1a21a48ee32|GEOLOGIC_CONTEXT_MISSING|matched_geologic_unit|,rec-fff31577d6ee6b080ea38f217c5259b2ed83dd9e11e9d65dd134a1a21a48ee32,pangaea-north-africa-soil,D2,info,review_required,GEOLOGIC_CONTEXT_MISSING,matched_geologic_unit,,记录没有来源直报或空间匹配的地质单元。,在比例尺与边界不确定性允许时执行空间匹配，并记录地图源、版本、匹配方法和边界距离；否则保留缺失。,true
ITER|rec-observation-v2%257Caustralia-ngsa-mercury%257Csrc-source-record-v2%25257Caustralia-ngsa-mercury%25257C2007190001001%252520Fine%25257C150328_00_1.CSV%252523row%25253D13%257CHg%257C|GEOLOGIC_CONTEXT_MISSING|matched_geologic_unit|,rec-observation-v2%7Caustralia-ngsa-mercury%7Csrc-source-record-v2%257Caustralia-ngsa-mercury%257C2007190001001%2520Fine%257C150328_00_1.CSV%2523row%253D13%7CHg%7C,australia-ngsa-mercury,D2,info,review_required,GEOLOGIC_CONTEXT_MISSING,matched_geologic_unit,,记录没有来源直报或空间匹配的地质单元。,在比例尺与边界不确定性允许时执行空间匹配，并记录地图源、版本、匹配方法和边界距离；否则保留缺失。,true
ITER|rec-observation-v2%257Caustralia-ngsa-mercury%257Csrc-source-record-v2%25257Caustralia-ngsa-mercury%25257C2007190001002%252520Fine%25257C150328_00_1.CSV%252523row%25253D14%257CHg%257C|GEOLOGIC_CONTEXT_MISSING|matched_geologic_unit|,rec-observation-v2%7Caustralia-ngsa-mercury%7Csrc-source-record-v2%257Caustralia-ngsa-mercury%257C2007190001002%2520Fine%257C150328_00_1.CSV%2523row%253D14%7CHg%7C,australia-ngsa-mercury,D2,info,review_required,GEOLOGIC_CONTEXT_MISSING,matched_geologic_unit,,记录没有来源直报或空间匹配的地质单元。,在比例尺与边界不确定性允许时执行空间匹配，并记录地图源、版本、匹配方法和边界距离；否则保留缺失。,true
ITER|rec-observation-v2%257Caustralia-ngsa-mercury%257Csrc-source-record-v2%25257Caustralia-ngsa-mercury%25257C2007190002002%252520Fine%25257C150328_00_1.CSV%252523row%25253D15%257CHg%257C|GEOLOGIC_CONTEXT_MISSING|matched_geologic_unit|,rec-observation-v2%7Caustralia-ngsa-mercury%7Csrc-source-record-v2%257Caustralia-ngsa-mercury%257C2007190002002%2520Fine%257C150328_00_1.CSV%2523row%253D15%7CHg%7C,australia-ngsa-mercury,D2,info,review_required,GEOLOGIC_CONTEXT_MISSING,matched_geologic_unit,,记录没有来源直报或空间匹配的地质单元。,在比例尺与边界不确定性允许时执行空间匹配，并记录地图源、版本、匹配方法和边界距离；否则保留缺失。,true
ITER|rec-observation-v2%257Caustralia-ngsa-mercury%257Csrc-source-record-v2%25257Caustralia-ngsa-mercury%25257C2007190003001%252520Fine%25257C150328_00_1.CSV%252523row%25253D16%257CHg%257C|GEOLOGIC_CONTEXT_MISSING|matched_geologic_unit|,rec-observation-v2%7Caustralia-ngsa-mercury%7Csrc-source-record-v2%257Caustralia-ngsa-mercury%257C2007190003001%2520Fine%257C150328_00_1.CSV%2523row%253D16%7CHg%7C,australia-ngsa-mercury,D2,info,review_required,GEOLOGIC_CONTEXT_MISSING,matched_geologic_unit,,记录没有来源直报或空间匹配的地质单元。,在比例尺与边界不确定性允许时执行空间匹配，并记录地图源、版本、匹配方法和边界距离；否则保留缺失。,true
ITER|rec-observation-v2%257Caustralia-ngsa-mercury%257Csrc-source-record-v2%25257Caustralia-ngsa-mercury%25257C2007190003002%252520Fine%25257C150328_00_1.CSV%252523row%25253D17%257CHg%257C|GEOLOGIC_CONTEXT_MISSING|matched_geologic_unit|,rec-observation-v2%7Caustralia-ngsa-mercury%7Csrc-source-record-v2%257Caustralia-ngsa-mercury%257C2007190003002%2520Fine%257C150328_00_1.CSV%2523row%253D17%7CHg%7C,australia-ngsa-mercury,D2,info,review_required,GEOLOGIC_CONTEXT_MISSING,matched_geologic_unit,,记录没有来源直报或空间匹配的地质单元。,在比例尺与边界不确定性允许时执行空间匹配，并记录地图源、版本、匹配方法和边界距离；否则保留缺失。,true
ITER|rec-observation-v2%257Caustralia-ngsa-mercury%257Csrc-source-record-v2%25257Caustralia-ngsa-mercury%25257C2007190004001%252520Fine%25257C150328_00_1.CSV%252523row%25253D18%257CHg%257C|GEOLOGIC_CONTEXT_MISSING|matched_geologic_unit|,rec-observation-v2%7Caustralia-ngsa-mercury%7Csrc-source-record-v2%257Caustralia-ngsa-mercury%257C2007190004001%2520Fine%257C150328_00_1.CSV%2523row%253D18%7CHg%7C,australia-ngsa-mercury,D2,info,review_required,GEOLOGIC_CONTEXT_MISSING,matched_geologic_unit,,记录没有来源直报或空间匹配的地质单元。,在比例尺与边界不确定性允许时执行空间匹配，并记录地图源、版本、匹配方法和边界距离；否则保留缺失。,true
ITER|rec-observation-v2%257Caustralia-ngsa-mercury%257Csrc-source-record-v2%25257Caustralia-ngsa-mercury%25257C2007190004002%252520Fine%25257C150328_00_1.CSV%252523row%25253D19%257CHg%257C|GEOLOGIC_CONTEXT_MISSING|matched_geologic_unit|,rec-observation-v2%7Caustralia-ngsa-mercury%7Csrc-source-record-v2%257Caustralia-ngsa-mercury%257C2007190004002%2520Fine%257C150328_00_1.CSV%2523row%253D19%7CHg%7C,australia-ngsa-mercury,D2,info,review_required,GEOLOGIC_CONTEXT_MISSING,matched_geologic_unit,,记录没有来源直报或空间匹配的地质单元。,在比例尺与边界不确定性允许时执行空间匹配，并记录地图源、版本、匹配方法和边界距离；否则保留缺失。,true
ITER|rec-observation-v2%257Caustralia-ngsa-mercury%257Csrc-source-record-v2%25257Caustralia-ngsa-mercury%25257C2007190005001%252520Fine%25257C150328_00_1.CSV%252523row%25253D20%257CHg%257C|GEOLOGIC_CONTEXT_MISSING|matched_geologic_unit|,rec-observation-v2%7Caustralia-ngsa-mercury%7Csrc-source-record-v2%257Caustralia-ngsa-mercury%257C2007190005001%2520Fine%257C150328_00_1.CSV%2523row%253D20%7CHg%7C,australia-ngsa-mercury,D2,info,review_required,GEOLOGIC_CONTEXT_MISSING,matched_geologic_unit,,记录没有来源直报或空间匹配的地质单元。,在比例尺与边界不确定性允许时执行空间匹配，并记录地图源、版本、匹配方法和边界距离；否则保留缺失。,true
ITER|rec-observation-v2%257Caustralia-ngsa-mercury%257Csrc-source-record-v2%25257Caustralia-ngsa-mercury%25257C2007190005002%252520Fine%25257C150328_00_1.CSV%252523row%25253D21%257CHg%257C|GEOLOGIC_CONTEXT_MISSING|matched_geologic_unit|,rec-observation-v2%7Caustralia-ngsa-mercury%7Csrc-source-record-v2%257Caustralia-ngsa-mercury%257C2007190005002%2520Fine%257C150328_00_1.CSV%2523row%253D21%7CHg%7C,australia-ngsa-mercury,D2,info,review_required,GEOLOGIC_CONTEXT_MISSING,matched_geologic_unit,,记录没有来源直报或空间匹配的地质单元。,在比例尺与边界不确定性允许时执行空间匹配，并记录地图源、版本、匹配方法和边界距离；否则保留缺失。,true
ITER|rec-observation-v2%257Caustralia-ngsa-mercury%257Csrc-source-record-v2%25257Caustralia-ngsa-mercury%25257C2007190007001%252520Fine%25257C150328_00_1.CSV%252523row%25253D22%257CHg%257C|GEOLOGIC_CONTEXT_MISSING|matched_geologic_unit|,rec-observation-v2%7Caustralia-ngsa-mercury%7Csrc-source-record-v2%257Caustralia-ngsa-mercury%257C2007190007001%2520Fine%257C150328_00_1.CSV%2523row%253D22%7CHg%7C,australia-ngsa-mercury,D2,info,review_required,GEOLOGIC_CONTEXT_MISSING,matched_geologic_unit,,记录没有来源直报或空间匹配的地质单元。,在比例尺与边界不确定性允许时执行空间匹配，并记录地图源、版本、匹配方法和边界距离；否则保留缺失。,true
ITER|rec-observation-v2%257Caustralia-ngsa-mercury%257Csrc-source-record-v2%25257Caustralia-ngsa-mercury%25257C2007190007002%252520Fine%25257C150328_00_1.CSV%252523row%25253D23%257CHg%257C|GEOLOGIC_CONTEXT_MISSING|matched_geologic_unit|,rec-observation-v2%7Caustralia-ngsa-mercury%7Csrc-source-record-v2%257Caustralia-ngsa-mercury%257C2007190007002%2520Fine%257C150328_00_1.CSV%2523row%253D23%7CHg%7C,australia-ngsa-mercury,D2,info,review_required,GEOLOGIC_CONTEXT_MISSING,matched_geologic_unit,,记录没有来源直报或空间匹配的地质单元。,在比例尺与边界不确定性允许时执行空间匹配，并记录地图源、版本、匹配方法和边界距离；否则保留缺失。,true
ITER|rec-observation-v2%257Caustralia-ngsa-mercury%257Csrc-source-record-v2%25257Caustralia-ngsa-mercury%25257C2007190009001%252520Fine%25257C150328_00_1.CSV%252523row%25253D24%257CHg%257C|GEOLOGIC_CONTEXT_MISSING|matched_geologic_unit|,rec-observation-v2%7Caustralia-ngsa-mercury%7Csrc-source-record-v2%257Caustralia-ngsa-mercury%257C2007190009001%2520Fine%257C150328_00_1.CSV%2523row%253D24%7CHg%7C,australia-ngsa-mercury,D2,info,review_required,GEOLOGIC_CONTEXT_MISSING,matched_geologic_unit,,记录没有来源直报或空间匹配的地质单元。,在比例尺与边界不确定性允许时执行空间匹配，并记录地图源、版本、匹配方法和边界距离；否则保留缺失。,true
ITER|rec-observation-v2%257Caustralia-ngsa-mercury%257Csrc-source-record-v2%25257Caustralia-ngsa-mercury%25257C2007190009002%252520Fine%25257C150328_00_1.CSV%252523row%25253D25%257CHg%257C|GEOLOGIC_CONTEXT_MISSING|matched_geologic_unit|,rec-observation-v2%7Caustralia-ngsa-mercury%7Csrc-source-record-v2%257Caustralia-ngsa-mercury%257C2007190009002%2520Fine%257C150328_00_1.CSV%2523row%253D25%7CHg%7C,australia-ngsa-mercury,D2,info,review_required,GEOLOGIC_CONTEXT_MISSING,matched_geologic_unit,,记录没有来源直报或空间匹配的地质单元。,在比例尺与边界不确定性允许时执行空间匹配，并记录地图源、版本、匹配方法和边界距离；否则保留缺失。,true
ITER|rec-observation-v2%257Caustralia-ngsa-mercury%257Csrc-source-record-v2%25257Caustralia-ngsa-mercury%25257C2007190010001%252520Fine%25257C150328_00_1.CSV%252523row%25253D26%257CHg%257C|GEOLOGIC_CONTEXT_MISSING|matched_geologic_unit|,rec-observation-v2%7Caustralia-ngsa-mercury%7Csrc-source-record-v2%257Caustralia-ngsa-mercury%257C2007190010001%2520Fine%257C150328_00_1.CSV%2523row%253D26%7CHg%7C,australia-ngsa-mercury,D2,info,review_required,GEOLOGIC_CONTEXT_MISSING,matched_geologic_unit,,记录没有来源直报或空间匹配的地质单元。,在比例尺与边界不确定性允许时执行空间匹配，并记录地图源、版本、匹配方法和边界距离；否则保留缺失。,true
ITER|rec-observation-v2%257Caustralia-ngsa-mercury%257Csrc-source-record-v2%25257Caustralia-ngsa-mercury%25257C2007190010002%252520Fine%25257C150328_00_1.CSV%252523row%25253D27%257CHg%257C|GEOLOGIC_CONTEXT_MISSING|matched_geologic_unit|,rec-observation-v2%7Caustralia-ngsa-mercury%7Csrc-source-record-v2%257Caustralia-ngsa-mercury%257C2007190010002%2520Fine%257C150328_00_1.CSV%2523row%253D27%7CHg%7C,australia-ngsa-mercury,D2,info,review_required,GEOLOGIC_CONTEXT_MISSING,matched_geologic_unit,,记录没有来源直报或空间匹配的地质单元。,在比例尺与边界不确定性允许时执行空间匹配，并记录地图源、版本、匹配方法和边界距离；否则保留缺失。,true
ITER|rec-observation-v2%257Caustralia-ngsa-mercury%257Csrc-source-record-v2%25257Caustralia-ngsa-mercury%25257C2007190011001%252520Fine%25257C150328_00_1.CSV%252523row%25253D28%257CHg%257C|GEOLOGIC_CONTEXT_MISSING|matched_geologic_unit|,rec-observation-v2%7Caustralia-ngsa-mercury%7Csrc-source-record-v2%257Caustralia-ngsa-mercury%257C2007190011001%2520Fine%257C150328_00_1.CSV%2523row%253D28%7CHg%7C,australia-ngsa-mercury,D2,info,review_required,GEOLOGIC_CONTEXT_MISSING,matched_geologic_unit,,记录没有来源直报或空间匹配的地质单元。,在比例尺与边界不确定性允许时执行空间匹配，并记录地图源、版本、匹配方法和边界距离；否则保留缺失。,true
ITER|rec-observation-v2%257Caustralia-ngsa-mercury%257Csrc-source-record-v2%25257Caustralia-ngsa-mercury%25257C2007190011002%252520Fine%25257C150328_00_1.CSV%252523row%25253D29%257CHg%257C|GEOLOGIC_CONTEXT_MISSING|matched_geologic_unit|,rec-observation-v2%7Caustralia-ngsa-mercury%7Csrc-source-record-v2%257Caustralia-ngsa-mercury%257C2007190011002%2520Fine%257C150328_00_1.CSV%2523row%253D29%7CHg%7C,australia-ngsa-mercury,D2,info,review_required,GEOLOGIC_CONTEXT_MISSING,matched_geologic_unit,,记录没有来源直报或空间匹配的地质单元。,在比例尺与边界不确定性允许时执行空间匹配，并记录地图源、版本、匹配方法和边界距离；否则保留缺失。,true
ITER|rec-observation-v2%257Caustralia-ngsa-mercury%257Csrc-source-record-v2%25257Caustralia-ngsa-mercury%25257C2007190012001%252520Fine%25257C150328_00_1.CSV%252523row%25253D30%257CHg%257C|GEOLOGIC_CONTEXT_MISSING|matched_geologic_unit|,rec-observation-v2%7Caustralia-ngsa-mercury%7Csrc-source-record-v2%257Caustralia-ngsa-mercury%257C2007190012001%2520Fine%257C150328_00_1.CSV%2523row%253D30%7CHg%7C,australia-ngsa-mercury,D2,info,review_required,GEOLOGIC_CONTEXT_MISSING,matched_geologic_unit,,记录没有来源直报或空间匹配的地质单元。,在比例尺与边界不确定性允许时执行空间匹配，并记录地图源、版本、匹配方法和边界距离；否则保留缺失。,true
ITER|rec-observation-v2%257Caustralia-ngsa-mercury%257Csrc-source-record-v2%25257Caustralia-ngsa-mercury%25257C2007190012002%252520Fine%25257C150328_00_1.CSV%252523row%25253D31%257CHg%257C|GEOLOGIC_CONTEXT_MISSING|matched_geologic_unit|,rec-observation-v2%7Caustralia-ngsa-mercury%7Csrc-source-record-v2%257Caustralia-ngsa-mercury%257C2007190012002%2520Fine%257C150328_00_1.CSV%2523row%253D31%7CHg%7C,australia-ngsa-mercury,D2,info,review_required,GEOLOGIC_CONTEXT_MISSING,matched_geologic_unit,,记录没有来源直报或空间匹配的地质单元。,在比例尺与边界不确定性允许时执行空间匹配，并记录地图源、版本、匹配方法和边界距离；否则保留缺失。,true
ITER|rec-observation-v2%257Caustralia-ngsa-mercury%257Csrc-source-record-v2%25257Caustralia-ngsa-mercury%25257C2007190013001%252520Fine%25257C150328_00_1.CSV%252523row%25253D32%257CHg%257C|GEOLOGIC_CONTEXT_MISSING|matched_geologic_unit|,rec-observation-v2%7Caustralia-ngsa-mercury%7Csrc-source-record-v2%257Caustralia-ngsa-mercury%257C2007190013001%2520Fine%257C150328_00_1.CSV%2523row%253D32%7CHg%7C,australia-ngsa-mercury,D2,info,review_required,GEOLOGIC_CONTEXT_MISSING,matched_geologic_unit,,记录没有来源直报或空间匹配的地质单元。,在比例尺与边界不确定性允许时执行空间匹配，并记录地图源、版本、匹配方法和边界距离；否则保留缺失。,true
ITER|rec-observation-v2%257Caustralia-ngsa-mercury%257Csrc-source-record-v2%25257Caustralia-ngsa-mercury%25257C2007190013002%252520Fine%25257C150328_00_1.CSV%252523row%25253D33%257CHg%257C|GEOLOGIC_CONTEXT_MISSING|matched_geologic_unit|,rec-observation-v2%7Caustralia-ngsa-mercury%7Csrc-source-record-v2%257Caustralia-ngsa-mercury%257C2007190013002%2520Fine%257C150328_00_1.CSV%2523row%253D33%7CHg%7C,australia-ngsa-mercury,D2,info,review_required,GEOLOGIC_CONTEXT_MISSING,matched_geologic_unit,,记录没有来源直报或空间匹配的地质单元。,在比例尺与边界不确定性允许时执行空间匹配，并记录地图源、版本、匹配方法和边界距离；否则保留缺失。,true
ITER|rec-observation-v2%257Caustralia-ngsa-mercury%257Csrc-source-record-v2%25257Caustralia-ngsa-mercury%25257C2007190014001%252520Fine%25257C150328_00_1.CSV%252523row%25253D34%257CHg%257C|GEOLOGIC_CONTEXT_MISSING|matched_geologic_unit|,rec-observation-v2%7Caustralia-ngsa-mercury%7Csrc-source-record-v2%257Caustralia-ngsa-mercury%257C2007190014001%2520Fine%257C150328_00_1.CSV%2523row%253D34%7CHg%7C,australia-ngsa-mercury,D2,info,review_required,GEOLOGIC_CONTEXT_MISSING,matched_geologic_unit,,记录没有来源直报或空间匹配的地质单元。,在比例尺与边界不确定性允许时执行空间匹配，并记录地图源、版本、匹配方法和边界距离；否则保留缺失。,true
ITER|rec-observation-v2%257Caustralia-ngsa-mercury%257Csrc-source-record-v2%25257Caustralia-ngsa-mercury%25257C2007190014002%252520Fine%25257C150328_00_1.CSV%252523row%25253D35%257CHg%257C|GEOLOGIC_CONTEXT_MISSING|matched_geologic_unit|,rec-observation-v2%7Caustralia-ngsa-mercury%7Csrc-source-record-v2%257Caustralia-ngsa-mercury%257C2007190014002%2520Fine%257C150328_00_1.CSV%2523row%253D35%7CHg%7C,australia-ngsa-mercury,D2,info,review_required,GEOLOGIC_CONTEXT_MISSING,matched_geologic_unit,,记录没有来源直报或空间匹配的地质单元。,在比例尺与边界不确定性允许时执行空间匹配，并记录地图源、版本、匹配方法和边界距离；否则保留缺失。,true
ITER|rec-observation-v2%257Caustralia-ngsa-mercury%257Csrc-source-record-v2%25257Caustralia-ngsa-mercury%25257C2007190015001%252520Fine%25257C150328_00_1.CSV%252523row%25253D36%257CHg%257C|GEOLOGIC_CONTEXT_MISSING|matched_geologic_unit|,rec-observation-v2%7Caustralia-ngsa-mercury%7Csrc-source-record-v2%257Caustralia-ngsa-mercury%257C2007190015001%2520Fine%257C150328_00_1.CSV%2523row%253D36%7CHg%7C,australia-ngsa-mercury,D2,info,review_required,GEOLOGIC_CONTEXT_MISSING,matched_geologic_unit,,记录没有来源直报或空间匹配的地质单元。,在比例尺与边界不确定性允许时执行空间匹配，并记录地图源、版本、匹配方法和边界距离；否则保留缺失。,true
ITER|rec-observation-v2%257Caustralia-ngsa-mercury%257Csrc-source-record-v2%25257Caustralia-ngsa-mercury%25257C2007190015002%252520Fine%25257C150328_00_1.CSV%252523row%25253D37%257CHg%257C|GEOLOGIC_CONTEXT_MISSING|matched_geologic_unit|,rec-observation-v2%7Caustralia-ngsa-mercury%7Csrc-source-record-v2%257Caustralia-ngsa-mercury%257C2007190015002%2520Fine%257C150328_00_1.CSV%2523row%253D37%7CHg%7C,australia-ngsa-mercury,D2,info,review_required,GEOLOGIC_CONTEXT_MISSING,matched_geologic_unit,,记录没有来源直报或空间匹配的地质单元。,在比例尺与边界不确定性允许时执行空间匹配，并记录地图源、版本、匹配方法和边界距离；否则保留缺失。,true
ITER|rec-observation-v2%257Caustralia-ngsa-mercury%257Csrc-source-record-v2%25257Caustralia-ngsa-mercury%25257C2007190016001%252520Fine%25257C150328_00_1.CSV%252523row%25253D38%257CHg%257C|GEOLOGIC_CONTEXT_MISSING|matched_geologic_unit|,rec-observation-v2%7Caustralia-ngsa-mercury%7Csrc-source-record-v2%257Caustralia-ngsa-mercury%257C2007190016001%2520Fine%257C150328_00_1.CSV%2523row%253D38%7CHg%7C,australia-ngsa-mercury,D2,info,review_required,GEOLOGIC_CONTEXT_MISSING,matched_geologic_unit,,记录没有来源直报或空间匹配的地质单元。,在比例尺与边界不确定性允许时执行空间匹配，并记录地图源、版本、匹配方法和边界距离；否则保留缺失。,true
ITER|rec-observation-v2%257Caustralia-ngsa-mercury%257Csrc-source-record-v2%25257Caustralia-ngsa-mercury%25257C2007190016002%252520Fine%25257C150328_00_1.CSV%252523row%25253D39%257CHg%257C|GEOLOGIC_CONTEXT_MISSING|matched_geologic_unit|,rec-observation-v2%7Caustralia-ngsa-mercury%7Csrc-source-record-v2%257Caustralia-ngsa-mercury%257C2007190016002%2520Fine%257C150328_00_1.CSV%2523row%253D39%7CHg%7C,australia-ngsa-mercury,D2,info,review_required,GEOLOGIC_CONTEXT_MISSING,matched_geologic_unit,,记录没有来源直报或空间匹配的地质单元。,在比例尺与边界不确定性允许时执行空间匹配，并记录地图源、版本、匹配方法和边界距离；否则保留缺失。,true
ITER|rec-observation-v2%257Caustralia-ngsa-mercury%257Csrc-source-record-v2%25257Caustralia-ngsa-mercury%25257C2007190017001%252520Fine%25257C150328_00_1.CSV%252523row%25253D40%257CHg%257C|GEOLOGIC_CONTEXT_MISSING|matched_geologic_unit|,rec-observation-v2%7Caustralia-ngsa-mercury%7Csrc-source-record-v2%257Caustralia-ngsa-mercury%257C2007190017001%2520Fine%257C150328_00_1.CSV%2523row%253D40%7CHg%7C,australia-ngsa-mercury,D2,info,review_required,GEOLOGIC_CONTEXT_MISSING,matched_geologic_unit,,记录没有来源直报或空间匹配的地质单元。,在比例尺与边界不确定性允许时执行空间匹配，并记录地图源、版本、匹配方法和边界距离；否则保留缺失。,true
ITER|rec-observation-v2%257Caustralia-ngsa-mercury%257Csrc-source-record-v2%25257Caustralia-ngsa-mercury%25257C2007190017002%252520Fine%25257C150328_00_1.CSV%252523row%25253D41%257CHg%257C|GEOLOGIC_CONTEXT_MISSING|matched_geologic_unit|,rec-observation-v2%7Caustralia-ngsa-mercury%7Csrc-source-record-v2%257Caustralia-ngsa-mercury%257C2007190017002%2520Fine%257C150328_00_1.CSV%2523row%253D41%7CHg%7C,australia-ngsa-mercury,D2,info,review_required,GEOLOGIC_CONTEXT_MISSING,matched_geologic_unit,,记录没有来源直报或空间匹配的地质单元。,在比例尺与边界不确定性允许时执行空间匹配，并记录地图源、版本、匹配方法和边界距离；否则保留缺失。,true
ITER|rec-observation-v2%257Caustralia-ngsa-mercury%257Csrc-source-record-v2%25257Caustralia-ngsa-mercury%25257C2007190018001%252520Fine%25257C150328_00_1.CSV%252523row%25253D42%257CHg%257C|GEOLOGIC_CONTEXT_MISSING|matched_geologic_unit|,rec-observation-v2%7Caustralia-ngsa-mercury%7Csrc-source-record-v2%257Caustralia-ngsa-mercury%257C2007190018001%2520Fine%257C150328_00_1.CSV%2523row%253D42%7CHg%7C,australia-ngsa-mercury,D2,info,review_required,GEOLOGIC_CONTEXT_MISSING,matched_geologic_unit,,记录没有来源直报或空间匹配的地质单元。,在比例尺与边界不确定性允许时执行空间匹配，并记录地图源、版本、匹配方法和边界距离；否则保留缺失。,true
ITER|rec-observation-v2%257Caustralia-ngsa-mercury%257Csrc-source-record-v2%25257Caustralia-ngsa-mercury%25257C2007190018002%252520Fine%25257C150328_00_1.CSV%252523row%25253D43%257CHg%257C|GEOLOGIC_CONTEXT_MISSING|matched_geologic_unit|,rec-observation-v2%7Caustralia-ngsa-mercury%7Csrc-source-record-v2%257Caustralia-ngsa-mercury%257C2007190018002%2520Fine%257C150328_00_1.CSV%2523row%253D43%7CHg%7C,australia-ngsa-mercury,D2,info,review_required,GEOLOGIC_CONTEXT_MISSING,matched_geologic_unit,,记录没有来源直报或空间匹配的地质单元。,在比例尺与边界不确定性允许时执行空间匹配，并记录地图源、版本、匹配方法和边界距离；否则保留缺失。,true
ITER|rec-observation-v2%257Caustralia-ngsa-mercury%257Csrc-source-record-v2%25257Caustralia-ngsa-mercury%25257C2007190019001%252520Fine%25257C150328_00_1.CSV%252523row%25253D44%257CHg%257C|GEOLOGIC_CONTEXT_MISSING|matched_geologic_unit|,rec-observation-v2%7Caustralia-ngsa-mercury%7Csrc-source-record-v2%257Caustralia-ngsa-mercury%257C2007190019001%2520Fine%257C150328_00_1.CSV%2523row%253D44%7CHg%7C,australia-ngsa-mercury,D2,info,review_required,GEOLOGIC_CONTEXT_MISSING,matched_geologic_unit,,记录没有来源直报或空间匹配的地质单元。,在比例尺与边界不确定性允许时执行空间匹配，并记录地图源、版本、匹配方法和边界距离；否则保留缺失。,true
ITER|rec-observation-v2%257Caustralia-ngsa-mercury%257Csrc-source-record-v2%25257Caustralia-ngsa-mercury%25257C2007190032001%252520Fine%25257C150328_00_1.CSV%252523row%25253D62%257CHg%257C|GEOLOGIC_CONTEXT_MISSING|matched_geologic_unit|,rec-observation-v2%7Caustralia-ngsa-mercury%7Csrc-source-record-v2%257Caustralia-ngsa-mercury%257C2007190032001%2520Fine%257C150328_00_1.CSV%2523row%253D62%7CHg%7C,australia-ngsa-mercury,D2,info,review_required,GEOLOGIC_CONTEXT_MISSING,matched_geologic_unit,,记录没有来源直报或空间匹配的地质单元。,在比例尺与边界不确定性允许时执行空间匹配，并记录地图源、版本、匹配方法和边界距离；否则保留缺失。,true
ITER|rec-observation-v2%257Caustralia-ngsa-mercury%257Csrc-source-record-v2%25257Caustralia-ngsa-mercury%25257C2007190054001%252520Fine%25257C150328_00_1.CSV%252523row%25253D93%257CHg%257C|GEOLOGIC_CONTEXT_MISSING|matched_geologic_unit|,rec-observation-v2%7Caustralia-ngsa-mercury%7Csrc-source-record-v2%257Caustralia-ngsa-mercury%257C2007190054001%2520Fine%257C150328_00_1.CSV%2523row%253D93%7CHg%7C,australia-ngsa-mercury,D2,info,review_required,GEOLOGIC_CONTEXT_MISSING,matched_geologic_unit,,记录没有来源直报或空间匹配的地质单元。,在比例尺与边界不确定性允许时执行空间匹配，并记录地图源、版本、匹配方法和边界距离；否则保留缺失。,true
ITER|rec-observation-v2%257Caustralia-ngsa-mercury%257Csrc-source-record-v2%25257Caustralia-ngsa-mercury%25257C2007190054002%252520Fine%25257C150328_00_1.CSV%252523row%25253D94%257CHg%257C|GEOLOGIC_CONTEXT_MISSING|matched_geologic_unit|,rec-observation-v2%7Caustralia-ngsa-mercury%7Csrc-source-record-v2%257Caustralia-ngsa-mercury%257C2007190054002%2520Fine%257C150328_00_1.CSV%2523row%253D94%7CHg%7C,australia-ngsa-mercury,D2,info,review_required,GEOLOGIC_CONTEXT_MISSING,matched_geologic_unit,,记录没有来源直报或空间匹配的地质单元。,在比例尺与边界不确定性允许时执行空间匹配，并记录地图源、版本、匹配方法和边界距离；否则保留缺失。,true
ITER|rec-observation-v2%257Caustralia-ngsa-mercury%257Csrc-source-record-v2%25257Caustralia-ngsa-mercury%25257C2007190074001%252520Fine%25257C150328_00_1.CSV%252523row%25253D129%257CHg%257C|GEOLOGIC_CONTEXT_MISSING|matched_geologic_unit|,rec-observation-v2%7Caustralia-ngsa-mercury%7Csrc-source-record-v2%257Caustralia-ngsa-mercury%257C2007190074001%2520Fine%257C150328_00_1.CSV%2523row%253D129%7CHg%7C,australia-ngsa-mercury,D2,info,review_required,GEOLOGIC_CONTEXT_MISSING,matched_geologic_unit,,记录没有来源直报或空间匹配的地质单元。,在比例尺与边界不确定性允许时执行空间匹配，并记录地图源、版本、匹配方法和边界距离；否则保留缺失。,true
ITER|rec-observation-v2%257Caustralia-ngsa-mercury%257Csrc-source-record-v2%25257Caustralia-ngsa-mercury%25257C2007190118001%252520Fine%25257C150328_00_1.CSV%252523row%25253D200%257CHg%257C|GEOLOGIC_CONTEXT_MISSING|matched_geologic_unit|,rec-observation-v2%7Caustralia-ngsa-mercury%7Csrc-source-record-v2%257Caustralia-ngsa-mercury%257C2007190118001%2520Fine%257C150328_00_1.CSV%2523row%253D200%7CHg%7C,australia-ngsa-mercury,D2,info,review_required,GEOLOGIC_CONTEXT_MISSING,matched_geologic_unit,,记录没有来源直报或空间匹配的地质单元。,在比例尺与边界不确定性允许时执行空间匹配，并记录地图源、版本、匹配方法和边界距离；否则保留缺失。,true
ITER|rec-observation-v2%257Caustralia-ngsa-mercury%257Csrc-source-record-v2%25257Caustralia-ngsa-mercury%25257C2007190136001%252520Fine%25257C150328_00_1.CSV%252523row%25253D231%257CHg%257C|GEOLOGIC_CONTEXT_MISSING|matched_geologic_unit|,rec-observation-v2%7Caustralia-ngsa-mercury%7Csrc-source-record-v2%257Caustralia-ngsa-mercury%257C2007190136001%2520Fine%257C150328_00_1.CSV%2523row%253D231%7CHg%7C,australia-ngsa-mercury,D2,info,review_required,GEOLOGIC_CONTEXT_MISSING,matched_geologic_unit,,记录没有来源直报或空间匹配的地质单元。,在比例尺与边界不确定性允许时执行空间匹配，并记录地图源、版本、匹配方法和边界距离；否则保留缺失。,true
ITER|rec-observation-v2%257Caustralia-ngsa-mercury%257Csrc-source-record-v2%25257Caustralia-ngsa-mercury%25257C2007190136002%252520Fine%25257C150328_00_1.CSV%252523row%25253D232%257CHg%257C|GEOLOGIC_CONTEXT_MISSING|matched_geologic_unit|,rec-observation-v2%7Caustralia-ngsa-mercury%7Csrc-source-record-v2%257Caustralia-ngsa-mercury%257C2007190136002%2520Fine%257C150328_00_1.CSV%2523row%253D232%7CHg%7C,australia-ngsa-mercury,D2,info,review_required,GEOLOGIC_CONTEXT_MISSING,matched_geologic_unit,,记录没有来源直报或空间匹配的地质单元。,在比例尺与边界不确定性允许时执行空间匹配，并记录地图源、版本、匹配方法和边界距离；否则保留缺失。,true
ITER|rec-observation-v2%257Caustralia-ngsa-mercury%257Csrc-source-record-v2%25257Caustralia-ngsa-mercury%25257C2007190181001%252520Fine%25257C150328_00_1.CSV%252523row%25253D300%257CHg%257C|GEOLOGIC_CONTEXT_MISSING|matched_geologic_unit|,rec-observation-v2%7Caustralia-ngsa-mercury%7Csrc-source-record-v2%257Caustralia-ngsa-mercury%257C2007190181001%2520Fine%257C150328_00_1.CSV%2523row%253D300%7CHg%7C,australia-ngsa-mercury,D2,info,review_required,GEOLOGIC_CONTEXT_MISSING,matched_geologic_unit,,记录没有来源直报或空间匹配的地质单元。,在比例尺与边界不确定性允许时执行空间匹配，并记录地图源、版本、匹配方法和边界距离；否则保留缺失。,true
ITER|rec-observation-v2%257Caustralia-ngsa-mercury%257Csrc-source-record-v2%25257Caustralia-ngsa-mercury%25257C2007190213002%252520Fine%25257C150328_00_1.CSV%252523row%25253D351%257CHg%257C|GEOLOGIC_CONTEXT_MISSING|matched_geologic_unit|,rec-observation-v2%7Caustralia-ngsa-mercury%7Csrc-source-record-v2%257Caustralia-ngsa-mercury%257C2007190213002%2520Fine%257C150328_00_1.CSV%2523row%253D351%7CHg%7C,australia-ngsa-mercury,D2,info,review_required,GEOLOGIC_CONTEXT_MISSING,matched_geologic_unit,,记录没有来源直报或空间匹配的地质单元。,在比例尺与边界不确定性允许时执行空间匹配，并记录地图源、版本、匹配方法和边界距离；否则保留缺失。,true
ITER|rec-observation-v2%257Caustralia-ngsa-mercury%257Csrc-source-record-v2%25257Caustralia-ngsa-mercury%25257C2007190389002%252520Fine%25257C150328_00_1.CSV%252523row%25253D602%257CHg%257C|GEOLOGIC_CONTEXT_MISSING|matched_geologic_unit|,rec-observation-v2%7Caustralia-ngsa-mercury%7Csrc-source-record-v2%257Caustralia-ngsa-mercury%257C2007190389002%2520Fine%257C150328_00_1.CSV%2523row%253D602%7CHg%7C,australia-ngsa-mercury,D2,info,review_required,GEOLOGIC_CONTEXT_MISSING,matched_geologic_unit,,记录没有来源直报或空间匹配的地质单元。,在比例尺与边界不确定性允许时执行空间匹配，并记录地图源、版本、匹配方法和边界距离；否则保留缺失。,true
ITER|rec-observation-v2%257Caustralia-ngsa-mercury%257Csrc-source-record-v2%25257Caustralia-ngsa-mercury%25257C2007190406002%252520Fine%25257C150328_00_1.CSV%252523row%25253D629%257CHg%257C|GEOLOGIC_CONTEXT_MISSING|matched_geologic_unit|,rec-observation-v2%7Caustralia-ngsa-mercury%7Csrc-source-record-v2%257Caustralia-ngsa-mercury%257C2007190406002%2520Fine%257C150328_00_1.CSV%2523row%253D629%7CHg%7C,australia-ngsa-mercury,D2,info,review_required,GEOLOGIC_CONTEXT_MISSING,matched_geologic_unit,,记录没有来源直报或空间匹配的地质单元。,在比例尺与边界不确定性允许时执行空间匹配，并记录地图源、版本、匹配方法和边界距离；否则保留缺失。,true
ITER|rec-observation-v2%257Caustralia-ngsa-mercury%257Csrc-source-record-v2%25257Caustralia-ngsa-mercury%25257C2007190471002%252520Fine%25257C150328_00_1.CSV%252523row%25253D733%257CHg%257C|GEOLOGIC_CONTEXT_MISSING|matched_geologic_unit|,rec-observation-v2%7Caustralia-ngsa-mercury%7Csrc-source-record-v2%257Caustralia-ngsa-mercury%257C2007190471002%2520Fine%257C150328_00_1.CSV%2523row%253D733%7CHg%7C,australia-ngsa-mercury,D2,info,review_required,GEOLOGIC_CONTEXT_MISSING,matched_geologic_unit,,记录没有来源直报或空间匹配的地质单元。,在比例尺与边界不确定性允许时执行空间匹配，并记录地图源、版本、匹配方法和边界距离；否则保留缺失。,true
ITER|rec-observation-v2%257Caustralia-ngsa-mercury%257Csrc-source-record-v2%25257Caustralia-ngsa-mercury%25257C2007190692002%252520Fine%25257C150328_00_1.CSV%252523row%25253D1044%257CHg%257C|GEOLOGIC_CONTEXT_MISSING|matched_geologic_unit|,rec-observation-v2%7Caustralia-ngsa-mercury%7Csrc-source-record-v2%257Caustralia-ngsa-mercury%257C2007190692002%2520Fine%257C150328_00_1.CSV%2523row%253D1044%7CHg%7C,australia-ngsa-mercury,D2,info,review_required,GEOLOGIC_CONTEXT_MISSING,matched_geologic_unit,,记录没有来源直报或空间匹配的地质单元。,在比例尺与边界不确定性允许时执行空间匹配，并记录地图源、版本、匹配方法和边界距离；否则保留缺失。,true
ITER|rec-observation-v2%257Caustralia-ngsa-mercury%257Csrc-source-record-v2%25257Caustralia-ngsa-mercury%25257C2007190970001%252520Fine%25257C150328_00_1.CSV%252523row%25253D1469%257CHg%257C|GEOLOGIC_CONTEXT_MISSING|matched_geologic_unit|,rec-observation-v2%7Caustralia-ngsa-mercury%7Csrc-source-record-v2%257Caustralia-ngsa-mercury%257C2007190970001%2520Fine%257C150328_00_1.CSV%2523row%253D1469%7CHg%7C,australia-ngsa-mercury,D2,info,review_required,GEOLOGIC_CONTEXT_MISSING,matched_geologic_unit,,记录没有来源直报或空间匹配的地质单元。,在比例尺与边界不确定性允许时执行空间匹配，并记录地图源、版本、匹配方法和边界距离；否则保留缺失。,true
ITER|rec-observation-v2%257Caustralia-ngsa-mercury%257Csrc-source-record-v2%25257Caustralia-ngsa-mercury%25257C2007191166002%252520Fine%25257C150328_00_1.CSV%252523row%25253D1691%257CHg%257C|GEOLOGIC_CONTEXT_MISSING|matched_geologic_unit|,rec-observation-v2%7Caustralia-ngsa-mercury%7Csrc-source-record-v2%257Caustralia-ngsa-mercury%257C2007191166002%2520Fine%257C150328_00_1.CSV%2523row%253D1691%7CHg%7C,australia-ngsa-mercury,D2,info,review_required,GEOLOGIC_CONTEXT_MISSING,matched_geologic_unit,,记录没有来源直报或空间匹配的地质单元。,在比例尺与边界不确定性允许时执行空间匹配，并记录地图源、版本、匹配方法和边界距离；否则保留缺失。,true
ITER|rec-observation-v2%257Caustralia-ngsa-mercury%257Csrc-source-record-v2%25257Caustralia-ngsa-mercury%25257C2007191182002%252520Fine%25257C150328_00_1.CSV%252523row%25253D1714%257CHg%257C|GEOLOGIC_CONTEXT_MISSING|matched_geologic_unit|,rec-observation-v2%7Caustralia-ngsa-mercury%7Csrc-source-record-v2%257Caustralia-ngsa-mercury%257C2007191182002%2520Fine%257C150328_00_1.CSV%2523row%253D1714%7CHg%7C,australia-ngsa-mercury,D2,info,review_required,GEOLOGIC_CONTEXT_MISSING,matched_geologic_unit,,记录没有来源直报或空间匹配的地质单元。,在比例尺与边界不确定性允许时执行空间匹配，并记录地图源、版本、匹配方法和边界距离；否则保留缺失。,true
ITER|rec-observation-v2%257Cgemas-europe%257Csrc-source-record-v2%25257Cgemas-europe%25257CGEMAS%25253AAp%25253A3022%25253AAR%25257CIE_GSI_GEMAS_Geochemistry_Agricultural_Grazing_Land_Soil_EU_WGS84.zip%252521IE_GSI_GEMAS_Agricultural_Soil_Ap_Samples_AR_XRF_EU_WGS84.dbf%252523record%25253D1%257CAs%257C|GEOLOGIC_CONTEXT_MISSING|matched_geologic_unit|,rec-observation-v2%7Cgemas-europe%7Csrc-source-record-v2%257Cgemas-europe%257CGEMAS%253AAp%253A3022%253AAR%257CIE_GSI_GEMAS_Geochemistry_Agricultural_Grazing_Land_Soil_EU_WGS84.zip%2521IE_GSI_GEMAS_Agricultural_Soil_Ap_Samples_AR_XRF_EU_WGS84.dbf%2523record%253D1%7CAs%7C,gemas-europe,D2,info,review_required,GEOLOGIC_CONTEXT_MISSING,matched_geologic_unit,,记录没有来源直报或空间匹配的地质单元。,在比例尺与边界不确定性允许时执行空间匹配，并记录地图源、版本、匹配方法和边界距离；否则保留缺失。,true
ITER|rec-observation-v2%257Cgemas-europe%257Csrc-source-record-v2%25257Cgemas-europe%25257CGEMAS%25253AAp%25253A3022%25253AAR%25257CIE_GSI_GEMAS_Geochemistry_Agricultural_Grazing_Land_Soil_EU_WGS84.zip%252521IE_GSI_GEMAS_Agricultural_Soil_Ap_Samples_AR_XRF_EU_WGS84.dbf%252523record%25253D1%257CCr%257C|GEOLOGIC_CONTEXT_MISSING|matched_geologic_unit|,rec-observation-v2%7Cgemas-europe%7Csrc-source-record-v2%257Cgemas-europe%257CGEMAS%253AAp%253A3022%253AAR%257CIE_GSI_GEMAS_Geochemistry_Agricultural_Grazing_Land_Soil_EU_WGS84.zip%2521IE_GSI_GEMAS_Agricultural_Soil_Ap_Samples_AR_XRF_EU_WGS84.dbf%2523record%253D1%7CCr%7C,gemas-europe,D2,info,review_required,GEOLOGIC_CONTEXT_MISSING,matched_geologic_unit,,记录没有来源直报或空间匹配的地质单元。,在比例尺与边界不确定性允许时执行空间匹配，并记录地图源、版本、匹配方法和边界距离；否则保留缺失。,true
ITER|rec-observation-v2%257Cgemas-europe%257Csrc-source-record-v2%25257Cgemas-europe%25257CGEMAS%25253AAp%25253A3022%25253AAR%25257CIE_GSI_GEMAS_Geochemistry_Agricultural_Grazing_Land_Soil_EU_WGS84.zip%252521IE_GSI_GEMAS_Agricultural_Soil_Ap_Samples_AR_XRF_EU_WGS84.dbf%252523record%25253D1%257CCu%257C|GEOLOGIC_CONTEXT_MISSING|matched_geologic_unit|,rec-observation-v2%7Cgemas-europe%7Csrc-source-record-v2%257Cgemas-europe%257CGEMAS%253AAp%253A3022%253AAR%257CIE_GSI_GEMAS_Geochemistry_Agricultural_Grazing_Land_Soil_EU_WGS84.zip%2521IE_GSI_GEMAS_Agricultural_Soil_Ap_Samples_AR_XRF_EU_WGS84.dbf%2523record%253D1%7CCu%7C,gemas-europe,D2,info,review_required,GEOLOGIC_CONTEXT_MISSING,matched_geologic_unit,,记录没有来源直报或空间匹配的地质单元。,在比例尺与边界不确定性允许时执行空间匹配，并记录地图源、版本、匹配方法和边界距离；否则保留缺失。,true
ITER|rec-observation-v2%257Cgemas-europe%257Csrc-source-record-v2%25257Cgemas-europe%25257CGEMAS%25253AAp%25253A3022%25253AAR%25257CIE_GSI_GEMAS_Geochemistry_Agricultural_Grazing_Land_Soil_EU_WGS84.zip%252521IE_GSI_GEMAS_Agricultural_Soil_Ap_Samples_AR_XRF_EU_WGS84.dbf%252523record%25253D1%257CHg%257C|GEOLOGIC_CONTEXT_MISSING|matched_geologic_unit|,rec-observation-v2%7Cgemas-europe%7Csrc-source-record-v2%257Cgemas-europe%257CGEMAS%253AAp%253A3022%253AAR%257CIE_GSI_GEMAS_Geochemistry_Agricultural_Grazing_Land_Soil_EU_WGS84.zip%2521IE_GSI_GEMAS_Agricultural_Soil_Ap_Samples_AR_XRF_EU_WGS84.dbf%2523record%253D1%7CHg%7C,gemas-europe,D2,info,review_required,GEOLOGIC_CONTEXT_MISSING,matched_geologic_unit,,记录没有来源直报或空间匹配的地质单元。,在比例尺与边界不确定性允许时执行空间匹配，并记录地图源、版本、匹配方法和边界距离；否则保留缺失。,true
ITER|rec-observation-v2%257Cgemas-europe%257Csrc-source-record-v2%25257Cgemas-europe%25257CGEMAS%25253AAp%25253A3022%25253AAR%25257CIE_GSI_GEMAS_Geochemistry_Agricultural_Grazing_Land_Soil_EU_WGS84.zip%252521IE_GSI_GEMAS_Agricultural_Soil_Ap_Samples_AR_XRF_EU_WGS84.dbf%252523record%25253D1%257CNi%257C|GEOLOGIC_CONTEXT_MISSING|matched_geologic_unit|,rec-observation-v2%7Cgemas-europe%7Csrc-source-record-v2%257Cgemas-europe%257CGEMAS%253AAp%253A3022%253AAR%257CIE_GSI_GEMAS_Geochemistry_Agricultural_Grazing_Land_Soil_EU_WGS84.zip%2521IE_GSI_GEMAS_Agricultural_Soil_Ap_Samples_AR_XRF_EU_WGS84.dbf%2523record%253D1%7CNi%7C,gemas-europe,D2,info,review_required,GEOLOGIC_CONTEXT_MISSING,matched_geologic_unit,,记录没有来源直报或空间匹配的地质单元。,在比例尺与边界不确定性允许时执行空间匹配，并记录地图源、版本、匹配方法和边界距离；否则保留缺失。,true
ITER|rec-observation-v2%257Cgemas-europe%257Csrc-source-record-v2%25257Cgemas-europe%25257CGEMAS%25253AAp%25253A3022%25253AAR%25257CIE_GSI_GEMAS_Geochemistry_Agricultural_Grazing_Land_Soil_EU_WGS84.zip%252521IE_GSI_GEMAS_Agricultural_Soil_Ap_Samples_AR_XRF_EU_WGS84.dbf%252523record%25253D1%257CPb%257C|GEOLOGIC_CONTEXT_MISSING|matched_geologic_unit|,rec-observation-v2%7Cgemas-europe%7Csrc-source-record-v2%257Cgemas-europe%257CGEMAS%253AAp%253A3022%253AAR%257CIE_GSI_GEMAS_Geochemistry_Agricultural_Grazing_Land_Soil_EU_WGS84.zip%2521IE_GSI_GEMAS_Agricultural_Soil_Ap_Samples_AR_XRF_EU_WGS84.dbf%2523record%253D1%7CPb%7C,gemas-europe,D2,info,review_required,GEOLOGIC_CONTEXT_MISSING,matched_geologic_unit,,记录没有来源直报或空间匹配的地质单元。,在比例尺与边界不确定性允许时执行空间匹配，并记录地图源、版本、匹配方法和边界距离；否则保留缺失。,true
ITER|rec-observation-v2%257Cgemas-europe%257Csrc-source-record-v2%25257Cgemas-europe%25257CGEMAS%25253AAp%25253A3022%25253AAR%25257CIE_GSI_GEMAS_Geochemistry_Agricultural_Grazing_Land_Soil_EU_WGS84.zip%252521IE_GSI_GEMAS_Agricultural_Soil_Ap_Samples_AR_XRF_EU_WGS84.dbf%252523record%25253D1%257CZn%257C|GEOLOGIC_CONTEXT_MISSING|matched_geologic_unit|,rec-observation-v2%7Cgemas-europe%7Csrc-source-record-v2%257Cgemas-europe%257CGEMAS%253AAp%253A3022%253AAR%257CIE_GSI_GEMAS_Geochemistry_Agricultural_Grazing_Land_Soil_EU_WGS84.zip%2521IE_GSI_GEMAS_Agricultural_Soil_Ap_Samples_AR_XRF_EU_WGS84.dbf%2523record%253D1%7CZn%7C,gemas-europe,D2,info,review_required,GEOLOGIC_CONTEXT_MISSING,matched_geologic_unit,,记录没有来源直报或空间匹配的地质单元。,在比例尺与边界不确定性允许时执行空间匹配，并记录地图源、版本、匹配方法和边界距离；否则保留缺失。,true
ITER|rec-observation-v2%257Cgemas-europe%257Csrc-source-record-v2%25257Cgemas-europe%25257CGEMAS%25253AAp%25253A3022%25253AXRF%25257CIE_GSI_GEMAS_Geochemistry_Agricultural_Grazing_Land_Soil_EU_WGS84.zip%252521IE_GSI_GEMAS_Agricultural_Soil_Ap_Samples_AR_XRF_EU_WGS84.dbf%252523record%25253D1%257CAs%257C|GEOLOGIC_CONTEXT_MISSING|matched_geologic_unit|,rec-observation-v2%7Cgemas-europe%7Csrc-source-record-v2%257Cgemas-europe%257CGEMAS%253AAp%253A3022%253AXRF%257CIE_GSI_GEMAS_Geochemistry_Agricultural_Grazing_Land_Soil_EU_WGS84.zip%2521IE_GSI_GEMAS_Agricultural_Soil_Ap_Samples_AR_XRF_EU_WGS84.dbf%2523record%253D1%7CAs%7C,gemas-europe,D2,info,review_required,GEOLOGIC_CONTEXT_MISSING,matched_geologic_unit,,记录没有来源直报或空间匹配的地质单元。,在比例尺与边界不确定性允许时执行空间匹配，并记录地图源、版本、匹配方法和边界距离；否则保留缺失。,true
ITER|rec-observation-v2%257Cgemas-europe%257Csrc-source-record-v2%25257Cgemas-europe%25257CGEMAS%25253AAp%25253A3022%25253AXRF%25257CIE_GSI_GEMAS_Geochemistry_Agricultural_Grazing_Land_Soil_EU_WGS84.zip%252521IE_GSI_GEMAS_Agricultural_Soil_Ap_Samples_AR_XRF_EU_WGS84.dbf%252523record%25253D1%257CCr%257C|GEOLOGIC_CONTEXT_MISSING|matched_geologic_unit|,rec-observation-v2%7Cgemas-europe%7Csrc-source-record-v2%257Cgemas-europe%257CGEMAS%253AAp%253A3022%253AXRF%257CIE_GSI_GEMAS_Geochemistry_Agricultural_Grazing_Land_Soil_EU_WGS84.zip%2521IE_GSI_GEMAS_Agricultural_Soil_Ap_Samples_AR_XRF_EU_WGS84.dbf%2523record%253D1%7CCr%7C,gemas-europe,D2,info,review_required,GEOLOGIC_CONTEXT_MISSING,matched_geologic_unit,,记录没有来源直报或空间匹配的地质单元。,在比例尺与边界不确定性允许时执行空间匹配，并记录地图源、版本、匹配方法和边界距离；否则保留缺失。,true
ITER|rec-observation-v2%257Cgemas-europe%257Csrc-source-record-v2%25257Cgemas-europe%25257CGEMAS%25253AAp%25253A3022%25253AXRF%25257CIE_GSI_GEMAS_Geochemistry_Agricultural_Grazing_Land_Soil_EU_WGS84.zip%252521IE_GSI_GEMAS_Agricultural_Soil_Ap_Samples_AR_XRF_EU_WGS84.dbf%252523record%25253D1%257CCu%257C|GEOLOGIC_CONTEXT_MISSING|matched_geologic_unit|,rec-observation-v2%7Cgemas-europe%7Csrc-source-record-v2%257Cgemas-europe%257CGEMAS%253AAp%253A3022%253AXRF%257CIE_GSI_GEMAS_Geochemistry_Agricultural_Grazing_Land_Soil_EU_WGS84.zip%2521IE_GSI_GEMAS_Agricultural_Soil_Ap_Samples_AR_XRF_EU_WGS84.dbf%2523record%253D1%7CCu%7C,gemas-europe,D2,info,review_required,GEOLOGIC_CONTEXT_MISSING,matched_geologic_unit,,记录没有来源直报或空间匹配的地质单元。,在比例尺与边界不确定性允许时执行空间匹配，并记录地图源、版本、匹配方法和边界距离；否则保留缺失。,true
ITER|rec-observation-v2%257Cgemas-europe%257Csrc-source-record-v2%25257Cgemas-europe%25257CGEMAS%25253AAp%25253A3022%25253AXRF%25257CIE_GSI_GEMAS_Geochemistry_Agricultural_Grazing_Land_Soil_EU_WGS84.zip%252521IE_GSI_GEMAS_Agricultural_Soil_Ap_Samples_AR_XRF_EU_WGS84.dbf%252523record%25253D1%257CNi%257C|GEOLOGIC_CONTEXT_MISSING|matched_geologic_unit|,rec-observation-v2%7Cgemas-europe%7Csrc-source-record-v2%257Cgemas-europe%257CGEMAS%253AAp%253A3022%253AXRF%257CIE_GSI_GEMAS_Geochemistry_Agricultural_Grazing_Land_Soil_EU_WGS84.zip%2521IE_GSI_GEMAS_Agricultural_Soil_Ap_Samples_AR_XRF_EU_WGS84.dbf%2523record%253D1%7CNi%7C,gemas-europe,D2,info,review_required,GEOLOGIC_CONTEXT_MISSING,matched_geologic_unit,,记录没有来源直报或空间匹配的地质单元。,在比例尺与边界不确定性允许时执行空间匹配，并记录地图源、版本、匹配方法和边界距离；否则保留缺失。,true
ITER|rec-observation-v2%257Cgemas-europe%257Csrc-source-record-v2%25257Cgemas-europe%25257CGEMAS%25253AAp%25253A3022%25253AXRF%25257CIE_GSI_GEMAS_Geochemistry_Agricultural_Grazing_Land_Soil_EU_WGS84.zip%252521IE_GSI_GEMAS_Agricultural_Soil_Ap_Samples_AR_XRF_EU_WGS84.dbf%252523record%25253D1%257CPb%257C|GEOLOGIC_CONTEXT_MISSING|matched_geologic_unit|,rec-observation-v2%7Cgemas-europe%7Csrc-source-record-v2%257Cgemas-europe%257CGEMAS%253AAp%253A3022%253AXRF%257CIE_GSI_GEMAS_Geochemistry_Agricultural_Grazing_Land_Soil_EU_WGS84.zip%2521IE_GSI_GEMAS_Agricultural_Soil_Ap_Samples_AR_XRF_EU_WGS84.dbf%2523record%253D1%7CPb%7C,gemas-europe,D2,info,review_required,GEOLOGIC_CONTEXT_MISSING,matched_geologic_unit,,记录没有来源直报或空间匹配的地质单元。,在比例尺与边界不确定性允许时执行空间匹配，并记录地图源、版本、匹配方法和边界距离；否则保留缺失。,true
ITER|rec-observation-v2%257Cgemas-europe%257Csrc-source-record-v2%25257Cgemas-europe%25257CGEMAS%25253AAp%25253A3022%25253AXRF%25257CIE_GSI_GEMAS_Geochemistry_Agricultural_Grazing_Land_Soil_EU_WGS84.zip%252521IE_GSI_GEMAS_Agricultural_Soil_Ap_Samples_AR_XRF_EU_WGS84.dbf%252523record%25253D1%257CZn%257C|GEOLOGIC_CONTEXT_MISSING|matched_geologic_unit|,rec-observation-v2%7Cgemas-europe%7Csrc-source-record-v2%257Cgemas-europe%257CGEMAS%253AAp%253A3022%253AXRF%257CIE_GSI_GEMAS_Geochemistry_Agricultural_Grazing_Land_Soil_EU_WGS84.zip%2521IE_GSI_GEMAS_Agricultural_Soil_Ap_Samples_AR_XRF_EU_WGS84.dbf%2523record%253D1%7CZn%7C,gemas-europe,D2,info,review_required,GEOLOGIC_CONTEXT_MISSING,matched_geologic_unit,,记录没有来源直报或空间匹配的地质单元。,在比例尺与边界不确定性允许时执行空间匹配，并记录地图源、版本、匹配方法和边界距离；否则保留缺失。,true
ITER|rec-observation-v2%257Cgemas-europe%257Csrc-source-record-v2%25257Cgemas-europe%25257CGEMAS%25253AAp%25253A3023%25253AAR%25257CIE_GSI_GEMAS_Geochemistry_Agricultural_Grazing_Land_Soil_EU_WGS84.zip%252521IE_GSI_GEMAS_Agricultural_Soil_Ap_Samples_AR_XRF_EU_WGS84.dbf%252523record%25253D2%257CAs%257C|GEOLOGIC_CONTEXT_MISSING|matched_geologic_unit|,rec-observation-v2%7Cgemas-europe%7Csrc-source-record-v2%257Cgemas-europe%257CGEMAS%253AAp%253A3023%253AAR%257CIE_GSI_GEMAS_Geochemistry_Agricultural_Grazing_Land_Soil_EU_WGS84.zip%2521IE_GSI_GEMAS_Agricultural_Soil_Ap_Samples_AR_XRF_EU_WGS84.dbf%2523record%253D2%7CAs%7C,gemas-europe,D2,info,review_required,GEOLOGIC_CONTEXT_MISSING,matched_geologic_unit,,记录没有来源直报或空间匹配的地质单元。,在比例尺与边界不确定性允许时执行空间匹配，并记录地图源、版本、匹配方法和边界距离；否则保留缺失。,true
ITER|rec-observation-v2%257Cgemas-europe%257Csrc-source-record-v2%25257Cgemas-europe%25257CGEMAS%25253AAp%25253A3023%25253AAR%25257CIE_GSI_GEMAS_Geochemistry_Agricultural_Grazing_Land_Soil_EU_WGS84.zip%252521IE_GSI_GEMAS_Agricultural_Soil_Ap_Samples_AR_XRF_EU_WGS84.dbf%252523record%25253D2%257CCr%257C|GEOLOGIC_CONTEXT_MISSING|matched_geologic_unit|,rec-observation-v2%7Cgemas-europe%7Csrc-source-record-v2%257Cgemas-europe%257CGEMAS%253AAp%253A3023%253AAR%257CIE_GSI_GEMAS_Geochemistry_Agricultural_Grazing_Land_Soil_EU_WGS84.zip%2521IE_GSI_GEMAS_Agricultural_Soil_Ap_Samples_AR_XRF_EU_WGS84.dbf%2523record%253D2%7CCr%7C,gemas-europe,D2,info,review_required,GEOLOGIC_CONTEXT_MISSING,matched_geologic_unit,,记录没有来源直报或空间匹配的地质单元。,在比例尺与边界不确定性允许时执行空间匹配，并记录地图源、版本、匹配方法和边界距离；否则保留缺失。,true
ITER|rec-observation-v2%257Cgemas-europe%257Csrc-source-record-v2%25257Cgemas-europe%25257CGEMAS%25253AAp%25253A3023%25253AAR%25257CIE_GSI_GEMAS_Geochemistry_Agricultural_Grazing_Land_Soil_EU_WGS84.zip%252521IE_GSI_GEMAS_Agricultural_Soil_Ap_Samples_AR_XRF_EU_WGS84.dbf%252523record%25253D2%257CCu%257C|GEOLOGIC_CONTEXT_MISSING|matched_geologic_unit|,rec-observation-v2%7Cgemas-europe%7Csrc-source-record-v2%257Cgemas-europe%257CGEMAS%253AAp%253A3023%253AAR%257CIE_GSI_GEMAS_Geochemistry_Agricultural_Grazing_Land_Soil_EU_WGS84.zip%2521IE_GSI_GEMAS_Agricultural_Soil_Ap_Samples_AR_XRF_EU_WGS84.dbf%2523record%253D2%7CCu%7C,gemas-europe,D2,info,review_required,GEOLOGIC_CONTEXT_MISSING,matched_geologic_unit,,记录没有来源直报或空间匹配的地质单元。,在比例尺与边界不确定性允许时执行空间匹配，并记录地图源、版本、匹配方法和边界距离；否则保留缺失。,true
ITER|rec-observation-v2%257Cgemas-europe%257Csrc-source-record-v2%25257Cgemas-europe%25257CGEMAS%25253AAp%25253A3023%25253AAR%25257CIE_GSI_GEMAS_Geochemistry_Agricultural_Grazing_Land_Soil_EU_WGS84.zip%252521IE_GSI_GEMAS_Agricultural_Soil_Ap_Samples_AR_XRF_EU_WGS84.dbf%252523record%25253D2%257CHg%257C|GEOLOGIC_CONTEXT_MISSING|matched_geologic_unit|,rec-observation-v2%7Cgemas-europe%7Csrc-source-record-v2%257Cgemas-europe%257CGEMAS%253AAp%253A3023%253AAR%257CIE_GSI_GEMAS_Geochemistry_Agricultural_Grazing_Land_Soil_EU_WGS84.zip%2521IE_GSI_GEMAS_Agricultural_Soil_Ap_Samples_AR_XRF_EU_WGS84.dbf%2523record%253D2%7CHg%7C,gemas-europe,D2,info,review_required,GEOLOGIC_CONTEXT_MISSING,matched_geologic_unit,,记录没有来源直报或空间匹配的地质单元。,在比例尺与边界不确定性允许时执行空间匹配，并记录地图源、版本、匹配方法和边界距离；否则保留缺失。,true
ITER|rec-observation-v2%257Cgemas-europe%257Csrc-source-record-v2%25257Cgemas-europe%25257CGEMAS%25253AAp%25253A3023%25253AAR%25257CIE_GSI_GEMAS_Geochemistry_Agricultural_Grazing_Land_Soil_EU_WGS84.zip%252521IE_GSI_GEMAS_Agricultural_Soil_Ap_Samples_AR_XRF_EU_WGS84.dbf%252523record%25253D2%257CNi%257C|GEOLOGIC_CONTEXT_MISSING|matched_geologic_unit|,rec-observation-v2%7Cgemas-europe%7Csrc-source-record-v2%257Cgemas-europe%257CGEMAS%253AAp%253A3023%253AAR%257CIE_GSI_GEMAS_Geochemistry_Agricultural_Grazing_Land_Soil_EU_WGS84.zip%2521IE_GSI_GEMAS_Agricultural_Soil_Ap_Samples_AR_XRF_EU_WGS84.dbf%2523record%253D2%7CNi%7C,gemas-europe,D2,info,review_required,GEOLOGIC_CONTEXT_MISSING,matched_geologic_unit,,记录没有来源直报或空间匹配的地质单元。,在比例尺与边界不确定性允许时执行空间匹配，并记录地图源、版本、匹配方法和边界距离；否则保留缺失。,true
ITER|rec-observation-v2%257Cgemas-europe%257Csrc-source-record-v2%25257Cgemas-europe%25257CGEMAS%25253AAp%25253A3023%25253AAR%25257CIE_GSI_GEMAS_Geochemistry_Agricultural_Grazing_Land_Soil_EU_WGS84.zip%252521IE_GSI_GEMAS_Agricultural_Soil_Ap_Samples_AR_XRF_EU_WGS84.dbf%252523record%25253D2%257CPb%257C|GEOLOGIC_CONTEXT_MISSING|matched_geologic_unit|,rec-observation-v2%7Cgemas-europe%7Csrc-source-record-v2%257Cgemas-europe%257CGEMAS%253AAp%253A3023%253AAR%257CIE_GSI_GEMAS_Geochemistry_Agricultural_Grazing_Land_Soil_EU_WGS84.zip%2521IE_GSI_GEMAS_Agricultural_Soil_Ap_Samples_AR_XRF_EU_WGS84.dbf%2523record%253D2%7CPb%7C,gemas-europe,D2,info,review_required,GEOLOGIC_CONTEXT_MISSING,matched_geologic_unit,,记录没有来源直报或空间匹配的地质单元。,在比例尺与边界不确定性允许时执行空间匹配，并记录地图源、版本、匹配方法和边界距离；否则保留缺失。,true
ITER|rec-observation-v2%257Cgemas-europe%257Csrc-source-record-v2%25257Cgemas-europe%25257CGEMAS%25253AAp%25253A3023%25253AAR%25257CIE_GSI_GEMAS_Geochemistry_Agricultural_Grazing_Land_Soil_EU_WGS84.zip%252521IE_GSI_GEMAS_Agricultural_Soil_Ap_Samples_AR_XRF_EU_WGS84.dbf%252523record%25253D2%257CZn%257C|GEOLOGIC_CONTEXT_MISSING|matched_geologic_unit|,rec-observation-v2%7Cgemas-europe%7Csrc-source-record-v2%257Cgemas-europe%257CGEMAS%253AAp%253A3023%253AAR%257CIE_GSI_GEMAS_Geochemistry_Agricultural_Grazing_Land_Soil_EU_WGS84.zip%2521IE_GSI_GEMAS_Agricultural_Soil_Ap_Samples_AR_XRF_EU_WGS84.dbf%2523record%253D2%7CZn%7C,gemas-europe,D2,info,review_required,GEOLOGIC_CONTEXT_MISSING,matched_geologic_unit,,记录没有来源直报或空间匹配的地质单元。,在比例尺与边界不确定性允许时执行空间匹配，并记录地图源、版本、匹配方法和边界距离；否则保留缺失。,true
ITER|rec-observation-v2%257Cgemas-europe%257Csrc-source-record-v2%25257Cgemas-europe%25257CGEMAS%25253AAp%25253A3023%25253AXRF%25257CIE_GSI_GEMAS_Geochemistry_Agricultural_Grazing_Land_Soil_EU_WGS84.zip%252521IE_GSI_GEMAS_Agricultural_Soil_Ap_Samples_AR_XRF_EU_WGS84.dbf%252523record%25253D2%257CAs%257C|GEOLOGIC_CONTEXT_MISSING|matched_geologic_unit|,rec-observation-v2%7Cgemas-europe%7Csrc-source-record-v2%257Cgemas-europe%257CGEMAS%253AAp%253A3023%253AXRF%257CIE_GSI_GEMAS_Geochemistry_Agricultural_Grazing_Land_Soil_EU_WGS84.zip%2521IE_GSI_GEMAS_Agricultural_Soil_Ap_Samples_AR_XRF_EU_WGS84.dbf%2523record%253D2%7CAs%7C,gemas-europe,D2,info,review_required,GEOLOGIC_CONTEXT_MISSING,matched_geologic_unit,,记录没有来源直报或空间匹配的地质单元。,在比例尺与边界不确定性允许时执行空间匹配，并记录地图源、版本、匹配方法和边界距离；否则保留缺失。,true
ITER|rec-observation-v2%257Cgemas-europe%257Csrc-source-record-v2%25257Cgemas-europe%25257CGEMAS%25253AAp%25253A3023%25253AXRF%25257CIE_GSI_GEMAS_Geochemistry_Agricultural_Grazing_Land_Soil_EU_WGS84.zip%252521IE_GSI_GEMAS_Agricultural_Soil_Ap_Samples_AR_XRF_EU_WGS84.dbf%252523record%25253D2%257CCr%257C|GEOLOGIC_CONTEXT_MISSING|matched_geologic_unit|,rec-observation-v2%7Cgemas-europe%7Csrc-source-record-v2%257Cgemas-europe%257CGEMAS%253AAp%253A3023%253AXRF%257CIE_GSI_GEMAS_Geochemistry_Agricultural_Grazing_Land_Soil_EU_WGS84.zip%2521IE_GSI_GEMAS_Agricultural_Soil_Ap_Samples_AR_XRF_EU_WGS84.dbf%2523record%253D2%7CCr%7C,gemas-europe,D2,info,review_required,GEOLOGIC_CONTEXT_MISSING,matched_geologic_unit,,记录没有来源直报或空间匹配的地质单元。,在比例尺与边界不确定性允许时执行空间匹配，并记录地图源、版本、匹配方法和边界距离；否则保留缺失。,true
ITER|rec-observation-v2%257Cgemas-europe%257Csrc-source-record-v2%25257Cgemas-europe%25257CGEMAS%25253AAp%25253A3023%25253AXRF%25257CIE_GSI_GEMAS_Geochemistry_Agricultural_Grazing_Land_Soil_EU_WGS84.zip%252521IE_GSI_GEMAS_Agricultural_Soil_Ap_Samples_AR_XRF_EU_WGS84.dbf%252523record%25253D2%257CCu%257C|GEOLOGIC_CONTEXT_MISSING|matched_geologic_unit|,rec-observation-v2%7Cgemas-europe%7Csrc-source-record-v2%257Cgemas-europe%257CGEMAS%253AAp%253A3023%253AXRF%257CIE_GSI_GEMAS_Geochemistry_Agricultural_Grazing_Land_Soil_EU_WGS84.zip%2521IE_GSI_GEMAS_Agricultural_Soil_Ap_Samples_AR_XRF_EU_WGS84.dbf%2523record%253D2%7CCu%7C,gemas-europe,D2,info,review_required,GEOLOGIC_CONTEXT_MISSING,matched_geologic_unit,,记录没有来源直报或空间匹配的地质单元。,在比例尺与边界不确定性允许时执行空间匹配，并记录地图源、版本、匹配方法和边界距离；否则保留缺失。,true
ITER|rec-observation-v2%257Cgemas-europe%257Csrc-source-record-v2%25257Cgemas-europe%25257CGEMAS%25253AAp%25253A3023%25253AXRF%25257CIE_GSI_GEMAS_Geochemistry_Agricultural_Grazing_Land_Soil_EU_WGS84.zip%252521IE_GSI_GEMAS_Agricultural_Soil_Ap_Samples_AR_XRF_EU_WGS84.dbf%252523record%25253D2%257CNi%257C|GEOLOGIC_CONTEXT_MISSING|matched_geologic_unit|,rec-observation-v2%7Cgemas-europe%7Csrc-source-record-v2%257Cgemas-europe%257CGEMAS%253AAp%253A3023%253AXRF%257CIE_GSI_GEMAS_Geochemistry_Agricultural_Grazing_Land_Soil_EU_WGS84.zip%2521IE_GSI_GEMAS_Agricultural_Soil_Ap_Samples_AR_XRF_EU_WGS84.dbf%2523record%253D2%7CNi%7C,gemas-europe,D2,info,review_required,GEOLOGIC_CONTEXT_MISSING,matched_geologic_unit,,记录没有来源直报或空间匹配的地质单元。,在比例尺与边界不确定性允许时执行空间匹配，并记录地图源、版本、匹配方法和边界距离；否则保留缺失。,true
ITER|rec-observation-v2%257Cgemas-europe%257Csrc-source-record-v2%25257Cgemas-europe%25257CGEMAS%25253AAp%25253A3023%25253AXRF%25257CIE_GSI_GEMAS_Geochemistry_Agricultural_Grazing_Land_Soil_EU_WGS84.zip%252521IE_GSI_GEMAS_Agricultural_Soil_Ap_Samples_AR_XRF_EU_WGS84.dbf%252523record%25253D2%257CPb%257C|GEOLOGIC_CONTEXT_MISSING|matched_geologic_unit|,rec-observation-v2%7Cgemas-europe%7Csrc-source-record-v2%257Cgemas-europe%257CGEMAS%253AAp%253A3023%253AXRF%257CIE_GSI_GEMAS_Geochemistry_Agricultural_Grazing_Land_Soil_EU_WGS84.zip%2521IE_GSI_GEMAS_Agricultural_Soil_Ap_Samples_AR_XRF_EU_WGS84.dbf%2523record%253D2%7CPb%7C,gemas-europe,D2,info,review_required,GEOLOGIC_CONTEXT_MISSING,matched_geologic_unit,,记录没有来源直报或空间匹配的地质单元。,在比例尺与边界不确定性允许时执行空间匹配，并记录地图源、版本、匹配方法和边界距离；否则保留缺失。,true
ITER|rec-observation-v2%257Cgemas-europe%257Csrc-source-record-v2%25257Cgemas-europe%25257CGEMAS%25253AAp%25253A3023%25253AXRF%25257CIE_GSI_GEMAS_Geochemistry_Agricultural_Grazing_Land_Soil_EU_WGS84.zip%252521IE_GSI_GEMAS_Agricultural_Soil_Ap_Samples_AR_XRF_EU_WGS84.dbf%252523record%25253D2%257CZn%257C|GEOLOGIC_CONTEXT_MISSING|matched_geologic_unit|,rec-observation-v2%7Cgemas-europe%7Csrc-source-record-v2%257Cgemas-europe%257CGEMAS%253AAp%253A3023%253AXRF%257CIE_GSI_GEMAS_Geochemistry_Agricultural_Grazing_Land_Soil_EU_WGS84.zip%2521IE_GSI_GEMAS_Agricultural_Soil_Ap_Samples_AR_XRF_EU_WGS84.dbf%2523record%253D2%7CZn%7C,gemas-europe,D2,info,review_required,GEOLOGIC_CONTEXT_MISSING,matched_geologic_unit,,记录没有来源直报或空间匹配的地质单元。,在比例尺与边界不确定性允许时执行空间匹配，并记录地图源、版本、匹配方法和边界距离；否则保留缺失。,true
ITER|rec-observation-v2%257Cgemas-europe%257Csrc-source-record-v2%25257Cgemas-europe%25257CGEMAS%25253AAp%25253A3024%25253AAR%25257CIE_GSI_GEMAS_Geochemistry_Agricultural_Grazing_Land_Soil_EU_WGS84.zip%252521IE_GSI_GEMAS_Agricultural_Soil_Ap_Samples_AR_XRF_EU_WGS84.dbf%252523record%25253D3%257CAs%257C|GEOLOGIC_CONTEXT_MISSING|matched_geologic_unit|,rec-observation-v2%7Cgemas-europe%7Csrc-source-record-v2%257Cgemas-europe%257CGEMAS%253AAp%253A3024%253AAR%257CIE_GSI_GEMAS_Geochemistry_Agricultural_Grazing_Land_Soil_EU_WGS84.zip%2521IE_GSI_GEMAS_Agricultural_Soil_Ap_Samples_AR_XRF_EU_WGS84.dbf%2523record%253D3%7CAs%7C,gemas-europe,D2,info,review_required,GEOLOGIC_CONTEXT_MISSING,matched_geologic_unit,,记录没有来源直报或空间匹配的地质单元。,在比例尺与边界不确定性允许时执行空间匹配，并记录地图源、版本、匹配方法和边界距离；否则保留缺失。,true
ITER|rec-observation-v2%257Cgemas-europe%257Csrc-source-record-v2%25257Cgemas-europe%25257CGEMAS%25253AAp%25253A3024%25253AAR%25257CIE_GSI_GEMAS_Geochemistry_Agricultural_Grazing_Land_Soil_EU_WGS84.zip%252521IE_GSI_GEMAS_Agricultural_Soil_Ap_Samples_AR_XRF_EU_WGS84.dbf%252523record%25253D3%257CCr%257C|GEOLOGIC_CONTEXT_MISSING|matched_geologic_unit|,rec-observation-v2%7Cgemas-europe%7Csrc-source-record-v2%257Cgemas-europe%257CGEMAS%253AAp%253A3024%253AAR%257CIE_GSI_GEMAS_Geochemistry_Agricultural_Grazing_Land_Soil_EU_WGS84.zip%2521IE_GSI_GEMAS_Agricultural_Soil_Ap_Samples_AR_XRF_EU_WGS84.dbf%2523record%253D3%7CCr%7C,gemas-europe,D2,info,review_required,GEOLOGIC_CONTEXT_MISSING,matched_geologic_unit,,记录没有来源直报或空间匹配的地质单元。,在比例尺与边界不确定性允许时执行空间匹配，并记录地图源、版本、匹配方法和边界距离；否则保留缺失。,true
ITER|rec-observation-v2%257Cgemas-europe%257Csrc-source-record-v2%25257Cgemas-europe%25257CGEMAS%25253AAp%25253A3024%25253AAR%25257CIE_GSI_GEMAS_Geochemistry_Agricultural_Grazing_Land_Soil_EU_WGS84.zip%252521IE_GSI_GEMAS_Agricultural_Soil_Ap_Samples_AR_XRF_EU_WGS84.dbf%252523record%25253D3%257CCu%257C|GEOLOGIC_CONTEXT_MISSING|matched_geologic_unit|,rec-observation-v2%7Cgemas-europe%7Csrc-source-record-v2%257Cgemas-europe%257CGEMAS%253AAp%253A3024%253AAR%257CIE_GSI_GEMAS_Geochemistry_Agricultural_Grazing_Land_Soil_EU_WGS84.zip%2521IE_GSI_GEMAS_Agricultural_Soil_Ap_Samples_AR_XRF_EU_WGS84.dbf%2523record%253D3%7CCu%7C,gemas-europe,D2,info,review_required,GEOLOGIC_CONTEXT_MISSING,matched_geologic_unit,,记录没有来源直报或空间匹配的地质单元。,在比例尺与边界不确定性允许时执行空间匹配，并记录地图源、版本、匹配方法和边界距离；否则保留缺失。,true
ITER|rec-observation-v2%257Cgemas-europe%257Csrc-source-record-v2%25257Cgemas-europe%25257CGEMAS%25253AAp%25253A3024%25253AAR%25257CIE_GSI_GEMAS_Geochemistry_Agricultural_Grazing_Land_Soil_EU_WGS84.zip%252521IE_GSI_GEMAS_Agricultural_Soil_Ap_Samples_AR_XRF_EU_WGS84.dbf%252523record%25253D3%257CHg%257C|GEOLOGIC_CONTEXT_MISSING|matched_geologic_unit|,rec-observation-v2%7Cgemas-europe%7Csrc-source-record-v2%257Cgemas-europe%257CGEMAS%253AAp%253A3024%253AAR%257CIE_GSI_GEMAS_Geochemistry_Agricultural_Grazing_Land_Soil_EU_WGS84.zip%2521IE_GSI_GEMAS_Agricultural_Soil_Ap_Samples_AR_XRF_EU_WGS84.dbf%2523record%253D3%7CHg%7C,gemas-europe,D2,info,review_required,GEOLOGIC_CONTEXT_MISSING,matched_geologic_unit,,记录没有来源直报或空间匹配的地质单元。,在比例尺与边界不确定性允许时执行空间匹配，并记录地图源、版本、匹配方法和边界距离；否则保留缺失。,true
ITER|rec-observation-v2%257Cgemas-europe%257Csrc-source-record-v2%25257Cgemas-europe%25257CGEMAS%25253AAp%25253A3024%25253AAR%25257CIE_GSI_GEMAS_Geochemistry_Agricultural_Grazing_Land_Soil_EU_WGS84.zip%252521IE_GSI_GEMAS_Agricultural_Soil_Ap_Samples_AR_XRF_EU_WGS84.dbf%252523record%25253D3%257CNi%257C|GEOLOGIC_CONTEXT_MISSING|matched_geologic_unit|,rec-observation-v2%7Cgemas-europe%7Csrc-source-record-v2%257Cgemas-europe%257CGEMAS%253AAp%253A3024%253AAR%257CIE_GSI_GEMAS_Geochemistry_Agricultural_Grazing_Land_Soil_EU_WGS84.zip%2521IE_GSI_GEMAS_Agricultural_Soil_Ap_Samples_AR_XRF_EU_WGS84.dbf%2523record%253D3%7CNi%7C,gemas-europe,D2,info,review_required,GEOLOGIC_CONTEXT_MISSING,matched_geologic_unit,,记录没有来源直报或空间匹配的地质单元。,在比例尺与边界不确定性允许时执行空间匹配，并记录地图源、版本、匹配方法和边界距离；否则保留缺失。,true
ITER|rec-observation-v2%257Cgemas-europe%257Csrc-source-record-v2%25257Cgemas-europe%25257CGEMAS%25253AAp%25253A3024%25253AAR%25257CIE_GSI_GEMAS_Geochemistry_Agricultural_Grazing_Land_Soil_EU_WGS84.zip%252521IE_GSI_GEMAS_Agricultural_Soil_Ap_Samples_AR_XRF_EU_WGS84.dbf%252523record%25253D3%257CPb%257C|GEOLOGIC_CONTEXT_MISSING|matched_geologic_unit|,rec-observation-v2%7Cgemas-europe%7Csrc-source-record-v2%257Cgemas-europe%257CGEMAS%253AAp%253A3024%253AAR%257CIE_GSI_GEMAS_Geochemistry_Agricultural_Grazing_Land_Soil_EU_WGS84.zip%2521IE_GSI_GEMAS_Agricultural_Soil_Ap_Samples_AR_XRF_EU_WGS84.dbf%2523record%253D3%7CPb%7C,gemas-europe,D2,info,review_required,GEOLOGIC_CONTEXT_MISSING,matched_geologic_unit,,记录没有来源直报或空间匹配的地质单元。,在比例尺与边界不确定性允许时执行空间匹配，并记录地图源、版本、匹配方法和边界距离；否则保留缺失。,true
ITER|rec-observation-v2%257Cgemas-europe%257Csrc-source-record-v2%25257Cgemas-europe%25257CGEMAS%25253AAp%25253A3024%25253AAR%25257CIE_GSI_GEMAS_Geochemistry_Agricultural_Grazing_Land_Soil_EU_WGS84.zip%252521IE_GSI_GEMAS_Agricultural_Soil_Ap_Samples_AR_XRF_EU_WGS84.dbf%252523record%25253D3%257CZn%257C|GEOLOGIC_CONTEXT_MISSING|matched_geologic_unit|,rec-observation-v2%7Cgemas-europe%7Csrc-source-record-v2%257Cgemas-europe%257CGEMAS%253AAp%253A3024%253AAR%257CIE_GSI_GEMAS_Geochemistry_Agricultural_Grazing_Land_Soil_EU_WGS84.zip%2521IE_GSI_GEMAS_Agricultural_Soil_Ap_Samples_AR_XRF_EU_WGS84.dbf%2523record%253D3%7CZn%7C,gemas-europe,D2,info,review_required,GEOLOGIC_CONTEXT_MISSING,matched_geologic_unit,,记录没有来源直报或空间匹配的地质单元。,在比例尺与边界不确定性允许时执行空间匹配，并记录地图源、版本、匹配方法和边界距离；否则保留缺失。,true
ITER|rec-observation-v2%257Cgemas-europe%257Csrc-source-record-v2%25257Cgemas-europe%25257CGEMAS%25253AAp%25253A3024%25253AXRF%25257CIE_GSI_GEMAS_Geochemistry_Agricultural_Grazing_Land_Soil_EU_WGS84.zip%252521IE_GSI_GEMAS_Agricultural_Soil_Ap_Samples_AR_XRF_EU_WGS84.dbf%252523record%25253D3%257CAs%257C|GEOLOGIC_CONTEXT_MISSING|matched_geologic_unit|,rec-observation-v2%7Cgemas-europe%7Csrc-source-record-v2%257Cgemas-europe%257CGEMAS%253AAp%253A3024%253AXRF%257CIE_GSI_GEMAS_Geochemistry_Agricultural_Grazing_Land_Soil_EU_WGS84.zip%2521IE_GSI_GEMAS_Agricultural_Soil_Ap_Samples_AR_XRF_EU_WGS84.dbf%2523record%253D3%7CAs%7C,gemas-europe,D2,info,review_required,GEOLOGIC_CONTEXT_MISSING,matched_geologic_unit,,记录没有来源直报或空间匹配的地质单元。,在比例尺与边界不确定性允许时执行空间匹配，并记录地图源、版本、匹配方法和边界距离；否则保留缺失。,true
ITER|rec-observation-v2%257Cgemas-europe%257Csrc-source-record-v2%25257Cgemas-europe%25257CGEMAS%25253AAp%25253A3024%25253AXRF%25257CIE_GSI_GEMAS_Geochemistry_Agricultural_Grazing_Land_Soil_EU_WGS84.zip%252521IE_GSI_GEMAS_Agricultural_Soil_Ap_Samples_AR_XRF_EU_WGS84.dbf%252523record%25253D3%257CCr%257C|GEOLOGIC_CONTEXT_MISSING|matched_geologic_unit|,rec-observation-v2%7Cgemas-europe%7Csrc-source-record-v2%257Cgemas-europe%257CGEMAS%253AAp%253A3024%253AXRF%257CIE_GSI_GEMAS_Geochemistry_Agricultural_Grazing_Land_Soil_EU_WGS84.zip%2521IE_GSI_GEMAS_Agricultural_Soil_Ap_Samples_AR_XRF_EU_WGS84.dbf%2523record%253D3%7CCr%7C,gemas-europe,D2,info,review_required,GEOLOGIC_CONTEXT_MISSING,matched_geologic_unit,,记录没有来源直报或空间匹配的地质单元。,在比例尺与边界不确定性允许时执行空间匹配，并记录地图源、版本、匹配方法和边界距离；否则保留缺失。,true
ITER|rec-observation-v2%257Cgemas-europe%257Csrc-source-record-v2%25257Cgemas-europe%25257CGEMAS%25253AAp%25253A3024%25253AXRF%25257CIE_GSI_GEMAS_Geochemistry_Agricultural_Grazing_Land_Soil_EU_WGS84.zip%252521IE_GSI_GEMAS_Agricultural_Soil_Ap_Samples_AR_XRF_EU_WGS84.dbf%252523record%25253D3%257CCu%257C|GEOLOGIC_CONTEXT_MISSING|matched_geologic_unit|,rec-observation-v2%7Cgemas-europe%7Csrc-source-record-v2%257Cgemas-europe%257CGEMAS%253AAp%253A3024%253AXRF%257CIE_GSI_GEMAS_Geochemistry_Agricultural_Grazing_Land_Soil_EU_WGS84.zip%2521IE_GSI_GEMAS_Agricultural_Soil_Ap_Samples_AR_XRF_EU_WGS84.dbf%2523record%253D3%7CCu%7C,gemas-europe,D2,info,review_required,GEOLOGIC_CONTEXT_MISSING,matched_geologic_unit,,记录没有来源直报或空间匹配的地质单元。,在比例尺与边界不确定性允许时执行空间匹配，并记录地图源、版本、匹配方法和边界距离；否则保留缺失。,true
ITER|rec-observation-v2%257Cgemas-europe%257Csrc-source-record-v2%25257Cgemas-europe%25257CGEMAS%25253AAp%25253A3024%25253AXRF%25257CIE_GSI_GEMAS_Geochemistry_Agricultural_Grazing_Land_Soil_EU_WGS84.zip%252521IE_GSI_GEMAS_Agricultural_Soil_Ap_Samples_AR_XRF_EU_WGS84.dbf%252523record%25253D3%257CNi%257C|GEOLOGIC_CONTEXT_MISSING|matched_geologic_unit|,rec-observation-v2%7Cgemas-europe%7Csrc-source-record-v2%257Cgemas-europe%257CGEMAS%253AAp%253A3024%253AXRF%257CIE_GSI_GEMAS_Geochemistry_Agricultural_Grazing_Land_Soil_EU_WGS84.zip%2521IE_GSI_GEMAS_Agricultural_Soil_Ap_Samples_AR_XRF_EU_WGS84.dbf%2523record%253D3%7CNi%7C,gemas-europe,D2,info,review_required,GEOLOGIC_CONTEXT_MISSING,matched_geologic_unit,,记录没有来源直报或空间匹配的地质单元。,在比例尺与边界不确定性允许时执行空间匹配，并记录地图源、版本、匹配方法和边界距离；否则保留缺失。,true
ITER|rec-observation-v2%257Cgemas-europe%257Csrc-source-record-v2%25257Cgemas-europe%25257CGEMAS%25253AAp%25253A3024%25253AXRF%25257CIE_GSI_GEMAS_Geochemistry_Agricultural_Grazing_Land_Soil_EU_WGS84.zip%252521IE_GSI_GEMAS_Agricultural_Soil_Ap_Samples_AR_XRF_EU_WGS84.dbf%252523record%25253D3%257CPb%257C|GEOLOGIC_CONTEXT_MISSING|matched_geologic_unit|,rec-observation-v2%7Cgemas-europe%7Csrc-source-record-v2%257Cgemas-europe%257CGEMAS%253AAp%253A3024%253AXRF%257CIE_GSI_GEMAS_Geochemistry_Agricultural_Grazing_Land_Soil_EU_WGS84.zip%2521IE_GSI_GEMAS_Agricultural_Soil_Ap_Samples_AR_XRF_EU_WGS84.dbf%2523record%253D3%7CPb%7C,gemas-europe,D2,info,review_required,GEOLOGIC_CONTEXT_MISSING,matched_geologic_unit,,记录没有来源直报或空间匹配的地质单元。,在比例尺与边界不确定性允许时执行空间匹配，并记录地图源、版本、匹配方法和边界距离；否则保留缺失。,true
ITER|rec-observation-v2%257Cgemas-europe%257Csrc-source-record-v2%25257Cgemas-europe%25257CGEMAS%25253AAp%25253A3024%25253AXRF%25257CIE_GSI_GEMAS_Geochemistry_Agricultural_Grazing_Land_Soil_EU_WGS84.zip%252521IE_GSI_GEMAS_Agricultural_Soil_Ap_Samples_AR_XRF_EU_WGS84.dbf%252523record%25253D3%257CZn%257C|GEOLOGIC_CONTEXT_MISSING|matched_geologic_unit|,rec-observation-v2%7Cgemas-europe%7Csrc-source-record-v2%257Cgemas-europe%257CGEMAS%253AAp%253A3024%253AXRF%257CIE_GSI_GEMAS_Geochemistry_Agricultural_Grazing_Land_Soil_EU_WGS84.zip%2521IE_GSI_GEMAS_Agricultural_Soil_Ap_Samples_AR_XRF_EU_WGS84.dbf%2523record%253D3%7CZn%7C,gemas-europe,D2,info,review_required,GEOLOGIC_CONTEXT_MISSING,matched_geologic_unit,,记录没有来源直报或空间匹配的地质单元。,在比例尺与边界不确定性允许时执行空间匹配，并记录地图源、版本、匹配方法和边界距离；否则保留缺失。,true
ITER|rec-observation-v2%257Cgemas-europe%257Csrc-source-record-v2%25257Cgemas-europe%25257CGEMAS%25253AAp%25253A3025%25253AAR%25257CIE_GSI_GEMAS_Geochemistry_Agricultural_Grazing_Land_Soil_EU_WGS84.zip%252521IE_GSI_GEMAS_Agricultural_Soil_Ap_Samples_AR_XRF_EU_WGS84.dbf%252523record%25253D4%257CAs%257C|GEOLOGIC_CONTEXT_MISSING|matched_geologic_unit|,rec-observation-v2%7Cgemas-europe%7Csrc-source-record-v2%257Cgemas-europe%257CGEMAS%253AAp%253A3025%253AAR%257CIE_GSI_GEMAS_Geochemistry_Agricultural_Grazing_Land_Soil_EU_WGS84.zip%2521IE_GSI_GEMAS_Agricultural_Soil_Ap_Samples_AR_XRF_EU_WGS84.dbf%2523record%253D4%7CAs%7C,gemas-europe,D2,info,review_required,GEOLOGIC_CONTEXT_MISSING,matched_geologic_unit,,记录没有来源直报或空间匹配的地质单元。,在比例尺与边界不确定性允许时执行空间匹配，并记录地图源、版本、匹配方法和边界距离；否则保留缺失。,true
ITER|rec-observation-v2%257Cgemas-europe%257Csrc-source-record-v2%25257Cgemas-europe%25257CGEMAS%25253AAp%25253A3025%25253AAR%25257CIE_GSI_GEMAS_Geochemistry_Agricultural_Grazing_Land_Soil_EU_WGS84.zip%252521IE_GSI_GEMAS_Agricultural_Soil_Ap_Samples_AR_XRF_EU_WGS84.dbf%252523record%25253D4%257CCr%257C|GEOLOGIC_CONTEXT_MISSING|matched_geologic_unit|,rec-observation-v2%7Cgemas-europe%7Csrc-source-record-v2%257Cgemas-europe%257CGEMAS%253AAp%253A3025%253AAR%257CIE_GSI_GEMAS_Geochemistry_Agricultural_Grazing_Land_Soil_EU_WGS84.zip%2521IE_GSI_GEMAS_Agricultural_Soil_Ap_Samples_AR_XRF_EU_WGS84.dbf%2523record%253D4%7CCr%7C,gemas-europe,D2,info,review_required,GEOLOGIC_CONTEXT_MISSING,matched_geologic_unit,,记录没有来源直报或空间匹配的地质单元。,在比例尺与边界不确定性允许时执行空间匹配，并记录地图源、版本、匹配方法和边界距离；否则保留缺失。,true
ITER|rec-observation-v2%257Cgemas-europe%257Csrc-source-record-v2%25257Cgemas-europe%25257CGEMAS%25253AAp%25253A3025%25253AAR%25257CIE_GSI_GEMAS_Geochemistry_Agricultural_Grazing_Land_Soil_EU_WGS84.zip%252521IE_GSI_GEMAS_Agricultural_Soil_Ap_Samples_AR_XRF_EU_WGS84.dbf%252523record%25253D4%257CCu%257C|GEOLOGIC_CONTEXT_MISSING|matched_geologic_unit|,rec-observation-v2%7Cgemas-europe%7Csrc-source-record-v2%257Cgemas-europe%257CGEMAS%253AAp%253A3025%253AAR%257CIE_GSI_GEMAS_Geochemistry_Agricultural_Grazing_Land_Soil_EU_WGS84.zip%2521IE_GSI_GEMAS_Agricultural_Soil_Ap_Samples_AR_XRF_EU_WGS84.dbf%2523record%253D4%7CCu%7C,gemas-europe,D2,info,review_required,GEOLOGIC_CONTEXT_MISSING,matched_geologic_unit,,记录没有来源直报或空间匹配的地质单元。,在比例尺与边界不确定性允许时执行空间匹配，并记录地图源、版本、匹配方法和边界距离；否则保留缺失。,true
ITER|rec-observation-v2%257Cgemas-europe%257Csrc-source-record-v2%25257Cgemas-europe%25257CGEMAS%25253AAp%25253A3025%25253AAR%25257CIE_GSI_GEMAS_Geochemistry_Agricultural_Grazing_Land_Soil_EU_WGS84.zip%252521IE_GSI_GEMAS_Agricultural_Soil_Ap_Samples_AR_XRF_EU_WGS84.dbf%252523record%25253D4%257CHg%257C|GEOLOGIC_CONTEXT_MISSING|matched_geologic_unit|,rec-observation-v2%7Cgemas-europe%7Csrc-source-record-v2%257Cgemas-europe%257CGEMAS%253AAp%253A3025%253AAR%257CIE_GSI_GEMAS_Geochemistry_Agricultural_Grazing_Land_Soil_EU_WGS84.zip%2521IE_GSI_GEMAS_Agricultural_Soil_Ap_Samples_AR_XRF_EU_WGS84.dbf%2523record%253D4%7CHg%7C,gemas-europe,D2,info,review_required,GEOLOGIC_CONTEXT_MISSING,matched_geologic_unit,,记录没有来源直报或空间匹配的地质单元。,在比例尺与边界不确定性允许时执行空间匹配，并记录地图源、版本、匹配方法和边界距离；否则保留缺失。,true
ITER|rec-observation-v2%257Cgemas-europe%257Csrc-source-record-v2%25257Cgemas-europe%25257CGEMAS%25253AAp%25253A3025%25253AAR%25257CIE_GSI_GEMAS_Geochemistry_Agricultural_Grazing_Land_Soil_EU_WGS84.zip%252521IE_GSI_GEMAS_Agricultural_Soil_Ap_Samples_AR_XRF_EU_WGS84.dbf%252523record%25253D4%257CNi%257C|GEOLOGIC_CONTEXT_MISSING|matched_geologic_unit|,rec-observation-v2%7Cgemas-europe%7Csrc-source-record-v2%257Cgemas-europe%257CGEMAS%253AAp%253A3025%253AAR%257CIE_GSI_GEMAS_Geochemistry_Agricultural_Grazing_Land_Soil_EU_WGS84.zip%2521IE_GSI_GEMAS_Agricultural_Soil_Ap_Samples_AR_XRF_EU_WGS84.dbf%2523record%253D4%7CNi%7C,gemas-europe,D2,info,review_required,GEOLOGIC_CONTEXT_MISSING,matched_geologic_unit,,记录没有来源直报或空间匹配的地质单元。,在比例尺与边界不确定性允许时执行空间匹配，并记录地图源、版本、匹配方法和边界距离；否则保留缺失。,true
ITER|rec-observation-v2%257Cgemas-europe%257Csrc-source-record-v2%25257Cgemas-europe%25257CGEMAS%25253AAp%25253A3025%25253AAR%25257CIE_GSI_GEMAS_Geochemistry_Agricultural_Grazing_Land_Soil_EU_WGS84.zip%252521IE_GSI_GEMAS_Agricultural_Soil_Ap_Samples_AR_XRF_EU_WGS84.dbf%252523record%25253D4%257CPb%257C|GEOLOGIC_CONTEXT_MISSING|matched_geologic_unit|,rec-observation-v2%7Cgemas-europe%7Csrc-source-record-v2%257Cgemas-europe%257CGEMAS%253AAp%253A3025%253AAR%257CIE_GSI_GEMAS_Geochemistry_Agricultural_Grazing_Land_Soil_EU_WGS84.zip%2521IE_GSI_GEMAS_Agricultural_Soil_Ap_Samples_AR_XRF_EU_WGS84.dbf%2523record%253D4%7CPb%7C,gemas-europe,D2,info,review_required,GEOLOGIC_CONTEXT_MISSING,matched_geologic_unit,,记录没有来源直报或空间匹配的地质单元。,在比例尺与边界不确定性允许时执行空间匹配，并记录地图源、版本、匹配方法和边界距离；否则保留缺失。,true
ITER|rec-observation-v2%257Cgemas-europe%257Csrc-source-record-v2%25257Cgemas-europe%25257CGEMAS%25253AAp%25253A3025%25253AAR%25257CIE_GSI_GEMAS_Geochemistry_Agricultural_Grazing_Land_Soil_EU_WGS84.zip%252521IE_GSI_GEMAS_Agricultural_Soil_Ap_Samples_AR_XRF_EU_WGS84.dbf%252523record%25253D4%257CZn%257C|GEOLOGIC_CONTEXT_MISSING|matched_geologic_unit|,rec-observation-v2%7Cgemas-europe%7Csrc-source-record-v2%257Cgemas-europe%257CGEMAS%253AAp%253A3025%253AAR%257CIE_GSI_GEMAS_Geochemistry_Agricultural_Grazing_Land_Soil_EU_WGS84.zip%2521IE_GSI_GEMAS_Agricultural_Soil_Ap_Samples_AR_XRF_EU_WGS84.dbf%2523record%253D4%7CZn%7C,gemas-europe,D2,info,review_required,GEOLOGIC_CONTEXT_MISSING,matched_geologic_unit,,记录没有来源直报或空间匹配的地质单元。,在比例尺与边界不确定性允许时执行空间匹配，并记录地图源、版本、匹配方法和边界距离；否则保留缺失。,true
ITER|rec-observation-v2%257Cgemas-europe%257Csrc-source-record-v2%25257Cgemas-europe%25257CGEMAS%25253AAp%25253A3025%25253AXRF%25257CIE_GSI_GEMAS_Geochemistry_Agricultural_Grazing_Land_Soil_EU_WGS84.zip%252521IE_GSI_GEMAS_Agricultural_Soil_Ap_Samples_AR_XRF_EU_WGS84.dbf%252523record%25253D4%257CAs%257C|GEOLOGIC_CONTEXT_MISSING|matched_geologic_unit|,rec-observation-v2%7Cgemas-europe%7Csrc-source-record-v2%257Cgemas-europe%257CGEMAS%253AAp%253A3025%253AXRF%257CIE_GSI_GEMAS_Geochemistry_Agricultural_Grazing_Land_Soil_EU_WGS84.zip%2521IE_GSI_GEMAS_Agricultural_Soil_Ap_Samples_AR_XRF_EU_WGS84.dbf%2523record%253D4%7CAs%7C,gemas-europe,D2,info,review_required,GEOLOGIC_CONTEXT_MISSING,matched_geologic_unit,,记录没有来源直报或空间匹配的地质单元。,在比例尺与边界不确定性允许时执行空间匹配，并记录地图源、版本、匹配方法和边界距离；否则保留缺失。,true
ITER|rec-observation-v2%257Cgemas-europe%257Csrc-source-record-v2%25257Cgemas-europe%25257CGEMAS%25253AAp%25253A3025%25253AXRF%25257CIE_GSI_GEMAS_Geochemistry_Agricultural_Grazing_Land_Soil_EU_WGS84.zip%252521IE_GSI_GEMAS_Agricultural_Soil_Ap_Samples_AR_XRF_EU_WGS84.dbf%252523record%25253D4%257CCr%257C|GEOLOGIC_CONTEXT_MISSING|matched_geologic_unit|,rec-observation-v2%7Cgemas-europe%7Csrc-source-record-v2%257Cgemas-europe%257CGEMAS%253AAp%253A3025%253AXRF%257CIE_GSI_GEMAS_Geochemistry_Agricultural_Grazing_Land_Soil_EU_WGS84.zip%2521IE_GSI_GEMAS_Agricultural_Soil_Ap_Samples_AR_XRF_EU_WGS84.dbf%2523record%253D4%7CCr%7C,gemas-europe,D2,info,review_required,GEOLOGIC_CONTEXT_MISSING,matched_geologic_unit,,记录没有来源直报或空间匹配的地质单元。,在比例尺与边界不确定性允许时执行空间匹配，并记录地图源、版本、匹配方法和边界距离；否则保留缺失。,true
ITER|rec-observation-v2%257Cgemas-europe%257Csrc-source-record-v2%25257Cgemas-europe%25257CGEMAS%25253AAp%25253A3025%25253AXRF%25257CIE_GSI_GEMAS_Geochemistry_Agricultural_Grazing_Land_Soil_EU_WGS84.zip%252521IE_GSI_GEMAS_Agricultural_Soil_Ap_Samples_AR_XRF_EU_WGS84.dbf%252523record%25253D4%257CCu%257C|GEOLOGIC_CONTEXT_MISSING|matched_geologic_unit|,rec-observation-v2%7Cgemas-europe%7Csrc-source-record-v2%257Cgemas-europe%257CGEMAS%253AAp%253A3025%253AXRF%257CIE_GSI_GEMAS_Geochemistry_Agricultural_Grazing_Land_Soil_EU_WGS84.zip%2521IE_GSI_GEMAS_Agricultural_Soil_Ap_Samples_AR_XRF_EU_WGS84.dbf%2523record%253D4%7CCu%7C,gemas-europe,D2,info,review_required,GEOLOGIC_CONTEXT_MISSING,matched_geologic_unit,,记录没有来源直报或空间匹配的地质单元。,在比例尺与边界不确定性允许时执行空间匹配，并记录地图源、版本、匹配方法和边界距离；否则保留缺失。,true
ITER|rec-observation-v2%257Cgemas-europe%257Csrc-source-record-v2%25257Cgemas-europe%25257CGEMAS%25253AAp%25253A3025%25253AXRF%25257CIE_GSI_GEMAS_Geochemistry_Agricultural_Grazing_Land_Soil_EU_WGS84.zip%252521IE_GSI_GEMAS_Agricultural_Soil_Ap_Samples_AR_XRF_EU_WGS84.dbf%252523record%25253D4%257CNi%257C|GEOLOGIC_CONTEXT_MISSING|matched_geologic_unit|,rec-observation-v2%7Cgemas-europe%7Csrc-source-record-v2%257Cgemas-europe%257CGEMAS%253AAp%253A3025%253AXRF%257CIE_GSI_GEMAS_Geochemistry_Agricultural_Grazing_Land_Soil_EU_WGS84.zip%2521IE_GSI_GEMAS_Agricultural_Soil_Ap_Samples_AR_XRF_EU_WGS84.dbf%2523record%253D4%7CNi%7C,gemas-europe,D2,info,review_required,GEOLOGIC_CONTEXT_MISSING,matched_geologic_unit,,记录没有来源直报或空间匹配的地质单元。,在比例尺与边界不确定性允许时执行空间匹配，并记录地图源、版本、匹配方法和边界距离；否则保留缺失。,true
ITER|rec-observation-v2%257Cgemas-europe%257Csrc-source-record-v2%25257Cgemas-europe%25257CGEMAS%25253AAp%25253A3025%25253AXRF%25257CIE_GSI_GEMAS_Geochemistry_Agricultural_Grazing_Land_Soil_EU_WGS84.zip%252521IE_GSI_GEMAS_Agricultural_Soil_Ap_Samples_AR_XRF_EU_WGS84.dbf%252523record%25253D4%257CPb%257C|GEOLOGIC_CONTEXT_MISSING|matched_geologic_unit|,rec-observation-v2%7Cgemas-europe%7Csrc-source-record-v2%257Cgemas-europe%257CGEMAS%253AAp%253A3025%253AXRF%257CIE_GSI_GEMAS_Geochemistry_Agricultural_Grazing_Land_Soil_EU_WGS84.zip%2521IE_GSI_GEMAS_Agricultural_Soil_Ap_Samples_AR_XRF_EU_WGS84.dbf%2523record%253D4%7CPb%7C,gemas-europe,D2,info,review_required,GEOLOGIC_CONTEXT_MISSING,matched_geologic_unit,,记录没有来源直报或空间匹配的地质单元。,在比例尺与边界不确定性允许时执行空间匹配，并记录地图源、版本、匹配方法和边界距离；否则保留缺失。,true
ITER|rec-observation-v2%257Cgemas-europe%257Csrc-source-record-v2%25257Cgemas-europe%25257CGEMAS%25253AAp%25253A3025%25253AXRF%25257CIE_GSI_GEMAS_Geochemistry_Agricultural_Grazing_Land_Soil_EU_WGS84.zip%252521IE_GSI_GEMAS_Agricultural_Soil_Ap_Samples_AR_XRF_EU_WGS84.dbf%252523record%25253D4%257CZn%257C|GEOLOGIC_CONTEXT_MISSING|matched_geologic_unit|,rec-observation-v2%7Cgemas-europe%7Csrc-source-record-v2%257Cgemas-europe%257CGEMAS%253AAp%253A3025%253AXRF%257CIE_GSI_GEMAS_Geochemistry_Agricultural_Grazing_Land_Soil_EU_WGS84.zip%2521IE_GSI_GEMAS_Agricultural_Soil_Ap_Samples_AR_XRF_EU_WGS84.dbf%2523record%253D4%7CZn%7C,gemas-europe,D2,info,review_required,GEOLOGIC_CONTEXT_MISSING,matched_geologic_unit,,记录没有来源直报或空间匹配的地质单元。,在比例尺与边界不确定性允许时执行空间匹配，并记录地图源、版本、匹配方法和边界距离；否则保留缺失。,true
ITER|rec-observation-v2%257Cgeoroc-antarctica-intraplate%257Csrc-source-record-v2%25257Cgeoroc-antarctica-intraplate%25257C1265342%25257C2026-06-RZZ9VM_ANTARCTICA.csv%252523row%25253D2%257CCu%257C|ANALYTICAL_METHOD_MISSING|analytical_method|,rec-observation-v2%7Cgeoroc-antarctica-intraplate%7Csrc-source-record-v2%257Cgeoroc-antarctica-intraplate%257C1265342%257C2026-06-RZZ9VM_ANTARCTICA.csv%2523row%253D2%7CCu%7C,georoc-antarctica-intraplate,D1,warning,action_required,ANALYTICAL_METHOD_MISSING,analytical_method,,分析方法证据缺失，跨来源浓度与元素组合不可可靠比较。,回查数据字典、方法论文或记录级元数据；同时绑定 method_source_locator，未找到时保留缺失原因。,true
ITER|rec-observation-v2%257Cgeoroc-antarctica-intraplate%257Csrc-source-record-v2%25257Cgeoroc-antarctica-intraplate%25257C1265342%25257C2026-06-RZZ9VM_ANTARCTICA.csv%252523row%25253D2%257CCu%257C|GEOLOGIC_CONTEXT_MISSING|matched_geologic_unit|,rec-observation-v2%7Cgeoroc-antarctica-intraplate%7Csrc-source-record-v2%257Cgeoroc-antarctica-intraplate%257C1265342%257C2026-06-RZZ9VM_ANTARCTICA.csv%2523row%253D2%7CCu%7C,georoc-antarctica-intraplate,D2,info,review_required,GEOLOGIC_CONTEXT_MISSING,matched_geologic_unit,,记录没有来源直报或空间匹配的地质单元。,在比例尺与边界不确定性允许时执行空间匹配，并记录地图源、版本、匹配方法和边界距离；否则保留缺失。,true
ITER|rec-observation-v2%257Cgeoroc-antarctica-intraplate%257Csrc-source-record-v2%25257Cgeoroc-antarctica-intraplate%25257C1265342%25257C2026-06-RZZ9VM_ANTARCTICA.csv%252523row%25253D2%257CNi%257C|ANALYTICAL_METHOD_MISSING|analytical_method|,rec-observation-v2%7Cgeoroc-antarctica-intraplate%7Csrc-source-record-v2%257Cgeoroc-antarctica-intraplate%257C1265342%257C2026-06-RZZ9VM_ANTARCTICA.csv%2523row%253D2%7CNi%7C,georoc-antarctica-intraplate,D1,warning,action_required,ANALYTICAL_METHOD_MISSING,analytical_method,,分析方法证据缺失，跨来源浓度与元素组合不可可靠比较。,回查数据字典、方法论文或记录级元数据；同时绑定 method_source_locator，未找到时保留缺失原因。,true
ITER|rec-observation-v2%257Cgeoroc-antarctica-intraplate%257Csrc-source-record-v2%25257Cgeoroc-antarctica-intraplate%25257C1265342%25257C2026-06-RZZ9VM_ANTARCTICA.csv%252523row%25253D2%257CNi%257C|GEOLOGIC_CONTEXT_MISSING|matched_geologic_unit|,rec-observation-v2%7Cgeoroc-antarctica-intraplate%7Csrc-source-record-v2%257Cgeoroc-antarctica-intraplate%257C1265342%257C2026-06-RZZ9VM_ANTARCTICA.csv%2523row%253D2%7CNi%7C,georoc-antarctica-intraplate,D2,info,review_required,GEOLOGIC_CONTEXT_MISSING,matched_geologic_unit,,记录没有来源直报或空间匹配的地质单元。,在比例尺与边界不确定性允许时执行空间匹配，并记录地图源、版本、匹配方法和边界距离；否则保留缺失。,true
ITER|rec-observation-v2%257Cgeoroc-antarctica-intraplate%257Csrc-source-record-v2%25257Cgeoroc-antarctica-intraplate%25257C1265342%25257C2026-06-RZZ9VM_ANTARCTICA.csv%252523row%25253D2%257CPb%257C|ANALYTICAL_METHOD_MISSING|analytical_method|,rec-observation-v2%7Cgeoroc-antarctica-intraplate%7Csrc-source-record-v2%257Cgeoroc-antarctica-intraplate%257C1265342%257C2026-06-RZZ9VM_ANTARCTICA.csv%2523row%253D2%7CPb%7C,georoc-antarctica-intraplate,D1,warning,action_required,ANALYTICAL_METHOD_MISSING,analytical_method,,分析方法证据缺失，跨来源浓度与元素组合不可可靠比较。,回查数据字典、方法论文或记录级元数据；同时绑定 method_source_locator，未找到时保留缺失原因。,true
ITER|rec-observation-v2%257Cgeoroc-antarctica-intraplate%257Csrc-source-record-v2%25257Cgeoroc-antarctica-intraplate%25257C1265342%25257C2026-06-RZZ9VM_ANTARCTICA.csv%252523row%25253D2%257CPb%257C|GEOLOGIC_CONTEXT_MISSING|matched_geologic_unit|,rec-observation-v2%7Cgeoroc-antarctica-intraplate%7Csrc-source-record-v2%257Cgeoroc-antarctica-intraplate%257C1265342%257C2026-06-RZZ9VM_ANTARCTICA.csv%2523row%253D2%7CPb%7C,georoc-antarctica-intraplate,D2,info,review_required,GEOLOGIC_CONTEXT_MISSING,matched_geologic_unit,,记录没有来源直报或空间匹配的地质单元。,在比例尺与边界不确定性允许时执行空间匹配，并记录地图源、版本、匹配方法和边界距离；否则保留缺失。,true
ITER|rec-observation-v2%257Cgeoroc-antarctica-intraplate%257Csrc-source-record-v2%25257Cgeoroc-antarctica-intraplate%25257C1265342%25257C2026-06-RZZ9VM_ANTARCTICA.csv%252523row%25253D2%257CZn%257C|ANALYTICAL_METHOD_MISSING|analytical_method|,rec-observation-v2%7Cgeoroc-antarctica-intraplate%7Csrc-source-record-v2%257Cgeoroc-antarctica-intraplate%257C1265342%257C2026-06-RZZ9VM_ANTARCTICA.csv%2523row%253D2%7CZn%7C,georoc-antarctica-intraplate,D1,warning,action_required,ANALYTICAL_METHOD_MISSING,analytical_method,,分析方法证据缺失，跨来源浓度与元素组合不可可靠比较。,回查数据字典、方法论文或记录级元数据；同时绑定 method_source_locator，未找到时保留缺失原因。,true
ITER|rec-observation-v2%257Cgeoroc-antarctica-intraplate%257Csrc-source-record-v2%25257Cgeoroc-antarctica-intraplate%25257C1265342%25257C2026-06-RZZ9VM_ANTARCTICA.csv%252523row%25253D2%257CZn%257C|GEOLOGIC_CONTEXT_MISSING|matched_geologic_unit|,rec-observation-v2%7Cgeoroc-antarctica-intraplate%7Csrc-source-record-v2%257Cgeoroc-antarctica-intraplate%257C1265342%257C2026-06-RZZ9VM_ANTARCTICA.csv%2523row%253D2%7CZn%7C,georoc-antarctica-intraplate,D2,info,review_required,GEOLOGIC_CONTEXT_MISSING,matched_geologic_unit,,记录没有来源直报或空间匹配的地质单元。,在比例尺与边界不确定性允许时执行空间匹配，并记录地图源、版本、匹配方法和边界距离；否则保留缺失。,true
ITER|rec-observation-v2%257Cgeoroc-antarctica-intraplate%257Csrc-source-record-v2%25257Cgeoroc-antarctica-intraplate%25257C1265343%25257C2026-06-RZZ9VM_ANTARCTICA.csv%252523row%25253D3%257CCu%257C|ANALYTICAL_METHOD_MISSING|analytical_method|,rec-observation-v2%7Cgeoroc-antarctica-intraplate%7Csrc-source-record-v2%257Cgeoroc-antarctica-intraplate%257C1265343%257C2026-06-RZZ9VM_ANTARCTICA.csv%2523row%253D3%7CCu%7C,georoc-antarctica-intraplate,D1,warning,action_required,ANALYTICAL_METHOD_MISSING,analytical_method,,分析方法证据缺失，跨来源浓度与元素组合不可可靠比较。,回查数据字典、方法论文或记录级元数据；同时绑定 method_source_locator，未找到时保留缺失原因。,true
ITER|rec-observation-v2%257Cgeoroc-antarctica-intraplate%257Csrc-source-record-v2%25257Cgeoroc-antarctica-intraplate%25257C1265343%25257C2026-06-RZZ9VM_ANTARCTICA.csv%252523row%25253D3%257CCu%257C|GEOLOGIC_CONTEXT_MISSING|matched_geologic_unit|,rec-observation-v2%7Cgeoroc-antarctica-intraplate%7Csrc-source-record-v2%257Cgeoroc-antarctica-intraplate%257C1265343%257C2026-06-RZZ9VM_ANTARCTICA.csv%2523row%253D3%7CCu%7C,georoc-antarctica-intraplate,D2,info,review_required,GEOLOGIC_CONTEXT_MISSING,matched_geologic_unit,,记录没有来源直报或空间匹配的地质单元。,在比例尺与边界不确定性允许时执行空间匹配，并记录地图源、版本、匹配方法和边界距离；否则保留缺失。,true
ITER|rec-observation-v2%257Cgeoroc-antarctica-intraplate%257Csrc-source-record-v2%25257Cgeoroc-antarctica-intraplate%25257C1265343%25257C2026-06-RZZ9VM_ANTARCTICA.csv%252523row%25253D3%257CNi%257C|ANALYTICAL_METHOD_MISSING|analytical_method|,rec-observation-v2%7Cgeoroc-antarctica-intraplate%7Csrc-source-record-v2%257Cgeoroc-antarctica-intraplate%257C1265343%257C2026-06-RZZ9VM_ANTARCTICA.csv%2523row%253D3%7CNi%7C,georoc-antarctica-intraplate,D1,warning,action_required,ANALYTICAL_METHOD_MISSING,analytical_method,,分析方法证据缺失，跨来源浓度与元素组合不可可靠比较。,回查数据字典、方法论文或记录级元数据；同时绑定 method_source_locator，未找到时保留缺失原因。,true
ITER|rec-observation-v2%257Cgeoroc-antarctica-intraplate%257Csrc-source-record-v2%25257Cgeoroc-antarctica-intraplate%25257C1265343%25257C2026-06-RZZ9VM_ANTARCTICA.csv%252523row%25253D3%257CNi%257C|GEOLOGIC_CONTEXT_MISSING|matched_geologic_unit|,rec-observation-v2%7Cgeoroc-antarctica-intraplate%7Csrc-source-record-v2%257Cgeoroc-antarctica-intraplate%257C1265343%257C2026-06-RZZ9VM_ANTARCTICA.csv%2523row%253D3%7CNi%7C,georoc-antarctica-intraplate,D2,info,review_required,GEOLOGIC_CONTEXT_MISSING,matched_geologic_unit,,记录没有来源直报或空间匹配的地质单元。,在比例尺与边界不确定性允许时执行空间匹配，并记录地图源、版本、匹配方法和边界距离；否则保留缺失。,true
ITER|rec-observation-v2%257Cgeoroc-antarctica-intraplate%257Csrc-source-record-v2%25257Cgeoroc-antarctica-intraplate%25257C1265343%25257C2026-06-RZZ9VM_ANTARCTICA.csv%252523row%25253D3%257CPb%257C|ANALYTICAL_METHOD_MISSING|analytical_method|,rec-observation-v2%7Cgeoroc-antarctica-intraplate%7Csrc-source-record-v2%257Cgeoroc-antarctica-intraplate%257C1265343%257C2026-06-RZZ9VM_ANTARCTICA.csv%2523row%253D3%7CPb%7C,georoc-antarctica-intraplate,D1,warning,action_required,ANALYTICAL_METHOD_MISSING,analytical_method,,分析方法证据缺失，跨来源浓度与元素组合不可可靠比较。,回查数据字典、方法论文或记录级元数据；同时绑定 method_source_locator，未找到时保留缺失原因。,true
ITER|rec-observation-v2%257Cgeoroc-antarctica-intraplate%257Csrc-source-record-v2%25257Cgeoroc-antarctica-intraplate%25257C1265343%25257C2026-06-RZZ9VM_ANTARCTICA.csv%252523row%25253D3%257CPb%257C|GEOLOGIC_CONTEXT_MISSING|matched_geologic_unit|,rec-observation-v2%7Cgeoroc-antarctica-intraplate%7Csrc-source-record-v2%257Cgeoroc-antarctica-intraplate%257C1265343%257C2026-06-RZZ9VM_ANTARCTICA.csv%2523row%253D3%7CPb%7C,georoc-antarctica-intraplate,D2,info,review_required,GEOLOGIC_CONTEXT_MISSING,matched_geologic_unit,,记录没有来源直报或空间匹配的地质单元。,在比例尺与边界不确定性允许时执行空间匹配，并记录地图源、版本、匹配方法和边界距离；否则保留缺失。,true
ITER|rec-observation-v2%257Cgeoroc-antarctica-intraplate%257Csrc-source-record-v2%25257Cgeoroc-antarctica-intraplate%25257C1265343%25257C2026-06-RZZ9VM_ANTARCTICA.csv%252523row%25253D3%257CZn%257C|ANALYTICAL_METHOD_MISSING|analytical_method|,rec-observation-v2%7Cgeoroc-antarctica-intraplate%7Csrc-source-record-v2%257Cgeoroc-antarctica-intraplate%257C1265343%257C2026-06-RZZ9VM_ANTARCTICA.csv%2523row%253D3%7CZn%7C,georoc-antarctica-intraplate,D1,warning,action_required,ANALYTICAL_METHOD_MISSING,analytical_method,,分析方法证据缺失，跨来源浓度与元素组合不可可靠比较。,回查数据字典、方法论文或记录级元数据；同时绑定 method_source_locator，未找到时保留缺失原因。,true
ITER|rec-observation-v2%257Cgeoroc-antarctica-intraplate%257Csrc-source-record-v2%25257Cgeoroc-antarctica-intraplate%25257C1265343%25257C2026-06-RZZ9VM_ANTARCTICA.csv%252523row%25253D3%257CZn%257C|GEOLOGIC_CONTEXT_MISSING|matched_geologic_unit|,rec-observation-v2%7Cgeoroc-antarctica-intraplate%7Csrc-source-record-v2%257Cgeoroc-antarctica-intraplate%257C1265343%257C2026-06-RZZ9VM_ANTARCTICA.csv%2523row%253D3%7CZn%7C,georoc-antarctica-intraplate,D2,info,review_required,GEOLOGIC_CONTEXT_MISSING,matched_geologic_unit,,记录没有来源直报或空间匹配的地质单元。,在比例尺与边界不确定性允许时执行空间匹配，并记录地图源、版本、匹配方法和边界距离；否则保留缺失。,true
ITER|rec-observation-v2%257Cgeoroc-antarctica-intraplate%257Csrc-source-record-v2%25257Cgeoroc-antarctica-intraplate%25257C1265344%25257C2026-06-RZZ9VM_ANTARCTICA.csv%252523row%25253D4%257CCu%257C|ANALYTICAL_METHOD_MISSING|analytical_method|,rec-observation-v2%7Cgeoroc-antarctica-intraplate%7Csrc-source-record-v2%257Cgeoroc-antarctica-intraplate%257C1265344%257C2026-06-RZZ9VM_ANTARCTICA.csv%2523row%253D4%7CCu%7C,georoc-antarctica-intraplate,D1,warning,action_required,ANALYTICAL_METHOD_MISSING,analytical_method,,分析方法证据缺失，跨来源浓度与元素组合不可可靠比较。,回查数据字典、方法论文或记录级元数据；同时绑定 method_source_locator，未找到时保留缺失原因。,true
ITER|rec-observation-v2%257Cgeoroc-antarctica-intraplate%257Csrc-source-record-v2%25257Cgeoroc-antarctica-intraplate%25257C1265344%25257C2026-06-RZZ9VM_ANTARCTICA.csv%252523row%25253D4%257CCu%257C|GEOLOGIC_CONTEXT_MISSING|matched_geologic_unit|,rec-observation-v2%7Cgeoroc-antarctica-intraplate%7Csrc-source-record-v2%257Cgeoroc-antarctica-intraplate%257C1265344%257C2026-06-RZZ9VM_ANTARCTICA.csv%2523row%253D4%7CCu%7C,georoc-antarctica-intraplate,D2,info,review_required,GEOLOGIC_CONTEXT_MISSING,matched_geologic_unit,,记录没有来源直报或空间匹配的地质单元。,在比例尺与边界不确定性允许时执行空间匹配，并记录地图源、版本、匹配方法和边界距离；否则保留缺失。,true
ITER|rec-observation-v2%257Cgeoroc-antarctica-intraplate%257Csrc-source-record-v2%25257Cgeoroc-antarctica-intraplate%25257C1265344%25257C2026-06-RZZ9VM_ANTARCTICA.csv%252523row%25253D4%257CNi%257C|ANALYTICAL_METHOD_MISSING|analytical_method|,rec-observation-v2%7Cgeoroc-antarctica-intraplate%7Csrc-source-record-v2%257Cgeoroc-antarctica-intraplate%257C1265344%257C2026-06-RZZ9VM_ANTARCTICA.csv%2523row%253D4%7CNi%7C,georoc-antarctica-intraplate,D1,warning,action_required,ANALYTICAL_METHOD_MISSING,analytical_method,,分析方法证据缺失，跨来源浓度与元素组合不可可靠比较。,回查数据字典、方法论文或记录级元数据；同时绑定 method_source_locator，未找到时保留缺失原因。,true
ITER|rec-observation-v2%257Cgeoroc-antarctica-intraplate%257Csrc-source-record-v2%25257Cgeoroc-antarctica-intraplate%25257C1265344%25257C2026-06-RZZ9VM_ANTARCTICA.csv%252523row%25253D4%257CNi%257C|GEOLOGIC_CONTEXT_MISSING|matched_geologic_unit|,rec-observation-v2%7Cgeoroc-antarctica-intraplate%7Csrc-source-record-v2%257Cgeoroc-antarctica-intraplate%257C1265344%257C2026-06-RZZ9VM_ANTARCTICA.csv%2523row%253D4%7CNi%7C,georoc-antarctica-intraplate,D2,info,review_required,GEOLOGIC_CONTEXT_MISSING,matched_geologic_unit,,记录没有来源直报或空间匹配的地质单元。,在比例尺与边界不确定性允许时执行空间匹配，并记录地图源、版本、匹配方法和边界距离；否则保留缺失。,true
ITER|rec-observation-v2%257Cgeoroc-antarctica-intraplate%257Csrc-source-record-v2%25257Cgeoroc-antarctica-intraplate%25257C1265344%25257C2026-06-RZZ9VM_ANTARCTICA.csv%252523row%25253D4%257CPb%257C|ANALYTICAL_METHOD_MISSING|analytical_method|,rec-observation-v2%7Cgeoroc-antarctica-intraplate%7Csrc-source-record-v2%257Cgeoroc-antarctica-intraplate%257C1265344%257C2026-06-RZZ9VM_ANTARCTICA.csv%2523row%253D4%7CPb%7C,georoc-antarctica-intraplate,D1,warning,action_required,ANALYTICAL_METHOD_MISSING,analytical_method,,分析方法证据缺失，跨来源浓度与元素组合不可可靠比较。,回查数据字典、方法论文或记录级元数据；同时绑定 method_source_locator，未找到时保留缺失原因。,true
ITER|rec-observation-v2%257Cgeoroc-antarctica-intraplate%257Csrc-source-record-v2%25257Cgeoroc-antarctica-intraplate%25257C1265344%25257C2026-06-RZZ9VM_ANTARCTICA.csv%252523row%25253D4%257CPb%257C|GEOLOGIC_CONTEXT_MISSING|matched_geologic_unit|,rec-observation-v2%7Cgeoroc-antarctica-intraplate%7Csrc-source-record-v2%257Cgeoroc-antarctica-intraplate%257C1265344%257C2026-06-RZZ9VM_ANTARCTICA.csv%2523row%253D4%7CPb%7C,georoc-antarctica-intraplate,D2,info,review_required,GEOLOGIC_CONTEXT_MISSING,matched_geologic_unit,,记录没有来源直报或空间匹配的地质单元。,在比例尺与边界不确定性允许时执行空间匹配，并记录地图源、版本、匹配方法和边界距离；否则保留缺失。,true
ITER|rec-observation-v2%257Cgeoroc-antarctica-intraplate%257Csrc-source-record-v2%25257Cgeoroc-antarctica-intraplate%25257C1265344%25257C2026-06-RZZ9VM_ANTARCTICA.csv%252523row%25253D4%257CZn%257C|ANALYTICAL_METHOD_MISSING|analytical_method|,rec-observation-v2%7Cgeoroc-antarctica-intraplate%7Csrc-source-record-v2%257Cgeoroc-antarctica-intraplate%257C1265344%257C2026-06-RZZ9VM_ANTARCTICA.csv%2523row%253D4%7CZn%7C,georoc-antarctica-intraplate,D1,warning,action_required,ANALYTICAL_METHOD_MISSING,analytical_method,,分析方法证据缺失，跨来源浓度与元素组合不可可靠比较。,回查数据字典、方法论文或记录级元数据；同时绑定 method_source_locator，未找到时保留缺失原因。,true
ITER|rec-observation-v2%257Cgeoroc-antarctica-intraplate%257Csrc-source-record-v2%25257Cgeoroc-antarctica-intraplate%25257C1265344%25257C2026-06-RZZ9VM_ANTARCTICA.csv%252523row%25253D4%257CZn%257C|GEOLOGIC_CONTEXT_MISSING|matched_geologic_unit|,rec-observation-v2%7Cgeoroc-antarctica-intraplate%7Csrc-source-record-v2%257Cgeoroc-antarctica-intraplate%257C1265344%257C2026-06-RZZ9VM_ANTARCTICA.csv%2523row%253D4%7CZn%7C,georoc-antarctica-intraplate,D2,info,review_required,GEOLOGIC_CONTEXT_MISSING,matched_geologic_unit,,记录没有来源直报或空间匹配的地质单元。,在比例尺与边界不确定性允许时执行空间匹配，并记录地图源、版本、匹配方法和边界距离；否则保留缺失。,true
ITER|rec-observation-v2%257Cgeoroc-antarctica-intraplate%257Csrc-source-record-v2%25257Cgeoroc-antarctica-intraplate%25257C1265345%25257C2026-06-RZZ9VM_ANTARCTICA.csv%252523row%25253D5%257CCu%257C|ANALYTICAL_METHOD_MISSING|analytical_method|,rec-observation-v2%7Cgeoroc-antarctica-intraplate%7Csrc-source-record-v2%257Cgeoroc-antarctica-intraplate%257C1265345%257C2026-06-RZZ9VM_ANTARCTICA.csv%2523row%253D5%7CCu%7C,georoc-antarctica-intraplate,D1,warning,action_required,ANALYTICAL_METHOD_MISSING,analytical_method,,分析方法证据缺失，跨来源浓度与元素组合不可可靠比较。,回查数据字典、方法论文或记录级元数据；同时绑定 method_source_locator，未找到时保留缺失原因。,true
ITER|rec-observation-v2%257Cgeoroc-antarctica-intraplate%257Csrc-source-record-v2%25257Cgeoroc-antarctica-intraplate%25257C1265345%25257C2026-06-RZZ9VM_ANTARCTICA.csv%252523row%25253D5%257CCu%257C|GEOLOGIC_CONTEXT_MISSING|matched_geologic_unit|,rec-observation-v2%7Cgeoroc-antarctica-intraplate%7Csrc-source-record-v2%257Cgeoroc-antarctica-intraplate%257C1265345%257C2026-06-RZZ9VM_ANTARCTICA.csv%2523row%253D5%7CCu%7C,georoc-antarctica-intraplate,D2,info,review_required,GEOLOGIC_CONTEXT_MISSING,matched_geologic_unit,,记录没有来源直报或空间匹配的地质单元。,在比例尺与边界不确定性允许时执行空间匹配，并记录地图源、版本、匹配方法和边界距离；否则保留缺失。,true
ITER|rec-observation-v2%257Cgeoroc-antarctica-intraplate%257Csrc-source-record-v2%25257Cgeoroc-antarctica-intraplate%25257C1265345%25257C2026-06-RZZ9VM_ANTARCTICA.csv%252523row%25253D5%257CNi%257C|ANALYTICAL_METHOD_MISSING|analytical_method|,rec-observation-v2%7Cgeoroc-antarctica-intraplate%7Csrc-source-record-v2%257Cgeoroc-antarctica-intraplate%257C1265345%257C2026-06-RZZ9VM_ANTARCTICA.csv%2523row%253D5%7CNi%7C,georoc-antarctica-intraplate,D1,warning,action_required,ANALYTICAL_METHOD_MISSING,analytical_method,,分析方法证据缺失，跨来源浓度与元素组合不可可靠比较。,回查数据字典、方法论文或记录级元数据；同时绑定 method_source_locator，未找到时保留缺失原因。,true
ITER|rec-observation-v2%257Cgeoroc-antarctica-intraplate%257Csrc-source-record-v2%25257Cgeoroc-antarctica-intraplate%25257C1265345%25257C2026-06-RZZ9VM_ANTARCTICA.csv%252523row%25253D5%257CNi%257C|GEOLOGIC_CONTEXT_MISSING|matched_geologic_unit|,rec-observation-v2%7Cgeoroc-antarctica-intraplate%7Csrc-source-record-v2%257Cgeoroc-antarctica-intraplate%257C1265345%257C2026-06-RZZ9VM_ANTARCTICA.csv%2523row%253D5%7CNi%7C,georoc-antarctica-intraplate,D2,info,review_required,GEOLOGIC_CONTEXT_MISSING,matched_geologic_unit,,记录没有来源直报或空间匹配的地质单元。,在比例尺与边界不确定性允许时执行空间匹配，并记录地图源、版本、匹配方法和边界距离；否则保留缺失。,true
ITER|rec-observation-v2%257Cgeoroc-antarctica-intraplate%257Csrc-source-record-v2%25257Cgeoroc-antarctica-intraplate%25257C1265345%25257C2026-06-RZZ9VM_ANTARCTICA.csv%252523row%25253D5%257CPb%257C|ANALYTICAL_METHOD_MISSING|analytical_method|,rec-observation-v2%7Cgeoroc-antarctica-intraplate%7Csrc-source-record-v2%257Cgeoroc-antarctica-intraplate%257C1265345%257C2026-06-RZZ9VM_ANTARCTICA.csv%2523row%253D5%7CPb%7C,georoc-antarctica-intraplate,D1,warning,action_required,ANALYTICAL_METHOD_MISSING,analytical_method,,分析方法证据缺失，跨来源浓度与元素组合不可可靠比较。,回查数据字典、方法论文或记录级元数据；同时绑定 method_source_locator，未找到时保留缺失原因。,true
ITER|rec-observation-v2%257Cgeoroc-antarctica-intraplate%257Csrc-source-record-v2%25257Cgeoroc-antarctica-intraplate%25257C1265345%25257C2026-06-RZZ9VM_ANTARCTICA.csv%252523row%25253D5%257CPb%257C|GEOLOGIC_CONTEXT_MISSING|matched_geologic_unit|,rec-observation-v2%7Cgeoroc-antarctica-intraplate%7Csrc-source-record-v2%257Cgeoroc-antarctica-intraplate%257C1265345%257C2026-06-RZZ9VM_ANTARCTICA.csv%2523row%253D5%7CPb%7C,georoc-antarctica-intraplate,D2,info,review_required,GEOLOGIC_CONTEXT_MISSING,matched_geologic_unit,,记录没有来源直报或空间匹配的地质单元。,在比例尺与边界不确定性允许时执行空间匹配，并记录地图源、版本、匹配方法和边界距离；否则保留缺失。,true
ITER|rec-observation-v2%257Cgeoroc-antarctica-intraplate%257Csrc-source-record-v2%25257Cgeoroc-antarctica-intraplate%25257C1265345%25257C2026-06-RZZ9VM_ANTARCTICA.csv%252523row%25253D5%257CZn%257C|ANALYTICAL_METHOD_MISSING|analytical_method|,rec-observation-v2%7Cgeoroc-antarctica-intraplate%7Csrc-source-record-v2%257Cgeoroc-antarctica-intraplate%257C1265345%257C2026-06-RZZ9VM_ANTARCTICA.csv%2523row%253D5%7CZn%7C,georoc-antarctica-intraplate,D1,warning,action_required,ANALYTICAL_METHOD_MISSING,analytical_method,,分析方法证据缺失，跨来源浓度与元素组合不可可靠比较。,回查数据字典、方法论文或记录级元数据；同时绑定 method_source_locator，未找到时保留缺失原因。,true
ITER|rec-observation-v2%257Cgeoroc-antarctica-intraplate%257Csrc-source-record-v2%25257Cgeoroc-antarctica-intraplate%25257C1265345%25257C2026-06-RZZ9VM_ANTARCTICA.csv%252523row%25253D5%257CZn%257C|GEOLOGIC_CONTEXT_MISSING|matched_geologic_unit|,rec-observation-v2%7Cgeoroc-antarctica-intraplate%7Csrc-source-record-v2%257Cgeoroc-antarctica-intraplate%257C1265345%257C2026-06-RZZ9VM_ANTARCTICA.csv%2523row%253D5%7CZn%7C,georoc-antarctica-intraplate,D2,info,review_required,GEOLOGIC_CONTEXT_MISSING,matched_geologic_unit,,记录没有来源直报或空间匹配的地质单元。,在比例尺与边界不确定性允许时执行空间匹配，并记录地图源、版本、匹配方法和边界距离；否则保留缺失。,true
ITER|rec-observation-v2%257Cgeoroc-antarctica-intraplate%257Csrc-source-record-v2%25257Cgeoroc-antarctica-intraplate%25257C1265346%25257C2026-06-RZZ9VM_ANTARCTICA.csv%252523row%25253D6%257CCu%257C|ANALYTICAL_METHOD_MISSING|analytical_method|,rec-observation-v2%7Cgeoroc-antarctica-intraplate%7Csrc-source-record-v2%257Cgeoroc-antarctica-intraplate%257C1265346%257C2026-06-RZZ9VM_ANTARCTICA.csv%2523row%253D6%7CCu%7C,georoc-antarctica-intraplate,D1,warning,action_required,ANALYTICAL_METHOD_MISSING,analytical_method,,分析方法证据缺失，跨来源浓度与元素组合不可可靠比较。,回查数据字典、方法论文或记录级元数据；同时绑定 method_source_locator，未找到时保留缺失原因。,true
ITER|rec-observation-v2%257Cgeoroc-antarctica-intraplate%257Csrc-source-record-v2%25257Cgeoroc-antarctica-intraplate%25257C1265346%25257C2026-06-RZZ9VM_ANTARCTICA.csv%252523row%25253D6%257CCu%257C|GEOLOGIC_CONTEXT_MISSING|matched_geologic_unit|,rec-observation-v2%7Cgeoroc-antarctica-intraplate%7Csrc-source-record-v2%257Cgeoroc-antarctica-intraplate%257C1265346%257C2026-06-RZZ9VM_ANTARCTICA.csv%2523row%253D6%7CCu%7C,georoc-antarctica-intraplate,D2,info,review_required,GEOLOGIC_CONTEXT_MISSING,matched_geologic_unit,,记录没有来源直报或空间匹配的地质单元。,在比例尺与边界不确定性允许时执行空间匹配，并记录地图源、版本、匹配方法和边界距离；否则保留缺失。,true
ITER|rec-observation-v2%257Cgeoroc-antarctica-intraplate%257Csrc-source-record-v2%25257Cgeoroc-antarctica-intraplate%25257C1265346%25257C2026-06-RZZ9VM_ANTARCTICA.csv%252523row%25253D6%257CNi%257C|ANALYTICAL_METHOD_MISSING|analytical_method|,rec-observation-v2%7Cgeoroc-antarctica-intraplate%7Csrc-source-record-v2%257Cgeoroc-antarctica-intraplate%257C1265346%257C2026-06-RZZ9VM_ANTARCTICA.csv%2523row%253D6%7CNi%7C,georoc-antarctica-intraplate,D1,warning,action_required,ANALYTICAL_METHOD_MISSING,analytical_method,,分析方法证据缺失，跨来源浓度与元素组合不可可靠比较。,回查数据字典、方法论文或记录级元数据；同时绑定 method_source_locator，未找到时保留缺失原因。,true
ITER|rec-observation-v2%257Cgeoroc-antarctica-intraplate%257Csrc-source-record-v2%25257Cgeoroc-antarctica-intraplate%25257C1265346%25257C2026-06-RZZ9VM_ANTARCTICA.csv%252523row%25253D6%257CNi%257C|GEOLOGIC_CONTEXT_MISSING|matched_geologic_unit|,rec-observation-v2%7Cgeoroc-antarctica-intraplate%7Csrc-source-record-v2%257Cgeoroc-antarctica-intraplate%257C1265346%257C2026-06-RZZ9VM_ANTARCTICA.csv%2523row%253D6%7CNi%7C,georoc-antarctica-intraplate,D2,info,review_required,GEOLOGIC_CONTEXT_MISSING,matched_geologic_unit,,记录没有来源直报或空间匹配的地质单元。,在比例尺与边界不确定性允许时执行空间匹配，并记录地图源、版本、匹配方法和边界距离；否则保留缺失。,true
ITER|rec-observation-v2%257Cgeoroc-antarctica-intraplate%257Csrc-source-record-v2%25257Cgeoroc-antarctica-intraplate%25257C1265346%25257C2026-06-RZZ9VM_ANTARCTICA.csv%252523row%25253D6%257CPb%257C|ANALYTICAL_METHOD_MISSING|analytical_method|,rec-observation-v2%7Cgeoroc-antarctica-intraplate%7Csrc-source-record-v2%257Cgeoroc-antarctica-intraplate%257C1265346%257C2026-06-RZZ9VM_ANTARCTICA.csv%2523row%253D6%7CPb%7C,georoc-antarctica-intraplate,D1,warning,action_required,ANALYTICAL_METHOD_MISSING,analytical_method,,分析方法证据缺失，跨来源浓度与元素组合不可可靠比较。,回查数据字典、方法论文或记录级元数据；同时绑定 method_source_locator，未找到时保留缺失原因。,true
ITER|rec-observation-v2%257Cgeoroc-antarctica-intraplate%257Csrc-source-record-v2%25257Cgeoroc-antarctica-intraplate%25257C1265346%25257C2026-06-RZZ9VM_ANTARCTICA.csv%252523row%25253D6%257CPb%257C|GEOLOGIC_CONTEXT_MISSING|matched_geologic_unit|,rec-observation-v2%7Cgeoroc-antarctica-intraplate%7Csrc-source-record-v2%257Cgeoroc-antarctica-intraplate%257C1265346%257C2026-06-RZZ9VM_ANTARCTICA.csv%2523row%253D6%7CPb%7C,georoc-antarctica-intraplate,D2,info,review_required,GEOLOGIC_CONTEXT_MISSING,matched_geologic_unit,,记录没有来源直报或空间匹配的地质单元。,在比例尺与边界不确定性允许时执行空间匹配，并记录地图源、版本、匹配方法和边界距离；否则保留缺失。,true
ITER|rec-observation-v2%257Cgeoroc-antarctica-intraplate%257Csrc-source-record-v2%25257Cgeoroc-antarctica-intraplate%25257C1265346%25257C2026-06-RZZ9VM_ANTARCTICA.csv%252523row%25253D6%257CZn%257C|ANALYTICAL_METHOD_MISSING|analytical_method|,rec-observation-v2%7Cgeoroc-antarctica-intraplate%7Csrc-source-record-v2%257Cgeoroc-antarctica-intraplate%257C1265346%257C2026-06-RZZ9VM_ANTARCTICA.csv%2523row%253D6%7CZn%7C,georoc-antarctica-intraplate,D1,warning,action_required,ANALYTICAL_METHOD_MISSING,analytical_method,,分析方法证据缺失，跨来源浓度与元素组合不可可靠比较。,回查数据字典、方法论文或记录级元数据；同时绑定 method_source_locator，未找到时保留缺失原因。,true
ITER|rec-observation-v2%257Cgeoroc-antarctica-intraplate%257Csrc-source-record-v2%25257Cgeoroc-antarctica-intraplate%25257C1265346%25257C2026-06-RZZ9VM_ANTARCTICA.csv%252523row%25253D6%257CZn%257C|GEOLOGIC_CONTEXT_MISSING|matched_geologic_unit|,rec-observation-v2%7Cgeoroc-antarctica-intraplate%7Csrc-source-record-v2%257Cgeoroc-antarctica-intraplate%257C1265346%257C2026-06-RZZ9VM_ANTARCTICA.csv%2523row%253D6%7CZn%7C,georoc-antarctica-intraplate,D2,info,review_required,GEOLOGIC_CONTEXT_MISSING,matched_geologic_unit,,记录没有来源直报或空间匹配的地质单元。,在比例尺与边界不确定性允许时执行空间匹配，并记录地图源、版本、匹配方法和边界距离；否则保留缺失。,true
ITER|rec-observation-v2%257Cgeoroc-antarctica-intraplate%257Csrc-source-record-v2%25257Cgeoroc-antarctica-intraplate%25257C1350285%25257C2026-06-RZZ9VM_ANTARCTICA.csv%252523row%25253D22%257CNi%257C|ANALYTICAL_METHOD_MISSING|analytical_method|,rec-observation-v2%7Cgeoroc-antarctica-intraplate%7Csrc-source-record-v2%257Cgeoroc-antarctica-intraplate%257C1350285%257C2026-06-RZZ9VM_ANTARCTICA.csv%2523row%253D22%7CNi%7C,georoc-antarctica-intraplate,D1,warning,action_required,ANALYTICAL_METHOD_MISSING,analytical_method,,分析方法证据缺失，跨来源浓度与元素组合不可可靠比较。,回查数据字典、方法论文或记录级元数据；同时绑定 method_source_locator，未找到时保留缺失原因。,true
ITER|rec-observation-v2%257Cgeoroc-antarctica-intraplate%257Csrc-source-record-v2%25257Cgeoroc-antarctica-intraplate%25257C1350285%25257C2026-06-RZZ9VM_ANTARCTICA.csv%252523row%25253D22%257CNi%257C|GEOLOGIC_CONTEXT_MISSING|matched_geologic_unit|,rec-observation-v2%7Cgeoroc-antarctica-intraplate%7Csrc-source-record-v2%257Cgeoroc-antarctica-intraplate%257C1350285%257C2026-06-RZZ9VM_ANTARCTICA.csv%2523row%253D22%7CNi%7C,georoc-antarctica-intraplate,D2,info,review_required,GEOLOGIC_CONTEXT_MISSING,matched_geologic_unit,,记录没有来源直报或空间匹配的地质单元。,在比例尺与边界不确定性允许时执行空间匹配，并记录地图源、版本、匹配方法和边界距离；否则保留缺失。,true
ITER|rec-observation-v2%257Cgeoroc-antarctica-intraplate%257Csrc-source-record-v2%25257Cgeoroc-antarctica-intraplate%25257C1350285%25257C2026-06-RZZ9VM_ANTARCTICA.csv%252523row%25253D22%257CPb%257C|ANALYTICAL_METHOD_MISSING|analytical_method|,rec-observation-v2%7Cgeoroc-antarctica-intraplate%7Csrc-source-record-v2%257Cgeoroc-antarctica-intraplate%257C1350285%257C2026-06-RZZ9VM_ANTARCTICA.csv%2523row%253D22%7CPb%7C,georoc-antarctica-intraplate,D1,warning,action_required,ANALYTICAL_METHOD_MISSING,analytical_method,,分析方法证据缺失，跨来源浓度与元素组合不可可靠比较。,回查数据字典、方法论文或记录级元数据；同时绑定 method_source_locator，未找到时保留缺失原因。,true
ITER|rec-observation-v2%257Cgeoroc-antarctica-intraplate%257Csrc-source-record-v2%25257Cgeoroc-antarctica-intraplate%25257C1350285%25257C2026-06-RZZ9VM_ANTARCTICA.csv%252523row%25253D22%257CPb%257C|GEOLOGIC_CONTEXT_MISSING|matched_geologic_unit|,rec-observation-v2%7Cgeoroc-antarctica-intraplate%7Csrc-source-record-v2%257Cgeoroc-antarctica-intraplate%257C1350285%257C2026-06-RZZ9VM_ANTARCTICA.csv%2523row%253D22%7CPb%7C,georoc-antarctica-intraplate,D2,info,review_required,GEOLOGIC_CONTEXT_MISSING,matched_geologic_unit,,记录没有来源直报或空间匹配的地质单元。,在比例尺与边界不确定性允许时执行空间匹配，并记录地图源、版本、匹配方法和边界距离；否则保留缺失。,true
ITER|rec-observation-v2%257Cgeoroc-antarctica-intraplate%257Csrc-source-record-v2%25257Cgeoroc-antarctica-intraplate%25257C1350286%25257C2026-06-RZZ9VM_ANTARCTICA.csv%252523row%25253D23%257CNi%257C|ANALYTICAL_METHOD_MISSING|analytical_method|,rec-observation-v2%7Cgeoroc-antarctica-intraplate%7Csrc-source-record-v2%257Cgeoroc-antarctica-intraplate%257C1350286%257C2026-06-RZZ9VM_ANTARCTICA.csv%2523row%253D23%7CNi%7C,georoc-antarctica-intraplate,D1,warning,action_required,ANALYTICAL_METHOD_MISSING,analytical_method,,分析方法证据缺失，跨来源浓度与元素组合不可可靠比较。,回查数据字典、方法论文或记录级元数据；同时绑定 method_source_locator，未找到时保留缺失原因。,true
ITER|rec-observation-v2%257Cgeoroc-antarctica-intraplate%257Csrc-source-record-v2%25257Cgeoroc-antarctica-intraplate%25257C1350286%25257C2026-06-RZZ9VM_ANTARCTICA.csv%252523row%25253D23%257CNi%257C|GEOLOGIC_CONTEXT_MISSING|matched_geologic_unit|,rec-observation-v2%7Cgeoroc-antarctica-intraplate%7Csrc-source-record-v2%257Cgeoroc-antarctica-intraplate%257C1350286%257C2026-06-RZZ9VM_ANTARCTICA.csv%2523row%253D23%7CNi%7C,georoc-antarctica-intraplate,D2,info,review_required,GEOLOGIC_CONTEXT_MISSING,matched_geologic_unit,,记录没有来源直报或空间匹配的地质单元。,在比例尺与边界不确定性允许时执行空间匹配，并记录地图源、版本、匹配方法和边界距离；否则保留缺失。,true
ITER|rec-observation-v2%257Cgeoroc-antarctica-intraplate%257Csrc-source-record-v2%25257Cgeoroc-antarctica-intraplate%25257C1350286%25257C2026-06-RZZ9VM_ANTARCTICA.csv%252523row%25253D23%257CPb%257C|ANALYTICAL_METHOD_MISSING|analytical_method|,rec-observation-v2%7Cgeoroc-antarctica-intraplate%7Csrc-source-record-v2%257Cgeoroc-antarctica-intraplate%257C1350286%257C2026-06-RZZ9VM_ANTARCTICA.csv%2523row%253D23%7CPb%7C,georoc-antarctica-intraplate,D1,warning,action_required,ANALYTICAL_METHOD_MISSING,analytical_method,,分析方法证据缺失，跨来源浓度与元素组合不可可靠比较。,回查数据字典、方法论文或记录级元数据；同时绑定 method_source_locator，未找到时保留缺失原因。,true
ITER|rec-observation-v2%257Cgeoroc-antarctica-intraplate%257Csrc-source-record-v2%25257Cgeoroc-antarctica-intraplate%25257C1350286%25257C2026-06-RZZ9VM_ANTARCTICA.csv%252523row%25253D23%257CPb%257C|GEOLOGIC_CONTEXT_MISSING|matched_geologic_unit|,rec-observation-v2%7Cgeoroc-antarctica-intraplate%7Csrc-source-record-v2%257Cgeoroc-antarctica-intraplate%257C1350286%257C2026-06-RZZ9VM_ANTARCTICA.csv%2523row%253D23%7CPb%7C,georoc-antarctica-intraplate,D2,info,review_required,GEOLOGIC_CONTEXT_MISSING,matched_geologic_unit,,记录没有来源直报或空间匹配的地质单元。,在比例尺与边界不确定性允许时执行空间匹配，并记录地图源、版本、匹配方法和边界距离；否则保留缺失。,true
ITER|rec-observation-v2%257Cgeoroc-antarctica-intraplate%257Csrc-source-record-v2%25257Cgeoroc-antarctica-intraplate%25257C1350287%25257C2026-06-RZZ9VM_ANTARCTICA.csv%252523row%25253D24%257CNi%257C|ANALYTICAL_METHOD_MISSING|analytical_method|,rec-observation-v2%7Cgeoroc-antarctica-intraplate%7Csrc-source-record-v2%257Cgeoroc-antarctica-intraplate%257C1350287%257C2026-06-RZZ9VM_ANTARCTICA.csv%2523row%253D24%7CNi%7C,georoc-antarctica-intraplate,D1,warning,action_required,ANALYTICAL_METHOD_MISSING,analytical_method,,分析方法证据缺失，跨来源浓度与元素组合不可可靠比较。,回查数据字典、方法论文或记录级元数据；同时绑定 method_source_locator，未找到时保留缺失原因。,true
ITER|rec-observation-v2%257Cgeoroc-antarctica-intraplate%257Csrc-source-record-v2%25257Cgeoroc-antarctica-intraplate%25257C1350287%25257C2026-06-RZZ9VM_ANTARCTICA.csv%252523row%25253D24%257CNi%257C|GEOLOGIC_CONTEXT_MISSING|matched_geologic_unit|,rec-observation-v2%7Cgeoroc-antarctica-intraplate%7Csrc-source-record-v2%257Cgeoroc-antarctica-intraplate%257C1350287%257C2026-06-RZZ9VM_ANTARCTICA.csv%2523row%253D24%7CNi%7C,georoc-antarctica-intraplate,D2,info,review_required,GEOLOGIC_CONTEXT_MISSING,matched_geologic_unit,,记录没有来源直报或空间匹配的地质单元。,在比例尺与边界不确定性允许时执行空间匹配，并记录地图源、版本、匹配方法和边界距离；否则保留缺失。,true
ITER|rec-observation-v2%257Cgeoroc-antarctica-intraplate%257Csrc-source-record-v2%25257Cgeoroc-antarctica-intraplate%25257C1350287%25257C2026-06-RZZ9VM_ANTARCTICA.csv%252523row%25253D24%257CPb%257C|ANALYTICAL_METHOD_MISSING|analytical_method|,rec-observation-v2%7Cgeoroc-antarctica-intraplate%7Csrc-source-record-v2%257Cgeoroc-antarctica-intraplate%257C1350287%257C2026-06-RZZ9VM_ANTARCTICA.csv%2523row%253D24%7CPb%7C,georoc-antarctica-intraplate,D1,warning,action_required,ANALYTICAL_METHOD_MISSING,analytical_method,,分析方法证据缺失，跨来源浓度与元素组合不可可靠比较。,回查数据字典、方法论文或记录级元数据；同时绑定 method_source_locator，未找到时保留缺失原因。,true
ITER|rec-observation-v2%257Cgeoroc-antarctica-intraplate%257Csrc-source-record-v2%25257Cgeoroc-antarctica-intraplate%25257C1350287%25257C2026-06-RZZ9VM_ANTARCTICA.csv%252523row%25253D24%257CPb%257C|GEOLOGIC_CONTEXT_MISSING|matched_geologic_unit|,rec-observation-v2%7Cgeoroc-antarctica-intraplate%7Csrc-source-record-v2%257Cgeoroc-antarctica-intraplate%257C1350287%257C2026-06-RZZ9VM_ANTARCTICA.csv%2523row%253D24%7CPb%7C,georoc-antarctica-intraplate,D2,info,review_required,GEOLOGIC_CONTEXT_MISSING,matched_geologic_unit,,记录没有来源直报或空间匹配的地质单元。,在比例尺与边界不确定性允许时执行空间匹配，并记录地图源、版本、匹配方法和边界距离；否则保留缺失。,true
ITER|rec-observation-v2%257Cgeoroc-antarctica-intraplate%257Csrc-source-record-v2%25257Cgeoroc-antarctica-intraplate%25257C1562896%25257C2026-06-RZZ9VM_ANTARCTICA.csv%252523row%25253D34%257CCr%257C|ANALYTICAL_METHOD_MISSING|analytical_method|,rec-observation-v2%7Cgeoroc-antarctica-intraplate%7Csrc-source-record-v2%257Cgeoroc-antarctica-intraplate%257C1562896%257C2026-06-RZZ9VM_ANTARCTICA.csv%2523row%253D34%7CCr%7C,georoc-antarctica-intraplate,D1,warning,action_required,ANALYTICAL_METHOD_MISSING,analytical_method,,分析方法证据缺失，跨来源浓度与元素组合不可可靠比较。,回查数据字典、方法论文或记录级元数据；同时绑定 method_source_locator，未找到时保留缺失原因。,true
ITER|rec-observation-v2%257Cgeoroc-antarctica-intraplate%257Csrc-source-record-v2%25257Cgeoroc-antarctica-intraplate%25257C1562896%25257C2026-06-RZZ9VM_ANTARCTICA.csv%252523row%25253D34%257CCr%257C|GEOLOGIC_CONTEXT_MISSING|matched_geologic_unit|,rec-observation-v2%7Cgeoroc-antarctica-intraplate%7Csrc-source-record-v2%257Cgeoroc-antarctica-intraplate%257C1562896%257C2026-06-RZZ9VM_ANTARCTICA.csv%2523row%253D34%7CCr%7C,georoc-antarctica-intraplate,D2,info,review_required,GEOLOGIC_CONTEXT_MISSING,matched_geologic_unit,,记录没有来源直报或空间匹配的地质单元。,在比例尺与边界不确定性允许时执行空间匹配，并记录地图源、版本、匹配方法和边界距离；否则保留缺失。,true
ITER|rec-observation-v2%257Cgeoroc-antarctica-intraplate%257Csrc-source-record-v2%25257Cgeoroc-antarctica-intraplate%25257C1562897%25257C2026-06-RZZ9VM_ANTARCTICA.csv%252523row%25253D35%257CCr%257C|ANALYTICAL_METHOD_MISSING|analytical_method|,rec-observation-v2%7Cgeoroc-antarctica-intraplate%7Csrc-source-record-v2%257Cgeoroc-antarctica-intraplate%257C1562897%257C2026-06-RZZ9VM_ANTARCTICA.csv%2523row%253D35%7CCr%7C,georoc-antarctica-intraplate,D1,warning,action_required,ANALYTICAL_METHOD_MISSING,analytical_method,,分析方法证据缺失，跨来源浓度与元素组合不可可靠比较。,回查数据字典、方法论文或记录级元数据；同时绑定 method_source_locator，未找到时保留缺失原因。,true
ITER|rec-observation-v2%257Cgeoroc-antarctica-intraplate%257Csrc-source-record-v2%25257Cgeoroc-antarctica-intraplate%25257C1562897%25257C2026-06-RZZ9VM_ANTARCTICA.csv%252523row%25253D35%257CCr%257C|GEOLOGIC_CONTEXT_MISSING|matched_geologic_unit|,rec-observation-v2%7Cgeoroc-antarctica-intraplate%7Csrc-source-record-v2%257Cgeoroc-antarctica-intraplate%257C1562897%257C2026-06-RZZ9VM_ANTARCTICA.csv%2523row%253D35%7CCr%7C,georoc-antarctica-intraplate,D2,info,review_required,GEOLOGIC_CONTEXT_MISSING,matched_geologic_unit,,记录没有来源直报或空间匹配的地质单元。,在比例尺与边界不确定性允许时执行空间匹配，并记录地图源、版本、匹配方法和边界距离；否则保留缺失。,true
ITER|rec-observation-v2%257Cgeoroc-antarctica-intraplate%257Csrc-source-record-v2%25257Cgeoroc-antarctica-intraplate%25257C1562898%25257C2026-06-RZZ9VM_ANTARCTICA.csv%252523row%25253D36%257CCr%257C|ANALYTICAL_METHOD_MISSING|analytical_method|,rec-observation-v2%7Cgeoroc-antarctica-intraplate%7Csrc-source-record-v2%257Cgeoroc-antarctica-intraplate%257C1562898%257C2026-06-RZZ9VM_ANTARCTICA.csv%2523row%253D36%7CCr%7C,georoc-antarctica-intraplate,D1,warning,action_required,ANALYTICAL_METHOD_MISSING,analytical_method,,分析方法证据缺失，跨来源浓度与元素组合不可可靠比较。,回查数据字典、方法论文或记录级元数据；同时绑定 method_source_locator，未找到时保留缺失原因。,true
ITER|rec-observation-v2%257Cgeoroc-antarctica-intraplate%257Csrc-source-record-v2%25257Cgeoroc-antarctica-intraplate%25257C1562898%25257C2026-06-RZZ9VM_ANTARCTICA.csv%252523row%25253D36%257CCr%257C|GEOLOGIC_CONTEXT_MISSING|matched_geologic_unit|,rec-observation-v2%7Cgeoroc-antarctica-intraplate%7Csrc-source-record-v2%257Cgeoroc-antarctica-intraplate%257C1562898%257C2026-06-RZZ9VM_ANTARCTICA.csv%2523row%253D36%7CCr%7C,georoc-antarctica-intraplate,D2,info,review_required,GEOLOGIC_CONTEXT_MISSING,matched_geologic_unit,,记录没有来源直报或空间匹配的地质单元。,在比例尺与边界不确定性允许时执行空间匹配，并记录地图源、版本、匹配方法和边界距离；否则保留缺失。,true
ITER|rec-observation-v2%257Cgeoroc-antarctica-intraplate%257Csrc-source-record-v2%25257Cgeoroc-antarctica-intraplate%25257C1562899%25257C2026-06-RZZ9VM_ANTARCTICA.csv%252523row%25253D37%257CCr%257C|ANALYTICAL_METHOD_MISSING|analytical_method|,rec-observation-v2%7Cgeoroc-antarctica-intraplate%7Csrc-source-record-v2%257Cgeoroc-antarctica-intraplate%257C1562899%257C2026-06-RZZ9VM_ANTARCTICA.csv%2523row%253D37%7CCr%7C,georoc-antarctica-intraplate,D1,warning,action_required,ANALYTICAL_METHOD_MISSING,analytical_method,,分析方法证据缺失，跨来源浓度与元素组合不可可靠比较。,回查数据字典、方法论文或记录级元数据；同时绑定 method_source_locator，未找到时保留缺失原因。,true
ITER|rec-observation-v2%257Cgeoroc-antarctica-intraplate%257Csrc-source-record-v2%25257Cgeoroc-antarctica-intraplate%25257C1562899%25257C2026-06-RZZ9VM_ANTARCTICA.csv%252523row%25253D37%257CCr%257C|GEOLOGIC_CONTEXT_MISSING|matched_geologic_unit|,rec-observation-v2%7Cgeoroc-antarctica-intraplate%7Csrc-source-record-v2%257Cgeoroc-antarctica-intraplate%257C1562899%257C2026-06-RZZ9VM_ANTARCTICA.csv%2523row%253D37%7CCr%7C,georoc-antarctica-intraplate,D2,info,review_required,GEOLOGIC_CONTEXT_MISSING,matched_geologic_unit,,记录没有来源直报或空间匹配的地质单元。,在比例尺与边界不确定性允许时执行空间匹配，并记录地图源、版本、匹配方法和边界距离；否则保留缺失。,true
ITER|rec-observation-v2%257Cgeoroc-antarctica-intraplate%257Csrc-source-record-v2%25257Cgeoroc-antarctica-intraplate%25257C1562900%25257C2026-06-RZZ9VM_ANTARCTICA.csv%252523row%25253D38%257CCr%257C|ANALYTICAL_METHOD_MISSING|analytical_method|,rec-observation-v2%7Cgeoroc-antarctica-intraplate%7Csrc-source-record-v2%257Cgeoroc-antarctica-intraplate%257C1562900%257C2026-06-RZZ9VM_ANTARCTICA.csv%2523row%253D38%7CCr%7C,georoc-antarctica-intraplate,D1,warning,action_required,ANALYTICAL_METHOD_MISSING,analytical_method,,分析方法证据缺失，跨来源浓度与元素组合不可可靠比较。,回查数据字典、方法论文或记录级元数据；同时绑定 method_source_locator，未找到时保留缺失原因。,true
ITER|rec-observation-v2%257Cgeoroc-antarctica-intraplate%257Csrc-source-record-v2%25257Cgeoroc-antarctica-intraplate%25257C1562900%25257C2026-06-RZZ9VM_ANTARCTICA.csv%252523row%25253D38%257CCr%257C|GEOLOGIC_CONTEXT_MISSING|matched_geologic_unit|,rec-observation-v2%7Cgeoroc-antarctica-intraplate%7Csrc-source-record-v2%257Cgeoroc-antarctica-intraplate%257C1562900%257C2026-06-RZZ9VM_ANTARCTICA.csv%2523row%253D38%7CCr%7C,georoc-antarctica-intraplate,D2,info,review_required,GEOLOGIC_CONTEXT_MISSING,matched_geologic_unit,,记录没有来源直报或空间匹配的地质单元。,在比例尺与边界不确定性允许时执行空间匹配，并记录地图源、版本、匹配方法和边界距离；否则保留缺失。,true
ITER|rec-observation-v2%257Cgeoroc-antarctica-intraplate%257Csrc-source-record-v2%25257Cgeoroc-antarctica-intraplate%25257C1562901%25257C2026-06-RZZ9VM_ANTARCTICA.csv%252523row%25253D39%257CCr%257C|ANALYTICAL_METHOD_MISSING|analytical_method|,rec-observation-v2%7Cgeoroc-antarctica-intraplate%7Csrc-source-record-v2%257Cgeoroc-antarctica-intraplate%257C1562901%257C2026-06-RZZ9VM_ANTARCTICA.csv%2523row%253D39%7CCr%7C,georoc-antarctica-intraplate,D1,warning,action_required,ANALYTICAL_METHOD_MISSING,analytical_method,,分析方法证据缺失，跨来源浓度与元素组合不可可靠比较。,回查数据字典、方法论文或记录级元数据；同时绑定 method_source_locator，未找到时保留缺失原因。,true
ITER|rec-observation-v2%257Cgeoroc-antarctica-intraplate%257Csrc-source-record-v2%25257Cgeoroc-antarctica-intraplate%25257C1562901%25257C2026-06-RZZ9VM_ANTARCTICA.csv%252523row%25253D39%257CCr%257C|GEOLOGIC_CONTEXT_MISSING|matched_geologic_unit|,rec-observation-v2%7Cgeoroc-antarctica-intraplate%7Csrc-source-record-v2%257Cgeoroc-antarctica-intraplate%257C1562901%257C2026-06-RZZ9VM_ANTARCTICA.csv%2523row%253D39%7CCr%7C,georoc-antarctica-intraplate,D2,info,review_required,GEOLOGIC_CONTEXT_MISSING,matched_geologic_unit,,记录没有来源直报或空间匹配的地质单元。,在比例尺与边界不确定性允许时执行空间匹配，并记录地图源、版本、匹配方法和边界距离；否则保留缺失。,true
ITER|rec-observation-v2%257Cgeoroc-antarctica-intraplate%257Csrc-source-record-v2%25257Cgeoroc-antarctica-intraplate%25257C1562902%25257C2026-06-RZZ9VM_ANTARCTICA.csv%252523row%25253D40%257CCr%257C|ANALYTICAL_METHOD_MISSING|analytical_method|,rec-observation-v2%7Cgeoroc-antarctica-intraplate%7Csrc-source-record-v2%257Cgeoroc-antarctica-intraplate%257C1562902%257C2026-06-RZZ9VM_ANTARCTICA.csv%2523row%253D40%7CCr%7C,georoc-antarctica-intraplate,D1,warning,action_required,ANALYTICAL_METHOD_MISSING,analytical_method,,分析方法证据缺失，跨来源浓度与元素组合不可可靠比较。,回查数据字典、方法论文或记录级元数据；同时绑定 method_source_locator，未找到时保留缺失原因。,true
ITER|rec-observation-v2%257Cgeoroc-antarctica-intraplate%257Csrc-source-record-v2%25257Cgeoroc-antarctica-intraplate%25257C1562902%25257C2026-06-RZZ9VM_ANTARCTICA.csv%252523row%25253D40%257CCr%257C|GEOLOGIC_CONTEXT_MISSING|matched_geologic_unit|,rec-observation-v2%7Cgeoroc-antarctica-intraplate%7Csrc-source-record-v2%257Cgeoroc-antarctica-intraplate%257C1562902%257C2026-06-RZZ9VM_ANTARCTICA.csv%2523row%253D40%7CCr%7C,georoc-antarctica-intraplate,D2,info,review_required,GEOLOGIC_CONTEXT_MISSING,matched_geologic_unit,,记录没有来源直报或空间匹配的地质单元。,在比例尺与边界不确定性允许时执行空间匹配，并记录地图源、版本、匹配方法和边界距离；否则保留缺失。,true
ITER|rec-observation-v2%257Cgeoroc-antarctica-intraplate%257Csrc-source-record-v2%25257Cgeoroc-antarctica-intraplate%25257C1562903%25257C2026-06-RZZ9VM_ANTARCTICA.csv%252523row%25253D41%257CCr%257C|ANALYTICAL_METHOD_MISSING|analytical_method|,rec-observation-v2%7Cgeoroc-antarctica-intraplate%7Csrc-source-record-v2%257Cgeoroc-antarctica-intraplate%257C1562903%257C2026-06-RZZ9VM_ANTARCTICA.csv%2523row%253D41%7CCr%7C,georoc-antarctica-intraplate,D1,warning,action_required,ANALYTICAL_METHOD_MISSING,analytical_method,,分析方法证据缺失，跨来源浓度与元素组合不可可靠比较。,回查数据字典、方法论文或记录级元数据；同时绑定 method_source_locator，未找到时保留缺失原因。,true
ITER|rec-observation-v2%257Cgeoroc-antarctica-intraplate%257Csrc-source-record-v2%25257Cgeoroc-antarctica-intraplate%25257C1562903%25257C2026-06-RZZ9VM_ANTARCTICA.csv%252523row%25253D41%257CCr%257C|GEOLOGIC_CONTEXT_MISSING|matched_geologic_unit|,rec-observation-v2%7Cgeoroc-antarctica-intraplate%7Csrc-source-record-v2%257Cgeoroc-antarctica-intraplate%257C1562903%257C2026-06-RZZ9VM_ANTARCTICA.csv%2523row%253D41%7CCr%7C,georoc-antarctica-intraplate,D2,info,review_required,GEOLOGIC_CONTEXT_MISSING,matched_geologic_unit,,记录没有来源直报或空间匹配的地质单元。,在比例尺与边界不确定性允许时执行空间匹配，并记录地图源、版本、匹配方法和边界距离；否则保留缺失。,true
ITER|rec-observation-v2%257Cgeoroc-antarctica-intraplate%257Csrc-source-record-v2%25257Cgeoroc-antarctica-intraplate%25257C1996470%25257C2026-06-RZZ9VM_ANTARCTICA.csv%252523row%25253D135%257CCu%257C|ANALYTICAL_METHOD_MISSING|analytical_method|,rec-observation-v2%7Cgeoroc-antarctica-intraplate%7Csrc-source-record-v2%257Cgeoroc-antarctica-intraplate%257C1996470%257C2026-06-RZZ9VM_ANTARCTICA.csv%2523row%253D135%7CCu%7C,georoc-antarctica-intraplate,D1,warning,action_required,ANALYTICAL_METHOD_MISSING,analytical_method,,分析方法证据缺失，跨来源浓度与元素组合不可可靠比较。,回查数据字典、方法论文或记录级元数据；同时绑定 method_source_locator，未找到时保留缺失原因。,true
ITER|rec-observation-v2%257Cgeoroc-antarctica-intraplate%257Csrc-source-record-v2%25257Cgeoroc-antarctica-intraplate%25257C1996470%25257C2026-06-RZZ9VM_ANTARCTICA.csv%252523row%25253D135%257CCu%257C|GEOLOGIC_CONTEXT_MISSING|matched_geologic_unit|,rec-observation-v2%7Cgeoroc-antarctica-intraplate%7Csrc-source-record-v2%257Cgeoroc-antarctica-intraplate%257C1996470%257C2026-06-RZZ9VM_ANTARCTICA.csv%2523row%253D135%7CCu%7C,georoc-antarctica-intraplate,D2,info,review_required,GEOLOGIC_CONTEXT_MISSING,matched_geologic_unit,,记录没有来源直报或空间匹配的地质单元。,在比例尺与边界不确定性允许时执行空间匹配，并记录地图源、版本、匹配方法和边界距离；否则保留缺失。,true
ITER|rec-observation-v2%257Cgeoroc-antarctica-intraplate%257Csrc-source-record-v2%25257Cgeoroc-antarctica-intraplate%25257C1996470%25257C2026-06-RZZ9VM_ANTARCTICA.csv%252523row%25253D135%257CZn%257C|ANALYTICAL_METHOD_MISSING|analytical_method|,rec-observation-v2%7Cgeoroc-antarctica-intraplate%7Csrc-source-record-v2%257Cgeoroc-antarctica-intraplate%257C1996470%257C2026-06-RZZ9VM_ANTARCTICA.csv%2523row%253D135%7CZn%7C,georoc-antarctica-intraplate,D1,warning,action_required,ANALYTICAL_METHOD_MISSING,analytical_method,,分析方法证据缺失，跨来源浓度与元素组合不可可靠比较。,回查数据字典、方法论文或记录级元数据；同时绑定 method_source_locator，未找到时保留缺失原因。,true
ITER|rec-observation-v2%257Cgeoroc-antarctica-intraplate%257Csrc-source-record-v2%25257Cgeoroc-antarctica-intraplate%25257C1996470%25257C2026-06-RZZ9VM_ANTARCTICA.csv%252523row%25253D135%257CZn%257C|GEOLOGIC_CONTEXT_MISSING|matched_geologic_unit|,rec-observation-v2%7Cgeoroc-antarctica-intraplate%7Csrc-source-record-v2%257Cgeoroc-antarctica-intraplate%257C1996470%257C2026-06-RZZ9VM_ANTARCTICA.csv%2523row%253D135%7CZn%7C,georoc-antarctica-intraplate,D2,info,review_required,GEOLOGIC_CONTEXT_MISSING,matched_geologic_unit,,记录没有来源直报或空间匹配的地质单元。,在比例尺与边界不确定性允许时执行空间匹配，并记录地图源、版本、匹配方法和边界距离；否则保留缺失。,true
ITER|rec-observation-v2%257Cgeoroc-antarctica-intraplate%257Csrc-source-record-v2%25257Cgeoroc-antarctica-intraplate%25257C1996471%25257C2026-06-RZZ9VM_ANTARCTICA.csv%252523row%25253D136%257CCu%257C|ANALYTICAL_METHOD_MISSING|analytical_method|,rec-observation-v2%7Cgeoroc-antarctica-intraplate%7Csrc-source-record-v2%257Cgeoroc-antarctica-intraplate%257C1996471%257C2026-06-RZZ9VM_ANTARCTICA.csv%2523row%253D136%7CCu%7C,georoc-antarctica-intraplate,D1,warning,action_required,ANALYTICAL_METHOD_MISSING,analytical_method,,分析方法证据缺失，跨来源浓度与元素组合不可可靠比较。,回查数据字典、方法论文或记录级元数据；同时绑定 method_source_locator，未找到时保留缺失原因。,true
ITER|rec-observation-v2%257Cgeoroc-antarctica-intraplate%257Csrc-source-record-v2%25257Cgeoroc-antarctica-intraplate%25257C1996471%25257C2026-06-RZZ9VM_ANTARCTICA.csv%252523row%25253D136%257CCu%257C|GEOLOGIC_CONTEXT_MISSING|matched_geologic_unit|,rec-observation-v2%7Cgeoroc-antarctica-intraplate%7Csrc-source-record-v2%257Cgeoroc-antarctica-intraplate%257C1996471%257C2026-06-RZZ9VM_ANTARCTICA.csv%2523row%253D136%7CCu%7C,georoc-antarctica-intraplate,D2,info,review_required,GEOLOGIC_CONTEXT_MISSING,matched_geologic_unit,,记录没有来源直报或空间匹配的地质单元。,在比例尺与边界不确定性允许时执行空间匹配，并记录地图源、版本、匹配方法和边界距离；否则保留缺失。,true
ITER|rec-observation-v2%257Cgeoroc-antarctica-intraplate%257Csrc-source-record-v2%25257Cgeoroc-antarctica-intraplate%25257C1996471%25257C2026-06-RZZ9VM_ANTARCTICA.csv%252523row%25253D136%257CZn%257C|ANALYTICAL_METHOD_MISSING|analytical_method|,rec-observation-v2%7Cgeoroc-antarctica-intraplate%7Csrc-source-record-v2%257Cgeoroc-antarctica-intraplate%257C1996471%257C2026-06-RZZ9VM_ANTARCTICA.csv%2523row%253D136%7CZn%7C,georoc-antarctica-intraplate,D1,warning,action_required,ANALYTICAL_METHOD_MISSING,analytical_method,,分析方法证据缺失，跨来源浓度与元素组合不可可靠比较。,回查数据字典、方法论文或记录级元数据；同时绑定 method_source_locator，未找到时保留缺失原因。,true
ITER|rec-observation-v2%257Cgeoroc-antarctica-intraplate%257Csrc-source-record-v2%25257Cgeoroc-antarctica-intraplate%25257C1996471%25257C2026-06-RZZ9VM_ANTARCTICA.csv%252523row%25253D136%257CZn%257C|GEOLOGIC_CONTEXT_MISSING|matched_geologic_unit|,rec-observation-v2%7Cgeoroc-antarctica-intraplate%7Csrc-source-record-v2%257Cgeoroc-antarctica-intraplate%257C1996471%257C2026-06-RZZ9VM_ANTARCTICA.csv%2523row%253D136%7CZn%7C,georoc-antarctica-intraplate,D2,info,review_required,GEOLOGIC_CONTEXT_MISSING,matched_geologic_unit,,记录没有来源直报或空间匹配的地质单元。,在比例尺与边界不确定性允许时执行空间匹配，并记录地图源、版本、匹配方法和边界距离；否则保留缺失。,true
ITER|rec-observation-v2%257Cgeoroc-antarctica-intraplate%257Csrc-source-record-v2%25257Cgeoroc-antarctica-intraplate%25257C1996472%25257C2026-06-RZZ9VM_ANTARCTICA.csv%252523row%25253D137%257CCu%257C|ANALYTICAL_METHOD_MISSING|analytical_method|,rec-observation-v2%7Cgeoroc-antarctica-intraplate%7Csrc-source-record-v2%257Cgeoroc-antarctica-intraplate%257C1996472%257C2026-06-RZZ9VM_ANTARCTICA.csv%2523row%253D137%7CCu%7C,georoc-antarctica-intraplate,D1,warning,action_required,ANALYTICAL_METHOD_MISSING,analytical_method,,分析方法证据缺失，跨来源浓度与元素组合不可可靠比较。,回查数据字典、方法论文或记录级元数据；同时绑定 method_source_locator，未找到时保留缺失原因。,true
ITER|rec-observation-v2%257Cgeoroc-antarctica-intraplate%257Csrc-source-record-v2%25257Cgeoroc-antarctica-intraplate%25257C1996472%25257C2026-06-RZZ9VM_ANTARCTICA.csv%252523row%25253D137%257CCu%257C|GEOLOGIC_CONTEXT_MISSING|matched_geologic_unit|,rec-observation-v2%7Cgeoroc-antarctica-intraplate%7Csrc-source-record-v2%257Cgeoroc-antarctica-intraplate%257C1996472%257C2026-06-RZZ9VM_ANTARCTICA.csv%2523row%253D137%7CCu%7C,georoc-antarctica-intraplate,D2,info,review_required,GEOLOGIC_CONTEXT_MISSING,matched_geologic_unit,,记录没有来源直报或空间匹配的地质单元。,在比例尺与边界不确定性允许时执行空间匹配，并记录地图源、版本、匹配方法和边界距离；否则保留缺失。,true
ITER|rec-observation-v2%257Cgeoroc-antarctica-intraplate%257Csrc-source-record-v2%25257Cgeoroc-antarctica-intraplate%25257C1996472%25257C2026-06-RZZ9VM_ANTARCTICA.csv%252523row%25253D137%257CZn%257C|ANALYTICAL_METHOD_MISSING|analytical_method|,rec-observation-v2%7Cgeoroc-antarctica-intraplate%7Csrc-source-record-v2%257Cgeoroc-antarctica-intraplate%257C1996472%257C2026-06-RZZ9VM_ANTARCTICA.csv%2523row%253D137%7CZn%7C,georoc-antarctica-intraplate,D1,warning,action_required,ANALYTICAL_METHOD_MISSING,analytical_method,,分析方法证据缺失，跨来源浓度与元素组合不可可靠比较。,回查数据字典、方法论文或记录级元数据；同时绑定 method_source_locator，未找到时保留缺失原因。,true
ITER|rec-observation-v2%257Cgeoroc-antarctica-intraplate%257Csrc-source-record-v2%25257Cgeoroc-antarctica-intraplate%25257C1996472%25257C2026-06-RZZ9VM_ANTARCTICA.csv%252523row%25253D137%257CZn%257C|GEOLOGIC_CONTEXT_MISSING|matched_geologic_unit|,rec-observation-v2%7Cgeoroc-antarctica-intraplate%7Csrc-source-record-v2%257Cgeoroc-antarctica-intraplate%257C1996472%257C2026-06-RZZ9VM_ANTARCTICA.csv%2523row%253D137%7CZn%7C,georoc-antarctica-intraplate,D2,info,review_required,GEOLOGIC_CONTEXT_MISSING,matched_geologic_unit,,记录没有来源直报或空间匹配的地质单元。,在比例尺与边界不确定性允许时执行空间匹配，并记录地图源、版本、匹配方法和边界距离；否则保留缺失。,true
ITER|rec-observation-v2%257Cgeoroc-antarctica-intraplate%257Csrc-source-record-v2%25257Cgeoroc-antarctica-intraplate%25257C412196%25257C2026-06-RZZ9VM_ANTARCTICA.csv%252523row%25253D221%257CAs%257C|ANALYTICAL_METHOD_MISSING|analytical_method|,rec-observation-v2%7Cgeoroc-antarctica-intraplate%7Csrc-source-record-v2%257Cgeoroc-antarctica-intraplate%257C412196%257C2026-06-RZZ9VM_ANTARCTICA.csv%2523row%253D221%7CAs%7C,georoc-antarctica-intraplate,D1,warning,action_required,ANALYTICAL_METHOD_MISSING,analytical_method,,分析方法证据缺失，跨来源浓度与元素组合不可可靠比较。,回查数据字典、方法论文或记录级元数据；同时绑定 method_source_locator，未找到时保留缺失原因。,true
ITER|rec-observation-v2%257Cgeoroc-antarctica-intraplate%257Csrc-source-record-v2%25257Cgeoroc-antarctica-intraplate%25257C412196%25257C2026-06-RZZ9VM_ANTARCTICA.csv%252523row%25253D221%257CAs%257C|GEOLOGIC_CONTEXT_MISSING|matched_geologic_unit|,rec-observation-v2%7Cgeoroc-antarctica-intraplate%7Csrc-source-record-v2%257Cgeoroc-antarctica-intraplate%257C412196%257C2026-06-RZZ9VM_ANTARCTICA.csv%2523row%253D221%7CAs%7C,georoc-antarctica-intraplate,D2,info,review_required,GEOLOGIC_CONTEXT_MISSING,matched_geologic_unit,,记录没有来源直报或空间匹配的地质单元。,在比例尺与边界不确定性允许时执行空间匹配，并记录地图源、版本、匹配方法和边界距离；否则保留缺失。,true
ITER|rec-observation-v2%257Cgeoroc-antarctica-intraplate%257Csrc-source-record-v2%25257Cgeoroc-antarctica-intraplate%25257C412197%25257C2026-06-RZZ9VM_ANTARCTICA.csv%252523row%25253D222%257CAs%257C|ANALYTICAL_METHOD_MISSING|analytical_method|,rec-observation-v2%7Cgeoroc-antarctica-intraplate%7Csrc-source-record-v2%257Cgeoroc-antarctica-intraplate%257C412197%257C2026-06-RZZ9VM_ANTARCTICA.csv%2523row%253D222%7CAs%7C,georoc-antarctica-intraplate,D1,warning,action_required,ANALYTICAL_METHOD_MISSING,analytical_method,,分析方法证据缺失，跨来源浓度与元素组合不可可靠比较。,回查数据字典、方法论文或记录级元数据；同时绑定 method_source_locator，未找到时保留缺失原因。,true
ITER|rec-observation-v2%257Cgeoroc-antarctica-intraplate%257Csrc-source-record-v2%25257Cgeoroc-antarctica-intraplate%25257C412197%25257C2026-06-RZZ9VM_ANTARCTICA.csv%252523row%25253D222%257CAs%257C|GEOLOGIC_CONTEXT_MISSING|matched_geologic_unit|,rec-observation-v2%7Cgeoroc-antarctica-intraplate%7Csrc-source-record-v2%257Cgeoroc-antarctica-intraplate%257C412197%257C2026-06-RZZ9VM_ANTARCTICA.csv%2523row%253D222%7CAs%7C,georoc-antarctica-intraplate,D2,info,review_required,GEOLOGIC_CONTEXT_MISSING,matched_geologic_unit,,记录没有来源直报或空间匹配的地质单元。,在比例尺与边界不确定性允许时执行空间匹配，并记录地图源、版本、匹配方法和边界距离；否则保留缺失。,true
ITER|rec-observation-v2%257Cgeoroc-antarctica-intraplate%257Csrc-source-record-v2%25257Cgeoroc-antarctica-intraplate%25257C412198%25257C2026-06-RZZ9VM_ANTARCTICA.csv%252523row%25253D223%257CAs%257C|ANALYTICAL_METHOD_MISSING|analytical_method|,rec-observation-v2%7Cgeoroc-antarctica-intraplate%7Csrc-source-record-v2%257Cgeoroc-antarctica-intraplate%257C412198%257C2026-06-RZZ9VM_ANTARCTICA.csv%2523row%253D223%7CAs%7C,georoc-antarctica-intraplate,D1,warning,action_required,ANALYTICAL_METHOD_MISSING,analytical_method,,分析方法证据缺失，跨来源浓度与元素组合不可可靠比较。,回查数据字典、方法论文或记录级元数据；同时绑定 method_source_locator，未找到时保留缺失原因。,true
ITER|rec-observation-v2%257Cgeoroc-antarctica-intraplate%257Csrc-source-record-v2%25257Cgeoroc-antarctica-intraplate%25257C412198%25257C2026-06-RZZ9VM_ANTARCTICA.csv%252523row%25253D223%257CAs%257C|GEOLOGIC_CONTEXT_MISSING|matched_geologic_unit|,rec-observation-v2%7Cgeoroc-antarctica-intraplate%7Csrc-source-record-v2%257Cgeoroc-antarctica-intraplate%257C412198%257C2026-06-RZZ9VM_ANTARCTICA.csv%2523row%253D223%7CAs%7C,georoc-antarctica-intraplate,D2,info,review_required,GEOLOGIC_CONTEXT_MISSING,matched_geologic_unit,,记录没有来源直报或空间匹配的地质单元。,在比例尺与边界不确定性允许时执行空间匹配，并记录地图源、版本、匹配方法和边界距离；否则保留缺失。,true
ITER|rec-observation-v2%257Cgeoroc-antarctica-intraplate%257Csrc-source-record-v2%25257Cgeoroc-antarctica-intraplate%25257C412199%25257C2026-06-RZZ9VM_ANTARCTICA.csv%252523row%25253D224%257CAs%257C|ANALYTICAL_METHOD_MISSING|analytical_method|,rec-observation-v2%7Cgeoroc-antarctica-intraplate%7Csrc-source-record-v2%257Cgeoroc-antarctica-intraplate%257C412199%257C2026-06-RZZ9VM_ANTARCTICA.csv%2523row%253D224%7CAs%7C,georoc-antarctica-intraplate,D1,warning,action_required,ANALYTICAL_METHOD_MISSING,analytical_method,,分析方法证据缺失，跨来源浓度与元素组合不可可靠比较。,回查数据字典、方法论文或记录级元数据；同时绑定 method_source_locator，未找到时保留缺失原因。,true
ITER|rec-observation-v2%257Cgeoroc-antarctica-intraplate%257Csrc-source-record-v2%25257Cgeoroc-antarctica-intraplate%25257C412199%25257C2026-06-RZZ9VM_ANTARCTICA.csv%252523row%25253D224%257CAs%257C|GEOLOGIC_CONTEXT_MISSING|matched_geologic_unit|,rec-observation-v2%7Cgeoroc-antarctica-intraplate%7Csrc-source-record-v2%257Cgeoroc-antarctica-intraplate%257C412199%257C2026-06-RZZ9VM_ANTARCTICA.csv%2523row%253D224%7CAs%7C,georoc-antarctica-intraplate,D2,info,review_required,GEOLOGIC_CONTEXT_MISSING,matched_geologic_unit,,记录没有来源直报或空间匹配的地质单元。,在比例尺与边界不确定性允许时执行空间匹配，并记录地图源、版本、匹配方法和边界距离；否则保留缺失。,true
ITER|rec-observation-v2%257Cgeoroc-antarctica-intraplate%257Csrc-source-record-v2%25257Cgeoroc-antarctica-intraplate%25257C412200%25257C2026-06-RZZ9VM_ANTARCTICA.csv%252523row%25253D225%257CAs%257C|ANALYTICAL_METHOD_MISSING|analytical_method|,rec-observation-v2%7Cgeoroc-antarctica-intraplate%7Csrc-source-record-v2%257Cgeoroc-antarctica-intraplate%257C412200%257C2026-06-RZZ9VM_ANTARCTICA.csv%2523row%253D225%7CAs%7C,georoc-antarctica-intraplate,D1,warning,action_required,ANALYTICAL_METHOD_MISSING,analytical_method,,分析方法证据缺失，跨来源浓度与元素组合不可可靠比较。,回查数据字典、方法论文或记录级元数据；同时绑定 method_source_locator，未找到时保留缺失原因。,true
ITER|rec-observation-v2%257Cgeoroc-antarctica-intraplate%257Csrc-source-record-v2%25257Cgeoroc-antarctica-intraplate%25257C412200%25257C2026-06-RZZ9VM_ANTARCTICA.csv%252523row%25253D225%257CAs%257C|GEOLOGIC_CONTEXT_MISSING|matched_geologic_unit|,rec-observation-v2%7Cgeoroc-antarctica-intraplate%7Csrc-source-record-v2%257Cgeoroc-antarctica-intraplate%257C412200%257C2026-06-RZZ9VM_ANTARCTICA.csv%2523row%253D225%7CAs%7C,georoc-antarctica-intraplate,D2,info,review_required,GEOLOGIC_CONTEXT_MISSING,matched_geologic_unit,,记录没有来源直报或空间匹配的地质单元。,在比例尺与边界不确定性允许时执行空间匹配，并记录地图源、版本、匹配方法和边界距离；否则保留缺失。,true
ITER|rec-observation-v2%257Cgeoroc-antarctica-intraplate%257Csrc-source-record-v2%25257Cgeoroc-antarctica-intraplate%25257C412201%25257C2026-06-RZZ9VM_ANTARCTICA.csv%252523row%25253D226%257CAs%257C|ANALYTICAL_METHOD_MISSING|analytical_method|,rec-observation-v2%7Cgeoroc-antarctica-intraplate%7Csrc-source-record-v2%257Cgeoroc-antarctica-intraplate%257C412201%257C2026-06-RZZ9VM_ANTARCTICA.csv%2523row%253D226%7CAs%7C,georoc-antarctica-intraplate,D1,warning,action_required,ANALYTICAL_METHOD_MISSING,analytical_method,,分析方法证据缺失，跨来源浓度与元素组合不可可靠比较。,回查数据字典、方法论文或记录级元数据；同时绑定 method_source_locator，未找到时保留缺失原因。,true
ITER|rec-observation-v2%257Cgeoroc-antarctica-intraplate%257Csrc-source-record-v2%25257Cgeoroc-antarctica-intraplate%25257C412201%25257C2026-06-RZZ9VM_ANTARCTICA.csv%252523row%25253D226%257CAs%257C|GEOLOGIC_CONTEXT_MISSING|matched_geologic_unit|,rec-observation-v2%7Cgeoroc-antarctica-intraplate%7Csrc-source-record-v2%257Cgeoroc-antarctica-intraplate%257C412201%257C2026-06-RZZ9VM_ANTARCTICA.csv%2523row%253D226%7CAs%7C,georoc-antarctica-intraplate,D2,info,review_required,GEOLOGIC_CONTEXT_MISSING,matched_geologic_unit,,记录没有来源直报或空间匹配的地质单元。,在比例尺与边界不确定性允许时执行空间匹配，并记录地图源、版本、匹配方法和边界距离；否则保留缺失。,true
ITER|rec-observation-v2%257Cgeoroc-antarctica-intraplate%257Csrc-source-record-v2%25257Cgeoroc-antarctica-intraplate%25257C412202%25257C2026-06-RZZ9VM_ANTARCTICA.csv%252523row%25253D227%257CAs%257C|ANALYTICAL_METHOD_MISSING|analytical_method|,rec-observation-v2%7Cgeoroc-antarctica-intraplate%7Csrc-source-record-v2%257Cgeoroc-antarctica-intraplate%257C412202%257C2026-06-RZZ9VM_ANTARCTICA.csv%2523row%253D227%7CAs%7C,georoc-antarctica-intraplate,D1,warning,action_required,ANALYTICAL_METHOD_MISSING,analytical_method,,分析方法证据缺失，跨来源浓度与元素组合不可可靠比较。,回查数据字典、方法论文或记录级元数据；同时绑定 method_source_locator，未找到时保留缺失原因。,true
ITER|rec-observation-v2%257Cgeoroc-antarctica-intraplate%257Csrc-source-record-v2%25257Cgeoroc-antarctica-intraplate%25257C412202%25257C2026-06-RZZ9VM_ANTARCTICA.csv%252523row%25253D227%257CAs%257C|GEOLOGIC_CONTEXT_MISSING|matched_geologic_unit|,rec-observation-v2%7Cgeoroc-antarctica-intraplate%7Csrc-source-record-v2%257Cgeoroc-antarctica-intraplate%257C412202%257C2026-06-RZZ9VM_ANTARCTICA.csv%2523row%253D227%7CAs%7C,georoc-antarctica-intraplate,D2,info,review_required,GEOLOGIC_CONTEXT_MISSING,matched_geologic_unit,,记录没有来源直报或空间匹配的地质单元。,在比例尺与边界不确定性允许时执行空间匹配，并记录地图源、版本、匹配方法和边界距离；否则保留缺失。,true
ITER|rec-observation-v2%257Cgeoroc-antarctica-intraplate%257Csrc-source-record-v2%25257Cgeoroc-antarctica-intraplate%25257C412203%25257C2026-06-RZZ9VM_ANTARCTICA.csv%252523row%25253D228%257CAs%257C|ANALYTICAL_METHOD_MISSING|analytical_method|,rec-observation-v2%7Cgeoroc-antarctica-intraplate%7Csrc-source-record-v2%257Cgeoroc-antarctica-intraplate%257C412203%257C2026-06-RZZ9VM_ANTARCTICA.csv%2523row%253D228%7CAs%7C,georoc-antarctica-intraplate,D1,warning,action_required,ANALYTICAL_METHOD_MISSING,analytical_method,,分析方法证据缺失，跨来源浓度与元素组合不可可靠比较。,回查数据字典、方法论文或记录级元数据；同时绑定 method_source_locator，未找到时保留缺失原因。,true
ITER|rec-observation-v2%257Cgeoroc-antarctica-intraplate%257Csrc-source-record-v2%25257Cgeoroc-antarctica-intraplate%25257C412203%25257C2026-06-RZZ9VM_ANTARCTICA.csv%252523row%25253D228%257CAs%257C|GEOLOGIC_CONTEXT_MISSING|matched_geologic_unit|,rec-observation-v2%7Cgeoroc-antarctica-intraplate%7Csrc-source-record-v2%257Cgeoroc-antarctica-intraplate%257C412203%257C2026-06-RZZ9VM_ANTARCTICA.csv%2523row%253D228%7CAs%7C,georoc-antarctica-intraplate,D2,info,review_required,GEOLOGIC_CONTEXT_MISSING,matched_geologic_unit,,记录没有来源直报或空间匹配的地质单元。,在比例尺与边界不确定性允许时执行空间匹配，并记录地图源、版本、匹配方法和边界距离；否则保留缺失。,true
ITER|rec-observation-v2%257Cjapan-gsj-marine-sediment%257Csrc-source-record-v2%25257Cjapan-gsj-marine-sediment%25257C880001%25257Cocean-noudo.csv%252523row%25253D2%257CAs%257C|ANALYTICAL_METHOD_MISSING|analytical_method|,rec-observation-v2%7Cjapan-gsj-marine-sediment%7Csrc-source-record-v2%257Cjapan-gsj-marine-sediment%257C880001%257Cocean-noudo.csv%2523row%253D2%7CAs%7C,japan-gsj-marine-sediment,D1,warning,action_required,ANALYTICAL_METHOD_MISSING,analytical_method,,分析方法证据缺失，跨来源浓度与元素组合不可可靠比较。,回查数据字典、方法论文或记录级元数据；同时绑定 method_source_locator，未找到时保留缺失原因。,true
ITER|rec-observation-v2%257Cjapan-gsj-marine-sediment%257Csrc-source-record-v2%25257Cjapan-gsj-marine-sediment%25257C880001%25257Cocean-noudo.csv%252523row%25253D2%257CAs%257C|GEOLOGIC_CONTEXT_MISSING|matched_geologic_unit|,rec-observation-v2%7Cjapan-gsj-marine-sediment%7Csrc-source-record-v2%257Cjapan-gsj-marine-sediment%257C880001%257Cocean-noudo.csv%2523row%253D2%7CAs%7C,japan-gsj-marine-sediment,D2,info,review_required,GEOLOGIC_CONTEXT_MISSING,matched_geologic_unit,,记录没有来源直报或空间匹配的地质单元。,在比例尺与边界不确定性允许时执行空间匹配，并记录地图源、版本、匹配方法和边界距离；否则保留缺失。,true
ITER|rec-observation-v2%257Cjapan-gsj-marine-sediment%257Csrc-source-record-v2%25257Cjapan-gsj-marine-sediment%25257C880001%25257Cocean-noudo.csv%252523row%25253D2%257CCr%257C|ANALYTICAL_METHOD_MISSING|analytical_method|,rec-observation-v2%7Cjapan-gsj-marine-sediment%7Csrc-source-record-v2%257Cjapan-gsj-marine-sediment%257C880001%257Cocean-noudo.csv%2523row%253D2%7CCr%7C,japan-gsj-marine-sediment,D1,warning,action_required,ANALYTICAL_METHOD_MISSING,analytical_method,,分析方法证据缺失，跨来源浓度与元素组合不可可靠比较。,回查数据字典、方法论文或记录级元数据；同时绑定 method_source_locator，未找到时保留缺失原因。,true
ITER|rec-observation-v2%257Cjapan-gsj-marine-sediment%257Csrc-source-record-v2%25257Cjapan-gsj-marine-sediment%25257C880001%25257Cocean-noudo.csv%252523row%25253D2%257CCr%257C|GEOLOGIC_CONTEXT_MISSING|matched_geologic_unit|,rec-observation-v2%7Cjapan-gsj-marine-sediment%7Csrc-source-record-v2%257Cjapan-gsj-marine-sediment%257C880001%257Cocean-noudo.csv%2523row%253D2%7CCr%7C,japan-gsj-marine-sediment,D2,info,review_required,GEOLOGIC_CONTEXT_MISSING,matched_geologic_unit,,记录没有来源直报或空间匹配的地质单元。,在比例尺与边界不确定性允许时执行空间匹配，并记录地图源、版本、匹配方法和边界距离；否则保留缺失。,true
ITER|rec-observation-v2%257Cjapan-gsj-marine-sediment%257Csrc-source-record-v2%25257Cjapan-gsj-marine-sediment%25257C880001%25257Cocean-noudo.csv%252523row%25253D2%257CCu%257C|ANALYTICAL_METHOD_MISSING|analytical_method|,rec-observation-v2%7Cjapan-gsj-marine-sediment%7Csrc-source-record-v2%257Cjapan-gsj-marine-sediment%257C880001%257Cocean-noudo.csv%2523row%253D2%7CCu%7C,japan-gsj-marine-sediment,D1,warning,action_required,ANALYTICAL_METHOD_MISSING,analytical_method,,分析方法证据缺失，跨来源浓度与元素组合不可可靠比较。,回查数据字典、方法论文或记录级元数据；同时绑定 method_source_locator，未找到时保留缺失原因。,true
ITER|rec-observation-v2%257Cjapan-gsj-marine-sediment%257Csrc-source-record-v2%25257Cjapan-gsj-marine-sediment%25257C880001%25257Cocean-noudo.csv%252523row%25253D2%257CCu%257C|GEOLOGIC_CONTEXT_MISSING|matched_geologic_unit|,rec-observation-v2%7Cjapan-gsj-marine-sediment%7Csrc-source-record-v2%257Cjapan-gsj-marine-sediment%257C880001%257Cocean-noudo.csv%2523row%253D2%7CCu%7C,japan-gsj-marine-sediment,D2,info,review_required,GEOLOGIC_CONTEXT_MISSING,matched_geologic_unit,,记录没有来源直报或空间匹配的地质单元。,在比例尺与边界不确定性允许时执行空间匹配，并记录地图源、版本、匹配方法和边界距离；否则保留缺失。,true
ITER|rec-observation-v2%257Cjapan-gsj-marine-sediment%257Csrc-source-record-v2%25257Cjapan-gsj-marine-sediment%25257C880001%25257Cocean-noudo.csv%252523row%25253D2%257CHg%257C|ANALYTICAL_METHOD_MISSING|analytical_method|,rec-observation-v2%7Cjapan-gsj-marine-sediment%7Csrc-source-record-v2%257Cjapan-gsj-marine-sediment%257C880001%257Cocean-noudo.csv%2523row%253D2%7CHg%7C,japan-gsj-marine-sediment,D1,warning,action_required,ANALYTICAL_METHOD_MISSING,analytical_method,,分析方法证据缺失，跨来源浓度与元素组合不可可靠比较。,回查数据字典、方法论文或记录级元数据；同时绑定 method_source_locator，未找到时保留缺失原因。,true
ITER|rec-observation-v2%257Cjapan-gsj-marine-sediment%257Csrc-source-record-v2%25257Cjapan-gsj-marine-sediment%25257C880001%25257Cocean-noudo.csv%252523row%25253D2%257CHg%257C|GEOLOGIC_CONTEXT_MISSING|matched_geologic_unit|,rec-observation-v2%7Cjapan-gsj-marine-sediment%7Csrc-source-record-v2%257Cjapan-gsj-marine-sediment%257C880001%257Cocean-noudo.csv%2523row%253D2%7CHg%7C,japan-gsj-marine-sediment,D2,info,review_required,GEOLOGIC_CONTEXT_MISSING,matched_geologic_unit,,记录没有来源直报或空间匹配的地质单元。,在比例尺与边界不确定性允许时执行空间匹配，并记录地图源、版本、匹配方法和边界距离；否则保留缺失。,true
ITER|rec-observation-v2%257Cjapan-gsj-marine-sediment%257Csrc-source-record-v2%25257Cjapan-gsj-marine-sediment%25257C880001%25257Cocean-noudo.csv%252523row%25253D2%257CNi%257C|ANALYTICAL_METHOD_MISSING|analytical_method|,rec-observation-v2%7Cjapan-gsj-marine-sediment%7Csrc-source-record-v2%257Cjapan-gsj-marine-sediment%257C880001%257Cocean-noudo.csv%2523row%253D2%7CNi%7C,japan-gsj-marine-sediment,D1,warning,action_required,ANALYTICAL_METHOD_MISSING,analytical_method,,分析方法证据缺失，跨来源浓度与元素组合不可可靠比较。,回查数据字典、方法论文或记录级元数据；同时绑定 method_source_locator，未找到时保留缺失原因。,true
ITER|rec-observation-v2%257Cjapan-gsj-marine-sediment%257Csrc-source-record-v2%25257Cjapan-gsj-marine-sediment%25257C880001%25257Cocean-noudo.csv%252523row%25253D2%257CNi%257C|GEOLOGIC_CONTEXT_MISSING|matched_geologic_unit|,rec-observation-v2%7Cjapan-gsj-marine-sediment%7Csrc-source-record-v2%257Cjapan-gsj-marine-sediment%257C880001%257Cocean-noudo.csv%2523row%253D2%7CNi%7C,japan-gsj-marine-sediment,D2,info,review_required,GEOLOGIC_CONTEXT_MISSING,matched_geologic_unit,,记录没有来源直报或空间匹配的地质单元。,在比例尺与边界不确定性允许时执行空间匹配，并记录地图源、版本、匹配方法和边界距离；否则保留缺失。,true
ITER|rec-observation-v2%257Cjapan-gsj-marine-sediment%257Csrc-source-record-v2%25257Cjapan-gsj-marine-sediment%25257C880001%25257Cocean-noudo.csv%252523row%25253D2%257CPb%257C|ANALYTICAL_METHOD_MISSING|analytical_method|,rec-observation-v2%7Cjapan-gsj-marine-sediment%7Csrc-source-record-v2%257Cjapan-gsj-marine-sediment%257C880001%257Cocean-noudo.csv%2523row%253D2%7CPb%7C,japan-gsj-marine-sediment,D1,warning,action_required,ANALYTICAL_METHOD_MISSING,analytical_method,,分析方法证据缺失，跨来源浓度与元素组合不可可靠比较。,回查数据字典、方法论文或记录级元数据；同时绑定 method_source_locator，未找到时保留缺失原因。,true
ITER|rec-observation-v2%257Cjapan-gsj-marine-sediment%257Csrc-source-record-v2%25257Cjapan-gsj-marine-sediment%25257C880001%25257Cocean-noudo.csv%252523row%25253D2%257CPb%257C|GEOLOGIC_CONTEXT_MISSING|matched_geologic_unit|,rec-observation-v2%7Cjapan-gsj-marine-sediment%7Csrc-source-record-v2%257Cjapan-gsj-marine-sediment%257C880001%257Cocean-noudo.csv%2523row%253D2%7CPb%7C,japan-gsj-marine-sediment,D2,info,review_required,GEOLOGIC_CONTEXT_MISSING,matched_geologic_unit,,记录没有来源直报或空间匹配的地质单元。,在比例尺与边界不确定性允许时执行空间匹配，并记录地图源、版本、匹配方法和边界距离；否则保留缺失。,true
ITER|rec-observation-v2%257Cjapan-gsj-marine-sediment%257Csrc-source-record-v2%25257Cjapan-gsj-marine-sediment%25257C880001%25257Cocean-noudo.csv%252523row%25253D2%257CZn%257C|ANALYTICAL_METHOD_MISSING|analytical_method|,rec-observation-v2%7Cjapan-gsj-marine-sediment%7Csrc-source-record-v2%257Cjapan-gsj-marine-sediment%257C880001%257Cocean-noudo.csv%2523row%253D2%7CZn%7C,japan-gsj-marine-sediment,D1,warning,action_required,ANALYTICAL_METHOD_MISSING,analytical_method,,分析方法证据缺失，跨来源浓度与元素组合不可可靠比较。,回查数据字典、方法论文或记录级元数据；同时绑定 method_source_locator，未找到时保留缺失原因。,true
ITER|rec-observation-v2%257Cjapan-gsj-marine-sediment%257Csrc-source-record-v2%25257Cjapan-gsj-marine-sediment%25257C880001%25257Cocean-noudo.csv%252523row%25253D2%257CZn%257C|GEOLOGIC_CONTEXT_MISSING|matched_geologic_unit|,rec-observation-v2%7Cjapan-gsj-marine-sediment%7Csrc-source-record-v2%257Cjapan-gsj-marine-sediment%257C880001%257Cocean-noudo.csv%2523row%253D2%7CZn%7C,japan-gsj-marine-sediment,D2,info,review_required,GEOLOGIC_CONTEXT_MISSING,matched_geologic_unit,,记录没有来源直报或空间匹配的地质单元。,在比例尺与边界不确定性允许时执行空间匹配，并记录地图源、版本、匹配方法和边界距离；否则保留缺失。,true
ITER|rec-observation-v2%257Cjapan-gsj-marine-sediment%257Csrc-source-record-v2%25257Cjapan-gsj-marine-sediment%25257C880002%25257Cocean-noudo.csv%252523row%25253D3%257CAs%257C|ANALYTICAL_METHOD_MISSING|analytical_method|,rec-observation-v2%7Cjapan-gsj-marine-sediment%7Csrc-source-record-v2%257Cjapan-gsj-marine-sediment%257C880002%257Cocean-noudo.csv%2523row%253D3%7CAs%7C,japan-gsj-marine-sediment,D1,warning,action_required,ANALYTICAL_METHOD_MISSING,analytical_method,,分析方法证据缺失，跨来源浓度与元素组合不可可靠比较。,回查数据字典、方法论文或记录级元数据；同时绑定 method_source_locator，未找到时保留缺失原因。,true
ITER|rec-observation-v2%257Cjapan-gsj-marine-sediment%257Csrc-source-record-v2%25257Cjapan-gsj-marine-sediment%25257C880002%25257Cocean-noudo.csv%252523row%25253D3%257CAs%257C|GEOLOGIC_CONTEXT_MISSING|matched_geologic_unit|,rec-observation-v2%7Cjapan-gsj-marine-sediment%7Csrc-source-record-v2%257Cjapan-gsj-marine-sediment%257C880002%257Cocean-noudo.csv%2523row%253D3%7CAs%7C,japan-gsj-marine-sediment,D2,info,review_required,GEOLOGIC_CONTEXT_MISSING,matched_geologic_unit,,记录没有来源直报或空间匹配的地质单元。,在比例尺与边界不确定性允许时执行空间匹配，并记录地图源、版本、匹配方法和边界距离；否则保留缺失。,true
ITER|rec-observation-v2%257Cjapan-gsj-marine-sediment%257Csrc-source-record-v2%25257Cjapan-gsj-marine-sediment%25257C880002%25257Cocean-noudo.csv%252523row%25253D3%257CCr%257C|ANALYTICAL_METHOD_MISSING|analytical_method|,rec-observation-v2%7Cjapan-gsj-marine-sediment%7Csrc-source-record-v2%257Cjapan-gsj-marine-sediment%257C880002%257Cocean-noudo.csv%2523row%253D3%7CCr%7C,japan-gsj-marine-sediment,D1,warning,action_required,ANALYTICAL_METHOD_MISSING,analytical_method,,分析方法证据缺失，跨来源浓度与元素组合不可可靠比较。,回查数据字典、方法论文或记录级元数据；同时绑定 method_source_locator，未找到时保留缺失原因。,true
ITER|rec-observation-v2%257Cjapan-gsj-marine-sediment%257Csrc-source-record-v2%25257Cjapan-gsj-marine-sediment%25257C880002%25257Cocean-noudo.csv%252523row%25253D3%257CCr%257C|GEOLOGIC_CONTEXT_MISSING|matched_geologic_unit|,rec-observation-v2%7Cjapan-gsj-marine-sediment%7Csrc-source-record-v2%257Cjapan-gsj-marine-sediment%257C880002%257Cocean-noudo.csv%2523row%253D3%7CCr%7C,japan-gsj-marine-sediment,D2,info,review_required,GEOLOGIC_CONTEXT_MISSING,matched_geologic_unit,,记录没有来源直报或空间匹配的地质单元。,在比例尺与边界不确定性允许时执行空间匹配，并记录地图源、版本、匹配方法和边界距离；否则保留缺失。,true
ITER|rec-observation-v2%257Cjapan-gsj-marine-sediment%257Csrc-source-record-v2%25257Cjapan-gsj-marine-sediment%25257C880002%25257Cocean-noudo.csv%252523row%25253D3%257CCu%257C|ANALYTICAL_METHOD_MISSING|analytical_method|,rec-observation-v2%7Cjapan-gsj-marine-sediment%7Csrc-source-record-v2%257Cjapan-gsj-marine-sediment%257C880002%257Cocean-noudo.csv%2523row%253D3%7CCu%7C,japan-gsj-marine-sediment,D1,warning,action_required,ANALYTICAL_METHOD_MISSING,analytical_method,,分析方法证据缺失，跨来源浓度与元素组合不可可靠比较。,回查数据字典、方法论文或记录级元数据；同时绑定 method_source_locator，未找到时保留缺失原因。,true
ITER|rec-observation-v2%257Cjapan-gsj-marine-sediment%257Csrc-source-record-v2%25257Cjapan-gsj-marine-sediment%25257C880002%25257Cocean-noudo.csv%252523row%25253D3%257CCu%257C|GEOLOGIC_CONTEXT_MISSING|matched_geologic_unit|,rec-observation-v2%7Cjapan-gsj-marine-sediment%7Csrc-source-record-v2%257Cjapan-gsj-marine-sediment%257C880002%257Cocean-noudo.csv%2523row%253D3%7CCu%7C,japan-gsj-marine-sediment,D2,info,review_required,GEOLOGIC_CONTEXT_MISSING,matched_geologic_unit,,记录没有来源直报或空间匹配的地质单元。,在比例尺与边界不确定性允许时执行空间匹配，并记录地图源、版本、匹配方法和边界距离；否则保留缺失。,true
ITER|rec-observation-v2%257Cjapan-gsj-marine-sediment%257Csrc-source-record-v2%25257Cjapan-gsj-marine-sediment%25257C880002%25257Cocean-noudo.csv%252523row%25253D3%257CHg%257C|ANALYTICAL_METHOD_MISSING|analytical_method|,rec-observation-v2%7Cjapan-gsj-marine-sediment%7Csrc-source-record-v2%257Cjapan-gsj-marine-sediment%257C880002%257Cocean-noudo.csv%2523row%253D3%7CHg%7C,japan-gsj-marine-sediment,D1,warning,action_required,ANALYTICAL_METHOD_MISSING,analytical_method,,分析方法证据缺失，跨来源浓度与元素组合不可可靠比较。,回查数据字典、方法论文或记录级元数据；同时绑定 method_source_locator，未找到时保留缺失原因。,true
ITER|rec-observation-v2%257Cjapan-gsj-marine-sediment%257Csrc-source-record-v2%25257Cjapan-gsj-marine-sediment%25257C880002%25257Cocean-noudo.csv%252523row%25253D3%257CHg%257C|GEOLOGIC_CONTEXT_MISSING|matched_geologic_unit|,rec-observation-v2%7Cjapan-gsj-marine-sediment%7Csrc-source-record-v2%257Cjapan-gsj-marine-sediment%257C880002%257Cocean-noudo.csv%2523row%253D3%7CHg%7C,japan-gsj-marine-sediment,D2,info,review_required,GEOLOGIC_CONTEXT_MISSING,matched_geologic_unit,,记录没有来源直报或空间匹配的地质单元。,在比例尺与边界不确定性允许时执行空间匹配，并记录地图源、版本、匹配方法和边界距离；否则保留缺失。,true
ITER|rec-observation-v2%257Cjapan-gsj-marine-sediment%257Csrc-source-record-v2%25257Cjapan-gsj-marine-sediment%25257C880002%25257Cocean-noudo.csv%252523row%25253D3%257CNi%257C|ANALYTICAL_METHOD_MISSING|analytical_method|,rec-observation-v2%7Cjapan-gsj-marine-sediment%7Csrc-source-record-v2%257Cjapan-gsj-marine-sediment%257C880002%257Cocean-noudo.csv%2523row%253D3%7CNi%7C,japan-gsj-marine-sediment,D1,warning,action_required,ANALYTICAL_METHOD_MISSING,analytical_method,,分析方法证据缺失，跨来源浓度与元素组合不可可靠比较。,回查数据字典、方法论文或记录级元数据；同时绑定 method_source_locator，未找到时保留缺失原因。,true
ITER|rec-observation-v2%257Cjapan-gsj-marine-sediment%257Csrc-source-record-v2%25257Cjapan-gsj-marine-sediment%25257C880002%25257Cocean-noudo.csv%252523row%25253D3%257CNi%257C|GEOLOGIC_CONTEXT_MISSING|matched_geologic_unit|,rec-observation-v2%7Cjapan-gsj-marine-sediment%7Csrc-source-record-v2%257Cjapan-gsj-marine-sediment%257C880002%257Cocean-noudo.csv%2523row%253D3%7CNi%7C,japan-gsj-marine-sediment,D2,info,review_required,GEOLOGIC_CONTEXT_MISSING,matched_geologic_unit,,记录没有来源直报或空间匹配的地质单元。,在比例尺与边界不确定性允许时执行空间匹配，并记录地图源、版本、匹配方法和边界距离；否则保留缺失。,true
ITER|rec-observation-v2%257Cjapan-gsj-marine-sediment%257Csrc-source-record-v2%25257Cjapan-gsj-marine-sediment%25257C880002%25257Cocean-noudo.csv%252523row%25253D3%257CPb%257C|ANALYTICAL_METHOD_MISSING|analytical_method|,rec-observation-v2%7Cjapan-gsj-marine-sediment%7Csrc-source-record-v2%257Cjapan-gsj-marine-sediment%257C880002%257Cocean-noudo.csv%2523row%253D3%7CPb%7C,japan-gsj-marine-sediment,D1,warning,action_required,ANALYTICAL_METHOD_MISSING,analytical_method,,分析方法证据缺失，跨来源浓度与元素组合不可可靠比较。,回查数据字典、方法论文或记录级元数据；同时绑定 method_source_locator，未找到时保留缺失原因。,true
ITER|rec-observation-v2%257Cjapan-gsj-marine-sediment%257Csrc-source-record-v2%25257Cjapan-gsj-marine-sediment%25257C880002%25257Cocean-noudo.csv%252523row%25253D3%257CPb%257C|GEOLOGIC_CONTEXT_MISSING|matched_geologic_unit|,rec-observation-v2%7Cjapan-gsj-marine-sediment%7Csrc-source-record-v2%257Cjapan-gsj-marine-sediment%257C880002%257Cocean-noudo.csv%2523row%253D3%7CPb%7C,japan-gsj-marine-sediment,D2,info,review_required,GEOLOGIC_CONTEXT_MISSING,matched_geologic_unit,,记录没有来源直报或空间匹配的地质单元。,在比例尺与边界不确定性允许时执行空间匹配，并记录地图源、版本、匹配方法和边界距离；否则保留缺失。,true
ITER|rec-observation-v2%257Cjapan-gsj-marine-sediment%257Csrc-source-record-v2%25257Cjapan-gsj-marine-sediment%25257C880002%25257Cocean-noudo.csv%252523row%25253D3%257CZn%257C|ANALYTICAL_METHOD_MISSING|analytical_method|,rec-observation-v2%7Cjapan-gsj-marine-sediment%7Csrc-source-record-v2%257Cjapan-gsj-marine-sediment%257C880002%257Cocean-noudo.csv%2523row%253D3%7CZn%7C,japan-gsj-marine-sediment,D1,warning,action_required,ANALYTICAL_METHOD_MISSING,analytical_method,,分析方法证据缺失，跨来源浓度与元素组合不可可靠比较。,回查数据字典、方法论文或记录级元数据；同时绑定 method_source_locator，未找到时保留缺失原因。,true
ITER|rec-observation-v2%257Cjapan-gsj-marine-sediment%257Csrc-source-record-v2%25257Cjapan-gsj-marine-sediment%25257C880002%25257Cocean-noudo.csv%252523row%25253D3%257CZn%257C|GEOLOGIC_CONTEXT_MISSING|matched_geologic_unit|,rec-observation-v2%7Cjapan-gsj-marine-sediment%7Csrc-source-record-v2%257Cjapan-gsj-marine-sediment%257C880002%257Cocean-noudo.csv%2523row%253D3%7CZn%7C,japan-gsj-marine-sediment,D2,info,review_required,GEOLOGIC_CONTEXT_MISSING,matched_geologic_unit,,记录没有来源直报或空间匹配的地质单元。,在比例尺与边界不确定性允许时执行空间匹配，并记录地图源、版本、匹配方法和边界距离；否则保留缺失。,true
ITER|rec-observation-v2%257Cjapan-gsj-marine-sediment%257Csrc-source-record-v2%25257Cjapan-gsj-marine-sediment%25257C880003%25257Cocean-noudo.csv%252523row%25253D4%257CAs%257C|ANALYTICAL_METHOD_MISSING|analytical_method|,rec-observation-v2%7Cjapan-gsj-marine-sediment%7Csrc-source-record-v2%257Cjapan-gsj-marine-sediment%257C880003%257Cocean-noudo.csv%2523row%253D4%7CAs%7C,japan-gsj-marine-sediment,D1,warning,action_required,ANALYTICAL_METHOD_MISSING,analytical_method,,分析方法证据缺失，跨来源浓度与元素组合不可可靠比较。,回查数据字典、方法论文或记录级元数据；同时绑定 method_source_locator，未找到时保留缺失原因。,true
ITER|rec-observation-v2%257Cjapan-gsj-marine-sediment%257Csrc-source-record-v2%25257Cjapan-gsj-marine-sediment%25257C880003%25257Cocean-noudo.csv%252523row%25253D4%257CAs%257C|GEOLOGIC_CONTEXT_MISSING|matched_geologic_unit|,rec-observation-v2%7Cjapan-gsj-marine-sediment%7Csrc-source-record-v2%257Cjapan-gsj-marine-sediment%257C880003%257Cocean-noudo.csv%2523row%253D4%7CAs%7C,japan-gsj-marine-sediment,D2,info,review_required,GEOLOGIC_CONTEXT_MISSING,matched_geologic_unit,,记录没有来源直报或空间匹配的地质单元。,在比例尺与边界不确定性允许时执行空间匹配，并记录地图源、版本、匹配方法和边界距离；否则保留缺失。,true
ITER|rec-observation-v2%257Cjapan-gsj-marine-sediment%257Csrc-source-record-v2%25257Cjapan-gsj-marine-sediment%25257C880003%25257Cocean-noudo.csv%252523row%25253D4%257CCr%257C|ANALYTICAL_METHOD_MISSING|analytical_method|,rec-observation-v2%7Cjapan-gsj-marine-sediment%7Csrc-source-record-v2%257Cjapan-gsj-marine-sediment%257C880003%257Cocean-noudo.csv%2523row%253D4%7CCr%7C,japan-gsj-marine-sediment,D1,warning,action_required,ANALYTICAL_METHOD_MISSING,analytical_method,,分析方法证据缺失，跨来源浓度与元素组合不可可靠比较。,回查数据字典、方法论文或记录级元数据；同时绑定 method_source_locator，未找到时保留缺失原因。,true
ITER|rec-observation-v2%257Cjapan-gsj-marine-sediment%257Csrc-source-record-v2%25257Cjapan-gsj-marine-sediment%25257C880003%25257Cocean-noudo.csv%252523row%25253D4%257CCr%257C|GEOLOGIC_CONTEXT_MISSING|matched_geologic_unit|,rec-observation-v2%7Cjapan-gsj-marine-sediment%7Csrc-source-record-v2%257Cjapan-gsj-marine-sediment%257C880003%257Cocean-noudo.csv%2523row%253D4%7CCr%7C,japan-gsj-marine-sediment,D2,info,review_required,GEOLOGIC_CONTEXT_MISSING,matched_geologic_unit,,记录没有来源直报或空间匹配的地质单元。,在比例尺与边界不确定性允许时执行空间匹配，并记录地图源、版本、匹配方法和边界距离；否则保留缺失。,true
ITER|rec-observation-v2%257Cjapan-gsj-marine-sediment%257Csrc-source-record-v2%25257Cjapan-gsj-marine-sediment%25257C880003%25257Cocean-noudo.csv%252523row%25253D4%257CCu%257C|ANALYTICAL_METHOD_MISSING|analytical_method|,rec-observation-v2%7Cjapan-gsj-marine-sediment%7Csrc-source-record-v2%257Cjapan-gsj-marine-sediment%257C880003%257Cocean-noudo.csv%2523row%253D4%7CCu%7C,japan-gsj-marine-sediment,D1,warning,action_required,ANALYTICAL_METHOD_MISSING,analytical_method,,分析方法证据缺失，跨来源浓度与元素组合不可可靠比较。,回查数据字典、方法论文或记录级元数据；同时绑定 method_source_locator，未找到时保留缺失原因。,true
ITER|rec-observation-v2%257Cjapan-gsj-marine-sediment%257Csrc-source-record-v2%25257Cjapan-gsj-marine-sediment%25257C880003%25257Cocean-noudo.csv%252523row%25253D4%257CCu%257C|GEOLOGIC_CONTEXT_MISSING|matched_geologic_unit|,rec-observation-v2%7Cjapan-gsj-marine-sediment%7Csrc-source-record-v2%257Cjapan-gsj-marine-sediment%257C880003%257Cocean-noudo.csv%2523row%253D4%7CCu%7C,japan-gsj-marine-sediment,D2,info,review_required,GEOLOGIC_CONTEXT_MISSING,matched_geologic_unit,,记录没有来源直报或空间匹配的地质单元。,在比例尺与边界不确定性允许时执行空间匹配，并记录地图源、版本、匹配方法和边界距离；否则保留缺失。,true
ITER|rec-observation-v2%257Cjapan-gsj-marine-sediment%257Csrc-source-record-v2%25257Cjapan-gsj-marine-sediment%25257C880003%25257Cocean-noudo.csv%252523row%25253D4%257CHg%257C|ANALYTICAL_METHOD_MISSING|analytical_method|,rec-observation-v2%7Cjapan-gsj-marine-sediment%7Csrc-source-record-v2%257Cjapan-gsj-marine-sediment%257C880003%257Cocean-noudo.csv%2523row%253D4%7CHg%7C,japan-gsj-marine-sediment,D1,warning,action_required,ANALYTICAL_METHOD_MISSING,analytical_method,,分析方法证据缺失，跨来源浓度与元素组合不可可靠比较。,回查数据字典、方法论文或记录级元数据；同时绑定 method_source_locator，未找到时保留缺失原因。,true
ITER|rec-observation-v2%257Cjapan-gsj-marine-sediment%257Csrc-source-record-v2%25257Cjapan-gsj-marine-sediment%25257C880003%25257Cocean-noudo.csv%252523row%25253D4%257CHg%257C|GEOLOGIC_CONTEXT_MISSING|matched_geologic_unit|,rec-observation-v2%7Cjapan-gsj-marine-sediment%7Csrc-source-record-v2%257Cjapan-gsj-marine-sediment%257C880003%257Cocean-noudo.csv%2523row%253D4%7CHg%7C,japan-gsj-marine-sediment,D2,info,review_required,GEOLOGIC_CONTEXT_MISSING,matched_geologic_unit,,记录没有来源直报或空间匹配的地质单元。,在比例尺与边界不确定性允许时执行空间匹配，并记录地图源、版本、匹配方法和边界距离；否则保留缺失。,true
ITER|rec-observation-v2%257Cjapan-gsj-marine-sediment%257Csrc-source-record-v2%25257Cjapan-gsj-marine-sediment%25257C880003%25257Cocean-noudo.csv%252523row%25253D4%257CNi%257C|ANALYTICAL_METHOD_MISSING|analytical_method|,rec-observation-v2%7Cjapan-gsj-marine-sediment%7Csrc-source-record-v2%257Cjapan-gsj-marine-sediment%257C880003%257Cocean-noudo.csv%2523row%253D4%7CNi%7C,japan-gsj-marine-sediment,D1,warning,action_required,ANALYTICAL_METHOD_MISSING,analytical_method,,分析方法证据缺失，跨来源浓度与元素组合不可可靠比较。,回查数据字典、方法论文或记录级元数据；同时绑定 method_source_locator，未找到时保留缺失原因。,true
ITER|rec-observation-v2%257Cjapan-gsj-marine-sediment%257Csrc-source-record-v2%25257Cjapan-gsj-marine-sediment%25257C880003%25257Cocean-noudo.csv%252523row%25253D4%257CNi%257C|GEOLOGIC_CONTEXT_MISSING|matched_geologic_unit|,rec-observation-v2%7Cjapan-gsj-marine-sediment%7Csrc-source-record-v2%257Cjapan-gsj-marine-sediment%257C880003%257Cocean-noudo.csv%2523row%253D4%7CNi%7C,japan-gsj-marine-sediment,D2,info,review_required,GEOLOGIC_CONTEXT_MISSING,matched_geologic_unit,,记录没有来源直报或空间匹配的地质单元。,在比例尺与边界不确定性允许时执行空间匹配，并记录地图源、版本、匹配方法和边界距离；否则保留缺失。,true
ITER|rec-observation-v2%257Cjapan-gsj-marine-sediment%257Csrc-source-record-v2%25257Cjapan-gsj-marine-sediment%25257C880003%25257Cocean-noudo.csv%252523row%25253D4%257CPb%257C|ANALYTICAL_METHOD_MISSING|analytical_method|,rec-observation-v2%7Cjapan-gsj-marine-sediment%7Csrc-source-record-v2%257Cjapan-gsj-marine-sediment%257C880003%257Cocean-noudo.csv%2523row%253D4%7CPb%7C,japan-gsj-marine-sediment,D1,warning,action_required,ANALYTICAL_METHOD_MISSING,analytical_method,,分析方法证据缺失，跨来源浓度与元素组合不可可靠比较。,回查数据字典、方法论文或记录级元数据；同时绑定 method_source_locator，未找到时保留缺失原因。,true
ITER|rec-observation-v2%257Cjapan-gsj-marine-sediment%257Csrc-source-record-v2%25257Cjapan-gsj-marine-sediment%25257C880003%25257Cocean-noudo.csv%252523row%25253D4%257CPb%257C|GEOLOGIC_CONTEXT_MISSING|matched_geologic_unit|,rec-observation-v2%7Cjapan-gsj-marine-sediment%7Csrc-source-record-v2%257Cjapan-gsj-marine-sediment%257C880003%257Cocean-noudo.csv%2523row%253D4%7CPb%7C,japan-gsj-marine-sediment,D2,info,review_required,GEOLOGIC_CONTEXT_MISSING,matched_geologic_unit,,记录没有来源直报或空间匹配的地质单元。,在比例尺与边界不确定性允许时执行空间匹配，并记录地图源、版本、匹配方法和边界距离；否则保留缺失。,true
ITER|rec-observation-v2%257Cjapan-gsj-marine-sediment%257Csrc-source-record-v2%25257Cjapan-gsj-marine-sediment%25257C880003%25257Cocean-noudo.csv%252523row%25253D4%257CZn%257C|ANALYTICAL_METHOD_MISSING|analytical_method|,rec-observation-v2%7Cjapan-gsj-marine-sediment%7Csrc-source-record-v2%257Cjapan-gsj-marine-sediment%257C880003%257Cocean-noudo.csv%2523row%253D4%7CZn%7C,japan-gsj-marine-sediment,D1,warning,action_required,ANALYTICAL_METHOD_MISSING,analytical_method,,分析方法证据缺失，跨来源浓度与元素组合不可可靠比较。,回查数据字典、方法论文或记录级元数据；同时绑定 method_source_locator，未找到时保留缺失原因。,true
ITER|rec-observation-v2%257Cjapan-gsj-marine-sediment%257Csrc-source-record-v2%25257Cjapan-gsj-marine-sediment%25257C880003%25257Cocean-noudo.csv%252523row%25253D4%257CZn%257C|GEOLOGIC_CONTEXT_MISSING|matched_geologic_unit|,rec-observation-v2%7Cjapan-gsj-marine-sediment%7Csrc-source-record-v2%257Cjapan-gsj-marine-sediment%257C880003%257Cocean-noudo.csv%2523row%253D4%7CZn%7C,japan-gsj-marine-sediment,D2,info,review_required,GEOLOGIC_CONTEXT_MISSING,matched_geologic_unit,,记录没有来源直报或空间匹配的地质单元。,在比例尺与边界不确定性允许时执行空间匹配，并记录地图源、版本、匹配方法和边界距离；否则保留缺失。,true
ITER|rec-observation-v2%257Cjapan-gsj-marine-sediment%257Csrc-source-record-v2%25257Cjapan-gsj-marine-sediment%25257C880004%25257Cocean-noudo.csv%252523row%25253D5%257CAs%257C|ANALYTICAL_METHOD_MISSING|analytical_method|,rec-observation-v2%7Cjapan-gsj-marine-sediment%7Csrc-source-record-v2%257Cjapan-gsj-marine-sediment%257C880004%257Cocean-noudo.csv%2523row%253D5%7CAs%7C,japan-gsj-marine-sediment,D1,warning,action_required,ANALYTICAL_METHOD_MISSING,analytical_method,,分析方法证据缺失，跨来源浓度与元素组合不可可靠比较。,回查数据字典、方法论文或记录级元数据；同时绑定 method_source_locator，未找到时保留缺失原因。,true
ITER|rec-observation-v2%257Cjapan-gsj-marine-sediment%257Csrc-source-record-v2%25257Cjapan-gsj-marine-sediment%25257C880004%25257Cocean-noudo.csv%252523row%25253D5%257CAs%257C|GEOLOGIC_CONTEXT_MISSING|matched_geologic_unit|,rec-observation-v2%7Cjapan-gsj-marine-sediment%7Csrc-source-record-v2%257Cjapan-gsj-marine-sediment%257C880004%257Cocean-noudo.csv%2523row%253D5%7CAs%7C,japan-gsj-marine-sediment,D2,info,review_required,GEOLOGIC_CONTEXT_MISSING,matched_geologic_unit,,记录没有来源直报或空间匹配的地质单元。,在比例尺与边界不确定性允许时执行空间匹配，并记录地图源、版本、匹配方法和边界距离；否则保留缺失。,true
ITER|rec-observation-v2%257Cjapan-gsj-marine-sediment%257Csrc-source-record-v2%25257Cjapan-gsj-marine-sediment%25257C880004%25257Cocean-noudo.csv%252523row%25253D5%257CCr%257C|ANALYTICAL_METHOD_MISSING|analytical_method|,rec-observation-v2%7Cjapan-gsj-marine-sediment%7Csrc-source-record-v2%257Cjapan-gsj-marine-sediment%257C880004%257Cocean-noudo.csv%2523row%253D5%7CCr%7C,japan-gsj-marine-sediment,D1,warning,action_required,ANALYTICAL_METHOD_MISSING,analytical_method,,分析方法证据缺失，跨来源浓度与元素组合不可可靠比较。,回查数据字典、方法论文或记录级元数据；同时绑定 method_source_locator，未找到时保留缺失原因。,true
ITER|rec-observation-v2%257Cjapan-gsj-marine-sediment%257Csrc-source-record-v2%25257Cjapan-gsj-marine-sediment%25257C880004%25257Cocean-noudo.csv%252523row%25253D5%257CCr%257C|GEOLOGIC_CONTEXT_MISSING|matched_geologic_unit|,rec-observation-v2%7Cjapan-gsj-marine-sediment%7Csrc-source-record-v2%257Cjapan-gsj-marine-sediment%257C880004%257Cocean-noudo.csv%2523row%253D5%7CCr%7C,japan-gsj-marine-sediment,D2,info,review_required,GEOLOGIC_CONTEXT_MISSING,matched_geologic_unit,,记录没有来源直报或空间匹配的地质单元。,在比例尺与边界不确定性允许时执行空间匹配，并记录地图源、版本、匹配方法和边界距离；否则保留缺失。,true
ITER|rec-observation-v2%257Cjapan-gsj-marine-sediment%257Csrc-source-record-v2%25257Cjapan-gsj-marine-sediment%25257C880004%25257Cocean-noudo.csv%252523row%25253D5%257CCu%257C|ANALYTICAL_METHOD_MISSING|analytical_method|,rec-observation-v2%7Cjapan-gsj-marine-sediment%7Csrc-source-record-v2%257Cjapan-gsj-marine-sediment%257C880004%257Cocean-noudo.csv%2523row%253D5%7CCu%7C,japan-gsj-marine-sediment,D1,warning,action_required,ANALYTICAL_METHOD_MISSING,analytical_method,,分析方法证据缺失，跨来源浓度与元素组合不可可靠比较。,回查数据字典、方法论文或记录级元数据；同时绑定 method_source_locator，未找到时保留缺失原因。,true
ITER|rec-observation-v2%257Cjapan-gsj-marine-sediment%257Csrc-source-record-v2%25257Cjapan-gsj-marine-sediment%25257C880004%25257Cocean-noudo.csv%252523row%25253D5%257CCu%257C|GEOLOGIC_CONTEXT_MISSING|matched_geologic_unit|,rec-observation-v2%7Cjapan-gsj-marine-sediment%7Csrc-source-record-v2%257Cjapan-gsj-marine-sediment%257C880004%257Cocean-noudo.csv%2523row%253D5%7CCu%7C,japan-gsj-marine-sediment,D2,info,review_required,GEOLOGIC_CONTEXT_MISSING,matched_geologic_unit,,记录没有来源直报或空间匹配的地质单元。,在比例尺与边界不确定性允许时执行空间匹配，并记录地图源、版本、匹配方法和边界距离；否则保留缺失。,true
ITER|rec-observation-v2%257Cjapan-gsj-marine-sediment%257Csrc-source-record-v2%25257Cjapan-gsj-marine-sediment%25257C880004%25257Cocean-noudo.csv%252523row%25253D5%257CHg%257C|ANALYTICAL_METHOD_MISSING|analytical_method|,rec-observation-v2%7Cjapan-gsj-marine-sediment%7Csrc-source-record-v2%257Cjapan-gsj-marine-sediment%257C880004%257Cocean-noudo.csv%2523row%253D5%7CHg%7C,japan-gsj-marine-sediment,D1,warning,action_required,ANALYTICAL_METHOD_MISSING,analytical_method,,分析方法证据缺失，跨来源浓度与元素组合不可可靠比较。,回查数据字典、方法论文或记录级元数据；同时绑定 method_source_locator，未找到时保留缺失原因。,true
ITER|rec-observation-v2%257Cjapan-gsj-marine-sediment%257Csrc-source-record-v2%25257Cjapan-gsj-marine-sediment%25257C880004%25257Cocean-noudo.csv%252523row%25253D5%257CHg%257C|GEOLOGIC_CONTEXT_MISSING|matched_geologic_unit|,rec-observation-v2%7Cjapan-gsj-marine-sediment%7Csrc-source-record-v2%257Cjapan-gsj-marine-sediment%257C880004%257Cocean-noudo.csv%2523row%253D5%7CHg%7C,japan-gsj-marine-sediment,D2,info,review_required,GEOLOGIC_CONTEXT_MISSING,matched_geologic_unit,,记录没有来源直报或空间匹配的地质单元。,在比例尺与边界不确定性允许时执行空间匹配，并记录地图源、版本、匹配方法和边界距离；否则保留缺失。,true
ITER|rec-observation-v2%257Cjapan-gsj-marine-sediment%257Csrc-source-record-v2%25257Cjapan-gsj-marine-sediment%25257C880004%25257Cocean-noudo.csv%252523row%25253D5%257CNi%257C|ANALYTICAL_METHOD_MISSING|analytical_method|,rec-observation-v2%7Cjapan-gsj-marine-sediment%7Csrc-source-record-v2%257Cjapan-gsj-marine-sediment%257C880004%257Cocean-noudo.csv%2523row%253D5%7CNi%7C,japan-gsj-marine-sediment,D1,warning,action_required,ANALYTICAL_METHOD_MISSING,analytical_method,,分析方法证据缺失，跨来源浓度与元素组合不可可靠比较。,回查数据字典、方法论文或记录级元数据；同时绑定 method_source_locator，未找到时保留缺失原因。,true
ITER|rec-observation-v2%257Cjapan-gsj-marine-sediment%257Csrc-source-record-v2%25257Cjapan-gsj-marine-sediment%25257C880004%25257Cocean-noudo.csv%252523row%25253D5%257CNi%257C|GEOLOGIC_CONTEXT_MISSING|matched_geologic_unit|,rec-observation-v2%7Cjapan-gsj-marine-sediment%7Csrc-source-record-v2%257Cjapan-gsj-marine-sediment%257C880004%257Cocean-noudo.csv%2523row%253D5%7CNi%7C,japan-gsj-marine-sediment,D2,info,review_required,GEOLOGIC_CONTEXT_MISSING,matched_geologic_unit,,记录没有来源直报或空间匹配的地质单元。,在比例尺与边界不确定性允许时执行空间匹配，并记录地图源、版本、匹配方法和边界距离；否则保留缺失。,true
ITER|rec-observation-v2%257Cjapan-gsj-marine-sediment%257Csrc-source-record-v2%25257Cjapan-gsj-marine-sediment%25257C880004%25257Cocean-noudo.csv%252523row%25253D5%257CPb%257C|ANALYTICAL_METHOD_MISSING|analytical_method|,rec-observation-v2%7Cjapan-gsj-marine-sediment%7Csrc-source-record-v2%257Cjapan-gsj-marine-sediment%257C880004%257Cocean-noudo.csv%2523row%253D5%7CPb%7C,japan-gsj-marine-sediment,D1,warning,action_required,ANALYTICAL_METHOD_MISSING,analytical_method,,分析方法证据缺失，跨来源浓度与元素组合不可可靠比较。,回查数据字典、方法论文或记录级元数据；同时绑定 method_source_locator，未找到时保留缺失原因。,true
ITER|rec-observation-v2%257Cjapan-gsj-marine-sediment%257Csrc-source-record-v2%25257Cjapan-gsj-marine-sediment%25257C880004%25257Cocean-noudo.csv%252523row%25253D5%257CPb%257C|GEOLOGIC_CONTEXT_MISSING|matched_geologic_unit|,rec-observation-v2%7Cjapan-gsj-marine-sediment%7Csrc-source-record-v2%257Cjapan-gsj-marine-sediment%257C880004%257Cocean-noudo.csv%2523row%253D5%7CPb%7C,japan-gsj-marine-sediment,D2,info,review_required,GEOLOGIC_CONTEXT_MISSING,matched_geologic_unit,,记录没有来源直报或空间匹配的地质单元。,在比例尺与边界不确定性允许时执行空间匹配，并记录地图源、版本、匹配方法和边界距离；否则保留缺失。,true
ITER|rec-observation-v2%257Cjapan-gsj-marine-sediment%257Csrc-source-record-v2%25257Cjapan-gsj-marine-sediment%25257C880004%25257Cocean-noudo.csv%252523row%25253D5%257CZn%257C|ANALYTICAL_METHOD_MISSING|analytical_method|,rec-observation-v2%7Cjapan-gsj-marine-sediment%7Csrc-source-record-v2%257Cjapan-gsj-marine-sediment%257C880004%257Cocean-noudo.csv%2523row%253D5%7CZn%7C,japan-gsj-marine-sediment,D1,warning,action_required,ANALYTICAL_METHOD_MISSING,analytical_method,,分析方法证据缺失，跨来源浓度与元素组合不可可靠比较。,回查数据字典、方法论文或记录级元数据；同时绑定 method_source_locator，未找到时保留缺失原因。,true
ITER|rec-observation-v2%257Cjapan-gsj-marine-sediment%257Csrc-source-record-v2%25257Cjapan-gsj-marine-sediment%25257C880004%25257Cocean-noudo.csv%252523row%25253D5%257CZn%257C|GEOLOGIC_CONTEXT_MISSING|matched_geologic_unit|,rec-observation-v2%7Cjapan-gsj-marine-sediment%7Csrc-source-record-v2%257Cjapan-gsj-marine-sediment%257C880004%257Cocean-noudo.csv%2523row%253D5%7CZn%7C,japan-gsj-marine-sediment,D2,info,review_required,GEOLOGIC_CONTEXT_MISSING,matched_geologic_unit,,记录没有来源直报或空间匹配的地质单元。,在比例尺与边界不确定性允许时执行空间匹配，并记录地图源、版本、匹配方法和边界距离；否则保留缺失。,true
ITER|rec-observation-v2%257Cjapan-gsj-marine-sediment%257Csrc-source-record-v2%25257Cjapan-gsj-marine-sediment%25257C880005%25257Cocean-noudo.csv%252523row%25253D6%257CAs%257C|ANALYTICAL_METHOD_MISSING|analytical_method|,rec-observation-v2%7Cjapan-gsj-marine-sediment%7Csrc-source-record-v2%257Cjapan-gsj-marine-sediment%257C880005%257Cocean-noudo.csv%2523row%253D6%7CAs%7C,japan-gsj-marine-sediment,D1,warning,action_required,ANALYTICAL_METHOD_MISSING,analytical_method,,分析方法证据缺失，跨来源浓度与元素组合不可可靠比较。,回查数据字典、方法论文或记录级元数据；同时绑定 method_source_locator，未找到时保留缺失原因。,true
ITER|rec-observation-v2%257Cjapan-gsj-marine-sediment%257Csrc-source-record-v2%25257Cjapan-gsj-marine-sediment%25257C880005%25257Cocean-noudo.csv%252523row%25253D6%257CAs%257C|GEOLOGIC_CONTEXT_MISSING|matched_geologic_unit|,rec-observation-v2%7Cjapan-gsj-marine-sediment%7Csrc-source-record-v2%257Cjapan-gsj-marine-sediment%257C880005%257Cocean-noudo.csv%2523row%253D6%7CAs%7C,japan-gsj-marine-sediment,D2,info,review_required,GEOLOGIC_CONTEXT_MISSING,matched_geologic_unit,,记录没有来源直报或空间匹配的地质单元。,在比例尺与边界不确定性允许时执行空间匹配，并记录地图源、版本、匹配方法和边界距离；否则保留缺失。,true
ITER|rec-observation-v2%257Cjapan-gsj-marine-sediment%257Csrc-source-record-v2%25257Cjapan-gsj-marine-sediment%25257C880005%25257Cocean-noudo.csv%252523row%25253D6%257CCr%257C|ANALYTICAL_METHOD_MISSING|analytical_method|,rec-observation-v2%7Cjapan-gsj-marine-sediment%7Csrc-source-record-v2%257Cjapan-gsj-marine-sediment%257C880005%257Cocean-noudo.csv%2523row%253D6%7CCr%7C,japan-gsj-marine-sediment,D1,warning,action_required,ANALYTICAL_METHOD_MISSING,analytical_method,,分析方法证据缺失，跨来源浓度与元素组合不可可靠比较。,回查数据字典、方法论文或记录级元数据；同时绑定 method_source_locator，未找到时保留缺失原因。,true
ITER|rec-observation-v2%257Cjapan-gsj-marine-sediment%257Csrc-source-record-v2%25257Cjapan-gsj-marine-sediment%25257C880005%25257Cocean-noudo.csv%252523row%25253D6%257CCr%257C|GEOLOGIC_CONTEXT_MISSING|matched_geologic_unit|,rec-observation-v2%7Cjapan-gsj-marine-sediment%7Csrc-source-record-v2%257Cjapan-gsj-marine-sediment%257C880005%257Cocean-noudo.csv%2523row%253D6%7CCr%7C,japan-gsj-marine-sediment,D2,info,review_required,GEOLOGIC_CONTEXT_MISSING,matched_geologic_unit,,记录没有来源直报或空间匹配的地质单元。,在比例尺与边界不确定性允许时执行空间匹配，并记录地图源、版本、匹配方法和边界距离；否则保留缺失。,true
ITER|rec-observation-v2%257Cjapan-gsj-marine-sediment%257Csrc-source-record-v2%25257Cjapan-gsj-marine-sediment%25257C880005%25257Cocean-noudo.csv%252523row%25253D6%257CCu%257C|ANALYTICAL_METHOD_MISSING|analytical_method|,rec-observation-v2%7Cjapan-gsj-marine-sediment%7Csrc-source-record-v2%257Cjapan-gsj-marine-sediment%257C880005%257Cocean-noudo.csv%2523row%253D6%7CCu%7C,japan-gsj-marine-sediment,D1,warning,action_required,ANALYTICAL_METHOD_MISSING,analytical_method,,分析方法证据缺失，跨来源浓度与元素组合不可可靠比较。,回查数据字典、方法论文或记录级元数据；同时绑定 method_source_locator，未找到时保留缺失原因。,true
ITER|rec-observation-v2%257Cjapan-gsj-marine-sediment%257Csrc-source-record-v2%25257Cjapan-gsj-marine-sediment%25257C880005%25257Cocean-noudo.csv%252523row%25253D6%257CCu%257C|GEOLOGIC_CONTEXT_MISSING|matched_geologic_unit|,rec-observation-v2%7Cjapan-gsj-marine-sediment%7Csrc-source-record-v2%257Cjapan-gsj-marine-sediment%257C880005%257Cocean-noudo.csv%2523row%253D6%7CCu%7C,japan-gsj-marine-sediment,D2,info,review_required,GEOLOGIC_CONTEXT_MISSING,matched_geologic_unit,,记录没有来源直报或空间匹配的地质单元。,在比例尺与边界不确定性允许时执行空间匹配，并记录地图源、版本、匹配方法和边界距离；否则保留缺失。,true
ITER|rec-observation-v2%257Cjapan-gsj-marine-sediment%257Csrc-source-record-v2%25257Cjapan-gsj-marine-sediment%25257C880005%25257Cocean-noudo.csv%252523row%25253D6%257CHg%257C|ANALYTICAL_METHOD_MISSING|analytical_method|,rec-observation-v2%7Cjapan-gsj-marine-sediment%7Csrc-source-record-v2%257Cjapan-gsj-marine-sediment%257C880005%257Cocean-noudo.csv%2523row%253D6%7CHg%7C,japan-gsj-marine-sediment,D1,warning,action_required,ANALYTICAL_METHOD_MISSING,analytical_method,,分析方法证据缺失，跨来源浓度与元素组合不可可靠比较。,回查数据字典、方法论文或记录级元数据；同时绑定 method_source_locator，未找到时保留缺失原因。,true
ITER|rec-observation-v2%257Cjapan-gsj-marine-sediment%257Csrc-source-record-v2%25257Cjapan-gsj-marine-sediment%25257C880005%25257Cocean-noudo.csv%252523row%25253D6%257CHg%257C|GEOLOGIC_CONTEXT_MISSING|matched_geologic_unit|,rec-observation-v2%7Cjapan-gsj-marine-sediment%7Csrc-source-record-v2%257Cjapan-gsj-marine-sediment%257C880005%257Cocean-noudo.csv%2523row%253D6%7CHg%7C,japan-gsj-marine-sediment,D2,info,review_required,GEOLOGIC_CONTEXT_MISSING,matched_geologic_unit,,记录没有来源直报或空间匹配的地质单元。,在比例尺与边界不确定性允许时执行空间匹配，并记录地图源、版本、匹配方法和边界距离；否则保留缺失。,true
ITER|rec-observation-v2%257Cjapan-gsj-marine-sediment%257Csrc-source-record-v2%25257Cjapan-gsj-marine-sediment%25257C880005%25257Cocean-noudo.csv%252523row%25253D6%257CNi%257C|ANALYTICAL_METHOD_MISSING|analytical_method|,rec-observation-v2%7Cjapan-gsj-marine-sediment%7Csrc-source-record-v2%257Cjapan-gsj-marine-sediment%257C880005%257Cocean-noudo.csv%2523row%253D6%7CNi%7C,japan-gsj-marine-sediment,D1,warning,action_required,ANALYTICAL_METHOD_MISSING,analytical_method,,分析方法证据缺失，跨来源浓度与元素组合不可可靠比较。,回查数据字典、方法论文或记录级元数据；同时绑定 method_source_locator，未找到时保留缺失原因。,true
ITER|rec-observation-v2%257Cjapan-gsj-marine-sediment%257Csrc-source-record-v2%25257Cjapan-gsj-marine-sediment%25257C880005%25257Cocean-noudo.csv%252523row%25253D6%257CNi%257C|GEOLOGIC_CONTEXT_MISSING|matched_geologic_unit|,rec-observation-v2%7Cjapan-gsj-marine-sediment%7Csrc-source-record-v2%257Cjapan-gsj-marine-sediment%257C880005%257Cocean-noudo.csv%2523row%253D6%7CNi%7C,japan-gsj-marine-sediment,D2,info,review_required,GEOLOGIC_CONTEXT_MISSING,matched_geologic_unit,,记录没有来源直报或空间匹配的地质单元。,在比例尺与边界不确定性允许时执行空间匹配，并记录地图源、版本、匹配方法和边界距离；否则保留缺失。,true
ITER|rec-observation-v2%257Cjapan-gsj-marine-sediment%257Csrc-source-record-v2%25257Cjapan-gsj-marine-sediment%25257C880005%25257Cocean-noudo.csv%252523row%25253D6%257CPb%257C|ANALYTICAL_METHOD_MISSING|analytical_method|,rec-observation-v2%7Cjapan-gsj-marine-sediment%7Csrc-source-record-v2%257Cjapan-gsj-marine-sediment%257C880005%257Cocean-noudo.csv%2523row%253D6%7CPb%7C,japan-gsj-marine-sediment,D1,warning,action_required,ANALYTICAL_METHOD_MISSING,analytical_method,,分析方法证据缺失，跨来源浓度与元素组合不可可靠比较。,回查数据字典、方法论文或记录级元数据；同时绑定 method_source_locator，未找到时保留缺失原因。,true
ITER|rec-observation-v2%257Cjapan-gsj-marine-sediment%257Csrc-source-record-v2%25257Cjapan-gsj-marine-sediment%25257C880005%25257Cocean-noudo.csv%252523row%25253D6%257CPb%257C|GEOLOGIC_CONTEXT_MISSING|matched_geologic_unit|,rec-observation-v2%7Cjapan-gsj-marine-sediment%7Csrc-source-record-v2%257Cjapan-gsj-marine-sediment%257C880005%257Cocean-noudo.csv%2523row%253D6%7CPb%7C,japan-gsj-marine-sediment,D2,info,review_required,GEOLOGIC_CONTEXT_MISSING,matched_geologic_unit,,记录没有来源直报或空间匹配的地质单元。,在比例尺与边界不确定性允许时执行空间匹配，并记录地图源、版本、匹配方法和边界距离；否则保留缺失。,true
ITER|rec-observation-v2%257Cjapan-gsj-marine-sediment%257Csrc-source-record-v2%25257Cjapan-gsj-marine-sediment%25257C880005%25257Cocean-noudo.csv%252523row%25253D6%257CZn%257C|ANALYTICAL_METHOD_MISSING|analytical_method|,rec-observation-v2%7Cjapan-gsj-marine-sediment%7Csrc-source-record-v2%257Cjapan-gsj-marine-sediment%257C880005%257Cocean-noudo.csv%2523row%253D6%7CZn%7C,japan-gsj-marine-sediment,D1,warning,action_required,ANALYTICAL_METHOD_MISSING,analytical_method,,分析方法证据缺失，跨来源浓度与元素组合不可可靠比较。,回查数据字典、方法论文或记录级元数据；同时绑定 method_source_locator，未找到时保留缺失原因。,true
ITER|rec-observation-v2%257Cjapan-gsj-marine-sediment%257Csrc-source-record-v2%25257Cjapan-gsj-marine-sediment%25257C880005%25257Cocean-noudo.csv%252523row%25253D6%257CZn%257C|GEOLOGIC_CONTEXT_MISSING|matched_geologic_unit|,rec-observation-v2%7Cjapan-gsj-marine-sediment%7Csrc-source-record-v2%257Cjapan-gsj-marine-sediment%257C880005%257Cocean-noudo.csv%2523row%253D6%7CZn%7C,japan-gsj-marine-sediment,D2,info,review_required,GEOLOGIC_CONTEXT_MISSING,matched_geologic_unit,,记录没有来源直报或空间匹配的地质单元。,在比例尺与边界不确定性允许时执行空间匹配，并记录地图源、版本、匹配方法和边界距离；否则保留缺失。,true
ITER|rec-observation-v2%257Cjapan-gsj-marine-sediment%257Csrc-source-record-v2%25257Cjapan-gsj-marine-sediment%25257C880006%25257Cocean-noudo.csv%252523row%25253D7%257CAs%257C|ANALYTICAL_METHOD_MISSING|analytical_method|,rec-observation-v2%7Cjapan-gsj-marine-sediment%7Csrc-source-record-v2%257Cjapan-gsj-marine-sediment%257C880006%257Cocean-noudo.csv%2523row%253D7%7CAs%7C,japan-gsj-marine-sediment,D1,warning,action_required,ANALYTICAL_METHOD_MISSING,analytical_method,,分析方法证据缺失，跨来源浓度与元素组合不可可靠比较。,回查数据字典、方法论文或记录级元数据；同时绑定 method_source_locator，未找到时保留缺失原因。,true
ITER|rec-observation-v2%257Cjapan-gsj-marine-sediment%257Csrc-source-record-v2%25257Cjapan-gsj-marine-sediment%25257C880006%25257Cocean-noudo.csv%252523row%25253D7%257CAs%257C|GEOLOGIC_CONTEXT_MISSING|matched_geologic_unit|,rec-observation-v2%7Cjapan-gsj-marine-sediment%7Csrc-source-record-v2%257Cjapan-gsj-marine-sediment%257C880006%257Cocean-noudo.csv%2523row%253D7%7CAs%7C,japan-gsj-marine-sediment,D2,info,review_required,GEOLOGIC_CONTEXT_MISSING,matched_geologic_unit,,记录没有来源直报或空间匹配的地质单元。,在比例尺与边界不确定性允许时执行空间匹配，并记录地图源、版本、匹配方法和边界距离；否则保留缺失。,true
ITER|rec-observation-v2%257Cjapan-gsj-marine-sediment%257Csrc-source-record-v2%25257Cjapan-gsj-marine-sediment%25257C880006%25257Cocean-noudo.csv%252523row%25253D7%257CCr%257C|ANALYTICAL_METHOD_MISSING|analytical_method|,rec-observation-v2%7Cjapan-gsj-marine-sediment%7Csrc-source-record-v2%257Cjapan-gsj-marine-sediment%257C880006%257Cocean-noudo.csv%2523row%253D7%7CCr%7C,japan-gsj-marine-sediment,D1,warning,action_required,ANALYTICAL_METHOD_MISSING,analytical_method,,分析方法证据缺失，跨来源浓度与元素组合不可可靠比较。,回查数据字典、方法论文或记录级元数据；同时绑定 method_source_locator，未找到时保留缺失原因。,true
ITER|rec-observation-v2%257Cjapan-gsj-marine-sediment%257Csrc-source-record-v2%25257Cjapan-gsj-marine-sediment%25257C880006%25257Cocean-noudo.csv%252523row%25253D7%257CCr%257C|GEOLOGIC_CONTEXT_MISSING|matched_geologic_unit|,rec-observation-v2%7Cjapan-gsj-marine-sediment%7Csrc-source-record-v2%257Cjapan-gsj-marine-sediment%257C880006%257Cocean-noudo.csv%2523row%253D7%7CCr%7C,japan-gsj-marine-sediment,D2,info,review_required,GEOLOGIC_CONTEXT_MISSING,matched_geologic_unit,,记录没有来源直报或空间匹配的地质单元。,在比例尺与边界不确定性允许时执行空间匹配，并记录地图源、版本、匹配方法和边界距离；否则保留缺失。,true
ITER|rec-observation-v2%257Cjapan-gsj-marine-sediment%257Csrc-source-record-v2%25257Cjapan-gsj-marine-sediment%25257C880006%25257Cocean-noudo.csv%252523row%25253D7%257CCu%257C|ANALYTICAL_METHOD_MISSING|analytical_method|,rec-observation-v2%7Cjapan-gsj-marine-sediment%7Csrc-source-record-v2%257Cjapan-gsj-marine-sediment%257C880006%257Cocean-noudo.csv%2523row%253D7%7CCu%7C,japan-gsj-marine-sediment,D1,warning,action_required,ANALYTICAL_METHOD_MISSING,analytical_method,,分析方法证据缺失，跨来源浓度与元素组合不可可靠比较。,回查数据字典、方法论文或记录级元数据；同时绑定 method_source_locator，未找到时保留缺失原因。,true
ITER|rec-observation-v2%257Cjapan-gsj-marine-sediment%257Csrc-source-record-v2%25257Cjapan-gsj-marine-sediment%25257C880006%25257Cocean-noudo.csv%252523row%25253D7%257CCu%257C|GEOLOGIC_CONTEXT_MISSING|matched_geologic_unit|,rec-observation-v2%7Cjapan-gsj-marine-sediment%7Csrc-source-record-v2%257Cjapan-gsj-marine-sediment%257C880006%257Cocean-noudo.csv%2523row%253D7%7CCu%7C,japan-gsj-marine-sediment,D2,info,review_required,GEOLOGIC_CONTEXT_MISSING,matched_geologic_unit,,记录没有来源直报或空间匹配的地质单元。,在比例尺与边界不确定性允许时执行空间匹配，并记录地图源、版本、匹配方法和边界距离；否则保留缺失。,true
ITER|rec-observation-v2%257Cjapan-gsj-marine-sediment%257Csrc-source-record-v2%25257Cjapan-gsj-marine-sediment%25257C880006%25257Cocean-noudo.csv%252523row%25253D7%257CHg%257C|ANALYTICAL_METHOD_MISSING|analytical_method|,rec-observation-v2%7Cjapan-gsj-marine-sediment%7Csrc-source-record-v2%257Cjapan-gsj-marine-sediment%257C880006%257Cocean-noudo.csv%2523row%253D7%7CHg%7C,japan-gsj-marine-sediment,D1,warning,action_required,ANALYTICAL_METHOD_MISSING,analytical_method,,分析方法证据缺失，跨来源浓度与元素组合不可可靠比较。,回查数据字典、方法论文或记录级元数据；同时绑定 method_source_locator，未找到时保留缺失原因。,true
ITER|rec-observation-v2%257Cjapan-gsj-marine-sediment%257Csrc-source-record-v2%25257Cjapan-gsj-marine-sediment%25257C880006%25257Cocean-noudo.csv%252523row%25253D7%257CHg%257C|GEOLOGIC_CONTEXT_MISSING|matched_geologic_unit|,rec-observation-v2%7Cjapan-gsj-marine-sediment%7Csrc-source-record-v2%257Cjapan-gsj-marine-sediment%257C880006%257Cocean-noudo.csv%2523row%253D7%7CHg%7C,japan-gsj-marine-sediment,D2,info,review_required,GEOLOGIC_CONTEXT_MISSING,matched_geologic_unit,,记录没有来源直报或空间匹配的地质单元。,在比例尺与边界不确定性允许时执行空间匹配，并记录地图源、版本、匹配方法和边界距离；否则保留缺失。,true
ITER|rec-observation-v2%257Cjapan-gsj-marine-sediment%257Csrc-source-record-v2%25257Cjapan-gsj-marine-sediment%25257C880006%25257Cocean-noudo.csv%252523row%25253D7%257CNi%257C|ANALYTICAL_METHOD_MISSING|analytical_method|,rec-observation-v2%7Cjapan-gsj-marine-sediment%7Csrc-source-record-v2%257Cjapan-gsj-marine-sediment%257C880006%257Cocean-noudo.csv%2523row%253D7%7CNi%7C,japan-gsj-marine-sediment,D1,warning,action_required,ANALYTICAL_METHOD_MISSING,analytical_method,,分析方法证据缺失，跨来源浓度与元素组合不可可靠比较。,回查数据字典、方法论文或记录级元数据；同时绑定 method_source_locator，未找到时保留缺失原因。,true
ITER|rec-observation-v2%257Cjapan-gsj-marine-sediment%257Csrc-source-record-v2%25257Cjapan-gsj-marine-sediment%25257C880006%25257Cocean-noudo.csv%252523row%25253D7%257CNi%257C|GEOLOGIC_CONTEXT_MISSING|matched_geologic_unit|,rec-observation-v2%7Cjapan-gsj-marine-sediment%7Csrc-source-record-v2%257Cjapan-gsj-marine-sediment%257C880006%257Cocean-noudo.csv%2523row%253D7%7CNi%7C,japan-gsj-marine-sediment,D2,info,review_required,GEOLOGIC_CONTEXT_MISSING,matched_geologic_unit,,记录没有来源直报或空间匹配的地质单元。,在比例尺与边界不确定性允许时执行空间匹配，并记录地图源、版本、匹配方法和边界距离；否则保留缺失。,true
ITER|rec-observation-v2%257Cjapan-gsj-marine-sediment%257Csrc-source-record-v2%25257Cjapan-gsj-marine-sediment%25257C880006%25257Cocean-noudo.csv%252523row%25253D7%257CPb%257C|ANALYTICAL_METHOD_MISSING|analytical_method|,rec-observation-v2%7Cjapan-gsj-marine-sediment%7Csrc-source-record-v2%257Cjapan-gsj-marine-sediment%257C880006%257Cocean-noudo.csv%2523row%253D7%7CPb%7C,japan-gsj-marine-sediment,D1,warning,action_required,ANALYTICAL_METHOD_MISSING,analytical_method,,分析方法证据缺失，跨来源浓度与元素组合不可可靠比较。,回查数据字典、方法论文或记录级元数据；同时绑定 method_source_locator，未找到时保留缺失原因。,true
ITER|rec-observation-v2%257Cjapan-gsj-marine-sediment%257Csrc-source-record-v2%25257Cjapan-gsj-marine-sediment%25257C880006%25257Cocean-noudo.csv%252523row%25253D7%257CPb%257C|GEOLOGIC_CONTEXT_MISSING|matched_geologic_unit|,rec-observation-v2%7Cjapan-gsj-marine-sediment%7Csrc-source-record-v2%257Cjapan-gsj-marine-sediment%257C880006%257Cocean-noudo.csv%2523row%253D7%7CPb%7C,japan-gsj-marine-sediment,D2,info,review_required,GEOLOGIC_CONTEXT_MISSING,matched_geologic_unit,,记录没有来源直报或空间匹配的地质单元。,在比例尺与边界不确定性允许时执行空间匹配，并记录地图源、版本、匹配方法和边界距离；否则保留缺失。,true
ITER|rec-observation-v2%257Cjapan-gsj-marine-sediment%257Csrc-source-record-v2%25257Cjapan-gsj-marine-sediment%25257C880006%25257Cocean-noudo.csv%252523row%25253D7%257CZn%257C|ANALYTICAL_METHOD_MISSING|analytical_method|,rec-observation-v2%7Cjapan-gsj-marine-sediment%7Csrc-source-record-v2%257Cjapan-gsj-marine-sediment%257C880006%257Cocean-noudo.csv%2523row%253D7%7CZn%7C,japan-gsj-marine-sediment,D1,warning,action_required,ANALYTICAL_METHOD_MISSING,analytical_method,,分析方法证据缺失，跨来源浓度与元素组合不可可靠比较。,回查数据字典、方法论文或记录级元数据；同时绑定 method_source_locator，未找到时保留缺失原因。,true
ITER|rec-observation-v2%257Cjapan-gsj-marine-sediment%257Csrc-source-record-v2%25257Cjapan-gsj-marine-sediment%25257C880006%25257Cocean-noudo.csv%252523row%25253D7%257CZn%257C|GEOLOGIC_CONTEXT_MISSING|matched_geologic_unit|,rec-observation-v2%7Cjapan-gsj-marine-sediment%7Csrc-source-record-v2%257Cjapan-gsj-marine-sediment%257C880006%257Cocean-noudo.csv%2523row%253D7%7CZn%7C,japan-gsj-marine-sediment,D2,info,review_required,GEOLOGIC_CONTEXT_MISSING,matched_geologic_unit,,记录没有来源直报或空间匹配的地质单元。,在比例尺与边界不确定性允许时执行空间匹配，并记录地图源、版本、匹配方法和边界距离；否则保留缺失。,true
ITER|rec-observation-v2%257Cjapan-gsj-marine-sediment%257Csrc-source-record-v2%25257Cjapan-gsj-marine-sediment%25257C880007%25257Cocean-noudo.csv%252523row%25253D8%257CAs%257C|ANALYTICAL_METHOD_MISSING|analytical_method|,rec-observation-v2%7Cjapan-gsj-marine-sediment%7Csrc-source-record-v2%257Cjapan-gsj-marine-sediment%257C880007%257Cocean-noudo.csv%2523row%253D8%7CAs%7C,japan-gsj-marine-sediment,D1,warning,action_required,ANALYTICAL_METHOD_MISSING,analytical_method,,分析方法证据缺失，跨来源浓度与元素组合不可可靠比较。,回查数据字典、方法论文或记录级元数据；同时绑定 method_source_locator，未找到时保留缺失原因。,true
ITER|rec-observation-v2%257Cjapan-gsj-marine-sediment%257Csrc-source-record-v2%25257Cjapan-gsj-marine-sediment%25257C880007%25257Cocean-noudo.csv%252523row%25253D8%257CAs%257C|GEOLOGIC_CONTEXT_MISSING|matched_geologic_unit|,rec-observation-v2%7Cjapan-gsj-marine-sediment%7Csrc-source-record-v2%257Cjapan-gsj-marine-sediment%257C880007%257Cocean-noudo.csv%2523row%253D8%7CAs%7C,japan-gsj-marine-sediment,D2,info,review_required,GEOLOGIC_CONTEXT_MISSING,matched_geologic_unit,,记录没有来源直报或空间匹配的地质单元。,在比例尺与边界不确定性允许时执行空间匹配，并记录地图源、版本、匹配方法和边界距离；否则保留缺失。,true
ITER|rec-observation-v2%257Cjapan-gsj-marine-sediment%257Csrc-source-record-v2%25257Cjapan-gsj-marine-sediment%25257C880007%25257Cocean-noudo.csv%252523row%25253D8%257CCr%257C|ANALYTICAL_METHOD_MISSING|analytical_method|,rec-observation-v2%7Cjapan-gsj-marine-sediment%7Csrc-source-record-v2%257Cjapan-gsj-marine-sediment%257C880007%257Cocean-noudo.csv%2523row%253D8%7CCr%7C,japan-gsj-marine-sediment,D1,warning,action_required,ANALYTICAL_METHOD_MISSING,analytical_method,,分析方法证据缺失，跨来源浓度与元素组合不可可靠比较。,回查数据字典、方法论文或记录级元数据；同时绑定 method_source_locator，未找到时保留缺失原因。,true
ITER|rec-observation-v2%257Cjapan-gsj-marine-sediment%257Csrc-source-record-v2%25257Cjapan-gsj-marine-sediment%25257C880007%25257Cocean-noudo.csv%252523row%25253D8%257CCr%257C|GEOLOGIC_CONTEXT_MISSING|matched_geologic_unit|,rec-observation-v2%7Cjapan-gsj-marine-sediment%7Csrc-source-record-v2%257Cjapan-gsj-marine-sediment%257C880007%257Cocean-noudo.csv%2523row%253D8%7CCr%7C,japan-gsj-marine-sediment,D2,info,review_required,GEOLOGIC_CONTEXT_MISSING,matched_geologic_unit,,记录没有来源直报或空间匹配的地质单元。,在比例尺与边界不确定性允许时执行空间匹配，并记录地图源、版本、匹配方法和边界距离；否则保留缺失。,true
ITER|rec-observation-v2%257Cjapan-gsj-marine-sediment%257Csrc-source-record-v2%25257Cjapan-gsj-marine-sediment%25257C880007%25257Cocean-noudo.csv%252523row%25253D8%257CCu%257C|ANALYTICAL_METHOD_MISSING|analytical_method|,rec-observation-v2%7Cjapan-gsj-marine-sediment%7Csrc-source-record-v2%257Cjapan-gsj-marine-sediment%257C880007%257Cocean-noudo.csv%2523row%253D8%7CCu%7C,japan-gsj-marine-sediment,D1,warning,action_required,ANALYTICAL_METHOD_MISSING,analytical_method,,分析方法证据缺失，跨来源浓度与元素组合不可可靠比较。,回查数据字典、方法论文或记录级元数据；同时绑定 method_source_locator，未找到时保留缺失原因。,true
ITER|rec-observation-v2%257Cjapan-gsj-marine-sediment%257Csrc-source-record-v2%25257Cjapan-gsj-marine-sediment%25257C880007%25257Cocean-noudo.csv%252523row%25253D8%257CCu%257C|GEOLOGIC_CONTEXT_MISSING|matched_geologic_unit|,rec-observation-v2%7Cjapan-gsj-marine-sediment%7Csrc-source-record-v2%257Cjapan-gsj-marine-sediment%257C880007%257Cocean-noudo.csv%2523row%253D8%7CCu%7C,japan-gsj-marine-sediment,D2,info,review_required,GEOLOGIC_CONTEXT_MISSING,matched_geologic_unit,,记录没有来源直报或空间匹配的地质单元。,在比例尺与边界不确定性允许时执行空间匹配，并记录地图源、版本、匹配方法和边界距离；否则保留缺失。,true
ITER|rec-observation-v2%257Cjapan-gsj-marine-sediment%257Csrc-source-record-v2%25257Cjapan-gsj-marine-sediment%25257C880007%25257Cocean-noudo.csv%252523row%25253D8%257CHg%257C|ANALYTICAL_METHOD_MISSING|analytical_method|,rec-observation-v2%7Cjapan-gsj-marine-sediment%7Csrc-source-record-v2%257Cjapan-gsj-marine-sediment%257C880007%257Cocean-noudo.csv%2523row%253D8%7CHg%7C,japan-gsj-marine-sediment,D1,warning,action_required,ANALYTICAL_METHOD_MISSING,analytical_method,,分析方法证据缺失，跨来源浓度与元素组合不可可靠比较。,回查数据字典、方法论文或记录级元数据；同时绑定 method_source_locator，未找到时保留缺失原因。,true
ITER|rec-observation-v2%257Cjapan-gsj-marine-sediment%257Csrc-source-record-v2%25257Cjapan-gsj-marine-sediment%25257C880007%25257Cocean-noudo.csv%252523row%25253D8%257CHg%257C|GEOLOGIC_CONTEXT_MISSING|matched_geologic_unit|,rec-observation-v2%7Cjapan-gsj-marine-sediment%7Csrc-source-record-v2%257Cjapan-gsj-marine-sediment%257C880007%257Cocean-noudo.csv%2523row%253D8%7CHg%7C,japan-gsj-marine-sediment,D2,info,review_required,GEOLOGIC_CONTEXT_MISSING,matched_geologic_unit,,记录没有来源直报或空间匹配的地质单元。,在比例尺与边界不确定性允许时执行空间匹配，并记录地图源、版本、匹配方法和边界距离；否则保留缺失。,true
ITER|rec-observation-v2%257Cjapan-gsj-marine-sediment%257Csrc-source-record-v2%25257Cjapan-gsj-marine-sediment%25257C880007%25257Cocean-noudo.csv%252523row%25253D8%257CNi%257C|ANALYTICAL_METHOD_MISSING|analytical_method|,rec-observation-v2%7Cjapan-gsj-marine-sediment%7Csrc-source-record-v2%257Cjapan-gsj-marine-sediment%257C880007%257Cocean-noudo.csv%2523row%253D8%7CNi%7C,japan-gsj-marine-sediment,D1,warning,action_required,ANALYTICAL_METHOD_MISSING,analytical_method,,分析方法证据缺失，跨来源浓度与元素组合不可可靠比较。,回查数据字典、方法论文或记录级元数据；同时绑定 method_source_locator，未找到时保留缺失原因。,true
ITER|rec-observation-v2%257Cjapan-gsj-marine-sediment%257Csrc-source-record-v2%25257Cjapan-gsj-marine-sediment%25257C880007%25257Cocean-noudo.csv%252523row%25253D8%257CNi%257C|GEOLOGIC_CONTEXT_MISSING|matched_geologic_unit|,rec-observation-v2%7Cjapan-gsj-marine-sediment%7Csrc-source-record-v2%257Cjapan-gsj-marine-sediment%257C880007%257Cocean-noudo.csv%2523row%253D8%7CNi%7C,japan-gsj-marine-sediment,D2,info,review_required,GEOLOGIC_CONTEXT_MISSING,matched_geologic_unit,,记录没有来源直报或空间匹配的地质单元。,在比例尺与边界不确定性允许时执行空间匹配，并记录地图源、版本、匹配方法和边界距离；否则保留缺失。,true
ITER|rec-observation-v2%257Cjapan-gsj-marine-sediment%257Csrc-source-record-v2%25257Cjapan-gsj-marine-sediment%25257C880007%25257Cocean-noudo.csv%252523row%25253D8%257CPb%257C|ANALYTICAL_METHOD_MISSING|analytical_method|,rec-observation-v2%7Cjapan-gsj-marine-sediment%7Csrc-source-record-v2%257Cjapan-gsj-marine-sediment%257C880007%257Cocean-noudo.csv%2523row%253D8%7CPb%7C,japan-gsj-marine-sediment,D1,warning,action_required,ANALYTICAL_METHOD_MISSING,analytical_method,,分析方法证据缺失，跨来源浓度与元素组合不可可靠比较。,回查数据字典、方法论文或记录级元数据；同时绑定 method_source_locator，未找到时保留缺失原因。,true
ITER|rec-observation-v2%257Cjapan-gsj-marine-sediment%257Csrc-source-record-v2%25257Cjapan-gsj-marine-sediment%25257C880007%25257Cocean-noudo.csv%252523row%25253D8%257CPb%257C|GEOLOGIC_CONTEXT_MISSING|matched_geologic_unit|,rec-observation-v2%7Cjapan-gsj-marine-sediment%7Csrc-source-record-v2%257Cjapan-gsj-marine-sediment%257C880007%257Cocean-noudo.csv%2523row%253D8%7CPb%7C,japan-gsj-marine-sediment,D2,info,review_required,GEOLOGIC_CONTEXT_MISSING,matched_geologic_unit,,记录没有来源直报或空间匹配的地质单元。,在比例尺与边界不确定性允许时执行空间匹配，并记录地图源、版本、匹配方法和边界距离；否则保留缺失。,true
ITER|rec-observation-v2%257Cjapan-gsj-marine-sediment%257Csrc-source-record-v2%25257Cjapan-gsj-marine-sediment%25257C880007%25257Cocean-noudo.csv%252523row%25253D8%257CZn%257C|ANALYTICAL_METHOD_MISSING|analytical_method|,rec-observation-v2%7Cjapan-gsj-marine-sediment%7Csrc-source-record-v2%257Cjapan-gsj-marine-sediment%257C880007%257Cocean-noudo.csv%2523row%253D8%7CZn%7C,japan-gsj-marine-sediment,D1,warning,action_required,ANALYTICAL_METHOD_MISSING,analytical_method,,分析方法证据缺失，跨来源浓度与元素组合不可可靠比较。,回查数据字典、方法论文或记录级元数据；同时绑定 method_source_locator，未找到时保留缺失原因。,true
ITER|rec-observation-v2%257Cjapan-gsj-marine-sediment%257Csrc-source-record-v2%25257Cjapan-gsj-marine-sediment%25257C880007%25257Cocean-noudo.csv%252523row%25253D8%257CZn%257C|GEOLOGIC_CONTEXT_MISSING|matched_geologic_unit|,rec-observation-v2%7Cjapan-gsj-marine-sediment%7Csrc-source-record-v2%257Cjapan-gsj-marine-sediment%257C880007%257Cocean-noudo.csv%2523row%253D8%7CZn%7C,japan-gsj-marine-sediment,D2,info,review_required,GEOLOGIC_CONTEXT_MISSING,matched_geologic_unit,,记录没有来源直报或空间匹配的地质单元。,在比例尺与边界不确定性允许时执行空间匹配，并记录地图源、版本、匹配方法和边界距离；否则保留缺失。,true
ITER|rec-observation-v2%257Cjapan-gsj-marine-sediment%257Csrc-source-record-v2%25257Cjapan-gsj-marine-sediment%25257C880008%25257Cocean-noudo.csv%252523row%25253D9%257CAs%257C|ANALYTICAL_METHOD_MISSING|analytical_method|,rec-observation-v2%7Cjapan-gsj-marine-sediment%7Csrc-source-record-v2%257Cjapan-gsj-marine-sediment%257C880008%257Cocean-noudo.csv%2523row%253D9%7CAs%7C,japan-gsj-marine-sediment,D1,warning,action_required,ANALYTICAL_METHOD_MISSING,analytical_method,,分析方法证据缺失，跨来源浓度与元素组合不可可靠比较。,回查数据字典、方法论文或记录级元数据；同时绑定 method_source_locator，未找到时保留缺失原因。,true
ITER|rec-observation-v2%257Cjapan-gsj-marine-sediment%257Csrc-source-record-v2%25257Cjapan-gsj-marine-sediment%25257C880008%25257Cocean-noudo.csv%252523row%25253D9%257CAs%257C|GEOLOGIC_CONTEXT_MISSING|matched_geologic_unit|,rec-observation-v2%7Cjapan-gsj-marine-sediment%7Csrc-source-record-v2%257Cjapan-gsj-marine-sediment%257C880008%257Cocean-noudo.csv%2523row%253D9%7CAs%7C,japan-gsj-marine-sediment,D2,info,review_required,GEOLOGIC_CONTEXT_MISSING,matched_geologic_unit,,记录没有来源直报或空间匹配的地质单元。,在比例尺与边界不确定性允许时执行空间匹配，并记录地图源、版本、匹配方法和边界距离；否则保留缺失。,true
ITER|rec-observation-v2%257Cjapan-gsj-marine-sediment%257Csrc-source-record-v2%25257Cjapan-gsj-marine-sediment%25257C880008%25257Cocean-noudo.csv%252523row%25253D9%257CCr%257C|ANALYTICAL_METHOD_MISSING|analytical_method|,rec-observation-v2%7Cjapan-gsj-marine-sediment%7Csrc-source-record-v2%257Cjapan-gsj-marine-sediment%257C880008%257Cocean-noudo.csv%2523row%253D9%7CCr%7C,japan-gsj-marine-sediment,D1,warning,action_required,ANALYTICAL_METHOD_MISSING,analytical_method,,分析方法证据缺失，跨来源浓度与元素组合不可可靠比较。,回查数据字典、方法论文或记录级元数据；同时绑定 method_source_locator，未找到时保留缺失原因。,true
ITER|rec-observation-v2%257Cjapan-gsj-marine-sediment%257Csrc-source-record-v2%25257Cjapan-gsj-marine-sediment%25257C880008%25257Cocean-noudo.csv%252523row%25253D9%257CCr%257C|GEOLOGIC_CONTEXT_MISSING|matched_geologic_unit|,rec-observation-v2%7Cjapan-gsj-marine-sediment%7Csrc-source-record-v2%257Cjapan-gsj-marine-sediment%257C880008%257Cocean-noudo.csv%2523row%253D9%7CCr%7C,japan-gsj-marine-sediment,D2,info,review_required,GEOLOGIC_CONTEXT_MISSING,matched_geologic_unit,,记录没有来源直报或空间匹配的地质单元。,在比例尺与边界不确定性允许时执行空间匹配，并记录地图源、版本、匹配方法和边界距离；否则保留缺失。,true
ITER|rec-observation-v2%257Cjapan-gsj-marine-sediment%257Csrc-source-record-v2%25257Cjapan-gsj-marine-sediment%25257C880008%25257Cocean-noudo.csv%252523row%25253D9%257CCu%257C|ANALYTICAL_METHOD_MISSING|analytical_method|,rec-observation-v2%7Cjapan-gsj-marine-sediment%7Csrc-source-record-v2%257Cjapan-gsj-marine-sediment%257C880008%257Cocean-noudo.csv%2523row%253D9%7CCu%7C,japan-gsj-marine-sediment,D1,warning,action_required,ANALYTICAL_METHOD_MISSING,analytical_method,,分析方法证据缺失，跨来源浓度与元素组合不可可靠比较。,回查数据字典、方法论文或记录级元数据；同时绑定 method_source_locator，未找到时保留缺失原因。,true
ITER|rec-observation-v2%257Cjapan-gsj-marine-sediment%257Csrc-source-record-v2%25257Cjapan-gsj-marine-sediment%25257C880008%25257Cocean-noudo.csv%252523row%25253D9%257CCu%257C|GEOLOGIC_CONTEXT_MISSING|matched_geologic_unit|,rec-observation-v2%7Cjapan-gsj-marine-sediment%7Csrc-source-record-v2%257Cjapan-gsj-marine-sediment%257C880008%257Cocean-noudo.csv%2523row%253D9%7CCu%7C,japan-gsj-marine-sediment,D2,info,review_required,GEOLOGIC_CONTEXT_MISSING,matched_geologic_unit,,记录没有来源直报或空间匹配的地质单元。,在比例尺与边界不确定性允许时执行空间匹配，并记录地图源、版本、匹配方法和边界距离；否则保留缺失。,true
ITER|rec-observation-v2%257Cjapan-gsj-marine-sediment%257Csrc-source-record-v2%25257Cjapan-gsj-marine-sediment%25257C880008%25257Cocean-noudo.csv%252523row%25253D9%257CHg%257C|ANALYTICAL_METHOD_MISSING|analytical_method|,rec-observation-v2%7Cjapan-gsj-marine-sediment%7Csrc-source-record-v2%257Cjapan-gsj-marine-sediment%257C880008%257Cocean-noudo.csv%2523row%253D9%7CHg%7C,japan-gsj-marine-sediment,D1,warning,action_required,ANALYTICAL_METHOD_MISSING,analytical_method,,分析方法证据缺失，跨来源浓度与元素组合不可可靠比较。,回查数据字典、方法论文或记录级元数据；同时绑定 method_source_locator，未找到时保留缺失原因。,true
ITER|rec-observation-v2%257Cjapan-gsj-marine-sediment%257Csrc-source-record-v2%25257Cjapan-gsj-marine-sediment%25257C880008%25257Cocean-noudo.csv%252523row%25253D9%257CHg%257C|GEOLOGIC_CONTEXT_MISSING|matched_geologic_unit|,rec-observation-v2%7Cjapan-gsj-marine-sediment%7Csrc-source-record-v2%257Cjapan-gsj-marine-sediment%257C880008%257Cocean-noudo.csv%2523row%253D9%7CHg%7C,japan-gsj-marine-sediment,D2,info,review_required,GEOLOGIC_CONTEXT_MISSING,matched_geologic_unit,,记录没有来源直报或空间匹配的地质单元。,在比例尺与边界不确定性允许时执行空间匹配，并记录地图源、版本、匹配方法和边界距离；否则保留缺失。,true
ITER|rec-observation-v2%257Cjapan-gsj-marine-sediment%257Csrc-source-record-v2%25257Cjapan-gsj-marine-sediment%25257C880008%25257Cocean-noudo.csv%252523row%25253D9%257CNi%257C|ANALYTICAL_METHOD_MISSING|analytical_method|,rec-observation-v2%7Cjapan-gsj-marine-sediment%7Csrc-source-record-v2%257Cjapan-gsj-marine-sediment%257C880008%257Cocean-noudo.csv%2523row%253D9%7CNi%7C,japan-gsj-marine-sediment,D1,warning,action_required,ANALYTICAL_METHOD_MISSING,analytical_method,,分析方法证据缺失，跨来源浓度与元素组合不可可靠比较。,回查数据字典、方法论文或记录级元数据；同时绑定 method_source_locator，未找到时保留缺失原因。,true
ITER|rec-observation-v2%257Cjapan-gsj-marine-sediment%257Csrc-source-record-v2%25257Cjapan-gsj-marine-sediment%25257C880008%25257Cocean-noudo.csv%252523row%25253D9%257CNi%257C|GEOLOGIC_CONTEXT_MISSING|matched_geologic_unit|,rec-observation-v2%7Cjapan-gsj-marine-sediment%7Csrc-source-record-v2%257Cjapan-gsj-marine-sediment%257C880008%257Cocean-noudo.csv%2523row%253D9%7CNi%7C,japan-gsj-marine-sediment,D2,info,review_required,GEOLOGIC_CONTEXT_MISSING,matched_geologic_unit,,记录没有来源直报或空间匹配的地质单元。,在比例尺与边界不确定性允许时执行空间匹配，并记录地图源、版本、匹配方法和边界距离；否则保留缺失。,true
ITER|rec-observation-v2%257Cjapan-gsj-marine-sediment%257Csrc-source-record-v2%25257Cjapan-gsj-marine-sediment%25257C880008%25257Cocean-noudo.csv%252523row%25253D9%257CPb%257C|ANALYTICAL_METHOD_MISSING|analytical_method|,rec-observation-v2%7Cjapan-gsj-marine-sediment%7Csrc-source-record-v2%257Cjapan-gsj-marine-sediment%257C880008%257Cocean-noudo.csv%2523row%253D9%7CPb%7C,japan-gsj-marine-sediment,D1,warning,action_required,ANALYTICAL_METHOD_MISSING,analytical_method,,分析方法证据缺失，跨来源浓度与元素组合不可可靠比较。,回查数据字典、方法论文或记录级元数据；同时绑定 method_source_locator，未找到时保留缺失原因。,true
ITER|rec-observation-v2%257Cjapan-gsj-marine-sediment%257Csrc-source-record-v2%25257Cjapan-gsj-marine-sediment%25257C880008%25257Cocean-noudo.csv%252523row%25253D9%257CPb%257C|GEOLOGIC_CONTEXT_MISSING|matched_geologic_unit|,rec-observation-v2%7Cjapan-gsj-marine-sediment%7Csrc-source-record-v2%257Cjapan-gsj-marine-sediment%257C880008%257Cocean-noudo.csv%2523row%253D9%7CPb%7C,japan-gsj-marine-sediment,D2,info,review_required,GEOLOGIC_CONTEXT_MISSING,matched_geologic_unit,,记录没有来源直报或空间匹配的地质单元。,在比例尺与边界不确定性允许时执行空间匹配，并记录地图源、版本、匹配方法和边界距离；否则保留缺失。,true
ITER|rec-observation-v2%257Cjapan-gsj-marine-sediment%257Csrc-source-record-v2%25257Cjapan-gsj-marine-sediment%25257C880008%25257Cocean-noudo.csv%252523row%25253D9%257CZn%257C|ANALYTICAL_METHOD_MISSING|analytical_method|,rec-observation-v2%7Cjapan-gsj-marine-sediment%7Csrc-source-record-v2%257Cjapan-gsj-marine-sediment%257C880008%257Cocean-noudo.csv%2523row%253D9%7CZn%7C,japan-gsj-marine-sediment,D1,warning,action_required,ANALYTICAL_METHOD_MISSING,analytical_method,,分析方法证据缺失，跨来源浓度与元素组合不可可靠比较。,回查数据字典、方法论文或记录级元数据；同时绑定 method_source_locator，未找到时保留缺失原因。,true
ITER|rec-observation-v2%257Cjapan-gsj-marine-sediment%257Csrc-source-record-v2%25257Cjapan-gsj-marine-sediment%25257C880008%25257Cocean-noudo.csv%252523row%25253D9%257CZn%257C|GEOLOGIC_CONTEXT_MISSING|matched_geologic_unit|,rec-observation-v2%7Cjapan-gsj-marine-sediment%7Csrc-source-record-v2%257Cjapan-gsj-marine-sediment%257C880008%257Cocean-noudo.csv%2523row%253D9%7CZn%7C,japan-gsj-marine-sediment,D2,info,review_required,GEOLOGIC_CONTEXT_MISSING,matched_geologic_unit,,记录没有来源直报或空间匹配的地质单元。,在比例尺与边界不确定性允许时执行空间匹配，并记录地图源、版本、匹配方法和边界距离；否则保留缺失。,true
ITER|rec-observation-v2%257Cpangaea-arabian-sea-sediment%257Csrc-source-record-v2%25257Cpangaea-arabian-sea-sediment%25257CTOM41-1-17A%25257CPANGAEA.950139.tab%252523row%25253D102%257CAs%257C|GEOLOGIC_CONTEXT_MISSING|matched_geologic_unit|,rec-observation-v2%7Cpangaea-arabian-sea-sediment%7Csrc-source-record-v2%257Cpangaea-arabian-sea-sediment%257CTOM41-1-17A%257CPANGAEA.950139.tab%2523row%253D102%7CAs%7C,pangaea-arabian-sea-sediment,D2,info,review_required,GEOLOGIC_CONTEXT_MISSING,matched_geologic_unit,,记录没有来源直报或空间匹配的地质单元。,在比例尺与边界不确定性允许时执行空间匹配，并记录地图源、版本、匹配方法和边界距离；否则保留缺失。,true
ITER|rec-observation-v2%257Cpangaea-arabian-sea-sediment%257Csrc-source-record-v2%25257Cpangaea-arabian-sea-sediment%25257CTOM41-1-17A%25257CPANGAEA.950139.tab%252523row%25253D102%257CCr%257C|GEOLOGIC_CONTEXT_MISSING|matched_geologic_unit|,rec-observation-v2%7Cpangaea-arabian-sea-sediment%7Csrc-source-record-v2%257Cpangaea-arabian-sea-sediment%257CTOM41-1-17A%257CPANGAEA.950139.tab%2523row%253D102%7CCr%7C,pangaea-arabian-sea-sediment,D2,info,review_required,GEOLOGIC_CONTEXT_MISSING,matched_geologic_unit,,记录没有来源直报或空间匹配的地质单元。,在比例尺与边界不确定性允许时执行空间匹配，并记录地图源、版本、匹配方法和边界距离；否则保留缺失。,true
ITER|rec-observation-v2%257Cpangaea-arabian-sea-sediment%257Csrc-source-record-v2%25257Cpangaea-arabian-sea-sediment%25257CTOM41-1-17A%25257CPANGAEA.950139.tab%252523row%25253D102%257CCu%257C|GEOLOGIC_CONTEXT_MISSING|matched_geologic_unit|,rec-observation-v2%7Cpangaea-arabian-sea-sediment%7Csrc-source-record-v2%257Cpangaea-arabian-sea-sediment%257CTOM41-1-17A%257CPANGAEA.950139.tab%2523row%253D102%7CCu%7C,pangaea-arabian-sea-sediment,D2,info,review_required,GEOLOGIC_CONTEXT_MISSING,matched_geologic_unit,,记录没有来源直报或空间匹配的地质单元。,在比例尺与边界不确定性允许时执行空间匹配，并记录地图源、版本、匹配方法和边界距离；否则保留缺失。,true
ITER|rec-observation-v2%257Cpangaea-arabian-sea-sediment%257Csrc-source-record-v2%25257Cpangaea-arabian-sea-sediment%25257CTOM41-1-17A%25257CPANGAEA.950139.tab%252523row%25253D102%257CNi%257C|GEOLOGIC_CONTEXT_MISSING|matched_geologic_unit|,rec-observation-v2%7Cpangaea-arabian-sea-sediment%7Csrc-source-record-v2%257Cpangaea-arabian-sea-sediment%257CTOM41-1-17A%257CPANGAEA.950139.tab%2523row%253D102%7CNi%7C,pangaea-arabian-sea-sediment,D2,info,review_required,GEOLOGIC_CONTEXT_MISSING,matched_geologic_unit,,记录没有来源直报或空间匹配的地质单元。,在比例尺与边界不确定性允许时执行空间匹配，并记录地图源、版本、匹配方法和边界距离；否则保留缺失。,true
ITER|rec-observation-v2%257Cpangaea-arabian-sea-sediment%257Csrc-source-record-v2%25257Cpangaea-arabian-sea-sediment%25257CTOM41-1-17A%25257CPANGAEA.950139.tab%252523row%25253D102%257CPb%257C|GEOLOGIC_CONTEXT_MISSING|matched_geologic_unit|,rec-observation-v2%7Cpangaea-arabian-sea-sediment%7Csrc-source-record-v2%257Cpangaea-arabian-sea-sediment%257CTOM41-1-17A%257CPANGAEA.950139.tab%2523row%253D102%7CPb%7C,pangaea-arabian-sea-sediment,D2,info,review_required,GEOLOGIC_CONTEXT_MISSING,matched_geologic_unit,,记录没有来源直报或空间匹配的地质单元。,在比例尺与边界不确定性允许时执行空间匹配，并记录地图源、版本、匹配方法和边界距离；否则保留缺失。,true
ITER|rec-observation-v2%257Cpangaea-arabian-sea-sediment%257Csrc-source-record-v2%25257Cpangaea-arabian-sea-sediment%25257CTOM41-1-17A%25257CPANGAEA.950139.tab%252523row%25253D102%257CZn%257C|GEOLOGIC_CONTEXT_MISSING|matched_geologic_unit|,rec-observation-v2%7Cpangaea-arabian-sea-sediment%7Csrc-source-record-v2%257Cpangaea-arabian-sea-sediment%257CTOM41-1-17A%257CPANGAEA.950139.tab%2523row%253D102%7CZn%7C,pangaea-arabian-sea-sediment,D2,info,review_required,GEOLOGIC_CONTEXT_MISSING,matched_geologic_unit,,记录没有来源直报或空间匹配的地质单元。,在比例尺与边界不确定性允许时执行空间匹配，并记录地图源、版本、匹配方法和边界距离；否则保留缺失。,true
ITER|rec-observation-v2%257Cpangaea-arabian-sea-sediment%257Csrc-source-record-v2%25257Cpangaea-arabian-sea-sediment%25257CTOM41-1-17E%25257CPANGAEA.950139.tab%252523row%25253D103%257CAs%257C|GEOLOGIC_CONTEXT_MISSING|matched_geologic_unit|,rec-observation-v2%7Cpangaea-arabian-sea-sediment%7Csrc-source-record-v2%257Cpangaea-arabian-sea-sediment%257CTOM41-1-17E%257CPANGAEA.950139.tab%2523row%253D103%7CAs%7C,pangaea-arabian-sea-sediment,D2,info,review_required,GEOLOGIC_CONTEXT_MISSING,matched_geologic_unit,,记录没有来源直报或空间匹配的地质单元。,在比例尺与边界不确定性允许时执行空间匹配，并记录地图源、版本、匹配方法和边界距离；否则保留缺失。,true
ITER|rec-observation-v2%257Cpangaea-arabian-sea-sediment%257Csrc-source-record-v2%25257Cpangaea-arabian-sea-sediment%25257CTOM41-1-17E%25257CPANGAEA.950139.tab%252523row%25253D103%257CCr%257C|GEOLOGIC_CONTEXT_MISSING|matched_geologic_unit|,rec-observation-v2%7Cpangaea-arabian-sea-sediment%7Csrc-source-record-v2%257Cpangaea-arabian-sea-sediment%257CTOM41-1-17E%257CPANGAEA.950139.tab%2523row%253D103%7CCr%7C,pangaea-arabian-sea-sediment,D2,info,review_required,GEOLOGIC_CONTEXT_MISSING,matched_geologic_unit,,记录没有来源直报或空间匹配的地质单元。,在比例尺与边界不确定性允许时执行空间匹配，并记录地图源、版本、匹配方法和边界距离；否则保留缺失。,true
ITER|rec-observation-v2%257Cpangaea-arabian-sea-sediment%257Csrc-source-record-v2%25257Cpangaea-arabian-sea-sediment%25257CTOM41-1-17E%25257CPANGAEA.950139.tab%252523row%25253D103%257CCu%257C|GEOLOGIC_CONTEXT_MISSING|matched_geologic_unit|,rec-observation-v2%7Cpangaea-arabian-sea-sediment%7Csrc-source-record-v2%257Cpangaea-arabian-sea-sediment%257CTOM41-1-17E%257CPANGAEA.950139.tab%2523row%253D103%7CCu%7C,pangaea-arabian-sea-sediment,D2,info,review_required,GEOLOGIC_CONTEXT_MISSING,matched_geologic_unit,,记录没有来源直报或空间匹配的地质单元。,在比例尺与边界不确定性允许时执行空间匹配，并记录地图源、版本、匹配方法和边界距离；否则保留缺失。,true
ITER|rec-observation-v2%257Cpangaea-arabian-sea-sediment%257Csrc-source-record-v2%25257Cpangaea-arabian-sea-sediment%25257CTOM41-1-17E%25257CPANGAEA.950139.tab%252523row%25253D103%257CNi%257C|GEOLOGIC_CONTEXT_MISSING|matched_geologic_unit|,rec-observation-v2%7Cpangaea-arabian-sea-sediment%7Csrc-source-record-v2%257Cpangaea-arabian-sea-sediment%257CTOM41-1-17E%257CPANGAEA.950139.tab%2523row%253D103%7CNi%7C,pangaea-arabian-sea-sediment,D2,info,review_required,GEOLOGIC_CONTEXT_MISSING,matched_geologic_unit,,记录没有来源直报或空间匹配的地质单元。,在比例尺与边界不确定性允许时执行空间匹配，并记录地图源、版本、匹配方法和边界距离；否则保留缺失。,true
ITER|rec-observation-v2%257Cpangaea-arabian-sea-sediment%257Csrc-source-record-v2%25257Cpangaea-arabian-sea-sediment%25257CTOM41-1-17E%25257CPANGAEA.950139.tab%252523row%25253D103%257CPb%257C|GEOLOGIC_CONTEXT_MISSING|matched_geologic_unit|,rec-observation-v2%7Cpangaea-arabian-sea-sediment%7Csrc-source-record-v2%257Cpangaea-arabian-sea-sediment%257CTOM41-1-17E%257CPANGAEA.950139.tab%2523row%253D103%7CPb%7C,pangaea-arabian-sea-sediment,D2,info,review_required,GEOLOGIC_CONTEXT_MISSING,matched_geologic_unit,,记录没有来源直报或空间匹配的地质单元。,在比例尺与边界不确定性允许时执行空间匹配，并记录地图源、版本、匹配方法和边界距离；否则保留缺失。,true
ITER|rec-observation-v2%257Cpangaea-arabian-sea-sediment%257Csrc-source-record-v2%25257Cpangaea-arabian-sea-sediment%25257CTOM41-1-17E%25257CPANGAEA.950139.tab%252523row%25253D103%257CZn%257C|GEOLOGIC_CONTEXT_MISSING|matched_geologic_unit|,rec-observation-v2%7Cpangaea-arabian-sea-sediment%7Csrc-source-record-v2%257Cpangaea-arabian-sea-sediment%257CTOM41-1-17E%257CPANGAEA.950139.tab%2523row%253D103%7CZn%7C,pangaea-arabian-sea-sediment,D2,info,review_required,GEOLOGIC_CONTEXT_MISSING,matched_geologic_unit,,记录没有来源直报或空间匹配的地质单元。,在比例尺与边界不确定性允许时执行空间匹配，并记录地图源、版本、匹配方法和边界距离；否则保留缺失。,true
ITER|rec-observation-v2%257Cpangaea-arabian-sea-sediment%257Csrc-source-record-v2%25257Cpangaea-arabian-sea-sediment%25257CTOM41-1-22E%25257CPANGAEA.950139.tab%252523row%25253D104%257CAs%257C|GEOLOGIC_CONTEXT_MISSING|matched_geologic_unit|,rec-observation-v2%7Cpangaea-arabian-sea-sediment%7Csrc-source-record-v2%257Cpangaea-arabian-sea-sediment%257CTOM41-1-22E%257CPANGAEA.950139.tab%2523row%253D104%7CAs%7C,pangaea-arabian-sea-sediment,D2,info,review_required,GEOLOGIC_CONTEXT_MISSING,matched_geologic_unit,,记录没有来源直报或空间匹配的地质单元。,在比例尺与边界不确定性允许时执行空间匹配，并记录地图源、版本、匹配方法和边界距离；否则保留缺失。,true
ITER|rec-observation-v2%257Cpangaea-arabian-sea-sediment%257Csrc-source-record-v2%25257Cpangaea-arabian-sea-sediment%25257CTOM41-1-22E%25257CPANGAEA.950139.tab%252523row%25253D104%257CCr%257C|GEOLOGIC_CONTEXT_MISSING|matched_geologic_unit|,rec-observation-v2%7Cpangaea-arabian-sea-sediment%7Csrc-source-record-v2%257Cpangaea-arabian-sea-sediment%257CTOM41-1-22E%257CPANGAEA.950139.tab%2523row%253D104%7CCr%7C,pangaea-arabian-sea-sediment,D2,info,review_required,GEOLOGIC_CONTEXT_MISSING,matched_geologic_unit,,记录没有来源直报或空间匹配的地质单元。,在比例尺与边界不确定性允许时执行空间匹配，并记录地图源、版本、匹配方法和边界距离；否则保留缺失。,true
ITER|rec-observation-v2%257Cpangaea-arabian-sea-sediment%257Csrc-source-record-v2%25257Cpangaea-arabian-sea-sediment%25257CTOM41-1-22E%25257CPANGAEA.950139.tab%252523row%25253D104%257CCu%257C|GEOLOGIC_CONTEXT_MISSING|matched_geologic_unit|,rec-observation-v2%7Cpangaea-arabian-sea-sediment%7Csrc-source-record-v2%257Cpangaea-arabian-sea-sediment%257CTOM41-1-22E%257CPANGAEA.950139.tab%2523row%253D104%7CCu%7C,pangaea-arabian-sea-sediment,D2,info,review_required,GEOLOGIC_CONTEXT_MISSING,matched_geologic_unit,,记录没有来源直报或空间匹配的地质单元。,在比例尺与边界不确定性允许时执行空间匹配，并记录地图源、版本、匹配方法和边界距离；否则保留缺失。,true
ITER|rec-observation-v2%257Cpangaea-arabian-sea-sediment%257Csrc-source-record-v2%25257Cpangaea-arabian-sea-sediment%25257CTOM41-1-22E%25257CPANGAEA.950139.tab%252523row%25253D104%257CNi%257C|GEOLOGIC_CONTEXT_MISSING|matched_geologic_unit|,rec-observation-v2%7Cpangaea-arabian-sea-sediment%7Csrc-source-record-v2%257Cpangaea-arabian-sea-sediment%257CTOM41-1-22E%257CPANGAEA.950139.tab%2523row%253D104%7CNi%7C,pangaea-arabian-sea-sediment,D2,info,review_required,GEOLOGIC_CONTEXT_MISSING,matched_geologic_unit,,记录没有来源直报或空间匹配的地质单元。,在比例尺与边界不确定性允许时执行空间匹配，并记录地图源、版本、匹配方法和边界距离；否则保留缺失。,true
ITER|rec-observation-v2%257Cpangaea-arabian-sea-sediment%257Csrc-source-record-v2%25257Cpangaea-arabian-sea-sediment%25257CTOM41-1-22E%25257CPANGAEA.950139.tab%252523row%25253D104%257CPb%257C|GEOLOGIC_CONTEXT_MISSING|matched_geologic_unit|,rec-observation-v2%7Cpangaea-arabian-sea-sediment%7Csrc-source-record-v2%257Cpangaea-arabian-sea-sediment%257CTOM41-1-22E%257CPANGAEA.950139.tab%2523row%253D104%7CPb%7C,pangaea-arabian-sea-sediment,D2,info,review_required,GEOLOGIC_CONTEXT_MISSING,matched_geologic_unit,,记录没有来源直报或空间匹配的地质单元。,在比例尺与边界不确定性允许时执行空间匹配，并记录地图源、版本、匹配方法和边界距离；否则保留缺失。,true
ITER|rec-observation-v2%257Cpangaea-arabian-sea-sediment%257Csrc-source-record-v2%25257Cpangaea-arabian-sea-sediment%25257CTOM41-1-22E%25257CPANGAEA.950139.tab%252523row%25253D104%257CZn%257C|GEOLOGIC_CONTEXT_MISSING|matched_geologic_unit|,rec-observation-v2%7Cpangaea-arabian-sea-sediment%7Csrc-source-record-v2%257Cpangaea-arabian-sea-sediment%257CTOM41-1-22E%257CPANGAEA.950139.tab%2523row%253D104%7CZn%7C,pangaea-arabian-sea-sediment,D2,info,review_required,GEOLOGIC_CONTEXT_MISSING,matched_geologic_unit,,记录没有来源直报或空间匹配的地质单元。,在比例尺与边界不确定性允许时执行空间匹配，并记录地图源、版本、匹配方法和边界距离；否则保留缺失。,true
ITER|rec-observation-v2%257Cpangaea-arabian-sea-sediment%257Csrc-source-record-v2%25257Cpangaea-arabian-sea-sediment%25257CTOM41-1-29G%25257CPANGAEA.950139.tab%252523row%25253D105%257CAs%257C|GEOLOGIC_CONTEXT_MISSING|matched_geologic_unit|,rec-observation-v2%7Cpangaea-arabian-sea-sediment%7Csrc-source-record-v2%257Cpangaea-arabian-sea-sediment%257CTOM41-1-29G%257CPANGAEA.950139.tab%2523row%253D105%7CAs%7C,pangaea-arabian-sea-sediment,D2,info,review_required,GEOLOGIC_CONTEXT_MISSING,matched_geologic_unit,,记录没有来源直报或空间匹配的地质单元。,在比例尺与边界不确定性允许时执行空间匹配，并记录地图源、版本、匹配方法和边界距离；否则保留缺失。,true
ITER|rec-observation-v2%257Cpangaea-arabian-sea-sediment%257Csrc-source-record-v2%25257Cpangaea-arabian-sea-sediment%25257CTOM41-1-29G%25257CPANGAEA.950139.tab%252523row%25253D105%257CCr%257C|GEOLOGIC_CONTEXT_MISSING|matched_geologic_unit|,rec-observation-v2%7Cpangaea-arabian-sea-sediment%7Csrc-source-record-v2%257Cpangaea-arabian-sea-sediment%257CTOM41-1-29G%257CPANGAEA.950139.tab%2523row%253D105%7CCr%7C,pangaea-arabian-sea-sediment,D2,info,review_required,GEOLOGIC_CONTEXT_MISSING,matched_geologic_unit,,记录没有来源直报或空间匹配的地质单元。,在比例尺与边界不确定性允许时执行空间匹配，并记录地图源、版本、匹配方法和边界距离；否则保留缺失。,true
ITER|rec-observation-v2%257Cpangaea-arabian-sea-sediment%257Csrc-source-record-v2%25257Cpangaea-arabian-sea-sediment%25257CTOM41-1-29G%25257CPANGAEA.950139.tab%252523row%25253D105%257CCu%257C|GEOLOGIC_CONTEXT_MISSING|matched_geologic_unit|,rec-observation-v2%7Cpangaea-arabian-sea-sediment%7Csrc-source-record-v2%257Cpangaea-arabian-sea-sediment%257CTOM41-1-29G%257CPANGAEA.950139.tab%2523row%253D105%7CCu%7C,pangaea-arabian-sea-sediment,D2,info,review_required,GEOLOGIC_CONTEXT_MISSING,matched_geologic_unit,,记录没有来源直报或空间匹配的地质单元。,在比例尺与边界不确定性允许时执行空间匹配，并记录地图源、版本、匹配方法和边界距离；否则保留缺失。,true
ITER|rec-observation-v2%257Cpangaea-arabian-sea-sediment%257Csrc-source-record-v2%25257Cpangaea-arabian-sea-sediment%25257CTOM41-1-29G%25257CPANGAEA.950139.tab%252523row%25253D105%257CNi%257C|GEOLOGIC_CONTEXT_MISSING|matched_geologic_unit|,rec-observation-v2%7Cpangaea-arabian-sea-sediment%7Csrc-source-record-v2%257Cpangaea-arabian-sea-sediment%257CTOM41-1-29G%257CPANGAEA.950139.tab%2523row%253D105%7CNi%7C,pangaea-arabian-sea-sediment,D2,info,review_required,GEOLOGIC_CONTEXT_MISSING,matched_geologic_unit,,记录没有来源直报或空间匹配的地质单元。,在比例尺与边界不确定性允许时执行空间匹配，并记录地图源、版本、匹配方法和边界距离；否则保留缺失。,true
ITER|rec-observation-v2%257Cpangaea-arabian-sea-sediment%257Csrc-source-record-v2%25257Cpangaea-arabian-sea-sediment%25257CTOM41-1-29G%25257CPANGAEA.950139.tab%252523row%25253D105%257CPb%257C|GEOLOGIC_CONTEXT_MISSING|matched_geologic_unit|,rec-observation-v2%7Cpangaea-arabian-sea-sediment%7Csrc-source-record-v2%257Cpangaea-arabian-sea-sediment%257CTOM41-1-29G%257CPANGAEA.950139.tab%2523row%253D105%7CPb%7C,pangaea-arabian-sea-sediment,D2,info,review_required,GEOLOGIC_CONTEXT_MISSING,matched_geologic_unit,,记录没有来源直报或空间匹配的地质单元。,在比例尺与边界不确定性允许时执行空间匹配，并记录地图源、版本、匹配方法和边界距离；否则保留缺失。,true
ITER|rec-observation-v2%257Cpangaea-arabian-sea-sediment%257Csrc-source-record-v2%25257Cpangaea-arabian-sea-sediment%25257CTOM41-1-29G%25257CPANGAEA.950139.tab%252523row%25253D105%257CZn%257C|GEOLOGIC_CONTEXT_MISSING|matched_geologic_unit|,rec-observation-v2%7Cpangaea-arabian-sea-sediment%7Csrc-source-record-v2%257Cpangaea-arabian-sea-sediment%257CTOM41-1-29G%257CPANGAEA.950139.tab%2523row%253D105%7CZn%7C,pangaea-arabian-sea-sediment,D2,info,review_required,GEOLOGIC_CONTEXT_MISSING,matched_geologic_unit,,记录没有来源直报或空间匹配的地质单元。,在比例尺与边界不确定性允许时执行空间匹配，并记录地图源、版本、匹配方法和边界距离；否则保留缺失。,true
ITER|rec-observation-v2%257Cpangaea-arabian-sea-sediment%257Csrc-source-record-v2%25257Cpangaea-arabian-sea-sediment%25257CTOM41-1-32C%25257CPANGAEA.950139.tab%252523row%25253D106%257CAs%257C|GEOLOGIC_CONTEXT_MISSING|matched_geologic_unit|,rec-observation-v2%7Cpangaea-arabian-sea-sediment%7Csrc-source-record-v2%257Cpangaea-arabian-sea-sediment%257CTOM41-1-32C%257CPANGAEA.950139.tab%2523row%253D106%7CAs%7C,pangaea-arabian-sea-sediment,D2,info,review_required,GEOLOGIC_CONTEXT_MISSING,matched_geologic_unit,,记录没有来源直报或空间匹配的地质单元。,在比例尺与边界不确定性允许时执行空间匹配，并记录地图源、版本、匹配方法和边界距离；否则保留缺失。,true
ITER|rec-observation-v2%257Cpangaea-arabian-sea-sediment%257Csrc-source-record-v2%25257Cpangaea-arabian-sea-sediment%25257CTOM41-1-32C%25257CPANGAEA.950139.tab%252523row%25253D106%257CCr%257C|GEOLOGIC_CONTEXT_MISSING|matched_geologic_unit|,rec-observation-v2%7Cpangaea-arabian-sea-sediment%7Csrc-source-record-v2%257Cpangaea-arabian-sea-sediment%257CTOM41-1-32C%257CPANGAEA.950139.tab%2523row%253D106%7CCr%7C,pangaea-arabian-sea-sediment,D2,info,review_required,GEOLOGIC_CONTEXT_MISSING,matched_geologic_unit,,记录没有来源直报或空间匹配的地质单元。,在比例尺与边界不确定性允许时执行空间匹配，并记录地图源、版本、匹配方法和边界距离；否则保留缺失。,true
ITER|rec-observation-v2%257Cpangaea-arabian-sea-sediment%257Csrc-source-record-v2%25257Cpangaea-arabian-sea-sediment%25257CTOM41-1-32C%25257CPANGAEA.950139.tab%252523row%25253D106%257CCu%257C|GEOLOGIC_CONTEXT_MISSING|matched_geologic_unit|,rec-observation-v2%7Cpangaea-arabian-sea-sediment%7Csrc-source-record-v2%257Cpangaea-arabian-sea-sediment%257CTOM41-1-32C%257CPANGAEA.950139.tab%2523row%253D106%7CCu%7C,pangaea-arabian-sea-sediment,D2,info,review_required,GEOLOGIC_CONTEXT_MISSING,matched_geologic_unit,,记录没有来源直报或空间匹配的地质单元。,在比例尺与边界不确定性允许时执行空间匹配，并记录地图源、版本、匹配方法和边界距离；否则保留缺失。,true
ITER|rec-observation-v2%257Cpangaea-arabian-sea-sediment%257Csrc-source-record-v2%25257Cpangaea-arabian-sea-sediment%25257CTOM41-1-32C%25257CPANGAEA.950139.tab%252523row%25253D106%257CNi%257C|GEOLOGIC_CONTEXT_MISSING|matched_geologic_unit|,rec-observation-v2%7Cpangaea-arabian-sea-sediment%7Csrc-source-record-v2%257Cpangaea-arabian-sea-sediment%257CTOM41-1-32C%257CPANGAEA.950139.tab%2523row%253D106%7CNi%7C,pangaea-arabian-sea-sediment,D2,info,review_required,GEOLOGIC_CONTEXT_MISSING,matched_geologic_unit,,记录没有来源直报或空间匹配的地质单元。,在比例尺与边界不确定性允许时执行空间匹配，并记录地图源、版本、匹配方法和边界距离；否则保留缺失。,true
ITER|rec-observation-v2%257Cpangaea-arabian-sea-sediment%257Csrc-source-record-v2%25257Cpangaea-arabian-sea-sediment%25257CTOM41-1-32C%25257CPANGAEA.950139.tab%252523row%25253D106%257CPb%257C|GEOLOGIC_CONTEXT_MISSING|matched_geologic_unit|,rec-observation-v2%7Cpangaea-arabian-sea-sediment%7Csrc-source-record-v2%257Cpangaea-arabian-sea-sediment%257CTOM41-1-32C%257CPANGAEA.950139.tab%2523row%253D106%7CPb%7C,pangaea-arabian-sea-sediment,D2,info,review_required,GEOLOGIC_CONTEXT_MISSING,matched_geologic_unit,,记录没有来源直报或空间匹配的地质单元。,在比例尺与边界不确定性允许时执行空间匹配，并记录地图源、版本、匹配方法和边界距离；否则保留缺失。,true
ITER|rec-observation-v2%257Cpangaea-arabian-sea-sediment%257Csrc-source-record-v2%25257Cpangaea-arabian-sea-sediment%25257CTOM41-1-32C%25257CPANGAEA.950139.tab%252523row%25253D106%257CZn%257C|GEOLOGIC_CONTEXT_MISSING|matched_geologic_unit|,rec-observation-v2%7Cpangaea-arabian-sea-sediment%7Csrc-source-record-v2%257Cpangaea-arabian-sea-sediment%257CTOM41-1-32C%257CPANGAEA.950139.tab%2523row%253D106%7CZn%7C,pangaea-arabian-sea-sediment,D2,info,review_required,GEOLOGIC_CONTEXT_MISSING,matched_geologic_unit,,记录没有来源直报或空间匹配的地质单元。,在比例尺与边界不确定性允许时执行空间匹配，并记录地图源、版本、匹配方法和边界距离；否则保留缺失。,true
ITER|rec-observation-v2%257Cpangaea-arabian-sea-sediment%257Csrc-source-record-v2%25257Cpangaea-arabian-sea-sediment%25257CTOM41-1-32G%25257CPANGAEA.950139.tab%252523row%25253D107%257CAs%257C|GEOLOGIC_CONTEXT_MISSING|matched_geologic_unit|,rec-observation-v2%7Cpangaea-arabian-sea-sediment%7Csrc-source-record-v2%257Cpangaea-arabian-sea-sediment%257CTOM41-1-32G%257CPANGAEA.950139.tab%2523row%253D107%7CAs%7C,pangaea-arabian-sea-sediment,D2,info,review_required,GEOLOGIC_CONTEXT_MISSING,matched_geologic_unit,,记录没有来源直报或空间匹配的地质单元。,在比例尺与边界不确定性允许时执行空间匹配，并记录地图源、版本、匹配方法和边界距离；否则保留缺失。,true
ITER|rec-observation-v2%257Cpangaea-arabian-sea-sediment%257Csrc-source-record-v2%25257Cpangaea-arabian-sea-sediment%25257CTOM41-1-32G%25257CPANGAEA.950139.tab%252523row%25253D107%257CCr%257C|GEOLOGIC_CONTEXT_MISSING|matched_geologic_unit|,rec-observation-v2%7Cpangaea-arabian-sea-sediment%7Csrc-source-record-v2%257Cpangaea-arabian-sea-sediment%257CTOM41-1-32G%257CPANGAEA.950139.tab%2523row%253D107%7CCr%7C,pangaea-arabian-sea-sediment,D2,info,review_required,GEOLOGIC_CONTEXT_MISSING,matched_geologic_unit,,记录没有来源直报或空间匹配的地质单元。,在比例尺与边界不确定性允许时执行空间匹配，并记录地图源、版本、匹配方法和边界距离；否则保留缺失。,true
ITER|rec-observation-v2%257Cpangaea-arabian-sea-sediment%257Csrc-source-record-v2%25257Cpangaea-arabian-sea-sediment%25257CTOM41-1-32G%25257CPANGAEA.950139.tab%252523row%25253D107%257CCu%257C|GEOLOGIC_CONTEXT_MISSING|matched_geologic_unit|,rec-observation-v2%7Cpangaea-arabian-sea-sediment%7Csrc-source-record-v2%257Cpangaea-arabian-sea-sediment%257CTOM41-1-32G%257CPANGAEA.950139.tab%2523row%253D107%7CCu%7C,pangaea-arabian-sea-sediment,D2,info,review_required,GEOLOGIC_CONTEXT_MISSING,matched_geologic_unit,,记录没有来源直报或空间匹配的地质单元。,在比例尺与边界不确定性允许时执行空间匹配，并记录地图源、版本、匹配方法和边界距离；否则保留缺失。,true
ITER|rec-observation-v2%257Cpangaea-arabian-sea-sediment%257Csrc-source-record-v2%25257Cpangaea-arabian-sea-sediment%25257CTOM41-1-32G%25257CPANGAEA.950139.tab%252523row%25253D107%257CNi%257C|GEOLOGIC_CONTEXT_MISSING|matched_geologic_unit|,rec-observation-v2%7Cpangaea-arabian-sea-sediment%7Csrc-source-record-v2%257Cpangaea-arabian-sea-sediment%257CTOM41-1-32G%257CPANGAEA.950139.tab%2523row%253D107%7CNi%7C,pangaea-arabian-sea-sediment,D2,info,review_required,GEOLOGIC_CONTEXT_MISSING,matched_geologic_unit,,记录没有来源直报或空间匹配的地质单元。,在比例尺与边界不确定性允许时执行空间匹配，并记录地图源、版本、匹配方法和边界距离；否则保留缺失。,true
ITER|rec-observation-v2%257Cpangaea-arabian-sea-sediment%257Csrc-source-record-v2%25257Cpangaea-arabian-sea-sediment%25257CTOM41-1-32G%25257CPANGAEA.950139.tab%252523row%25253D107%257CPb%257C|GEOLOGIC_CONTEXT_MISSING|matched_geologic_unit|,rec-observation-v2%7Cpangaea-arabian-sea-sediment%7Csrc-source-record-v2%257Cpangaea-arabian-sea-sediment%257CTOM41-1-32G%257CPANGAEA.950139.tab%2523row%253D107%7CPb%7C,pangaea-arabian-sea-sediment,D2,info,review_required,GEOLOGIC_CONTEXT_MISSING,matched_geologic_unit,,记录没有来源直报或空间匹配的地质单元。,在比例尺与边界不确定性允许时执行空间匹配，并记录地图源、版本、匹配方法和边界距离；否则保留缺失。,true
ITER|rec-observation-v2%257Cpangaea-arabian-sea-sediment%257Csrc-source-record-v2%25257Cpangaea-arabian-sea-sediment%25257CTOM41-1-32G%25257CPANGAEA.950139.tab%252523row%25253D107%257CZn%257C|GEOLOGIC_CONTEXT_MISSING|matched_geologic_unit|,rec-observation-v2%7Cpangaea-arabian-sea-sediment%7Csrc-source-record-v2%257Cpangaea-arabian-sea-sediment%257CTOM41-1-32G%257CPANGAEA.950139.tab%2523row%253D107%7CZn%7C,pangaea-arabian-sea-sediment,D2,info,review_required,GEOLOGIC_CONTEXT_MISSING,matched_geologic_unit,,记录没有来源直报或空间匹配的地质单元。,在比例尺与边界不确定性允许时执行空间匹配，并记录地图源、版本、匹配方法和边界距离；否则保留缺失。,true
ITER|rec-observation-v2%257Cpangaea-arabian-sea-sediment%257Csrc-source-record-v2%25257Cpangaea-arabian-sea-sediment%25257CTOM41-1-32G%25257CPANGAEA.950139.tab%252523row%25253D108%257CAs%257C|GEOLOGIC_CONTEXT_MISSING|matched_geologic_unit|,rec-observation-v2%7Cpangaea-arabian-sea-sediment%7Csrc-source-record-v2%257Cpangaea-arabian-sea-sediment%257CTOM41-1-32G%257CPANGAEA.950139.tab%2523row%253D108%7CAs%7C,pangaea-arabian-sea-sediment,D2,info,review_required,GEOLOGIC_CONTEXT_MISSING,matched_geologic_unit,,记录没有来源直报或空间匹配的地质单元。,在比例尺与边界不确定性允许时执行空间匹配，并记录地图源、版本、匹配方法和边界距离；否则保留缺失。,true
ITER|rec-observation-v2%257Cpangaea-arabian-sea-sediment%257Csrc-source-record-v2%25257Cpangaea-arabian-sea-sediment%25257CTOM41-1-32G%25257CPANGAEA.950139.tab%252523row%25253D108%257CCr%257C|GEOLOGIC_CONTEXT_MISSING|matched_geologic_unit|,rec-observation-v2%7Cpangaea-arabian-sea-sediment%7Csrc-source-record-v2%257Cpangaea-arabian-sea-sediment%257CTOM41-1-32G%257CPANGAEA.950139.tab%2523row%253D108%7CCr%7C,pangaea-arabian-sea-sediment,D2,info,review_required,GEOLOGIC_CONTEXT_MISSING,matched_geologic_unit,,记录没有来源直报或空间匹配的地质单元。,在比例尺与边界不确定性允许时执行空间匹配，并记录地图源、版本、匹配方法和边界距离；否则保留缺失。,true
ITER|rec-observation-v2%257Cpangaea-arabian-sea-sediment%257Csrc-source-record-v2%25257Cpangaea-arabian-sea-sediment%25257CTOM41-1-32G%25257CPANGAEA.950139.tab%252523row%25253D108%257CCu%257C|GEOLOGIC_CONTEXT_MISSING|matched_geologic_unit|,rec-observation-v2%7Cpangaea-arabian-sea-sediment%7Csrc-source-record-v2%257Cpangaea-arabian-sea-sediment%257CTOM41-1-32G%257CPANGAEA.950139.tab%2523row%253D108%7CCu%7C,pangaea-arabian-sea-sediment,D2,info,review_required,GEOLOGIC_CONTEXT_MISSING,matched_geologic_unit,,记录没有来源直报或空间匹配的地质单元。,在比例尺与边界不确定性允许时执行空间匹配，并记录地图源、版本、匹配方法和边界距离；否则保留缺失。,true
ITER|rec-observation-v2%257Cpangaea-arabian-sea-sediment%257Csrc-source-record-v2%25257Cpangaea-arabian-sea-sediment%25257CTOM41-1-32G%25257CPANGAEA.950139.tab%252523row%25253D108%257CNi%257C|GEOLOGIC_CONTEXT_MISSING|matched_geologic_unit|,rec-observation-v2%7Cpangaea-arabian-sea-sediment%7Csrc-source-record-v2%257Cpangaea-arabian-sea-sediment%257CTOM41-1-32G%257CPANGAEA.950139.tab%2523row%253D108%7CNi%7C,pangaea-arabian-sea-sediment,D2,info,review_required,GEOLOGIC_CONTEXT_MISSING,matched_geologic_unit,,记录没有来源直报或空间匹配的地质单元。,在比例尺与边界不确定性允许时执行空间匹配，并记录地图源、版本、匹配方法和边界距离；否则保留缺失。,true
ITER|rec-observation-v2%257Cpangaea-arabian-sea-sediment%257Csrc-source-record-v2%25257Cpangaea-arabian-sea-sediment%25257CTOM41-1-32G%25257CPANGAEA.950139.tab%252523row%25253D108%257CPb%257C|GEOLOGIC_CONTEXT_MISSING|matched_geologic_unit|,rec-observation-v2%7Cpangaea-arabian-sea-sediment%7Csrc-source-record-v2%257Cpangaea-arabian-sea-sediment%257CTOM41-1-32G%257CPANGAEA.950139.tab%2523row%253D108%7CPb%7C,pangaea-arabian-sea-sediment,D2,info,review_required,GEOLOGIC_CONTEXT_MISSING,matched_geologic_unit,,记录没有来源直报或空间匹配的地质单元。,在比例尺与边界不确定性允许时执行空间匹配，并记录地图源、版本、匹配方法和边界距离；否则保留缺失。,true
ITER|rec-observation-v2%257Cpangaea-arabian-sea-sediment%257Csrc-source-record-v2%25257Cpangaea-arabian-sea-sediment%25257CTOM41-1-32G%25257CPANGAEA.950139.tab%252523row%25253D108%257CZn%257C|GEOLOGIC_CONTEXT_MISSING|matched_geologic_unit|,rec-observation-v2%7Cpangaea-arabian-sea-sediment%7Csrc-source-record-v2%257Cpangaea-arabian-sea-sediment%257CTOM41-1-32G%257CPANGAEA.950139.tab%2523row%253D108%7CZn%7C,pangaea-arabian-sea-sediment,D2,info,review_required,GEOLOGIC_CONTEXT_MISSING,matched_geologic_unit,,记录没有来源直报或空间匹配的地质单元。,在比例尺与边界不确定性允许时执行空间匹配，并记录地图源、版本、匹配方法和边界距离；否则保留缺失。,true
ITER|rec-observation-v2%257Cpangaea-arabian-sea-sediment%257Csrc-source-record-v2%25257Cpangaea-arabian-sea-sediment%25257CTOM47-1-26D%25257CPANGAEA.950139.tab%252523row%25253D109%257CAs%257C|GEOLOGIC_CONTEXT_MISSING|matched_geologic_unit|,rec-observation-v2%7Cpangaea-arabian-sea-sediment%7Csrc-source-record-v2%257Cpangaea-arabian-sea-sediment%257CTOM47-1-26D%257CPANGAEA.950139.tab%2523row%253D109%7CAs%7C,pangaea-arabian-sea-sediment,D2,info,review_required,GEOLOGIC_CONTEXT_MISSING,matched_geologic_unit,,记录没有来源直报或空间匹配的地质单元。,在比例尺与边界不确定性允许时执行空间匹配，并记录地图源、版本、匹配方法和边界距离；否则保留缺失。,true
ITER|rec-observation-v2%257Cpangaea-arabian-sea-sediment%257Csrc-source-record-v2%25257Cpangaea-arabian-sea-sediment%25257CTOM47-1-26D%25257CPANGAEA.950139.tab%252523row%25253D109%257CCr%257C|GEOLOGIC_CONTEXT_MISSING|matched_geologic_unit|,rec-observation-v2%7Cpangaea-arabian-sea-sediment%7Csrc-source-record-v2%257Cpangaea-arabian-sea-sediment%257CTOM47-1-26D%257CPANGAEA.950139.tab%2523row%253D109%7CCr%7C,pangaea-arabian-sea-sediment,D2,info,review_required,GEOLOGIC_CONTEXT_MISSING,matched_geologic_unit,,记录没有来源直报或空间匹配的地质单元。,在比例尺与边界不确定性允许时执行空间匹配，并记录地图源、版本、匹配方法和边界距离；否则保留缺失。,true
ITER|rec-observation-v2%257Cpangaea-arabian-sea-sediment%257Csrc-source-record-v2%25257Cpangaea-arabian-sea-sediment%25257CTOM47-1-26D%25257CPANGAEA.950139.tab%252523row%25253D109%257CCu%257C|GEOLOGIC_CONTEXT_MISSING|matched_geologic_unit|,rec-observation-v2%7Cpangaea-arabian-sea-sediment%7Csrc-source-record-v2%257Cpangaea-arabian-sea-sediment%257CTOM47-1-26D%257CPANGAEA.950139.tab%2523row%253D109%7CCu%7C,pangaea-arabian-sea-sediment,D2,info,review_required,GEOLOGIC_CONTEXT_MISSING,matched_geologic_unit,,记录没有来源直报或空间匹配的地质单元。,在比例尺与边界不确定性允许时执行空间匹配，并记录地图源、版本、匹配方法和边界距离；否则保留缺失。,true
ITER|rec-observation-v2%257Cpangaea-arabian-sea-sediment%257Csrc-source-record-v2%25257Cpangaea-arabian-sea-sediment%25257CTOM47-1-26D%25257CPANGAEA.950139.tab%252523row%25253D109%257CNi%257C|GEOLOGIC_CONTEXT_MISSING|matched_geologic_unit|,rec-observation-v2%7Cpangaea-arabian-sea-sediment%7Csrc-source-record-v2%257Cpangaea-arabian-sea-sediment%257CTOM47-1-26D%257CPANGAEA.950139.tab%2523row%253D109%7CNi%7C,pangaea-arabian-sea-sediment,D2,info,review_required,GEOLOGIC_CONTEXT_MISSING,matched_geologic_unit,,记录没有来源直报或空间匹配的地质单元。,在比例尺与边界不确定性允许时执行空间匹配，并记录地图源、版本、匹配方法和边界距离；否则保留缺失。,true
ITER|rec-observation-v2%257Cpangaea-arabian-sea-sediment%257Csrc-source-record-v2%25257Cpangaea-arabian-sea-sediment%25257CTOM47-1-26D%25257CPANGAEA.950139.tab%252523row%25253D109%257CPb%257C|GEOLOGIC_CONTEXT_MISSING|matched_geologic_unit|,rec-observation-v2%7Cpangaea-arabian-sea-sediment%7Csrc-source-record-v2%257Cpangaea-arabian-sea-sediment%257CTOM47-1-26D%257CPANGAEA.950139.tab%2523row%253D109%7CPb%7C,pangaea-arabian-sea-sediment,D2,info,review_required,GEOLOGIC_CONTEXT_MISSING,matched_geologic_unit,,记录没有来源直报或空间匹配的地质单元。,在比例尺与边界不确定性允许时执行空间匹配，并记录地图源、版本、匹配方法和边界距离；否则保留缺失。,true
ITER|rec-observation-v2%257Cpangaea-arabian-sea-sediment%257Csrc-source-record-v2%25257Cpangaea-arabian-sea-sediment%25257CTOM47-1-26D%25257CPANGAEA.950139.tab%252523row%25253D109%257CZn%257C|GEOLOGIC_CONTEXT_MISSING|matched_geologic_unit|,rec-observation-v2%7Cpangaea-arabian-sea-sediment%7Csrc-source-record-v2%257Cpangaea-arabian-sea-sediment%257CTOM47-1-26D%257CPANGAEA.950139.tab%2523row%253D109%7CZn%7C,pangaea-arabian-sea-sediment,D2,info,review_required,GEOLOGIC_CONTEXT_MISSING,matched_geologic_unit,,记录没有来源直报或空间匹配的地质单元。,在比例尺与边界不确定性允许时执行空间匹配，并记录地图源、版本、匹配方法和边界距离；否则保留缺失。,true
ITER|rec-observation-v2%257Ctpdc-china-mountain-soil%257Csrc-source-record-v2%25257Ctpdc-china-mountain-soil%25257CAL1-1%25257CA%25257CSoil%252520dataset.xlsx%252523sheet1-row%25253D3%257CCr%257C|COORDINATE_UNUSABLE|latitude%2Clongitude|%2C,rec-observation-v2%7Ctpdc-china-mountain-soil%7Csrc-source-record-v2%257Ctpdc-china-mountain-soil%257CAL1-1%257CA%257CSoil%2520dataset.xlsx%2523sheet1-row%253D3%7CCr%7C,tpdc-china-mountain-soil,D1,error,action_required,COORDINATE_UNUSABLE,"latitude,longitude",",",WGS84 坐标缺失、非数值或超出合法范围，因此不能上图。,从原始来源恢复坐标与 CRS；若只提供区域名称，保留缺失并记录原因，不得填区域质心。,true
ITER|rec-observation-v2%257Ctpdc-china-mountain-soil%257Csrc-source-record-v2%25257Ctpdc-china-mountain-soil%25257CAL1-1%25257CA%25257CSoil%252520dataset.xlsx%252523sheet1-row%25253D3%257CCr%257C|GEOLOGIC_CONTEXT_MISSING|matched_geologic_unit|,rec-observation-v2%7Ctpdc-china-mountain-soil%7Csrc-source-record-v2%257Ctpdc-china-mountain-soil%257CAL1-1%257CA%257CSoil%2520dataset.xlsx%2523sheet1-row%253D3%7CCr%7C,tpdc-china-mountain-soil,D2,info,review_required,GEOLOGIC_CONTEXT_MISSING,matched_geologic_unit,,记录没有来源直报或空间匹配的地质单元。,在比例尺与边界不确定性允许时执行空间匹配，并记录地图源、版本、匹配方法和边界距离；否则保留缺失。,true
ITER|rec-observation-v2%257Ctpdc-china-mountain-soil%257Csrc-source-record-v2%25257Ctpdc-china-mountain-soil%25257CAL1-1%25257CA%25257CSoil%252520dataset.xlsx%252523sheet1-row%25253D3%257CCu%257C|COORDINATE_UNUSABLE|latitude%2Clongitude|%2C,rec-observation-v2%7Ctpdc-china-mountain-soil%7Csrc-source-record-v2%257Ctpdc-china-mountain-soil%257CAL1-1%257CA%257CSoil%2520dataset.xlsx%2523sheet1-row%253D3%7CCu%7C,tpdc-china-mountain-soil,D1,error,action_required,COORDINATE_UNUSABLE,"latitude,longitude",",",WGS84 坐标缺失、非数值或超出合法范围，因此不能上图。,从原始来源恢复坐标与 CRS；若只提供区域名称，保留缺失并记录原因，不得填区域质心。,true
ITER|rec-observation-v2%257Ctpdc-china-mountain-soil%257Csrc-source-record-v2%25257Ctpdc-china-mountain-soil%25257CAL1-1%25257CA%25257CSoil%252520dataset.xlsx%252523sheet1-row%25253D3%257CCu%257C|GEOLOGIC_CONTEXT_MISSING|matched_geologic_unit|,rec-observation-v2%7Ctpdc-china-mountain-soil%7Csrc-source-record-v2%257Ctpdc-china-mountain-soil%257CAL1-1%257CA%257CSoil%2520dataset.xlsx%2523sheet1-row%253D3%7CCu%7C,tpdc-china-mountain-soil,D2,info,review_required,GEOLOGIC_CONTEXT_MISSING,matched_geologic_unit,,记录没有来源直报或空间匹配的地质单元。,在比例尺与边界不确定性允许时执行空间匹配，并记录地图源、版本、匹配方法和边界距离；否则保留缺失。,true
ITER|rec-observation-v2%257Ctpdc-china-mountain-soil%257Csrc-source-record-v2%25257Ctpdc-china-mountain-soil%25257CAL1-1%25257CA%25257CSoil%252520dataset.xlsx%252523sheet1-row%25253D3%257CNi%257C|COORDINATE_UNUSABLE|latitude%2Clongitude|%2C,rec-observation-v2%7Ctpdc-china-mountain-soil%7Csrc-source-record-v2%257Ctpdc-china-mountain-soil%257CAL1-1%257CA%257CSoil%2520dataset.xlsx%2523sheet1-row%253D3%7CNi%7C,tpdc-china-mountain-soil,D1,error,action_required,COORDINATE_UNUSABLE,"latitude,longitude",",",WGS84 坐标缺失、非数值或超出合法范围，因此不能上图。,从原始来源恢复坐标与 CRS；若只提供区域名称，保留缺失并记录原因，不得填区域质心。,true
ITER|rec-observation-v2%257Ctpdc-china-mountain-soil%257Csrc-source-record-v2%25257Ctpdc-china-mountain-soil%25257CAL1-1%25257CA%25257CSoil%252520dataset.xlsx%252523sheet1-row%25253D3%257CNi%257C|GEOLOGIC_CONTEXT_MISSING|matched_geologic_unit|,rec-observation-v2%7Ctpdc-china-mountain-soil%7Csrc-source-record-v2%257Ctpdc-china-mountain-soil%257CAL1-1%257CA%257CSoil%2520dataset.xlsx%2523sheet1-row%253D3%7CNi%7C,tpdc-china-mountain-soil,D2,info,review_required,GEOLOGIC_CONTEXT_MISSING,matched_geologic_unit,,记录没有来源直报或空间匹配的地质单元。,在比例尺与边界不确定性允许时执行空间匹配，并记录地图源、版本、匹配方法和边界距离；否则保留缺失。,true
ITER|rec-observation-v2%257Ctpdc-china-mountain-soil%257Csrc-source-record-v2%25257Ctpdc-china-mountain-soil%25257CAL1-1%25257CA%25257CSoil%252520dataset.xlsx%252523sheet1-row%25253D3%257CPb%257C|COORDINATE_UNUSABLE|latitude%2Clongitude|%2C,rec-observation-v2%7Ctpdc-china-mountain-soil%7Csrc-source-record-v2%257Ctpdc-china-mountain-soil%257CAL1-1%257CA%257CSoil%2520dataset.xlsx%2523sheet1-row%253D3%7CPb%7C,tpdc-china-mountain-soil,D1,error,action_required,COORDINATE_UNUSABLE,"latitude,longitude",",",WGS84 坐标缺失、非数值或超出合法范围，因此不能上图。,从原始来源恢复坐标与 CRS；若只提供区域名称，保留缺失并记录原因，不得填区域质心。,true
ITER|rec-observation-v2%257Ctpdc-china-mountain-soil%257Csrc-source-record-v2%25257Ctpdc-china-mountain-soil%25257CAL1-1%25257CA%25257CSoil%252520dataset.xlsx%252523sheet1-row%25253D3%257CPb%257C|GEOLOGIC_CONTEXT_MISSING|matched_geologic_unit|,rec-observation-v2%7Ctpdc-china-mountain-soil%7Csrc-source-record-v2%257Ctpdc-china-mountain-soil%257CAL1-1%257CA%257CSoil%2520dataset.xlsx%2523sheet1-row%253D3%7CPb%7C,tpdc-china-mountain-soil,D2,info,review_required,GEOLOGIC_CONTEXT_MISSING,matched_geologic_unit,,记录没有来源直报或空间匹配的地质单元。,在比例尺与边界不确定性允许时执行空间匹配，并记录地图源、版本、匹配方法和边界距离；否则保留缺失。,true
ITER|rec-observation-v2%257Ctpdc-china-mountain-soil%257Csrc-source-record-v2%25257Ctpdc-china-mountain-soil%25257CAL1-1%25257CA%25257CSoil%252520dataset.xlsx%252523sheet1-row%25253D3%257CZn%257C|COORDINATE_UNUSABLE|latitude%2Clongitude|%2C,rec-observation-v2%7Ctpdc-china-mountain-soil%7Csrc-source-record-v2%257Ctpdc-china-mountain-soil%257CAL1-1%257CA%257CSoil%2520dataset.xlsx%2523sheet1-row%253D3%7CZn%7C,tpdc-china-mountain-soil,D1,error,action_required,COORDINATE_UNUSABLE,"latitude,longitude",",",WGS84 坐标缺失、非数值或超出合法范围，因此不能上图。,从原始来源恢复坐标与 CRS；若只提供区域名称，保留缺失并记录原因，不得填区域质心。,true
ITER|rec-observation-v2%257Ctpdc-china-mountain-soil%257Csrc-source-record-v2%25257Ctpdc-china-mountain-soil%25257CAL1-1%25257CA%25257CSoil%252520dataset.xlsx%252523sheet1-row%25253D3%257CZn%257C|GEOLOGIC_CONTEXT_MISSING|matched_geologic_unit|,rec-observation-v2%7Ctpdc-china-mountain-soil%7Csrc-source-record-v2%257Ctpdc-china-mountain-soil%257CAL1-1%257CA%257CSoil%2520dataset.xlsx%2523sheet1-row%253D3%7CZn%7C,tpdc-china-mountain-soil,D2,info,review_required,GEOLOGIC_CONTEXT_MISSING,matched_geologic_unit,,记录没有来源直报或空间匹配的地质单元。,在比例尺与边界不确定性允许时执行空间匹配，并记录地图源、版本、匹配方法和边界距离；否则保留缺失。,true
ITER|rec-observation-v2%257Ctpdc-china-mountain-soil%257Csrc-source-record-v2%25257Ctpdc-china-mountain-soil%25257CAL1-1%25257CC%25257CSoil%252520dataset.xlsx%252523sheet1-row%25253D4%257CCr%257C|COORDINATE_UNUSABLE|latitude%2Clongitude|%2C,rec-observation-v2%7Ctpdc-china-mountain-soil%7Csrc-source-record-v2%257Ctpdc-china-mountain-soil%257CAL1-1%257CC%257CSoil%2520dataset.xlsx%2523sheet1-row%253D4%7CCr%7C,tpdc-china-mountain-soil,D1,error,action_required,COORDINATE_UNUSABLE,"latitude,longitude",",",WGS84 坐标缺失、非数值或超出合法范围，因此不能上图。,从原始来源恢复坐标与 CRS；若只提供区域名称，保留缺失并记录原因，不得填区域质心。,true
ITER|rec-observation-v2%257Ctpdc-china-mountain-soil%257Csrc-source-record-v2%25257Ctpdc-china-mountain-soil%25257CAL1-1%25257CC%25257CSoil%252520dataset.xlsx%252523sheet1-row%25253D4%257CCr%257C|GEOLOGIC_CONTEXT_MISSING|matched_geologic_unit|,rec-observation-v2%7Ctpdc-china-mountain-soil%7Csrc-source-record-v2%257Ctpdc-china-mountain-soil%257CAL1-1%257CC%257CSoil%2520dataset.xlsx%2523sheet1-row%253D4%7CCr%7C,tpdc-china-mountain-soil,D2,info,review_required,GEOLOGIC_CONTEXT_MISSING,matched_geologic_unit,,记录没有来源直报或空间匹配的地质单元。,在比例尺与边界不确定性允许时执行空间匹配，并记录地图源、版本、匹配方法和边界距离；否则保留缺失。,true
ITER|rec-observation-v2%257Ctpdc-china-mountain-soil%257Csrc-source-record-v2%25257Ctpdc-china-mountain-soil%25257CAL1-1%25257CC%25257CSoil%252520dataset.xlsx%252523sheet1-row%25253D4%257CCu%257C|COORDINATE_UNUSABLE|latitude%2Clongitude|%2C,rec-observation-v2%7Ctpdc-china-mountain-soil%7Csrc-source-record-v2%257Ctpdc-china-mountain-soil%257CAL1-1%257CC%257CSoil%2520dataset.xlsx%2523sheet1-row%253D4%7CCu%7C,tpdc-china-mountain-soil,D1,error,action_required,COORDINATE_UNUSABLE,"latitude,longitude",",",WGS84 坐标缺失、非数值或超出合法范围，因此不能上图。,从原始来源恢复坐标与 CRS；若只提供区域名称，保留缺失并记录原因，不得填区域质心。,true
ITER|rec-observation-v2%257Ctpdc-china-mountain-soil%257Csrc-source-record-v2%25257Ctpdc-china-mountain-soil%25257CAL1-1%25257CC%25257CSoil%252520dataset.xlsx%252523sheet1-row%25253D4%257CCu%257C|GEOLOGIC_CONTEXT_MISSING|matched_geologic_unit|,rec-observation-v2%7Ctpdc-china-mountain-soil%7Csrc-source-record-v2%257Ctpdc-china-mountain-soil%257CAL1-1%257CC%257CSoil%2520dataset.xlsx%2523sheet1-row%253D4%7CCu%7C,tpdc-china-mountain-soil,D2,info,review_required,GEOLOGIC_CONTEXT_MISSING,matched_geologic_unit,,记录没有来源直报或空间匹配的地质单元。,在比例尺与边界不确定性允许时执行空间匹配，并记录地图源、版本、匹配方法和边界距离；否则保留缺失。,true
ITER|rec-observation-v2%257Ctpdc-china-mountain-soil%257Csrc-source-record-v2%25257Ctpdc-china-mountain-soil%25257CAL1-1%25257CC%25257CSoil%252520dataset.xlsx%252523sheet1-row%25253D4%257CNi%257C|COORDINATE_UNUSABLE|latitude%2Clongitude|%2C,rec-observation-v2%7Ctpdc-china-mountain-soil%7Csrc-source-record-v2%257Ctpdc-china-mountain-soil%257CAL1-1%257CC%257CSoil%2520dataset.xlsx%2523sheet1-row%253D4%7CNi%7C,tpdc-china-mountain-soil,D1,error,action_required,COORDINATE_UNUSABLE,"latitude,longitude",",",WGS84 坐标缺失、非数值或超出合法范围，因此不能上图。,从原始来源恢复坐标与 CRS；若只提供区域名称，保留缺失并记录原因，不得填区域质心。,true
ITER|rec-observation-v2%257Ctpdc-china-mountain-soil%257Csrc-source-record-v2%25257Ctpdc-china-mountain-soil%25257CAL1-1%25257CC%25257CSoil%252520dataset.xlsx%252523sheet1-row%25253D4%257CNi%257C|GEOLOGIC_CONTEXT_MISSING|matched_geologic_unit|,rec-observation-v2%7Ctpdc-china-mountain-soil%7Csrc-source-record-v2%257Ctpdc-china-mountain-soil%257CAL1-1%257CC%257CSoil%2520dataset.xlsx%2523sheet1-row%253D4%7CNi%7C,tpdc-china-mountain-soil,D2,info,review_required,GEOLOGIC_CONTEXT_MISSING,matched_geologic_unit,,记录没有来源直报或空间匹配的地质单元。,在比例尺与边界不确定性允许时执行空间匹配，并记录地图源、版本、匹配方法和边界距离；否则保留缺失。,true
ITER|rec-observation-v2%257Ctpdc-china-mountain-soil%257Csrc-source-record-v2%25257Ctpdc-china-mountain-soil%25257CAL1-1%25257CC%25257CSoil%252520dataset.xlsx%252523sheet1-row%25253D4%257CPb%257C|COORDINATE_UNUSABLE|latitude%2Clongitude|%2C,rec-observation-v2%7Ctpdc-china-mountain-soil%7Csrc-source-record-v2%257Ctpdc-china-mountain-soil%257CAL1-1%257CC%257CSoil%2520dataset.xlsx%2523sheet1-row%253D4%7CPb%7C,tpdc-china-mountain-soil,D1,error,action_required,COORDINATE_UNUSABLE,"latitude,longitude",",",WGS84 坐标缺失、非数值或超出合法范围，因此不能上图。,从原始来源恢复坐标与 CRS；若只提供区域名称，保留缺失并记录原因，不得填区域质心。,true
ITER|rec-observation-v2%257Ctpdc-china-mountain-soil%257Csrc-source-record-v2%25257Ctpdc-china-mountain-soil%25257CAL1-1%25257CC%25257CSoil%252520dataset.xlsx%252523sheet1-row%25253D4%257CPb%257C|GEOLOGIC_CONTEXT_MISSING|matched_geologic_unit|,rec-observation-v2%7Ctpdc-china-mountain-soil%7Csrc-source-record-v2%257Ctpdc-china-mountain-soil%257CAL1-1%257CC%257CSoil%2520dataset.xlsx%2523sheet1-row%253D4%7CPb%7C,tpdc-china-mountain-soil,D2,info,review_required,GEOLOGIC_CONTEXT_MISSING,matched_geologic_unit,,记录没有来源直报或空间匹配的地质单元。,在比例尺与边界不确定性允许时执行空间匹配，并记录地图源、版本、匹配方法和边界距离；否则保留缺失。,true
ITER|rec-observation-v2%257Ctpdc-china-mountain-soil%257Csrc-source-record-v2%25257Ctpdc-china-mountain-soil%25257CAL1-1%25257CC%25257CSoil%252520dataset.xlsx%252523sheet1-row%25253D4%257CZn%257C|COORDINATE_UNUSABLE|latitude%2Clongitude|%2C,rec-observation-v2%7Ctpdc-china-mountain-soil%7Csrc-source-record-v2%257Ctpdc-china-mountain-soil%257CAL1-1%257CC%257CSoil%2520dataset.xlsx%2523sheet1-row%253D4%7CZn%7C,tpdc-china-mountain-soil,D1,error,action_required,COORDINATE_UNUSABLE,"latitude,longitude",",",WGS84 坐标缺失、非数值或超出合法范围，因此不能上图。,从原始来源恢复坐标与 CRS；若只提供区域名称，保留缺失并记录原因，不得填区域质心。,true
ITER|rec-observation-v2%257Ctpdc-china-mountain-soil%257Csrc-source-record-v2%25257Ctpdc-china-mountain-soil%25257CAL1-1%25257CC%25257CSoil%252520dataset.xlsx%252523sheet1-row%25253D4%257CZn%257C|GEOLOGIC_CONTEXT_MISSING|matched_geologic_unit|,rec-observation-v2%7Ctpdc-china-mountain-soil%7Csrc-source-record-v2%257Ctpdc-china-mountain-soil%257CAL1-1%257CC%257CSoil%2520dataset.xlsx%2523sheet1-row%253D4%7CZn%7C,tpdc-china-mountain-soil,D2,info,review_required,GEOLOGIC_CONTEXT_MISSING,matched_geologic_unit,,记录没有来源直报或空间匹配的地质单元。,在比例尺与边界不确定性允许时执行空间匹配，并记录地图源、版本、匹配方法和边界距离；否则保留缺失。,true
ITER|rec-observation-v2%257Ctpdc-china-mountain-soil%257Csrc-source-record-v2%25257Ctpdc-china-mountain-soil%25257CAL1-1%25257CO%25257CSoil%252520dataset.xlsx%252523sheet1-row%25253D2%257CCr%257C|COORDINATE_UNUSABLE|latitude%2Clongitude|%2C,rec-observation-v2%7Ctpdc-china-mountain-soil%7Csrc-source-record-v2%257Ctpdc-china-mountain-soil%257CAL1-1%257CO%257CSoil%2520dataset.xlsx%2523sheet1-row%253D2%7CCr%7C,tpdc-china-mountain-soil,D1,error,action_required,COORDINATE_UNUSABLE,"latitude,longitude",",",WGS84 坐标缺失、非数值或超出合法范围，因此不能上图。,从原始来源恢复坐标与 CRS；若只提供区域名称，保留缺失并记录原因，不得填区域质心。,true
ITER|rec-observation-v2%257Ctpdc-china-mountain-soil%257Csrc-source-record-v2%25257Ctpdc-china-mountain-soil%25257CAL1-1%25257CO%25257CSoil%252520dataset.xlsx%252523sheet1-row%25253D2%257CCr%257C|GEOLOGIC_CONTEXT_MISSING|matched_geologic_unit|,rec-observation-v2%7Ctpdc-china-mountain-soil%7Csrc-source-record-v2%257Ctpdc-china-mountain-soil%257CAL1-1%257CO%257CSoil%2520dataset.xlsx%2523sheet1-row%253D2%7CCr%7C,tpdc-china-mountain-soil,D2,info,review_required,GEOLOGIC_CONTEXT_MISSING,matched_geologic_unit,,记录没有来源直报或空间匹配的地质单元。,在比例尺与边界不确定性允许时执行空间匹配，并记录地图源、版本、匹配方法和边界距离；否则保留缺失。,true
ITER|rec-observation-v2%257Ctpdc-china-mountain-soil%257Csrc-source-record-v2%25257Ctpdc-china-mountain-soil%25257CAL1-1%25257CO%25257CSoil%252520dataset.xlsx%252523sheet1-row%25253D2%257CCu%257C|COORDINATE_UNUSABLE|latitude%2Clongitude|%2C,rec-observation-v2%7Ctpdc-china-mountain-soil%7Csrc-source-record-v2%257Ctpdc-china-mountain-soil%257CAL1-1%257CO%257CSoil%2520dataset.xlsx%2523sheet1-row%253D2%7CCu%7C,tpdc-china-mountain-soil,D1,error,action_required,COORDINATE_UNUSABLE,"latitude,longitude",",",WGS84 坐标缺失、非数值或超出合法范围，因此不能上图。,从原始来源恢复坐标与 CRS；若只提供区域名称，保留缺失并记录原因，不得填区域质心。,true
ITER|rec-observation-v2%257Ctpdc-china-mountain-soil%257Csrc-source-record-v2%25257Ctpdc-china-mountain-soil%25257CAL1-1%25257CO%25257CSoil%252520dataset.xlsx%252523sheet1-row%25253D2%257CCu%257C|GEOLOGIC_CONTEXT_MISSING|matched_geologic_unit|,rec-observation-v2%7Ctpdc-china-mountain-soil%7Csrc-source-record-v2%257Ctpdc-china-mountain-soil%257CAL1-1%257CO%257CSoil%2520dataset.xlsx%2523sheet1-row%253D2%7CCu%7C,tpdc-china-mountain-soil,D2,info,review_required,GEOLOGIC_CONTEXT_MISSING,matched_geologic_unit,,记录没有来源直报或空间匹配的地质单元。,在比例尺与边界不确定性允许时执行空间匹配，并记录地图源、版本、匹配方法和边界距离；否则保留缺失。,true
ITER|rec-observation-v2%257Ctpdc-china-mountain-soil%257Csrc-source-record-v2%25257Ctpdc-china-mountain-soil%25257CAL1-1%25257CO%25257CSoil%252520dataset.xlsx%252523sheet1-row%25253D2%257CNi%257C|COORDINATE_UNUSABLE|latitude%2Clongitude|%2C,rec-observation-v2%7Ctpdc-china-mountain-soil%7Csrc-source-record-v2%257Ctpdc-china-mountain-soil%257CAL1-1%257CO%257CSoil%2520dataset.xlsx%2523sheet1-row%253D2%7CNi%7C,tpdc-china-mountain-soil,D1,error,action_required,COORDINATE_UNUSABLE,"latitude,longitude",",",WGS84 坐标缺失、非数值或超出合法范围，因此不能上图。,从原始来源恢复坐标与 CRS；若只提供区域名称，保留缺失并记录原因，不得填区域质心。,true
ITER|rec-observation-v2%257Ctpdc-china-mountain-soil%257Csrc-source-record-v2%25257Ctpdc-china-mountain-soil%25257CAL1-1%25257CO%25257CSoil%252520dataset.xlsx%252523sheet1-row%25253D2%257CNi%257C|GEOLOGIC_CONTEXT_MISSING|matched_geologic_unit|,rec-observation-v2%7Ctpdc-china-mountain-soil%7Csrc-source-record-v2%257Ctpdc-china-mountain-soil%257CAL1-1%257CO%257CSoil%2520dataset.xlsx%2523sheet1-row%253D2%7CNi%7C,tpdc-china-mountain-soil,D2,info,review_required,GEOLOGIC_CONTEXT_MISSING,matched_geologic_unit,,记录没有来源直报或空间匹配的地质单元。,在比例尺与边界不确定性允许时执行空间匹配，并记录地图源、版本、匹配方法和边界距离；否则保留缺失。,true
ITER|rec-observation-v2%257Ctpdc-china-mountain-soil%257Csrc-source-record-v2%25257Ctpdc-china-mountain-soil%25257CAL1-1%25257CO%25257CSoil%252520dataset.xlsx%252523sheet1-row%25253D2%257CPb%257C|COORDINATE_UNUSABLE|latitude%2Clongitude|%2C,rec-observation-v2%7Ctpdc-china-mountain-soil%7Csrc-source-record-v2%257Ctpdc-china-mountain-soil%257CAL1-1%257CO%257CSoil%2520dataset.xlsx%2523sheet1-row%253D2%7CPb%7C,tpdc-china-mountain-soil,D1,error,action_required,COORDINATE_UNUSABLE,"latitude,longitude",",",WGS84 坐标缺失、非数值或超出合法范围，因此不能上图。,从原始来源恢复坐标与 CRS；若只提供区域名称，保留缺失并记录原因，不得填区域质心。,true
ITER|rec-observation-v2%257Ctpdc-china-mountain-soil%257Csrc-source-record-v2%25257Ctpdc-china-mountain-soil%25257CAL1-1%25257CO%25257CSoil%252520dataset.xlsx%252523sheet1-row%25253D2%257CPb%257C|GEOLOGIC_CONTEXT_MISSING|matched_geologic_unit|,rec-observation-v2%7Ctpdc-china-mountain-soil%7Csrc-source-record-v2%257Ctpdc-china-mountain-soil%257CAL1-1%257CO%257CSoil%2520dataset.xlsx%2523sheet1-row%253D2%7CPb%7C,tpdc-china-mountain-soil,D2,info,review_required,GEOLOGIC_CONTEXT_MISSING,matched_geologic_unit,,记录没有来源直报或空间匹配的地质单元。,在比例尺与边界不确定性允许时执行空间匹配，并记录地图源、版本、匹配方法和边界距离；否则保留缺失。,true
ITER|rec-observation-v2%257Ctpdc-china-mountain-soil%257Csrc-source-record-v2%25257Ctpdc-china-mountain-soil%25257CAL1-1%25257CO%25257CSoil%252520dataset.xlsx%252523sheet1-row%25253D2%257CZn%257C|COORDINATE_UNUSABLE|latitude%2Clongitude|%2C,rec-observation-v2%7Ctpdc-china-mountain-soil%7Csrc-source-record-v2%257Ctpdc-china-mountain-soil%257CAL1-1%257CO%257CSoil%2520dataset.xlsx%2523sheet1-row%253D2%7CZn%7C,tpdc-china-mountain-soil,D1,error,action_required,COORDINATE_UNUSABLE,"latitude,longitude",",",WGS84 坐标缺失、非数值或超出合法范围，因此不能上图。,从原始来源恢复坐标与 CRS；若只提供区域名称，保留缺失并记录原因，不得填区域质心。,true
ITER|rec-observation-v2%257Ctpdc-china-mountain-soil%257Csrc-source-record-v2%25257Ctpdc-china-mountain-soil%25257CAL1-1%25257CO%25257CSoil%252520dataset.xlsx%252523sheet1-row%25253D2%257CZn%257C|GEOLOGIC_CONTEXT_MISSING|matched_geologic_unit|,rec-observation-v2%7Ctpdc-china-mountain-soil%7Csrc-source-record-v2%257Ctpdc-china-mountain-soil%257CAL1-1%257CO%257CSoil%2520dataset.xlsx%2523sheet1-row%253D2%7CZn%7C,tpdc-china-mountain-soil,D2,info,review_required,GEOLOGIC_CONTEXT_MISSING,matched_geologic_unit,,记录没有来源直报或空间匹配的地质单元。,在比例尺与边界不确定性允许时执行空间匹配，并记录地图源、版本、匹配方法和边界距离；否则保留缺失。,true
ITER|rec-observation-v2%257Ctpdc-china-mountain-soil%257Csrc-source-record-v2%25257Ctpdc-china-mountain-soil%25257CAL1-2%25257CA%25257CSoil%252520dataset.xlsx%252523sheet1-row%25253D6%257CCr%257C|COORDINATE_UNUSABLE|latitude%2Clongitude|%2C,rec-observation-v2%7Ctpdc-china-mountain-soil%7Csrc-source-record-v2%257Ctpdc-china-mountain-soil%257CAL1-2%257CA%257CSoil%2520dataset.xlsx%2523sheet1-row%253D6%7CCr%7C,tpdc-china-mountain-soil,D1,error,action_required,COORDINATE_UNUSABLE,"latitude,longitude",",",WGS84 坐标缺失、非数值或超出合法范围，因此不能上图。,从原始来源恢复坐标与 CRS；若只提供区域名称，保留缺失并记录原因，不得填区域质心。,true
ITER|rec-observation-v2%257Ctpdc-china-mountain-soil%257Csrc-source-record-v2%25257Ctpdc-china-mountain-soil%25257CAL1-2%25257CA%25257CSoil%252520dataset.xlsx%252523sheet1-row%25253D6%257CCr%257C|GEOLOGIC_CONTEXT_MISSING|matched_geologic_unit|,rec-observation-v2%7Ctpdc-china-mountain-soil%7Csrc-source-record-v2%257Ctpdc-china-mountain-soil%257CAL1-2%257CA%257CSoil%2520dataset.xlsx%2523sheet1-row%253D6%7CCr%7C,tpdc-china-mountain-soil,D2,info,review_required,GEOLOGIC_CONTEXT_MISSING,matched_geologic_unit,,记录没有来源直报或空间匹配的地质单元。,在比例尺与边界不确定性允许时执行空间匹配，并记录地图源、版本、匹配方法和边界距离；否则保留缺失。,true
ITER|rec-observation-v2%257Ctpdc-china-mountain-soil%257Csrc-source-record-v2%25257Ctpdc-china-mountain-soil%25257CAL1-2%25257CA%25257CSoil%252520dataset.xlsx%252523sheet1-row%25253D6%257CCu%257C|COORDINATE_UNUSABLE|latitude%2Clongitude|%2C,rec-observation-v2%7Ctpdc-china-mountain-soil%7Csrc-source-record-v2%257Ctpdc-china-mountain-soil%257CAL1-2%257CA%257CSoil%2520dataset.xlsx%2523sheet1-row%253D6%7CCu%7C,tpdc-china-mountain-soil,D1,error,action_required,COORDINATE_UNUSABLE,"latitude,longitude",",",WGS84 坐标缺失、非数值或超出合法范围，因此不能上图。,从原始来源恢复坐标与 CRS；若只提供区域名称，保留缺失并记录原因，不得填区域质心。,true
ITER|rec-observation-v2%257Ctpdc-china-mountain-soil%257Csrc-source-record-v2%25257Ctpdc-china-mountain-soil%25257CAL1-2%25257CA%25257CSoil%252520dataset.xlsx%252523sheet1-row%25253D6%257CCu%257C|GEOLOGIC_CONTEXT_MISSING|matched_geologic_unit|,rec-observation-v2%7Ctpdc-china-mountain-soil%7Csrc-source-record-v2%257Ctpdc-china-mountain-soil%257CAL1-2%257CA%257CSoil%2520dataset.xlsx%2523sheet1-row%253D6%7CCu%7C,tpdc-china-mountain-soil,D2,info,review_required,GEOLOGIC_CONTEXT_MISSING,matched_geologic_unit,,记录没有来源直报或空间匹配的地质单元。,在比例尺与边界不确定性允许时执行空间匹配，并记录地图源、版本、匹配方法和边界距离；否则保留缺失。,true
ITER|rec-observation-v2%257Ctpdc-china-mountain-soil%257Csrc-source-record-v2%25257Ctpdc-china-mountain-soil%25257CAL1-2%25257CA%25257CSoil%252520dataset.xlsx%252523sheet1-row%25253D6%257CNi%257C|COORDINATE_UNUSABLE|latitude%2Clongitude|%2C,rec-observation-v2%7Ctpdc-china-mountain-soil%7Csrc-source-record-v2%257Ctpdc-china-mountain-soil%257CAL1-2%257CA%257CSoil%2520dataset.xlsx%2523sheet1-row%253D6%7CNi%7C,tpdc-china-mountain-soil,D1,error,action_required,COORDINATE_UNUSABLE,"latitude,longitude",",",WGS84 坐标缺失、非数值或超出合法范围，因此不能上图。,从原始来源恢复坐标与 CRS；若只提供区域名称，保留缺失并记录原因，不得填区域质心。,true
ITER|rec-observation-v2%257Ctpdc-china-mountain-soil%257Csrc-source-record-v2%25257Ctpdc-china-mountain-soil%25257CAL1-2%25257CA%25257CSoil%252520dataset.xlsx%252523sheet1-row%25253D6%257CNi%257C|GEOLOGIC_CONTEXT_MISSING|matched_geologic_unit|,rec-observation-v2%7Ctpdc-china-mountain-soil%7Csrc-source-record-v2%257Ctpdc-china-mountain-soil%257CAL1-2%257CA%257CSoil%2520dataset.xlsx%2523sheet1-row%253D6%7CNi%7C,tpdc-china-mountain-soil,D2,info,review_required,GEOLOGIC_CONTEXT_MISSING,matched_geologic_unit,,记录没有来源直报或空间匹配的地质单元。,在比例尺与边界不确定性允许时执行空间匹配，并记录地图源、版本、匹配方法和边界距离；否则保留缺失。,true
ITER|rec-observation-v2%257Ctpdc-china-mountain-soil%257Csrc-source-record-v2%25257Ctpdc-china-mountain-soil%25257CAL1-2%25257CA%25257CSoil%252520dataset.xlsx%252523sheet1-row%25253D6%257CPb%257C|COORDINATE_UNUSABLE|latitude%2Clongitude|%2C,rec-observation-v2%7Ctpdc-china-mountain-soil%7Csrc-source-record-v2%257Ctpdc-china-mountain-soil%257CAL1-2%257CA%257CSoil%2520dataset.xlsx%2523sheet1-row%253D6%7CPb%7C,tpdc-china-mountain-soil,D1,error,action_required,COORDINATE_UNUSABLE,"latitude,longitude",",",WGS84 坐标缺失、非数值或超出合法范围，因此不能上图。,从原始来源恢复坐标与 CRS；若只提供区域名称，保留缺失并记录原因，不得填区域质心。,true
ITER|rec-observation-v2%257Ctpdc-china-mountain-soil%257Csrc-source-record-v2%25257Ctpdc-china-mountain-soil%25257CAL1-2%25257CA%25257CSoil%252520dataset.xlsx%252523sheet1-row%25253D6%257CPb%257C|GEOLOGIC_CONTEXT_MISSING|matched_geologic_unit|,rec-observation-v2%7Ctpdc-china-mountain-soil%7Csrc-source-record-v2%257Ctpdc-china-mountain-soil%257CAL1-2%257CA%257CSoil%2520dataset.xlsx%2523sheet1-row%253D6%7CPb%7C,tpdc-china-mountain-soil,D2,info,review_required,GEOLOGIC_CONTEXT_MISSING,matched_geologic_unit,,记录没有来源直报或空间匹配的地质单元。,在比例尺与边界不确定性允许时执行空间匹配，并记录地图源、版本、匹配方法和边界距离；否则保留缺失。,true
ITER|rec-observation-v2%257Ctpdc-china-mountain-soil%257Csrc-source-record-v2%25257Ctpdc-china-mountain-soil%25257CAL1-2%25257CA%25257CSoil%252520dataset.xlsx%252523sheet1-row%25253D6%257CZn%257C|COORDINATE_UNUSABLE|latitude%2Clongitude|%2C,rec-observation-v2%7Ctpdc-china-mountain-soil%7Csrc-source-record-v2%257Ctpdc-china-mountain-soil%257CAL1-2%257CA%257CSoil%2520dataset.xlsx%2523sheet1-row%253D6%7CZn%7C,tpdc-china-mountain-soil,D1,error,action_required,COORDINATE_UNUSABLE,"latitude,longitude",",",WGS84 坐标缺失、非数值或超出合法范围，因此不能上图。,从原始来源恢复坐标与 CRS；若只提供区域名称，保留缺失并记录原因，不得填区域质心。,true
ITER|rec-observation-v2%257Ctpdc-china-mountain-soil%257Csrc-source-record-v2%25257Ctpdc-china-mountain-soil%25257CAL1-2%25257CA%25257CSoil%252520dataset.xlsx%252523sheet1-row%25253D6%257CZn%257C|GEOLOGIC_CONTEXT_MISSING|matched_geologic_unit|,rec-observation-v2%7Ctpdc-china-mountain-soil%7Csrc-source-record-v2%257Ctpdc-china-mountain-soil%257CAL1-2%257CA%257CSoil%2520dataset.xlsx%2523sheet1-row%253D6%7CZn%7C,tpdc-china-mountain-soil,D2,info,review_required,GEOLOGIC_CONTEXT_MISSING,matched_geologic_unit,,记录没有来源直报或空间匹配的地质单元。,在比例尺与边界不确定性允许时执行空间匹配，并记录地图源、版本、匹配方法和边界距离；否则保留缺失。,true
ITER|rec-observation-v2%257Ctpdc-china-mountain-soil%257Csrc-source-record-v2%25257Ctpdc-china-mountain-soil%25257CAL1-2%25257CC%25257CSoil%252520dataset.xlsx%252523sheet1-row%25253D7%257CCr%257C|COORDINATE_UNUSABLE|latitude%2Clongitude|%2C,rec-observation-v2%7Ctpdc-china-mountain-soil%7Csrc-source-record-v2%257Ctpdc-china-mountain-soil%257CAL1-2%257CC%257CSoil%2520dataset.xlsx%2523sheet1-row%253D7%7CCr%7C,tpdc-china-mountain-soil,D1,error,action_required,COORDINATE_UNUSABLE,"latitude,longitude",",",WGS84 坐标缺失、非数值或超出合法范围，因此不能上图。,从原始来源恢复坐标与 CRS；若只提供区域名称，保留缺失并记录原因，不得填区域质心。,true
ITER|rec-observation-v2%257Ctpdc-china-mountain-soil%257Csrc-source-record-v2%25257Ctpdc-china-mountain-soil%25257CAL1-2%25257CC%25257CSoil%252520dataset.xlsx%252523sheet1-row%25253D7%257CCr%257C|GEOLOGIC_CONTEXT_MISSING|matched_geologic_unit|,rec-observation-v2%7Ctpdc-china-mountain-soil%7Csrc-source-record-v2%257Ctpdc-china-mountain-soil%257CAL1-2%257CC%257CSoil%2520dataset.xlsx%2523sheet1-row%253D7%7CCr%7C,tpdc-china-mountain-soil,D2,info,review_required,GEOLOGIC_CONTEXT_MISSING,matched_geologic_unit,,记录没有来源直报或空间匹配的地质单元。,在比例尺与边界不确定性允许时执行空间匹配，并记录地图源、版本、匹配方法和边界距离；否则保留缺失。,true
ITER|rec-observation-v2%257Ctpdc-china-mountain-soil%257Csrc-source-record-v2%25257Ctpdc-china-mountain-soil%25257CAL1-2%25257CC%25257CSoil%252520dataset.xlsx%252523sheet1-row%25253D7%257CCu%257C|COORDINATE_UNUSABLE|latitude%2Clongitude|%2C,rec-observation-v2%7Ctpdc-china-mountain-soil%7Csrc-source-record-v2%257Ctpdc-china-mountain-soil%257CAL1-2%257CC%257CSoil%2520dataset.xlsx%2523sheet1-row%253D7%7CCu%7C,tpdc-china-mountain-soil,D1,error,action_required,COORDINATE_UNUSABLE,"latitude,longitude",",",WGS84 坐标缺失、非数值或超出合法范围，因此不能上图。,从原始来源恢复坐标与 CRS；若只提供区域名称，保留缺失并记录原因，不得填区域质心。,true
ITER|rec-observation-v2%257Ctpdc-china-mountain-soil%257Csrc-source-record-v2%25257Ctpdc-china-mountain-soil%25257CAL1-2%25257CC%25257CSoil%252520dataset.xlsx%252523sheet1-row%25253D7%257CCu%257C|GEOLOGIC_CONTEXT_MISSING|matched_geologic_unit|,rec-observation-v2%7Ctpdc-china-mountain-soil%7Csrc-source-record-v2%257Ctpdc-china-mountain-soil%257CAL1-2%257CC%257CSoil%2520dataset.xlsx%2523sheet1-row%253D7%7CCu%7C,tpdc-china-mountain-soil,D2,info,review_required,GEOLOGIC_CONTEXT_MISSING,matched_geologic_unit,,记录没有来源直报或空间匹配的地质单元。,在比例尺与边界不确定性允许时执行空间匹配，并记录地图源、版本、匹配方法和边界距离；否则保留缺失。,true
ITER|rec-observation-v2%257Ctpdc-china-mountain-soil%257Csrc-source-record-v2%25257Ctpdc-china-mountain-soil%25257CAL1-2%25257CC%25257CSoil%252520dataset.xlsx%252523sheet1-row%25253D7%257CNi%257C|COORDINATE_UNUSABLE|latitude%2Clongitude|%2C,rec-observation-v2%7Ctpdc-china-mountain-soil%7Csrc-source-record-v2%257Ctpdc-china-mountain-soil%257CAL1-2%257CC%257CSoil%2520dataset.xlsx%2523sheet1-row%253D7%7CNi%7C,tpdc-china-mountain-soil,D1,error,action_required,COORDINATE_UNUSABLE,"latitude,longitude",",",WGS84 坐标缺失、非数值或超出合法范围，因此不能上图。,从原始来源恢复坐标与 CRS；若只提供区域名称，保留缺失并记录原因，不得填区域质心。,true
ITER|rec-observation-v2%257Ctpdc-china-mountain-soil%257Csrc-source-record-v2%25257Ctpdc-china-mountain-soil%25257CAL1-2%25257CC%25257CSoil%252520dataset.xlsx%252523sheet1-row%25253D7%257CNi%257C|GEOLOGIC_CONTEXT_MISSING|matched_geologic_unit|,rec-observation-v2%7Ctpdc-china-mountain-soil%7Csrc-source-record-v2%257Ctpdc-china-mountain-soil%257CAL1-2%257CC%257CSoil%2520dataset.xlsx%2523sheet1-row%253D7%7CNi%7C,tpdc-china-mountain-soil,D2,info,review_required,GEOLOGIC_CONTEXT_MISSING,matched_geologic_unit,,记录没有来源直报或空间匹配的地质单元。,在比例尺与边界不确定性允许时执行空间匹配，并记录地图源、版本、匹配方法和边界距离；否则保留缺失。,true
ITER|rec-observation-v2%257Ctpdc-china-mountain-soil%257Csrc-source-record-v2%25257Ctpdc-china-mountain-soil%25257CAL1-2%25257CC%25257CSoil%252520dataset.xlsx%252523sheet1-row%25253D7%257CPb%257C|COORDINATE_UNUSABLE|latitude%2Clongitude|%2C,rec-observation-v2%7Ctpdc-china-mountain-soil%7Csrc-source-record-v2%257Ctpdc-china-mountain-soil%257CAL1-2%257CC%257CSoil%2520dataset.xlsx%2523sheet1-row%253D7%7CPb%7C,tpdc-china-mountain-soil,D1,error,action_required,COORDINATE_UNUSABLE,"latitude,longitude",",",WGS84 坐标缺失、非数值或超出合法范围，因此不能上图。,从原始来源恢复坐标与 CRS；若只提供区域名称，保留缺失并记录原因，不得填区域质心。,true
ITER|rec-observation-v2%257Ctpdc-china-mountain-soil%257Csrc-source-record-v2%25257Ctpdc-china-mountain-soil%25257CAL1-2%25257CC%25257CSoil%252520dataset.xlsx%252523sheet1-row%25253D7%257CPb%257C|GEOLOGIC_CONTEXT_MISSING|matched_geologic_unit|,rec-observation-v2%7Ctpdc-china-mountain-soil%7Csrc-source-record-v2%257Ctpdc-china-mountain-soil%257CAL1-2%257CC%257CSoil%2520dataset.xlsx%2523sheet1-row%253D7%7CPb%7C,tpdc-china-mountain-soil,D2,info,review_required,GEOLOGIC_CONTEXT_MISSING,matched_geologic_unit,,记录没有来源直报或空间匹配的地质单元。,在比例尺与边界不确定性允许时执行空间匹配，并记录地图源、版本、匹配方法和边界距离；否则保留缺失。,true
ITER|rec-observation-v2%257Ctpdc-china-mountain-soil%257Csrc-source-record-v2%25257Ctpdc-china-mountain-soil%25257CAL1-2%25257CC%25257CSoil%252520dataset.xlsx%252523sheet1-row%25253D7%257CZn%257C|COORDINATE_UNUSABLE|latitude%2Clongitude|%2C,rec-observation-v2%7Ctpdc-china-mountain-soil%7Csrc-source-record-v2%257Ctpdc-china-mountain-soil%257CAL1-2%257CC%257CSoil%2520dataset.xlsx%2523sheet1-row%253D7%7CZn%7C,tpdc-china-mountain-soil,D1,error,action_required,COORDINATE_UNUSABLE,"latitude,longitude",",",WGS84 坐标缺失、非数值或超出合法范围，因此不能上图。,从原始来源恢复坐标与 CRS；若只提供区域名称，保留缺失并记录原因，不得填区域质心。,true
ITER|rec-observation-v2%257Ctpdc-china-mountain-soil%257Csrc-source-record-v2%25257Ctpdc-china-mountain-soil%25257CAL1-2%25257CC%25257CSoil%252520dataset.xlsx%252523sheet1-row%25253D7%257CZn%257C|GEOLOGIC_CONTEXT_MISSING|matched_geologic_unit|,rec-observation-v2%7Ctpdc-china-mountain-soil%7Csrc-source-record-v2%257Ctpdc-china-mountain-soil%257CAL1-2%257CC%257CSoil%2520dataset.xlsx%2523sheet1-row%253D7%7CZn%7C,tpdc-china-mountain-soil,D2,info,review_required,GEOLOGIC_CONTEXT_MISSING,matched_geologic_unit,,记录没有来源直报或空间匹配的地质单元。,在比例尺与边界不确定性允许时执行空间匹配，并记录地图源、版本、匹配方法和边界距离；否则保留缺失。,true
ITER|rec-observation-v2%257Ctpdc-china-mountain-soil%257Csrc-source-record-v2%25257Ctpdc-china-mountain-soil%25257CAL1-2%25257CO%25257CSoil%252520dataset.xlsx%252523sheet1-row%25253D5%257CCr%257C|COORDINATE_UNUSABLE|latitude%2Clongitude|%2C,rec-observation-v2%7Ctpdc-china-mountain-soil%7Csrc-source-record-v2%257Ctpdc-china-mountain-soil%257CAL1-2%257CO%257CSoil%2520dataset.xlsx%2523sheet1-row%253D5%7CCr%7C,tpdc-china-mountain-soil,D1,error,action_required,COORDINATE_UNUSABLE,"latitude,longitude",",",WGS84 坐标缺失、非数值或超出合法范围，因此不能上图。,从原始来源恢复坐标与 CRS；若只提供区域名称，保留缺失并记录原因，不得填区域质心。,true
ITER|rec-observation-v2%257Ctpdc-china-mountain-soil%257Csrc-source-record-v2%25257Ctpdc-china-mountain-soil%25257CAL1-2%25257CO%25257CSoil%252520dataset.xlsx%252523sheet1-row%25253D5%257CCr%257C|GEOLOGIC_CONTEXT_MISSING|matched_geologic_unit|,rec-observation-v2%7Ctpdc-china-mountain-soil%7Csrc-source-record-v2%257Ctpdc-china-mountain-soil%257CAL1-2%257CO%257CSoil%2520dataset.xlsx%2523sheet1-row%253D5%7CCr%7C,tpdc-china-mountain-soil,D2,info,review_required,GEOLOGIC_CONTEXT_MISSING,matched_geologic_unit,,记录没有来源直报或空间匹配的地质单元。,在比例尺与边界不确定性允许时执行空间匹配，并记录地图源、版本、匹配方法和边界距离；否则保留缺失。,true
ITER|rec-observation-v2%257Ctpdc-china-mountain-soil%257Csrc-source-record-v2%25257Ctpdc-china-mountain-soil%25257CAL1-2%25257CO%25257CSoil%252520dataset.xlsx%252523sheet1-row%25253D5%257CCu%257C|COORDINATE_UNUSABLE|latitude%2Clongitude|%2C,rec-observation-v2%7Ctpdc-china-mountain-soil%7Csrc-source-record-v2%257Ctpdc-china-mountain-soil%257CAL1-2%257CO%257CSoil%2520dataset.xlsx%2523sheet1-row%253D5%7CCu%7C,tpdc-china-mountain-soil,D1,error,action_required,COORDINATE_UNUSABLE,"latitude,longitude",",",WGS84 坐标缺失、非数值或超出合法范围，因此不能上图。,从原始来源恢复坐标与 CRS；若只提供区域名称，保留缺失并记录原因，不得填区域质心。,true
ITER|rec-observation-v2%257Ctpdc-china-mountain-soil%257Csrc-source-record-v2%25257Ctpdc-china-mountain-soil%25257CAL1-2%25257CO%25257CSoil%252520dataset.xlsx%252523sheet1-row%25253D5%257CCu%257C|GEOLOGIC_CONTEXT_MISSING|matched_geologic_unit|,rec-observation-v2%7Ctpdc-china-mountain-soil%7Csrc-source-record-v2%257Ctpdc-china-mountain-soil%257CAL1-2%257CO%257CSoil%2520dataset.xlsx%2523sheet1-row%253D5%7CCu%7C,tpdc-china-mountain-soil,D2,info,review_required,GEOLOGIC_CONTEXT_MISSING,matched_geologic_unit,,记录没有来源直报或空间匹配的地质单元。,在比例尺与边界不确定性允许时执行空间匹配，并记录地图源、版本、匹配方法和边界距离；否则保留缺失。,true
ITER|rec-observation-v2%257Ctpdc-china-mountain-soil%257Csrc-source-record-v2%25257Ctpdc-china-mountain-soil%25257CAL1-2%25257CO%25257CSoil%252520dataset.xlsx%252523sheet1-row%25253D5%257CNi%257C|COORDINATE_UNUSABLE|latitude%2Clongitude|%2C,rec-observation-v2%7Ctpdc-china-mountain-soil%7Csrc-source-record-v2%257Ctpdc-china-mountain-soil%257CAL1-2%257CO%257CSoil%2520dataset.xlsx%2523sheet1-row%253D5%7CNi%7C,tpdc-china-mountain-soil,D1,error,action_required,COORDINATE_UNUSABLE,"latitude,longitude",",",WGS84 坐标缺失、非数值或超出合法范围，因此不能上图。,从原始来源恢复坐标与 CRS；若只提供区域名称，保留缺失并记录原因，不得填区域质心。,true
ITER|rec-observation-v2%257Ctpdc-china-mountain-soil%257Csrc-source-record-v2%25257Ctpdc-china-mountain-soil%25257CAL1-2%25257CO%25257CSoil%252520dataset.xlsx%252523sheet1-row%25253D5%257CNi%257C|GEOLOGIC_CONTEXT_MISSING|matched_geologic_unit|,rec-observation-v2%7Ctpdc-china-mountain-soil%7Csrc-source-record-v2%257Ctpdc-china-mountain-soil%257CAL1-2%257CO%257CSoil%2520dataset.xlsx%2523sheet1-row%253D5%7CNi%7C,tpdc-china-mountain-soil,D2,info,review_required,GEOLOGIC_CONTEXT_MISSING,matched_geologic_unit,,记录没有来源直报或空间匹配的地质单元。,在比例尺与边界不确定性允许时执行空间匹配，并记录地图源、版本、匹配方法和边界距离；否则保留缺失。,true
ITER|rec-observation-v2%257Ctpdc-china-mountain-soil%257Csrc-source-record-v2%25257Ctpdc-china-mountain-soil%25257CAL1-2%25257CO%25257CSoil%252520dataset.xlsx%252523sheet1-row%25253D5%257CPb%257C|COORDINATE_UNUSABLE|latitude%2Clongitude|%2C,rec-observation-v2%7Ctpdc-china-mountain-soil%7Csrc-source-record-v2%257Ctpdc-china-mountain-soil%257CAL1-2%257CO%257CSoil%2520dataset.xlsx%2523sheet1-row%253D5%7CPb%7C,tpdc-china-mountain-soil,D1,error,action_required,COORDINATE_UNUSABLE,"latitude,longitude",",",WGS84 坐标缺失、非数值或超出合法范围，因此不能上图。,从原始来源恢复坐标与 CRS；若只提供区域名称，保留缺失并记录原因，不得填区域质心。,true
ITER|rec-observation-v2%257Ctpdc-china-mountain-soil%257Csrc-source-record-v2%25257Ctpdc-china-mountain-soil%25257CAL1-2%25257CO%25257CSoil%252520dataset.xlsx%252523sheet1-row%25253D5%257CPb%257C|GEOLOGIC_CONTEXT_MISSING|matched_geologic_unit|,rec-observation-v2%7Ctpdc-china-mountain-soil%7Csrc-source-record-v2%257Ctpdc-china-mountain-soil%257CAL1-2%257CO%257CSoil%2520dataset.xlsx%2523sheet1-row%253D5%7CPb%7C,tpdc-china-mountain-soil,D2,info,review_required,GEOLOGIC_CONTEXT_MISSING,matched_geologic_unit,,记录没有来源直报或空间匹配的地质单元。,在比例尺与边界不确定性允许时执行空间匹配，并记录地图源、版本、匹配方法和边界距离；否则保留缺失。,true
ITER|rec-observation-v2%257Ctpdc-china-mountain-soil%257Csrc-source-record-v2%25257Ctpdc-china-mountain-soil%25257CAL1-2%25257CO%25257CSoil%252520dataset.xlsx%252523sheet1-row%25253D5%257CZn%257C|COORDINATE_UNUSABLE|latitude%2Clongitude|%2C,rec-observation-v2%7Ctpdc-china-mountain-soil%7Csrc-source-record-v2%257Ctpdc-china-mountain-soil%257CAL1-2%257CO%257CSoil%2520dataset.xlsx%2523sheet1-row%253D5%7CZn%7C,tpdc-china-mountain-soil,D1,error,action_required,COORDINATE_UNUSABLE,"latitude,longitude",",",WGS84 坐标缺失、非数值或超出合法范围，因此不能上图。,从原始来源恢复坐标与 CRS；若只提供区域名称，保留缺失并记录原因，不得填区域质心。,true
ITER|rec-observation-v2%257Ctpdc-china-mountain-soil%257Csrc-source-record-v2%25257Ctpdc-china-mountain-soil%25257CAL1-2%25257CO%25257CSoil%252520dataset.xlsx%252523sheet1-row%25253D5%257CZn%257C|GEOLOGIC_CONTEXT_MISSING|matched_geologic_unit|,rec-observation-v2%7Ctpdc-china-mountain-soil%7Csrc-source-record-v2%257Ctpdc-china-mountain-soil%257CAL1-2%257CO%257CSoil%2520dataset.xlsx%2523sheet1-row%253D5%7CZn%7C,tpdc-china-mountain-soil,D2,info,review_required,GEOLOGIC_CONTEXT_MISSING,matched_geologic_unit,,记录没有来源直报或空间匹配的地质单元。,在比例尺与边界不确定性允许时执行空间匹配，并记录地图源、版本、匹配方法和边界距离；否则保留缺失。,true
ITER|rec-observation-v2%257Ctpdc-china-mountain-soil%257Csrc-source-record-v2%25257Ctpdc-china-mountain-soil%25257CAL1-3%25257CA%25257CSoil%252520dataset.xlsx%252523sheet1-row%25253D9%257CCr%257C|COORDINATE_UNUSABLE|latitude%2Clongitude|%2C,rec-observation-v2%7Ctpdc-china-mountain-soil%7Csrc-source-record-v2%257Ctpdc-china-mountain-soil%257CAL1-3%257CA%257CSoil%2520dataset.xlsx%2523sheet1-row%253D9%7CCr%7C,tpdc-china-mountain-soil,D1,error,action_required,COORDINATE_UNUSABLE,"latitude,longitude",",",WGS84 坐标缺失、非数值或超出合法范围，因此不能上图。,从原始来源恢复坐标与 CRS；若只提供区域名称，保留缺失并记录原因，不得填区域质心。,true
ITER|rec-observation-v2%257Ctpdc-china-mountain-soil%257Csrc-source-record-v2%25257Ctpdc-china-mountain-soil%25257CAL1-3%25257CA%25257CSoil%252520dataset.xlsx%252523sheet1-row%25253D9%257CCr%257C|GEOLOGIC_CONTEXT_MISSING|matched_geologic_unit|,rec-observation-v2%7Ctpdc-china-mountain-soil%7Csrc-source-record-v2%257Ctpdc-china-mountain-soil%257CAL1-3%257CA%257CSoil%2520dataset.xlsx%2523sheet1-row%253D9%7CCr%7C,tpdc-china-mountain-soil,D2,info,review_required,GEOLOGIC_CONTEXT_MISSING,matched_geologic_unit,,记录没有来源直报或空间匹配的地质单元。,在比例尺与边界不确定性允许时执行空间匹配，并记录地图源、版本、匹配方法和边界距离；否则保留缺失。,true
ITER|rec-observation-v2%257Ctpdc-china-mountain-soil%257Csrc-source-record-v2%25257Ctpdc-china-mountain-soil%25257CAL1-3%25257CA%25257CSoil%252520dataset.xlsx%252523sheet1-row%25253D9%257CCu%257C|COORDINATE_UNUSABLE|latitude%2Clongitude|%2C,rec-observation-v2%7Ctpdc-china-mountain-soil%7Csrc-source-record-v2%257Ctpdc-china-mountain-soil%257CAL1-3%257CA%257CSoil%2520dataset.xlsx%2523sheet1-row%253D9%7CCu%7C,tpdc-china-mountain-soil,D1,error,action_required,COORDINATE_UNUSABLE,"latitude,longitude",",",WGS84 坐标缺失、非数值或超出合法范围，因此不能上图。,从原始来源恢复坐标与 CRS；若只提供区域名称，保留缺失并记录原因，不得填区域质心。,true
ITER|rec-observation-v2%257Ctpdc-china-mountain-soil%257Csrc-source-record-v2%25257Ctpdc-china-mountain-soil%25257CAL1-3%25257CA%25257CSoil%252520dataset.xlsx%252523sheet1-row%25253D9%257CCu%257C|GEOLOGIC_CONTEXT_MISSING|matched_geologic_unit|,rec-observation-v2%7Ctpdc-china-mountain-soil%7Csrc-source-record-v2%257Ctpdc-china-mountain-soil%257CAL1-3%257CA%257CSoil%2520dataset.xlsx%2523sheet1-row%253D9%7CCu%7C,tpdc-china-mountain-soil,D2,info,review_required,GEOLOGIC_CONTEXT_MISSING,matched_geologic_unit,,记录没有来源直报或空间匹配的地质单元。,在比例尺与边界不确定性允许时执行空间匹配，并记录地图源、版本、匹配方法和边界距离；否则保留缺失。,true
ITER|rec-observation-v2%257Ctpdc-china-mountain-soil%257Csrc-source-record-v2%25257Ctpdc-china-mountain-soil%25257CAL1-3%25257CA%25257CSoil%252520dataset.xlsx%252523sheet1-row%25253D9%257CNi%257C|COORDINATE_UNUSABLE|latitude%2Clongitude|%2C,rec-observation-v2%7Ctpdc-china-mountain-soil%7Csrc-source-record-v2%257Ctpdc-china-mountain-soil%257CAL1-3%257CA%257CSoil%2520dataset.xlsx%2523sheet1-row%253D9%7CNi%7C,tpdc-china-mountain-soil,D1,error,action_required,COORDINATE_UNUSABLE,"latitude,longitude",",",WGS84 坐标缺失、非数值或超出合法范围，因此不能上图。,从原始来源恢复坐标与 CRS；若只提供区域名称，保留缺失并记录原因，不得填区域质心。,true
ITER|rec-observation-v2%257Ctpdc-china-mountain-soil%257Csrc-source-record-v2%25257Ctpdc-china-mountain-soil%25257CAL1-3%25257CA%25257CSoil%252520dataset.xlsx%252523sheet1-row%25253D9%257CNi%257C|GEOLOGIC_CONTEXT_MISSING|matched_geologic_unit|,rec-observation-v2%7Ctpdc-china-mountain-soil%7Csrc-source-record-v2%257Ctpdc-china-mountain-soil%257CAL1-3%257CA%257CSoil%2520dataset.xlsx%2523sheet1-row%253D9%7CNi%7C,tpdc-china-mountain-soil,D2,info,review_required,GEOLOGIC_CONTEXT_MISSING,matched_geologic_unit,,记录没有来源直报或空间匹配的地质单元。,在比例尺与边界不确定性允许时执行空间匹配，并记录地图源、版本、匹配方法和边界距离；否则保留缺失。,true
ITER|rec-observation-v2%257Ctpdc-china-mountain-soil%257Csrc-source-record-v2%25257Ctpdc-china-mountain-soil%25257CAL1-3%25257CA%25257CSoil%252520dataset.xlsx%252523sheet1-row%25253D9%257CPb%257C|COORDINATE_UNUSABLE|latitude%2Clongitude|%2C,rec-observation-v2%7Ctpdc-china-mountain-soil%7Csrc-source-record-v2%257Ctpdc-china-mountain-soil%257CAL1-3%257CA%257CSoil%2520dataset.xlsx%2523sheet1-row%253D9%7CPb%7C,tpdc-china-mountain-soil,D1,error,action_required,COORDINATE_UNUSABLE,"latitude,longitude",",",WGS84 坐标缺失、非数值或超出合法范围，因此不能上图。,从原始来源恢复坐标与 CRS；若只提供区域名称，保留缺失并记录原因，不得填区域质心。,true
ITER|rec-observation-v2%257Ctpdc-china-mountain-soil%257Csrc-source-record-v2%25257Ctpdc-china-mountain-soil%25257CAL1-3%25257CA%25257CSoil%252520dataset.xlsx%252523sheet1-row%25253D9%257CPb%257C|GEOLOGIC_CONTEXT_MISSING|matched_geologic_unit|,rec-observation-v2%7Ctpdc-china-mountain-soil%7Csrc-source-record-v2%257Ctpdc-china-mountain-soil%257CAL1-3%257CA%257CSoil%2520dataset.xlsx%2523sheet1-row%253D9%7CPb%7C,tpdc-china-mountain-soil,D2,info,review_required,GEOLOGIC_CONTEXT_MISSING,matched_geologic_unit,,记录没有来源直报或空间匹配的地质单元。,在比例尺与边界不确定性允许时执行空间匹配，并记录地图源、版本、匹配方法和边界距离；否则保留缺失。,true
ITER|rec-observation-v2%257Ctpdc-china-mountain-soil%257Csrc-source-record-v2%25257Ctpdc-china-mountain-soil%25257CAL1-3%25257CA%25257CSoil%252520dataset.xlsx%252523sheet1-row%25253D9%257CZn%257C|COORDINATE_UNUSABLE|latitude%2Clongitude|%2C,rec-observation-v2%7Ctpdc-china-mountain-soil%7Csrc-source-record-v2%257Ctpdc-china-mountain-soil%257CAL1-3%257CA%257CSoil%2520dataset.xlsx%2523sheet1-row%253D9%7CZn%7C,tpdc-china-mountain-soil,D1,error,action_required,COORDINATE_UNUSABLE,"latitude,longitude",",",WGS84 坐标缺失、非数值或超出合法范围，因此不能上图。,从原始来源恢复坐标与 CRS；若只提供区域名称，保留缺失并记录原因，不得填区域质心。,true
ITER|rec-observation-v2%257Ctpdc-china-mountain-soil%257Csrc-source-record-v2%25257Ctpdc-china-mountain-soil%25257CAL1-3%25257CA%25257CSoil%252520dataset.xlsx%252523sheet1-row%25253D9%257CZn%257C|GEOLOGIC_CONTEXT_MISSING|matched_geologic_unit|,rec-observation-v2%7Ctpdc-china-mountain-soil%7Csrc-source-record-v2%257Ctpdc-china-mountain-soil%257CAL1-3%257CA%257CSoil%2520dataset.xlsx%2523sheet1-row%253D9%7CZn%7C,tpdc-china-mountain-soil,D2,info,review_required,GEOLOGIC_CONTEXT_MISSING,matched_geologic_unit,,记录没有来源直报或空间匹配的地质单元。,在比例尺与边界不确定性允许时执行空间匹配，并记录地图源、版本、匹配方法和边界距离；否则保留缺失。,true
ITER|rec-observation-v2%257Ctpdc-china-mountain-soil%257Csrc-source-record-v2%25257Ctpdc-china-mountain-soil%25257CAL1-3%25257CO%25257CSoil%252520dataset.xlsx%252523sheet1-row%25253D8%257CCr%257C|COORDINATE_UNUSABLE|latitude%2Clongitude|%2C,rec-observation-v2%7Ctpdc-china-mountain-soil%7Csrc-source-record-v2%257Ctpdc-china-mountain-soil%257CAL1-3%257CO%257CSoil%2520dataset.xlsx%2523sheet1-row%253D8%7CCr%7C,tpdc-china-mountain-soil,D1,error,action_required,COORDINATE_UNUSABLE,"latitude,longitude",",",WGS84 坐标缺失、非数值或超出合法范围，因此不能上图。,从原始来源恢复坐标与 CRS；若只提供区域名称，保留缺失并记录原因，不得填区域质心。,true
ITER|rec-observation-v2%257Ctpdc-china-mountain-soil%257Csrc-source-record-v2%25257Ctpdc-china-mountain-soil%25257CAL1-3%25257CO%25257CSoil%252520dataset.xlsx%252523sheet1-row%25253D8%257CCr%257C|GEOLOGIC_CONTEXT_MISSING|matched_geologic_unit|,rec-observation-v2%7Ctpdc-china-mountain-soil%7Csrc-source-record-v2%257Ctpdc-china-mountain-soil%257CAL1-3%257CO%257CSoil%2520dataset.xlsx%2523sheet1-row%253D8%7CCr%7C,tpdc-china-mountain-soil,D2,info,review_required,GEOLOGIC_CONTEXT_MISSING,matched_geologic_unit,,记录没有来源直报或空间匹配的地质单元。,在比例尺与边界不确定性允许时执行空间匹配，并记录地图源、版本、匹配方法和边界距离；否则保留缺失。,true
ITER|rec-observation-v2%257Ctpdc-china-mountain-soil%257Csrc-source-record-v2%25257Ctpdc-china-mountain-soil%25257CAL1-3%25257CO%25257CSoil%252520dataset.xlsx%252523sheet1-row%25253D8%257CCu%257C|COORDINATE_UNUSABLE|latitude%2Clongitude|%2C,rec-observation-v2%7Ctpdc-china-mountain-soil%7Csrc-source-record-v2%257Ctpdc-china-mountain-soil%257CAL1-3%257CO%257CSoil%2520dataset.xlsx%2523sheet1-row%253D8%7CCu%7C,tpdc-china-mountain-soil,D1,error,action_required,COORDINATE_UNUSABLE,"latitude,longitude",",",WGS84 坐标缺失、非数值或超出合法范围，因此不能上图。,从原始来源恢复坐标与 CRS；若只提供区域名称，保留缺失并记录原因，不得填区域质心。,true
ITER|rec-observation-v2%257Ctpdc-china-mountain-soil%257Csrc-source-record-v2%25257Ctpdc-china-mountain-soil%25257CAL1-3%25257CO%25257CSoil%252520dataset.xlsx%252523sheet1-row%25253D8%257CCu%257C|GEOLOGIC_CONTEXT_MISSING|matched_geologic_unit|,rec-observation-v2%7Ctpdc-china-mountain-soil%7Csrc-source-record-v2%257Ctpdc-china-mountain-soil%257CAL1-3%257CO%257CSoil%2520dataset.xlsx%2523sheet1-row%253D8%7CCu%7C,tpdc-china-mountain-soil,D2,info,review_required,GEOLOGIC_CONTEXT_MISSING,matched_geologic_unit,,记录没有来源直报或空间匹配的地质单元。,在比例尺与边界不确定性允许时执行空间匹配，并记录地图源、版本、匹配方法和边界距离；否则保留缺失。,true
ITER|rec-observation-v2%257Ctpdc-china-mountain-soil%257Csrc-source-record-v2%25257Ctpdc-china-mountain-soil%25257CAL1-3%25257CO%25257CSoil%252520dataset.xlsx%252523sheet1-row%25253D8%257CNi%257C|COORDINATE_UNUSABLE|latitude%2Clongitude|%2C,rec-observation-v2%7Ctpdc-china-mountain-soil%7Csrc-source-record-v2%257Ctpdc-china-mountain-soil%257CAL1-3%257CO%257CSoil%2520dataset.xlsx%2523sheet1-row%253D8%7CNi%7C,tpdc-china-mountain-soil,D1,error,action_required,COORDINATE_UNUSABLE,"latitude,longitude",",",WGS84 坐标缺失、非数值或超出合法范围，因此不能上图。,从原始来源恢复坐标与 CRS；若只提供区域名称，保留缺失并记录原因，不得填区域质心。,true
ITER|rec-observation-v2%257Ctpdc-china-mountain-soil%257Csrc-source-record-v2%25257Ctpdc-china-mountain-soil%25257CAL1-3%25257CO%25257CSoil%252520dataset.xlsx%252523sheet1-row%25253D8%257CNi%257C|GEOLOGIC_CONTEXT_MISSING|matched_geologic_unit|,rec-observation-v2%7Ctpdc-china-mountain-soil%7Csrc-source-record-v2%257Ctpdc-china-mountain-soil%257CAL1-3%257CO%257CSoil%2520dataset.xlsx%2523sheet1-row%253D8%7CNi%7C,tpdc-china-mountain-soil,D2,info,review_required,GEOLOGIC_CONTEXT_MISSING,matched_geologic_unit,,记录没有来源直报或空间匹配的地质单元。,在比例尺与边界不确定性允许时执行空间匹配，并记录地图源、版本、匹配方法和边界距离；否则保留缺失。,true
ITER|rec-observation-v2%257Ctpdc-china-mountain-soil%257Csrc-source-record-v2%25257Ctpdc-china-mountain-soil%25257CAL1-3%25257CO%25257CSoil%252520dataset.xlsx%252523sheet1-row%25253D8%257CPb%257C|COORDINATE_UNUSABLE|latitude%2Clongitude|%2C,rec-observation-v2%7Ctpdc-china-mountain-soil%7Csrc-source-record-v2%257Ctpdc-china-mountain-soil%257CAL1-3%257CO%257CSoil%2520dataset.xlsx%2523sheet1-row%253D8%7CPb%7C,tpdc-china-mountain-soil,D1,error,action_required,COORDINATE_UNUSABLE,"latitude,longitude",",",WGS84 坐标缺失、非数值或超出合法范围，因此不能上图。,从原始来源恢复坐标与 CRS；若只提供区域名称，保留缺失并记录原因，不得填区域质心。,true
ITER|rec-observation-v2%257Ctpdc-china-mountain-soil%257Csrc-source-record-v2%25257Ctpdc-china-mountain-soil%25257CAL1-3%25257CO%25257CSoil%252520dataset.xlsx%252523sheet1-row%25253D8%257CPb%257C|GEOLOGIC_CONTEXT_MISSING|matched_geologic_unit|,rec-observation-v2%7Ctpdc-china-mountain-soil%7Csrc-source-record-v2%257Ctpdc-china-mountain-soil%257CAL1-3%257CO%257CSoil%2520dataset.xlsx%2523sheet1-row%253D8%7CPb%7C,tpdc-china-mountain-soil,D2,info,review_required,GEOLOGIC_CONTEXT_MISSING,matched_geologic_unit,,记录没有来源直报或空间匹配的地质单元。,在比例尺与边界不确定性允许时执行空间匹配，并记录地图源、版本、匹配方法和边界距离；否则保留缺失。,true
ITER|rec-observation-v2%257Ctpdc-china-mountain-soil%257Csrc-source-record-v2%25257Ctpdc-china-mountain-soil%25257CAL1-3%25257CO%25257CSoil%252520dataset.xlsx%252523sheet1-row%25253D8%257CZn%257C|COORDINATE_UNUSABLE|latitude%2Clongitude|%2C,rec-observation-v2%7Ctpdc-china-mountain-soil%7Csrc-source-record-v2%257Ctpdc-china-mountain-soil%257CAL1-3%257CO%257CSoil%2520dataset.xlsx%2523sheet1-row%253D8%7CZn%7C,tpdc-china-mountain-soil,D1,error,action_required,COORDINATE_UNUSABLE,"latitude,longitude",",",WGS84 坐标缺失、非数值或超出合法范围，因此不能上图。,从原始来源恢复坐标与 CRS；若只提供区域名称，保留缺失并记录原因，不得填区域质心。,true
ITER|rec-observation-v2%257Ctpdc-china-mountain-soil%257Csrc-source-record-v2%25257Ctpdc-china-mountain-soil%25257CAL1-3%25257CO%25257CSoil%252520dataset.xlsx%252523sheet1-row%25253D8%257CZn%257C|GEOLOGIC_CONTEXT_MISSING|matched_geologic_unit|,rec-observation-v2%7Ctpdc-china-mountain-soil%7Csrc-source-record-v2%257Ctpdc-china-mountain-soil%257CAL1-3%257CO%257CSoil%2520dataset.xlsx%2523sheet1-row%253D8%7CZn%7C,tpdc-china-mountain-soil,D2,info,review_required,GEOLOGIC_CONTEXT_MISSING,matched_geologic_unit,,记录没有来源直报或空间匹配的地质单元。,在比例尺与边界不确定性允许时执行空间匹配，并记录地图源、版本、匹配方法和边界距离；否则保留缺失。,true
ITER|rec-observation-v2%257Cusgs-utah-volcanic-whole-rock%257Csrc-source-record-v2%25257Cusgs-utah-volcanic-whole-rock%25257CC-397071%25257CUTVolcRocks_USGS_ContractLabs_Data.csv%252523row%25253D20%257CZn%257C|CENSORED_OBSERVATION|censored|%3C,rec-observation-v2%7Cusgs-utah-volcanic-whole-rock%7Csrc-source-record-v2%257Cusgs-utah-volcanic-whole-rock%257CC-397071%257CUTVolcRocks_USGS_ContractLabs_Data.csv%2523row%253D20%7CZn%7C,usgs-utah-volcanic-whole-rock,D2,info,scientific_limit,CENSORED_OBSERVATION,censored,<,这是检出限/定量限约束的删失观测，不等同于零，也不自动视为采集失败。,保留原始 qualifier 与 censoring limit；默认从普通相关和异常筛查中排除，或使用明确的删失统计模型。,false
ITER|rec-observation-v2%257Cusgs-utah-volcanic-whole-rock%257Csrc-source-record-v2%25257Cusgs-utah-volcanic-whole-rock%25257CC-397071%25257CUTVolcRocks_USGS_ContractLabs_Data.csv%252523row%25253D20%257CZn%257C|GEOLOGIC_CONTEXT_MISSING|matched_geologic_unit|,rec-observation-v2%7Cusgs-utah-volcanic-whole-rock%7Csrc-source-record-v2%257Cusgs-utah-volcanic-whole-rock%257CC-397071%257CUTVolcRocks_USGS_ContractLabs_Data.csv%2523row%253D20%7CZn%7C,usgs-utah-volcanic-whole-rock,D2,info,review_required,GEOLOGIC_CONTEXT_MISSING,matched_geologic_unit,,记录没有来源直报或空间匹配的地质单元。,在比例尺与边界不确定性允许时执行空间匹配，并记录地图源、版本、匹配方法和边界距离；否则保留缺失。,true
ITER|rec-observation-v2%257Cusgs-utah-volcanic-whole-rock%257Csrc-source-record-v2%25257Cusgs-utah-volcanic-whole-rock%25257CF09_046GC%25257CUTVolcRocks_UGS-ALS_Data.csv%252523row%25253D17%257CPb%257C|CENSORED_OBSERVATION|censored|%3C,rec-observation-v2%7Cusgs-utah-volcanic-whole-rock%7Csrc-source-record-v2%257Cusgs-utah-volcanic-whole-rock%257CF09_046GC%257CUTVolcRocks_UGS-ALS_Data.csv%2523row%253D17%7CPb%7C,usgs-utah-volcanic-whole-rock,D2,info,scientific_limit,CENSORED_OBSERVATION,censored,<,这是检出限/定量限约束的删失观测，不等同于零，也不自动视为采集失败。,保留原始 qualifier 与 censoring limit；默认从普通相关和异常筛查中排除，或使用明确的删失统计模型。,false
ITER|rec-observation-v2%257Cusgs-utah-volcanic-whole-rock%257Csrc-source-record-v2%25257Cusgs-utah-volcanic-whole-rock%25257CF09_046GC%25257CUTVolcRocks_UGS-ALS_Data.csv%252523row%25253D17%257CPb%257C|GEOLOGIC_CONTEXT_MISSING|matched_geologic_unit|,rec-observation-v2%7Cusgs-utah-volcanic-whole-rock%7Csrc-source-record-v2%257Cusgs-utah-volcanic-whole-rock%257CF09_046GC%257CUTVolcRocks_UGS-ALS_Data.csv%2523row%253D17%7CPb%7C,usgs-utah-volcanic-whole-rock,D2,info,review_required,GEOLOGIC_CONTEXT_MISSING,matched_geologic_unit,,记录没有来源直报或空间匹配的地质单元。,在比例尺与边界不确定性允许时执行空间匹配，并记录地图源、版本、匹配方法和边界距离；否则保留缺失。,true
ITER|rec-observation-v2%257Cusgs-utah-volcanic-whole-rock%257Csrc-source-record-v2%25257Cusgs-utah-volcanic-whole-rock%25257CF09_067GC%25257CUTVolcRocks_UGS-ALS_Data.csv%252523row%25253D10%257CCr%257C|GEOLOGIC_CONTEXT_MISSING|matched_geologic_unit|,rec-observation-v2%7Cusgs-utah-volcanic-whole-rock%7Csrc-source-record-v2%257Cusgs-utah-volcanic-whole-rock%257CF09_067GC%257CUTVolcRocks_UGS-ALS_Data.csv%2523row%253D10%7CCr%7C,usgs-utah-volcanic-whole-rock,D2,info,review_required,GEOLOGIC_CONTEXT_MISSING,matched_geologic_unit,,记录没有来源直报或空间匹配的地质单元。,在比例尺与边界不确定性允许时执行空间匹配，并记录地图源、版本、匹配方法和边界距离；否则保留缺失。,true
ITER|rec-observation-v2%257Cusgs-utah-volcanic-whole-rock%257Csrc-source-record-v2%25257Cusgs-utah-volcanic-whole-rock%25257CF09_067GC%25257CUTVolcRocks_UGS-ALS_Data.csv%252523row%25253D10%257CPb%257C|CENSORED_OBSERVATION|censored|%3C,rec-observation-v2%7Cusgs-utah-volcanic-whole-rock%7Csrc-source-record-v2%257Cusgs-utah-volcanic-whole-rock%257CF09_067GC%257CUTVolcRocks_UGS-ALS_Data.csv%2523row%253D10%7CPb%7C,usgs-utah-volcanic-whole-rock,D2,info,scientific_limit,CENSORED_OBSERVATION,censored,<,这是检出限/定量限约束的删失观测，不等同于零，也不自动视为采集失败。,保留原始 qualifier 与 censoring limit；默认从普通相关和异常筛查中排除，或使用明确的删失统计模型。,false
ITER|rec-observation-v2%257Cusgs-utah-volcanic-whole-rock%257Csrc-source-record-v2%25257Cusgs-utah-volcanic-whole-rock%25257CF09_067GC%25257CUTVolcRocks_UGS-ALS_Data.csv%252523row%25253D10%257CPb%257C|GEOLOGIC_CONTEXT_MISSING|matched_geologic_unit|,rec-observation-v2%7Cusgs-utah-volcanic-whole-rock%7Csrc-source-record-v2%257Cusgs-utah-volcanic-whole-rock%257CF09_067GC%257CUTVolcRocks_UGS-ALS_Data.csv%2523row%253D10%7CPb%7C,usgs-utah-volcanic-whole-rock,D2,info,review_required,GEOLOGIC_CONTEXT_MISSING,matched_geologic_unit,,记录没有来源直报或空间匹配的地质单元。,在比例尺与边界不确定性允许时执行空间匹配，并记录地图源、版本、匹配方法和边界距离；否则保留缺失。,true
ITER|rec-observation-v2%257Cusgs-utah-volcanic-whole-rock%257Csrc-source-record-v2%25257Cusgs-utah-volcanic-whole-rock%25257CF09_070GC%25257CUTVolcRocks_UGS-ALS_Data.csv%252523row%25253D11%257CPb%257C|CENSORED_OBSERVATION|censored|%3C,rec-observation-v2%7Cusgs-utah-volcanic-whole-rock%7Csrc-source-record-v2%257Cusgs-utah-volcanic-whole-rock%257CF09_070GC%257CUTVolcRocks_UGS-ALS_Data.csv%2523row%253D11%7CPb%7C,usgs-utah-volcanic-whole-rock,D2,info,scientific_limit,CENSORED_OBSERVATION,censored,<,这是检出限/定量限约束的删失观测，不等同于零，也不自动视为采集失败。,保留原始 qualifier 与 censoring limit；默认从普通相关和异常筛查中排除，或使用明确的删失统计模型。,false
ITER|rec-observation-v2%257Cusgs-utah-volcanic-whole-rock%257Csrc-source-record-v2%25257Cusgs-utah-volcanic-whole-rock%25257CF09_070GC%25257CUTVolcRocks_UGS-ALS_Data.csv%252523row%25253D11%257CPb%257C|GEOLOGIC_CONTEXT_MISSING|matched_geologic_unit|,rec-observation-v2%7Cusgs-utah-volcanic-whole-rock%7Csrc-source-record-v2%257Cusgs-utah-volcanic-whole-rock%257CF09_070GC%257CUTVolcRocks_UGS-ALS_Data.csv%2523row%253D11%7CPb%7C,usgs-utah-volcanic-whole-rock,D2,info,review_required,GEOLOGIC_CONTEXT_MISSING,matched_geologic_unit,,记录没有来源直报或空间匹配的地质单元。,在比例尺与边界不确定性允许时执行空间匹配，并记录地图源、版本、匹配方法和边界距离；否则保留缺失。,true
ITER|rec-observation-v2%257Cusgs-utah-volcanic-whole-rock%257Csrc-source-record-v2%25257Cusgs-utah-volcanic-whole-rock%25257CF09_135GC%25257CUTVolcRocks_UGS-ALS_Data.csv%252523row%25253D12%257CPb%257C|CENSORED_OBSERVATION|censored|%3C,rec-observation-v2%7Cusgs-utah-volcanic-whole-rock%7Csrc-source-record-v2%257Cusgs-utah-volcanic-whole-rock%257CF09_135GC%257CUTVolcRocks_UGS-ALS_Data.csv%2523row%253D12%7CPb%7C,usgs-utah-volcanic-whole-rock,D2,info,scientific_limit,CENSORED_OBSERVATION,censored,<,这是检出限/定量限约束的删失观测，不等同于零，也不自动视为采集失败。,保留原始 qualifier 与 censoring limit；默认从普通相关和异常筛查中排除，或使用明确的删失统计模型。,false
ITER|rec-observation-v2%257Cusgs-utah-volcanic-whole-rock%257Csrc-source-record-v2%25257Cusgs-utah-volcanic-whole-rock%25257CF09_135GC%25257CUTVolcRocks_UGS-ALS_Data.csv%252523row%25253D12%257CPb%257C|GEOLOGIC_CONTEXT_MISSING|matched_geologic_unit|,rec-observation-v2%7Cusgs-utah-volcanic-whole-rock%7Csrc-source-record-v2%257Cusgs-utah-volcanic-whole-rock%257CF09_135GC%257CUTVolcRocks_UGS-ALS_Data.csv%2523row%253D12%7CPb%7C,usgs-utah-volcanic-whole-rock,D2,info,review_required,GEOLOGIC_CONTEXT_MISSING,matched_geologic_unit,,记录没有来源直报或空间匹配的地质单元。,在比例尺与边界不确定性允许时执行空间匹配，并记录地图源、版本、匹配方法和边界距离；否则保留缺失。,true
ITER|rec-observation-v2%257Cusgs-utah-volcanic-whole-rock%257Csrc-source-record-v2%25257Cusgs-utah-volcanic-whole-rock%25257CF10_141GC%25257CUTVolcRocks_UGS-ALS_Data.csv%252523row%25253D15%257CCr%257C|CENSORED_OBSERVATION|censored|%3C,rec-observation-v2%7Cusgs-utah-volcanic-whole-rock%7Csrc-source-record-v2%257Cusgs-utah-volcanic-whole-rock%257CF10_141GC%257CUTVolcRocks_UGS-ALS_Data.csv%2523row%253D15%7CCr%7C,usgs-utah-volcanic-whole-rock,D2,info,scientific_limit,CENSORED_OBSERVATION,censored,<,这是检出限/定量限约束的删失观测，不等同于零，也不自动视为采集失败。,保留原始 qualifier 与 censoring limit；默认从普通相关和异常筛查中排除，或使用明确的删失统计模型。,false
ITER|rec-observation-v2%257Cusgs-utah-volcanic-whole-rock%257Csrc-source-record-v2%25257Cusgs-utah-volcanic-whole-rock%25257CF10_141GC%25257CUTVolcRocks_UGS-ALS_Data.csv%252523row%25253D15%257CCr%257C|GEOLOGIC_CONTEXT_MISSING|matched_geologic_unit|,rec-observation-v2%7Cusgs-utah-volcanic-whole-rock%7Csrc-source-record-v2%257Cusgs-utah-volcanic-whole-rock%257CF10_141GC%257CUTVolcRocks_UGS-ALS_Data.csv%2523row%253D15%7CCr%7C,usgs-utah-volcanic-whole-rock,D2,info,review_required,GEOLOGIC_CONTEXT_MISSING,matched_geologic_unit,,记录没有来源直报或空间匹配的地质单元。,在比例尺与边界不确定性允许时执行空间匹配，并记录地图源、版本、匹配方法和边界距离；否则保留缺失。,true
ITER|rec-observation-v2%257Cusgs-utah-volcanic-whole-rock%257Csrc-source-record-v2%25257Cusgs-utah-volcanic-whole-rock%25257CF10_274GC%25257CUTVolcRocks_UGS-ALS_Data.csv%252523row%25253D3%257CPb%257C|CENSORED_OBSERVATION|censored|%3C,rec-observation-v2%7Cusgs-utah-volcanic-whole-rock%7Csrc-source-record-v2%257Cusgs-utah-volcanic-whole-rock%257CF10_274GC%257CUTVolcRocks_UGS-ALS_Data.csv%2523row%253D3%7CPb%7C,usgs-utah-volcanic-whole-rock,D2,info,scientific_limit,CENSORED_OBSERVATION,censored,<,这是检出限/定量限约束的删失观测，不等同于零，也不自动视为采集失败。,保留原始 qualifier 与 censoring limit；默认从普通相关和异常筛查中排除，或使用明确的删失统计模型。,false
ITER|rec-observation-v2%257Cusgs-utah-volcanic-whole-rock%257Csrc-source-record-v2%25257Cusgs-utah-volcanic-whole-rock%25257CF10_274GC%25257CUTVolcRocks_UGS-ALS_Data.csv%252523row%25253D3%257CPb%257C|GEOLOGIC_CONTEXT_MISSING|matched_geologic_unit|,rec-observation-v2%7Cusgs-utah-volcanic-whole-rock%7Csrc-source-record-v2%257Cusgs-utah-volcanic-whole-rock%257CF10_274GC%257CUTVolcRocks_UGS-ALS_Data.csv%2523row%253D3%7CPb%7C,usgs-utah-volcanic-whole-rock,D2,info,review_required,GEOLOGIC_CONTEXT_MISSING,matched_geologic_unit,,记录没有来源直报或空间匹配的地质单元。,在比例尺与边界不确定性允许时执行空间匹配，并记录地图源、版本、匹配方法和边界距离；否则保留缺失。,true
ITER|rec-observation-v2%257Cusgs-utah-volcanic-whole-rock%257Csrc-source-record-v2%25257Cusgs-utah-volcanic-whole-rock%25257CF10_281GC%25257CUTVolcRocks_UGS-ALS_Data.csv%252523row%25253D5%257CPb%257C|CENSORED_OBSERVATION|censored|%3C,rec-observation-v2%7Cusgs-utah-volcanic-whole-rock%7Csrc-source-record-v2%257Cusgs-utah-volcanic-whole-rock%257CF10_281GC%257CUTVolcRocks_UGS-ALS_Data.csv%2523row%253D5%7CPb%7C,usgs-utah-volcanic-whole-rock,D2,info,scientific_limit,CENSORED_OBSERVATION,censored,<,这是检出限/定量限约束的删失观测，不等同于零，也不自动视为采集失败。,保留原始 qualifier 与 censoring limit；默认从普通相关和异常筛查中排除，或使用明确的删失统计模型。,false
ITER|rec-observation-v2%257Cusgs-utah-volcanic-whole-rock%257Csrc-source-record-v2%25257Cusgs-utah-volcanic-whole-rock%25257CF10_281GC%25257CUTVolcRocks_UGS-ALS_Data.csv%252523row%25253D5%257CPb%257C|GEOLOGIC_CONTEXT_MISSING|matched_geologic_unit|,rec-observation-v2%7Cusgs-utah-volcanic-whole-rock%7Csrc-source-record-v2%257Cusgs-utah-volcanic-whole-rock%257CF10_281GC%257CUTVolcRocks_UGS-ALS_Data.csv%2523row%253D5%7CPb%7C,usgs-utah-volcanic-whole-rock,D2,info,review_required,GEOLOGIC_CONTEXT_MISSING,matched_geologic_unit,,记录没有来源直报或空间匹配的地质单元。,在比例尺与边界不确定性允许时执行空间匹配，并记录地图源、版本、匹配方法和边界距离；否则保留缺失。,true
ITER|rec-observation-v2%257Cusgs-utah-volcanic-whole-rock%257Csrc-source-record-v2%25257Cusgs-utah-volcanic-whole-rock%25257CF10_286GC%25257CUTVolcRocks_UGS-ALS_Data.csv%252523row%25253D16%257CCr%257C|CENSORED_OBSERVATION|censored|%3C,rec-observation-v2%7Cusgs-utah-volcanic-whole-rock%7Csrc-source-record-v2%257Cusgs-utah-volcanic-whole-rock%257CF10_286GC%257CUTVolcRocks_UGS-ALS_Data.csv%2523row%253D16%7CCr%7C,usgs-utah-volcanic-whole-rock,D2,info,scientific_limit,CENSORED_OBSERVATION,censored,<,这是检出限/定量限约束的删失观测，不等同于零，也不自动视为采集失败。,保留原始 qualifier 与 censoring limit；默认从普通相关和异常筛查中排除，或使用明确的删失统计模型。,false
ITER|rec-observation-v2%257Cusgs-utah-volcanic-whole-rock%257Csrc-source-record-v2%25257Cusgs-utah-volcanic-whole-rock%25257CF10_286GC%25257CUTVolcRocks_UGS-ALS_Data.csv%252523row%25253D16%257CCr%257C|GEOLOGIC_CONTEXT_MISSING|matched_geologic_unit|,rec-observation-v2%7Cusgs-utah-volcanic-whole-rock%7Csrc-source-record-v2%257Cusgs-utah-volcanic-whole-rock%257CF10_286GC%257CUTVolcRocks_UGS-ALS_Data.csv%2523row%253D16%7CCr%7C,usgs-utah-volcanic-whole-rock,D2,info,review_required,GEOLOGIC_CONTEXT_MISSING,matched_geologic_unit,,记录没有来源直报或空间匹配的地质单元。,在比例尺与边界不确定性允许时执行空间匹配，并记录地图源、版本、匹配方法和边界距离；否则保留缺失。,true
ITER|rec-observation-v2%257Cusgs-utah-volcanic-whole-rock%257Csrc-source-record-v2%25257Cusgs-utah-volcanic-whole-rock%25257CF10_286GC%25257CUTVolcRocks_UGS-ALS_Data.csv%252523row%25253D16%257CCu%257C|CENSORED_OBSERVATION|censored|%3C,rec-observation-v2%7Cusgs-utah-volcanic-whole-rock%7Csrc-source-record-v2%257Cusgs-utah-volcanic-whole-rock%257CF10_286GC%257CUTVolcRocks_UGS-ALS_Data.csv%2523row%253D16%7CCu%7C,usgs-utah-volcanic-whole-rock,D2,info,scientific_limit,CENSORED_OBSERVATION,censored,<,这是检出限/定量限约束的删失观测，不等同于零，也不自动视为采集失败。,保留原始 qualifier 与 censoring limit；默认从普通相关和异常筛查中排除，或使用明确的删失统计模型。,false
ITER|rec-observation-v2%257Cusgs-utah-volcanic-whole-rock%257Csrc-source-record-v2%25257Cusgs-utah-volcanic-whole-rock%25257CF10_286GC%25257CUTVolcRocks_UGS-ALS_Data.csv%252523row%25253D16%257CCu%257C|GEOLOGIC_CONTEXT_MISSING|matched_geologic_unit|,rec-observation-v2%7Cusgs-utah-volcanic-whole-rock%7Csrc-source-record-v2%257Cusgs-utah-volcanic-whole-rock%257CF10_286GC%257CUTVolcRocks_UGS-ALS_Data.csv%2523row%253D16%7CCu%7C,usgs-utah-volcanic-whole-rock,D2,info,review_required,GEOLOGIC_CONTEXT_MISSING,matched_geologic_unit,,记录没有来源直报或空间匹配的地质单元。,在比例尺与边界不确定性允许时执行空间匹配，并记录地图源、版本、匹配方法和边界距离；否则保留缺失。,true
ITER|rec-observation-v2%257Cusgs-utah-volcanic-whole-rock%257Csrc-source-record-v2%25257Cusgs-utah-volcanic-whole-rock%25257CF11_086GC%25257CUTVolcRocks_UGS-ALS_Data.csv%252523row%25253D22%257CNi%257C|ANALYTICAL_METHOD_MISSING|analytical_method|,rec-observation-v2%7Cusgs-utah-volcanic-whole-rock%7Csrc-source-record-v2%257Cusgs-utah-volcanic-whole-rock%257CF11_086GC%257CUTVolcRocks_UGS-ALS_Data.csv%2523row%253D22%7CNi%7C,usgs-utah-volcanic-whole-rock,D1,warning,action_required,ANALYTICAL_METHOD_MISSING,analytical_method,,分析方法证据缺失，跨来源浓度与元素组合不可可靠比较。,回查数据字典、方法论文或记录级元数据；同时绑定 method_source_locator，未找到时保留缺失原因。,true
ITER|rec-observation-v2%257Cusgs-utah-volcanic-whole-rock%257Csrc-source-record-v2%25257Cusgs-utah-volcanic-whole-rock%25257CF11_086GC%25257CUTVolcRocks_UGS-ALS_Data.csv%252523row%25253D22%257CNi%257C|CENSORED_OBSERVATION|censored|%3C,rec-observation-v2%7Cusgs-utah-volcanic-whole-rock%7Csrc-source-record-v2%257Cusgs-utah-volcanic-whole-rock%257CF11_086GC%257CUTVolcRocks_UGS-ALS_Data.csv%2523row%253D22%7CNi%7C,usgs-utah-volcanic-whole-rock,D2,info,scientific_limit,CENSORED_OBSERVATION,censored,<,这是检出限/定量限约束的删失观测，不等同于零，也不自动视为采集失败。,保留原始 qualifier 与 censoring limit；默认从普通相关和异常筛查中排除，或使用明确的删失统计模型。,false
ITER|rec-observation-v2%257Cusgs-utah-volcanic-whole-rock%257Csrc-source-record-v2%25257Cusgs-utah-volcanic-whole-rock%25257CF11_086GC%25257CUTVolcRocks_UGS-ALS_Data.csv%252523row%25253D22%257CNi%257C|GEOLOGIC_CONTEXT_MISSING|matched_geologic_unit|,rec-observation-v2%7Cusgs-utah-volcanic-whole-rock%7Csrc-source-record-v2%257Cusgs-utah-volcanic-whole-rock%257CF11_086GC%257CUTVolcRocks_UGS-ALS_Data.csv%2523row%253D22%7CNi%7C,usgs-utah-volcanic-whole-rock,D2,info,review_required,GEOLOGIC_CONTEXT_MISSING,matched_geologic_unit,,记录没有来源直报或空间匹配的地质单元。,在比例尺与边界不确定性允许时执行空间匹配，并记录地图源、版本、匹配方法和边界距离；否则保留缺失。,true
ITER|rec-observation-v2%257Cusgs-utah-volcanic-whole-rock%257Csrc-source-record-v2%25257Cusgs-utah-volcanic-whole-rock%25257CF11_086GC%25257CUTVolcRocks_UGS-ALS_Data.csv%252523row%25253D22%257CZn%257C|ANALYTICAL_METHOD_MISSING|analytical_method|,rec-observation-v2%7Cusgs-utah-volcanic-whole-rock%7Csrc-source-record-v2%257Cusgs-utah-volcanic-whole-rock%257CF11_086GC%257CUTVolcRocks_UGS-ALS_Data.csv%2523row%253D22%7CZn%7C,usgs-utah-volcanic-whole-rock,D1,warning,action_required,ANALYTICAL_METHOD_MISSING,analytical_method,,分析方法证据缺失，跨来源浓度与元素组合不可可靠比较。,回查数据字典、方法论文或记录级元数据；同时绑定 method_source_locator，未找到时保留缺失原因。,true
ITER|rec-observation-v2%257Cusgs-utah-volcanic-whole-rock%257Csrc-source-record-v2%25257Cusgs-utah-volcanic-whole-rock%25257CF11_086GC%25257CUTVolcRocks_UGS-ALS_Data.csv%252523row%25253D22%257CZn%257C|GEOLOGIC_CONTEXT_MISSING|matched_geologic_unit|,rec-observation-v2%7Cusgs-utah-volcanic-whole-rock%7Csrc-source-record-v2%257Cusgs-utah-volcanic-whole-rock%257CF11_086GC%257CUTVolcRocks_UGS-ALS_Data.csv%2523row%253D22%7CZn%7C,usgs-utah-volcanic-whole-rock,D2,info,review_required,GEOLOGIC_CONTEXT_MISSING,matched_geologic_unit,,记录没有来源直报或空间匹配的地质单元。,在比例尺与边界不确定性允许时执行空间匹配，并记录地图源、版本、匹配方法和边界距离；否则保留缺失。,true
ITER|rec-observation-v2%257Cusgs-utah-volcanic-whole-rock%257Csrc-source-record-v2%25257Cusgs-utah-volcanic-whole-rock%25257CF11_138GC%25257CUTVolcRocks_UGS-ALS_Data.csv%252523row%25253D19%257CCu%257C|ANALYTICAL_METHOD_MISSING|analytical_method|,rec-observation-v2%7Cusgs-utah-volcanic-whole-rock%7Csrc-source-record-v2%257Cusgs-utah-volcanic-whole-rock%257CF11_138GC%257CUTVolcRocks_UGS-ALS_Data.csv%2523row%253D19%7CCu%7C,usgs-utah-volcanic-whole-rock,D1,warning,action_required,ANALYTICAL_METHOD_MISSING,analytical_method,,分析方法证据缺失，跨来源浓度与元素组合不可可靠比较。,回查数据字典、方法论文或记录级元数据；同时绑定 method_source_locator，未找到时保留缺失原因。,true
ITER|rec-observation-v2%257Cusgs-utah-volcanic-whole-rock%257Csrc-source-record-v2%25257Cusgs-utah-volcanic-whole-rock%25257CF11_138GC%25257CUTVolcRocks_UGS-ALS_Data.csv%252523row%25253D19%257CCu%257C|GEOLOGIC_CONTEXT_MISSING|matched_geologic_unit|,rec-observation-v2%7Cusgs-utah-volcanic-whole-rock%7Csrc-source-record-v2%257Cusgs-utah-volcanic-whole-rock%257CF11_138GC%257CUTVolcRocks_UGS-ALS_Data.csv%2523row%253D19%7CCu%7C,usgs-utah-volcanic-whole-rock,D2,info,review_required,GEOLOGIC_CONTEXT_MISSING,matched_geologic_unit,,记录没有来源直报或空间匹配的地质单元。,在比例尺与边界不确定性允许时执行空间匹配，并记录地图源、版本、匹配方法和边界距离；否则保留缺失。,true
ITER|rec-observation-v2%257Cusgs-utah-volcanic-whole-rock%257Csrc-source-record-v2%25257Cusgs-utah-volcanic-whole-rock%25257CF11_138GC%25257CUTVolcRocks_UGS-ALS_Data.csv%252523row%25253D19%257CNi%257C|ANALYTICAL_METHOD_MISSING|analytical_method|,rec-observation-v2%7Cusgs-utah-volcanic-whole-rock%7Csrc-source-record-v2%257Cusgs-utah-volcanic-whole-rock%257CF11_138GC%257CUTVolcRocks_UGS-ALS_Data.csv%2523row%253D19%7CNi%7C,usgs-utah-volcanic-whole-rock,D1,warning,action_required,ANALYTICAL_METHOD_MISSING,analytical_method,,分析方法证据缺失，跨来源浓度与元素组合不可可靠比较。,回查数据字典、方法论文或记录级元数据；同时绑定 method_source_locator，未找到时保留缺失原因。,true
ITER|rec-observation-v2%257Cusgs-utah-volcanic-whole-rock%257Csrc-source-record-v2%25257Cusgs-utah-volcanic-whole-rock%25257CF11_138GC%25257CUTVolcRocks_UGS-ALS_Data.csv%252523row%25253D19%257CNi%257C|CENSORED_OBSERVATION|censored|%3C,rec-observation-v2%7Cusgs-utah-volcanic-whole-rock%7Csrc-source-record-v2%257Cusgs-utah-volcanic-whole-rock%257CF11_138GC%257CUTVolcRocks_UGS-ALS_Data.csv%2523row%253D19%7CNi%7C,usgs-utah-volcanic-whole-rock,D2,info,scientific_limit,CENSORED_OBSERVATION,censored,<,这是检出限/定量限约束的删失观测，不等同于零，也不自动视为采集失败。,保留原始 qualifier 与 censoring limit；默认从普通相关和异常筛查中排除，或使用明确的删失统计模型。,false
ITER|rec-observation-v2%257Cusgs-utah-volcanic-whole-rock%257Csrc-source-record-v2%25257Cusgs-utah-volcanic-whole-rock%25257CF11_138GC%25257CUTVolcRocks_UGS-ALS_Data.csv%252523row%25253D19%257CNi%257C|GEOLOGIC_CONTEXT_MISSING|matched_geologic_unit|,rec-observation-v2%7Cusgs-utah-volcanic-whole-rock%7Csrc-source-record-v2%257Cusgs-utah-volcanic-whole-rock%257CF11_138GC%257CUTVolcRocks_UGS-ALS_Data.csv%2523row%253D19%7CNi%7C,usgs-utah-volcanic-whole-rock,D2,info,review_required,GEOLOGIC_CONTEXT_MISSING,matched_geologic_unit,,记录没有来源直报或空间匹配的地质单元。,在比例尺与边界不确定性允许时执行空间匹配，并记录地图源、版本、匹配方法和边界距离；否则保留缺失。,true
ITER|rec-observation-v2%257Cusgs-utah-volcanic-whole-rock%257Csrc-source-record-v2%25257Cusgs-utah-volcanic-whole-rock%25257CF11_138GC%25257CUTVolcRocks_UGS-ALS_Data.csv%252523row%25253D19%257CPb%257C|ANALYTICAL_METHOD_MISSING|analytical_method|,rec-observation-v2%7Cusgs-utah-volcanic-whole-rock%7Csrc-source-record-v2%257Cusgs-utah-volcanic-whole-rock%257CF11_138GC%257CUTVolcRocks_UGS-ALS_Data.csv%2523row%253D19%7CPb%7C,usgs-utah-volcanic-whole-rock,D1,warning,action_required,ANALYTICAL_METHOD_MISSING,analytical_method,,分析方法证据缺失，跨来源浓度与元素组合不可可靠比较。,回查数据字典、方法论文或记录级元数据；同时绑定 method_source_locator，未找到时保留缺失原因。,true
ITER|rec-observation-v2%257Cusgs-utah-volcanic-whole-rock%257Csrc-source-record-v2%25257Cusgs-utah-volcanic-whole-rock%25257CF11_138GC%25257CUTVolcRocks_UGS-ALS_Data.csv%252523row%25253D19%257CPb%257C|GEOLOGIC_CONTEXT_MISSING|matched_geologic_unit|,rec-observation-v2%7Cusgs-utah-volcanic-whole-rock%7Csrc-source-record-v2%257Cusgs-utah-volcanic-whole-rock%257CF11_138GC%257CUTVolcRocks_UGS-ALS_Data.csv%2523row%253D19%7CPb%7C,usgs-utah-volcanic-whole-rock,D2,info,review_required,GEOLOGIC_CONTEXT_MISSING,matched_geologic_unit,,记录没有来源直报或空间匹配的地质单元。,在比例尺与边界不确定性允许时执行空间匹配，并记录地图源、版本、匹配方法和边界距离；否则保留缺失。,true
ITER|rec-observation-v2%257Cusgs-utah-volcanic-whole-rock%257Csrc-source-record-v2%25257Cusgs-utah-volcanic-whole-rock%25257CF11_138GC%25257CUTVolcRocks_UGS-ALS_Data.csv%252523row%25253D19%257CZn%257C|ANALYTICAL_METHOD_MISSING|analytical_method|,rec-observation-v2%7Cusgs-utah-volcanic-whole-rock%7Csrc-source-record-v2%257Cusgs-utah-volcanic-whole-rock%257CF11_138GC%257CUTVolcRocks_UGS-ALS_Data.csv%2523row%253D19%7CZn%7C,usgs-utah-volcanic-whole-rock,D1,warning,action_required,ANALYTICAL_METHOD_MISSING,analytical_method,,分析方法证据缺失，跨来源浓度与元素组合不可可靠比较。,回查数据字典、方法论文或记录级元数据；同时绑定 method_source_locator，未找到时保留缺失原因。,true
ITER|rec-observation-v2%257Cusgs-utah-volcanic-whole-rock%257Csrc-source-record-v2%25257Cusgs-utah-volcanic-whole-rock%25257CF11_138GC%25257CUTVolcRocks_UGS-ALS_Data.csv%252523row%25253D19%257CZn%257C|GEOLOGIC_CONTEXT_MISSING|matched_geologic_unit|,rec-observation-v2%7Cusgs-utah-volcanic-whole-rock%7Csrc-source-record-v2%257Cusgs-utah-volcanic-whole-rock%257CF11_138GC%257CUTVolcRocks_UGS-ALS_Data.csv%2523row%253D19%7CZn%7C,usgs-utah-volcanic-whole-rock,D2,info,review_required,GEOLOGIC_CONTEXT_MISSING,matched_geologic_unit,,记录没有来源直报或空间匹配的地质单元。,在比例尺与边界不确定性允许时执行空间匹配，并记录地图源、版本、匹配方法和边界距离；否则保留缺失。,true
ITER|rec-observation-v2%257Cusgs-utah-volcanic-whole-rock%257Csrc-source-record-v2%25257Cusgs-utah-volcanic-whole-rock%25257CF11_149GC%25257CUTVolcRocks_UGS-ALS_Data.csv%252523row%25253D18%257CAs%257C|GEOLOGIC_CONTEXT_MISSING|matched_geologic_unit|,rec-observation-v2%7Cusgs-utah-volcanic-whole-rock%7Csrc-source-record-v2%257Cusgs-utah-volcanic-whole-rock%257CF11_149GC%257CUTVolcRocks_UGS-ALS_Data.csv%2523row%253D18%7CAs%7C,usgs-utah-volcanic-whole-rock,D2,info,review_required,GEOLOGIC_CONTEXT_MISSING,matched_geologic_unit,,记录没有来源直报或空间匹配的地质单元。,在比例尺与边界不确定性允许时执行空间匹配，并记录地图源、版本、匹配方法和边界距离；否则保留缺失。,true
ITER|rec-observation-v2%257Cusgs-utah-volcanic-whole-rock%257Csrc-source-record-v2%25257Cusgs-utah-volcanic-whole-rock%25257CF11_149GC%25257CUTVolcRocks_UGS-ALS_Data.csv%252523row%25253D18%257CCu%257C|ANALYTICAL_METHOD_MISSING|analytical_method|,rec-observation-v2%7Cusgs-utah-volcanic-whole-rock%7Csrc-source-record-v2%257Cusgs-utah-volcanic-whole-rock%257CF11_149GC%257CUTVolcRocks_UGS-ALS_Data.csv%2523row%253D18%7CCu%7C,usgs-utah-volcanic-whole-rock,D1,warning,action_required,ANALYTICAL_METHOD_MISSING,analytical_method,,分析方法证据缺失，跨来源浓度与元素组合不可可靠比较。,回查数据字典、方法论文或记录级元数据；同时绑定 method_source_locator，未找到时保留缺失原因。,true
ITER|rec-observation-v2%257Cusgs-utah-volcanic-whole-rock%257Csrc-source-record-v2%25257Cusgs-utah-volcanic-whole-rock%25257CF11_149GC%25257CUTVolcRocks_UGS-ALS_Data.csv%252523row%25253D18%257CCu%257C|GEOLOGIC_CONTEXT_MISSING|matched_geologic_unit|,rec-observation-v2%7Cusgs-utah-volcanic-whole-rock%7Csrc-source-record-v2%257Cusgs-utah-volcanic-whole-rock%257CF11_149GC%257CUTVolcRocks_UGS-ALS_Data.csv%2523row%253D18%7CCu%7C,usgs-utah-volcanic-whole-rock,D2,info,review_required,GEOLOGIC_CONTEXT_MISSING,matched_geologic_unit,,记录没有来源直报或空间匹配的地质单元。,在比例尺与边界不确定性允许时执行空间匹配，并记录地图源、版本、匹配方法和边界距离；否则保留缺失。,true
ITER|rec-observation-v2%257Cusgs-utah-volcanic-whole-rock%257Csrc-source-record-v2%25257Cusgs-utah-volcanic-whole-rock%25257CF11_149GC%25257CUTVolcRocks_UGS-ALS_Data.csv%252523row%25253D18%257CNi%257C|ANALYTICAL_METHOD_MISSING|analytical_method|,rec-observation-v2%7Cusgs-utah-volcanic-whole-rock%7Csrc-source-record-v2%257Cusgs-utah-volcanic-whole-rock%257CF11_149GC%257CUTVolcRocks_UGS-ALS_Data.csv%2523row%253D18%7CNi%7C,usgs-utah-volcanic-whole-rock,D1,warning,action_required,ANALYTICAL_METHOD_MISSING,analytical_method,,分析方法证据缺失，跨来源浓度与元素组合不可可靠比较。,回查数据字典、方法论文或记录级元数据；同时绑定 method_source_locator，未找到时保留缺失原因。,true
ITER|rec-observation-v2%257Cusgs-utah-volcanic-whole-rock%257Csrc-source-record-v2%25257Cusgs-utah-volcanic-whole-rock%25257CF11_149GC%25257CUTVolcRocks_UGS-ALS_Data.csv%252523row%25253D18%257CNi%257C|GEOLOGIC_CONTEXT_MISSING|matched_geologic_unit|,rec-observation-v2%7Cusgs-utah-volcanic-whole-rock%7Csrc-source-record-v2%257Cusgs-utah-volcanic-whole-rock%257CF11_149GC%257CUTVolcRocks_UGS-ALS_Data.csv%2523row%253D18%7CNi%7C,usgs-utah-volcanic-whole-rock,D2,info,review_required,GEOLOGIC_CONTEXT_MISSING,matched_geologic_unit,,记录没有来源直报或空间匹配的地质单元。,在比例尺与边界不确定性允许时执行空间匹配，并记录地图源、版本、匹配方法和边界距离；否则保留缺失。,true
ITER|rec-observation-v2%257Cusgs-utah-volcanic-whole-rock%257Csrc-source-record-v2%25257Cusgs-utah-volcanic-whole-rock%25257CF11_149GC%25257CUTVolcRocks_UGS-ALS_Data.csv%252523row%25253D18%257CPb%257C|ANALYTICAL_METHOD_MISSING|analytical_method|,rec-observation-v2%7Cusgs-utah-volcanic-whole-rock%7Csrc-source-record-v2%257Cusgs-utah-volcanic-whole-rock%257CF11_149GC%257CUTVolcRocks_UGS-ALS_Data.csv%2523row%253D18%7CPb%7C,usgs-utah-volcanic-whole-rock,D1,warning,action_required,ANALYTICAL_METHOD_MISSING,analytical_method,,分析方法证据缺失，跨来源浓度与元素组合不可可靠比较。,回查数据字典、方法论文或记录级元数据；同时绑定 method_source_locator，未找到时保留缺失原因。,true
ITER|rec-observation-v2%257Cusgs-utah-volcanic-whole-rock%257Csrc-source-record-v2%25257Cusgs-utah-volcanic-whole-rock%25257CF11_149GC%25257CUTVolcRocks_UGS-ALS_Data.csv%252523row%25253D18%257CPb%257C|GEOLOGIC_CONTEXT_MISSING|matched_geologic_unit|,rec-observation-v2%7Cusgs-utah-volcanic-whole-rock%7Csrc-source-record-v2%257Cusgs-utah-volcanic-whole-rock%257CF11_149GC%257CUTVolcRocks_UGS-ALS_Data.csv%2523row%253D18%7CPb%7C,usgs-utah-volcanic-whole-rock,D2,info,review_required,GEOLOGIC_CONTEXT_MISSING,matched_geologic_unit,,记录没有来源直报或空间匹配的地质单元。,在比例尺与边界不确定性允许时执行空间匹配，并记录地图源、版本、匹配方法和边界距离；否则保留缺失。,true
ITER|rec-observation-v2%257Cusgs-utah-volcanic-whole-rock%257Csrc-source-record-v2%25257Cusgs-utah-volcanic-whole-rock%25257CF11_149GC%25257CUTVolcRocks_UGS-ALS_Data.csv%252523row%25253D18%257CZn%257C|ANALYTICAL_METHOD_MISSING|analytical_method|,rec-observation-v2%7Cusgs-utah-volcanic-whole-rock%7Csrc-source-record-v2%257Cusgs-utah-volcanic-whole-rock%257CF11_149GC%257CUTVolcRocks_UGS-ALS_Data.csv%2523row%253D18%7CZn%7C,usgs-utah-volcanic-whole-rock,D1,warning,action_required,ANALYTICAL_METHOD_MISSING,analytical_method,,分析方法证据缺失，跨来源浓度与元素组合不可可靠比较。,回查数据字典、方法论文或记录级元数据；同时绑定 method_source_locator，未找到时保留缺失原因。,true
ITER|rec-observation-v2%257Cusgs-utah-volcanic-whole-rock%257Csrc-source-record-v2%25257Cusgs-utah-volcanic-whole-rock%25257CF11_149GC%25257CUTVolcRocks_UGS-ALS_Data.csv%252523row%25253D18%257CZn%257C|GEOLOGIC_CONTEXT_MISSING|matched_geologic_unit|,rec-observation-v2%7Cusgs-utah-volcanic-whole-rock%7Csrc-source-record-v2%257Cusgs-utah-volcanic-whole-rock%257CF11_149GC%257CUTVolcRocks_UGS-ALS_Data.csv%2523row%253D18%7CZn%7C,usgs-utah-volcanic-whole-rock,D2,info,review_required,GEOLOGIC_CONTEXT_MISSING,matched_geologic_unit,,记录没有来源直报或空间匹配的地质单元。,在比例尺与边界不确定性允许时执行空间匹配，并记录地图源、版本、匹配方法和边界距离；否则保留缺失。,true
ITER|rec-observation-v2%257Cusgs-utah-volcanic-whole-rock%257Csrc-source-record-v2%25257Cusgs-utah-volcanic-whole-rock%25257CF11_181GC%25257CUTVolcRocks_UGS-ALS_Data.csv%252523row%25253D20%257CZn%257C|ANALYTICAL_METHOD_MISSING|analytical_method|,rec-observation-v2%7Cusgs-utah-volcanic-whole-rock%7Csrc-source-record-v2%257Cusgs-utah-volcanic-whole-rock%257CF11_181GC%257CUTVolcRocks_UGS-ALS_Data.csv%2523row%253D20%7CZn%7C,usgs-utah-volcanic-whole-rock,D1,warning,action_required,ANALYTICAL_METHOD_MISSING,analytical_method,,分析方法证据缺失，跨来源浓度与元素组合不可可靠比较。,回查数据字典、方法论文或记录级元数据；同时绑定 method_source_locator，未找到时保留缺失原因。,true
ITER|rec-observation-v2%257Cusgs-utah-volcanic-whole-rock%257Csrc-source-record-v2%25257Cusgs-utah-volcanic-whole-rock%25257CF11_181GC%25257CUTVolcRocks_UGS-ALS_Data.csv%252523row%25253D20%257CZn%257C|GEOLOGIC_CONTEXT_MISSING|matched_geologic_unit|,rec-observation-v2%7Cusgs-utah-volcanic-whole-rock%7Csrc-source-record-v2%257Cusgs-utah-volcanic-whole-rock%257CF11_181GC%257CUTVolcRocks_UGS-ALS_Data.csv%2523row%253D20%7CZn%7C,usgs-utah-volcanic-whole-rock,D2,info,review_required,GEOLOGIC_CONTEXT_MISSING,matched_geologic_unit,,记录没有来源直报或空间匹配的地质单元。,在比例尺与边界不确定性允许时执行空间匹配，并记录地图源、版本、匹配方法和边界距离；否则保留缺失。,true
ITER|rec-observation-v2%257Cusgs-utah-volcanic-whole-rock%257Csrc-source-record-v2%25257Cusgs-utah-volcanic-whole-rock%25257CF11_182GC%25257CUTVolcRocks_UGS-ALS_Data.csv%252523row%25253D21%257CNi%257C|ANALYTICAL_METHOD_MISSING|analytical_method|,rec-observation-v2%7Cusgs-utah-volcanic-whole-rock%7Csrc-source-record-v2%257Cusgs-utah-volcanic-whole-rock%257CF11_182GC%257CUTVolcRocks_UGS-ALS_Data.csv%2523row%253D21%7CNi%7C,usgs-utah-volcanic-whole-rock,D1,warning,action_required,ANALYTICAL_METHOD_MISSING,analytical_method,,分析方法证据缺失，跨来源浓度与元素组合不可可靠比较。,回查数据字典、方法论文或记录级元数据；同时绑定 method_source_locator，未找到时保留缺失原因。,true
ITER|rec-observation-v2%257Cusgs-utah-volcanic-whole-rock%257Csrc-source-record-v2%25257Cusgs-utah-volcanic-whole-rock%25257CF11_182GC%25257CUTVolcRocks_UGS-ALS_Data.csv%252523row%25253D21%257CNi%257C|CENSORED_OBSERVATION|censored|%3C,rec-observation-v2%7Cusgs-utah-volcanic-whole-rock%7Csrc-source-record-v2%257Cusgs-utah-volcanic-whole-rock%257CF11_182GC%257CUTVolcRocks_UGS-ALS_Data.csv%2523row%253D21%7CNi%7C,usgs-utah-volcanic-whole-rock,D2,info,scientific_limit,CENSORED_OBSERVATION,censored,<,这是检出限/定量限约束的删失观测，不等同于零，也不自动视为采集失败。,保留原始 qualifier 与 censoring limit；默认从普通相关和异常筛查中排除，或使用明确的删失统计模型。,false
ITER|rec-observation-v2%257Cusgs-utah-volcanic-whole-rock%257Csrc-source-record-v2%25257Cusgs-utah-volcanic-whole-rock%25257CF11_182GC%25257CUTVolcRocks_UGS-ALS_Data.csv%252523row%25253D21%257CNi%257C|GEOLOGIC_CONTEXT_MISSING|matched_geologic_unit|,rec-observation-v2%7Cusgs-utah-volcanic-whole-rock%7Csrc-source-record-v2%257Cusgs-utah-volcanic-whole-rock%257CF11_182GC%257CUTVolcRocks_UGS-ALS_Data.csv%2523row%253D21%7CNi%7C,usgs-utah-volcanic-whole-rock,D2,info,review_required,GEOLOGIC_CONTEXT_MISSING,matched_geologic_unit,,记录没有来源直报或空间匹配的地质单元。,在比例尺与边界不确定性允许时执行空间匹配，并记录地图源、版本、匹配方法和边界距离；否则保留缺失。,true
ITER|rec-observation-v2%257Cusgs-utah-volcanic-whole-rock%257Csrc-source-record-v2%25257Cusgs-utah-volcanic-whole-rock%25257CF11_182GC%25257CUTVolcRocks_UGS-ALS_Data.csv%252523row%25253D21%257CZn%257C|ANALYTICAL_METHOD_MISSING|analytical_method|,rec-observation-v2%7Cusgs-utah-volcanic-whole-rock%7Csrc-source-record-v2%257Cusgs-utah-volcanic-whole-rock%257CF11_182GC%257CUTVolcRocks_UGS-ALS_Data.csv%2523row%253D21%7CZn%7C,usgs-utah-volcanic-whole-rock,D1,warning,action_required,ANALYTICAL_METHOD_MISSING,analytical_method,,分析方法证据缺失，跨来源浓度与元素组合不可可靠比较。,回查数据字典、方法论文或记录级元数据；同时绑定 method_source_locator，未找到时保留缺失原因。,true
ITER|rec-observation-v2%257Cusgs-utah-volcanic-whole-rock%257Csrc-source-record-v2%25257Cusgs-utah-volcanic-whole-rock%25257CF11_182GC%25257CUTVolcRocks_UGS-ALS_Data.csv%252523row%25253D21%257CZn%257C|GEOLOGIC_CONTEXT_MISSING|matched_geologic_unit|,rec-observation-v2%7Cusgs-utah-volcanic-whole-rock%7Csrc-source-record-v2%257Cusgs-utah-volcanic-whole-rock%257CF11_182GC%257CUTVolcRocks_UGS-ALS_Data.csv%2523row%253D21%7CZn%7C,usgs-utah-volcanic-whole-rock,D2,info,review_required,GEOLOGIC_CONTEXT_MISSING,matched_geologic_unit,,记录没有来源直报或空间匹配的地质单元。,在比例尺与边界不确定性允许时执行空间匹配，并记录地图源、版本、匹配方法和边界距离；否则保留缺失。,true
ITER|rec-observation-v2%257Cusgs-utah-volcanic-whole-rock%257Csrc-source-record-v2%25257Cusgs-utah-volcanic-whole-rock%25257CF11_205GC%25257CUTVolcRocks_UGS-ALS_Data.csv%252523row%25253D24%257CAs%257C|CENSORED_OBSERVATION|censored|%3C,rec-observation-v2%7Cusgs-utah-volcanic-whole-rock%7Csrc-source-record-v2%257Cusgs-utah-volcanic-whole-rock%257CF11_205GC%257CUTVolcRocks_UGS-ALS_Data.csv%2523row%253D24%7CAs%7C,usgs-utah-volcanic-whole-rock,D2,info,scientific_limit,CENSORED_OBSERVATION,censored,<,这是检出限/定量限约束的删失观测，不等同于零，也不自动视为采集失败。,保留原始 qualifier 与 censoring limit；默认从普通相关和异常筛查中排除，或使用明确的删失统计模型。,false
ITER|rec-observation-v2%257Cusgs-utah-volcanic-whole-rock%257Csrc-source-record-v2%25257Cusgs-utah-volcanic-whole-rock%25257CF11_205GC%25257CUTVolcRocks_UGS-ALS_Data.csv%252523row%25253D24%257CAs%257C|GEOLOGIC_CONTEXT_MISSING|matched_geologic_unit|,rec-observation-v2%7Cusgs-utah-volcanic-whole-rock%7Csrc-source-record-v2%257Cusgs-utah-volcanic-whole-rock%257CF11_205GC%257CUTVolcRocks_UGS-ALS_Data.csv%2523row%253D24%7CAs%7C,usgs-utah-volcanic-whole-rock,D2,info,review_required,GEOLOGIC_CONTEXT_MISSING,matched_geologic_unit,,记录没有来源直报或空间匹配的地质单元。,在比例尺与边界不确定性允许时执行空间匹配，并记录地图源、版本、匹配方法和边界距离；否则保留缺失。,true
ITER|rec-observation-v2%257Cusgs-utah-volcanic-whole-rock%257Csrc-source-record-v2%25257Cusgs-utah-volcanic-whole-rock%25257CF11_205GC%25257CUTVolcRocks_UGS-ALS_Data.csv%252523row%25253D24%257CNi%257C|ANALYTICAL_METHOD_MISSING|analytical_method|,rec-observation-v2%7Cusgs-utah-volcanic-whole-rock%7Csrc-source-record-v2%257Cusgs-utah-volcanic-whole-rock%257CF11_205GC%257CUTVolcRocks_UGS-ALS_Data.csv%2523row%253D24%7CNi%7C,usgs-utah-volcanic-whole-rock,D1,warning,action_required,ANALYTICAL_METHOD_MISSING,analytical_method,,分析方法证据缺失，跨来源浓度与元素组合不可可靠比较。,回查数据字典、方法论文或记录级元数据；同时绑定 method_source_locator，未找到时保留缺失原因。,true
ITER|rec-observation-v2%257Cusgs-utah-volcanic-whole-rock%257Csrc-source-record-v2%25257Cusgs-utah-volcanic-whole-rock%25257CF11_205GC%25257CUTVolcRocks_UGS-ALS_Data.csv%252523row%25253D24%257CNi%257C|CENSORED_OBSERVATION|censored|%3C,rec-observation-v2%7Cusgs-utah-volcanic-whole-rock%7Csrc-source-record-v2%257Cusgs-utah-volcanic-whole-rock%257CF11_205GC%257CUTVolcRocks_UGS-ALS_Data.csv%2523row%253D24%7CNi%7C,usgs-utah-volcanic-whole-rock,D2,info,scientific_limit,CENSORED_OBSERVATION,censored,<,这是检出限/定量限约束的删失观测，不等同于零，也不自动视为采集失败。,保留原始 qualifier 与 censoring limit；默认从普通相关和异常筛查中排除，或使用明确的删失统计模型。,false
ITER|rec-observation-v2%257Cusgs-utah-volcanic-whole-rock%257Csrc-source-record-v2%25257Cusgs-utah-volcanic-whole-rock%25257CF11_205GC%25257CUTVolcRocks_UGS-ALS_Data.csv%252523row%25253D24%257CNi%257C|GEOLOGIC_CONTEXT_MISSING|matched_geologic_unit|,rec-observation-v2%7Cusgs-utah-volcanic-whole-rock%7Csrc-source-record-v2%257Cusgs-utah-volcanic-whole-rock%257CF11_205GC%257CUTVolcRocks_UGS-ALS_Data.csv%2523row%253D24%7CNi%7C,usgs-utah-volcanic-whole-rock,D2,info,review_required,GEOLOGIC_CONTEXT_MISSING,matched_geologic_unit,,记录没有来源直报或空间匹配的地质单元。,在比例尺与边界不确定性允许时执行空间匹配，并记录地图源、版本、匹配方法和边界距离；否则保留缺失。,true
ITER|rec-observation-v2%257Cusgs-utah-volcanic-whole-rock%257Csrc-source-record-v2%25257Cusgs-utah-volcanic-whole-rock%25257CF11_215GC%25257CUTVolcRocks_UGS-ALS_Data.csv%252523row%25253D23%257CCr%257C|CENSORED_OBSERVATION|censored|%3C,rec-observation-v2%7Cusgs-utah-volcanic-whole-rock%7Csrc-source-record-v2%257Cusgs-utah-volcanic-whole-rock%257CF11_215GC%257CUTVolcRocks_UGS-ALS_Data.csv%2523row%253D23%7CCr%7C,usgs-utah-volcanic-whole-rock,D2,info,scientific_limit,CENSORED_OBSERVATION,censored,<,这是检出限/定量限约束的删失观测，不等同于零，也不自动视为采集失败。,保留原始 qualifier 与 censoring limit；默认从普通相关和异常筛查中排除，或使用明确的删失统计模型。,false
ITER|rec-observation-v2%257Cusgs-utah-volcanic-whole-rock%257Csrc-source-record-v2%25257Cusgs-utah-volcanic-whole-rock%25257CF11_215GC%25257CUTVolcRocks_UGS-ALS_Data.csv%252523row%25253D23%257CCr%257C|GEOLOGIC_CONTEXT_MISSING|matched_geologic_unit|,rec-observation-v2%7Cusgs-utah-volcanic-whole-rock%7Csrc-source-record-v2%257Cusgs-utah-volcanic-whole-rock%257CF11_215GC%257CUTVolcRocks_UGS-ALS_Data.csv%2523row%253D23%7CCr%7C,usgs-utah-volcanic-whole-rock,D2,info,review_required,GEOLOGIC_CONTEXT_MISSING,matched_geologic_unit,,记录没有来源直报或空间匹配的地质单元。,在比例尺与边界不确定性允许时执行空间匹配，并记录地图源、版本、匹配方法和边界距离；否则保留缺失。,true
ITER|rec-observation-v2%257Cusgs-utah-volcanic-whole-rock%257Csrc-source-record-v2%25257Cusgs-utah-volcanic-whole-rock%25257CF11_215GC%25257CUTVolcRocks_UGS-ALS_Data.csv%252523row%25253D23%257CZn%257C|ANALYTICAL_METHOD_MISSING|analytical_method|,rec-observation-v2%7Cusgs-utah-volcanic-whole-rock%7Csrc-source-record-v2%257Cusgs-utah-volcanic-whole-rock%257CF11_215GC%257CUTVolcRocks_UGS-ALS_Data.csv%2523row%253D23%7CZn%7C,usgs-utah-volcanic-whole-rock,D1,warning,action_required,ANALYTICAL_METHOD_MISSING,analytical_method,,分析方法证据缺失，跨来源浓度与元素组合不可可靠比较。,回查数据字典、方法论文或记录级元数据；同时绑定 method_source_locator，未找到时保留缺失原因。,true
ITER|rec-observation-v2%257Cusgs-utah-volcanic-whole-rock%257Csrc-source-record-v2%25257Cusgs-utah-volcanic-whole-rock%25257CF11_215GC%25257CUTVolcRocks_UGS-ALS_Data.csv%252523row%25253D23%257CZn%257C|GEOLOGIC_CONTEXT_MISSING|matched_geologic_unit|,rec-observation-v2%7Cusgs-utah-volcanic-whole-rock%7Csrc-source-record-v2%257Cusgs-utah-volcanic-whole-rock%257CF11_215GC%257CUTVolcRocks_UGS-ALS_Data.csv%2523row%253D23%7CZn%7C,usgs-utah-volcanic-whole-rock,D2,info,review_required,GEOLOGIC_CONTEXT_MISSING,matched_geologic_unit,,记录没有来源直报或空间匹配的地质单元。,在比例尺与边界不确定性允许时执行空间匹配，并记录地图源、版本、匹配方法和边界距离；否则保留缺失。,true
ITER|rec-observation-v2%257Cusgs-utah-volcanic-whole-rock%257Csrc-source-record-v2%25257Cusgs-utah-volcanic-whole-rock%25257CF11_221GC%25257CUTVolcRocks_UGS-ALS_Data.csv%252523row%25253D25%257CAs%257C|CENSORED_OBSERVATION|censored|%3C,rec-observation-v2%7Cusgs-utah-volcanic-whole-rock%7Csrc-source-record-v2%257Cusgs-utah-volcanic-whole-rock%257CF11_221GC%257CUTVolcRocks_UGS-ALS_Data.csv%2523row%253D25%7CAs%7C,usgs-utah-volcanic-whole-rock,D2,info,scientific_limit,CENSORED_OBSERVATION,censored,<,这是检出限/定量限约束的删失观测，不等同于零，也不自动视为采集失败。,保留原始 qualifier 与 censoring limit；默认从普通相关和异常筛查中排除，或使用明确的删失统计模型。,false
ITER|rec-observation-v2%257Cusgs-utah-volcanic-whole-rock%257Csrc-source-record-v2%25257Cusgs-utah-volcanic-whole-rock%25257CF11_221GC%25257CUTVolcRocks_UGS-ALS_Data.csv%252523row%25253D25%257CAs%257C|GEOLOGIC_CONTEXT_MISSING|matched_geologic_unit|,rec-observation-v2%7Cusgs-utah-volcanic-whole-rock%7Csrc-source-record-v2%257Cusgs-utah-volcanic-whole-rock%257CF11_221GC%257CUTVolcRocks_UGS-ALS_Data.csv%2523row%253D25%7CAs%7C,usgs-utah-volcanic-whole-rock,D2,info,review_required,GEOLOGIC_CONTEXT_MISSING,matched_geologic_unit,,记录没有来源直报或空间匹配的地质单元。,在比例尺与边界不确定性允许时执行空间匹配，并记录地图源、版本、匹配方法和边界距离；否则保留缺失。,true
ITER|rec-observation-v2%257Cusgs-utah-volcanic-whole-rock%257Csrc-source-record-v2%25257Cusgs-utah-volcanic-whole-rock%25257CF11_243GC%25257CUTVolcRocks_UGS-ALS_Data.csv%252523row%25253D27%257CAs%257C|CENSORED_OBSERVATION|censored|%3C,rec-observation-v2%7Cusgs-utah-volcanic-whole-rock%7Csrc-source-record-v2%257Cusgs-utah-volcanic-whole-rock%257CF11_243GC%257CUTVolcRocks_UGS-ALS_Data.csv%2523row%253D27%7CAs%7C,usgs-utah-volcanic-whole-rock,D2,info,scientific_limit,CENSORED_OBSERVATION,censored,<,这是检出限/定量限约束的删失观测，不等同于零，也不自动视为采集失败。,保留原始 qualifier 与 censoring limit；默认从普通相关和异常筛查中排除，或使用明确的删失统计模型。,false
ITER|rec-observation-v2%257Cusgs-utah-volcanic-whole-rock%257Csrc-source-record-v2%25257Cusgs-utah-volcanic-whole-rock%25257CF11_243GC%25257CUTVolcRocks_UGS-ALS_Data.csv%252523row%25253D27%257CAs%257C|GEOLOGIC_CONTEXT_MISSING|matched_geologic_unit|,rec-observation-v2%7Cusgs-utah-volcanic-whole-rock%7Csrc-source-record-v2%257Cusgs-utah-volcanic-whole-rock%257CF11_243GC%257CUTVolcRocks_UGS-ALS_Data.csv%2523row%253D27%7CAs%7C,usgs-utah-volcanic-whole-rock,D2,info,review_required,GEOLOGIC_CONTEXT_MISSING,matched_geologic_unit,,记录没有来源直报或空间匹配的地质单元。,在比例尺与边界不确定性允许时执行空间匹配，并记录地图源、版本、匹配方法和边界距离；否则保留缺失。,true
ITER|rec-observation-v2%257Cusgs-utah-volcanic-whole-rock%257Csrc-source-record-v2%25257Cusgs-utah-volcanic-whole-rock%25257CF11_243GC%25257CUTVolcRocks_UGS-ALS_Data.csv%252523row%25253D27%257CCr%257C|CENSORED_OBSERVATION|censored|%3C,rec-observation-v2%7Cusgs-utah-volcanic-whole-rock%7Csrc-source-record-v2%257Cusgs-utah-volcanic-whole-rock%257CF11_243GC%257CUTVolcRocks_UGS-ALS_Data.csv%2523row%253D27%7CCr%7C,usgs-utah-volcanic-whole-rock,D2,info,scientific_limit,CENSORED_OBSERVATION,censored,<,这是检出限/定量限约束的删失观测，不等同于零，也不自动视为采集失败。,保留原始 qualifier 与 censoring limit；默认从普通相关和异常筛查中排除，或使用明确的删失统计模型。,false
ITER|rec-observation-v2%257Cusgs-utah-volcanic-whole-rock%257Csrc-source-record-v2%25257Cusgs-utah-volcanic-whole-rock%25257CF11_243GC%25257CUTVolcRocks_UGS-ALS_Data.csv%252523row%25253D27%257CCr%257C|GEOLOGIC_CONTEXT_MISSING|matched_geologic_unit|,rec-observation-v2%7Cusgs-utah-volcanic-whole-rock%7Csrc-source-record-v2%257Cusgs-utah-volcanic-whole-rock%257CF11_243GC%257CUTVolcRocks_UGS-ALS_Data.csv%2523row%253D27%7CCr%7C,usgs-utah-volcanic-whole-rock,D2,info,review_required,GEOLOGIC_CONTEXT_MISSING,matched_geologic_unit,,记录没有来源直报或空间匹配的地质单元。,在比例尺与边界不确定性允许时执行空间匹配，并记录地图源、版本、匹配方法和边界距离；否则保留缺失。,true
ITER|rec-observation-v2%257Cusgs-utah-volcanic-whole-rock%257Csrc-source-record-v2%25257Cusgs-utah-volcanic-whole-rock%25257CF11_248GC%25257CUTVolcRocks_UGS-ALS_Data.csv%252523row%25253D26%257CAs%257C|CENSORED_OBSERVATION|censored|%3C,rec-observation-v2%7Cusgs-utah-volcanic-whole-rock%7Csrc-source-record-v2%257Cusgs-utah-volcanic-whole-rock%257CF11_248GC%257CUTVolcRocks_UGS-ALS_Data.csv%2523row%253D26%7CAs%7C,usgs-utah-volcanic-whole-rock,D2,info,scientific_limit,CENSORED_OBSERVATION,censored,<,这是检出限/定量限约束的删失观测，不等同于零，也不自动视为采集失败。,保留原始 qualifier 与 censoring limit；默认从普通相关和异常筛查中排除，或使用明确的删失统计模型。,false
ITER|rec-observation-v2%257Cusgs-utah-volcanic-whole-rock%257Csrc-source-record-v2%25257Cusgs-utah-volcanic-whole-rock%25257CF11_248GC%25257CUTVolcRocks_UGS-ALS_Data.csv%252523row%25253D26%257CAs%257C|GEOLOGIC_CONTEXT_MISSING|matched_geologic_unit|,rec-observation-v2%7Cusgs-utah-volcanic-whole-rock%7Csrc-source-record-v2%257Cusgs-utah-volcanic-whole-rock%257CF11_248GC%257CUTVolcRocks_UGS-ALS_Data.csv%2523row%253D26%7CAs%7C,usgs-utah-volcanic-whole-rock,D2,info,review_required,GEOLOGIC_CONTEXT_MISSING,matched_geologic_unit,,记录没有来源直报或空间匹配的地质单元。,在比例尺与边界不确定性允许时执行空间匹配，并记录地图源、版本、匹配方法和边界距离；否则保留缺失。,true
ITER|rec-observation-v2%257Cusgs-utah-volcanic-whole-rock%257Csrc-source-record-v2%25257Cusgs-utah-volcanic-whole-rock%25257CGCDC-1%25257CUTVolcRocks_UGS-ALS_Data.csv%252523row%25253D29%257CAs%257C|CENSORED_OBSERVATION|censored|%3C,rec-observation-v2%7Cusgs-utah-volcanic-whole-rock%7Csrc-source-record-v2%257Cusgs-utah-volcanic-whole-rock%257CGCDC-1%257CUTVolcRocks_UGS-ALS_Data.csv%2523row%253D29%7CAs%7C,usgs-utah-volcanic-whole-rock,D2,info,scientific_limit,CENSORED_OBSERVATION,censored,<,这是检出限/定量限约束的删失观测，不等同于零，也不自动视为采集失败。,保留原始 qualifier 与 censoring limit；默认从普通相关和异常筛查中排除，或使用明确的删失统计模型。,false
ITER|rec-observation-v2%257Cusgs-utah-volcanic-whole-rock%257Csrc-source-record-v2%25257Cusgs-utah-volcanic-whole-rock%25257CGCDC-1%25257CUTVolcRocks_UGS-ALS_Data.csv%252523row%25253D29%257CAs%257C|GEOLOGIC_CONTEXT_MISSING|matched_geologic_unit|,rec-observation-v2%7Cusgs-utah-volcanic-whole-rock%7Csrc-source-record-v2%257Cusgs-utah-volcanic-whole-rock%257CGCDC-1%257CUTVolcRocks_UGS-ALS_Data.csv%2523row%253D29%7CAs%7C,usgs-utah-volcanic-whole-rock,D2,info,review_required,GEOLOGIC_CONTEXT_MISSING,matched_geologic_unit,,记录没有来源直报或空间匹配的地质单元。,在比例尺与边界不确定性允许时执行空间匹配，并记录地图源、版本、匹配方法和边界距离；否则保留缺失。,true
ITER|rec-observation-v2%257Cusgs-utah-volcanic-whole-rock%257Csrc-source-record-v2%25257Cusgs-utah-volcanic-whole-rock%25257CGCDC-4%25257CUTVolcRocks_UGS-ALS_Data.csv%252523row%25253D30%257CAs%257C|CENSORED_OBSERVATION|censored|%3C,rec-observation-v2%7Cusgs-utah-volcanic-whole-rock%7Csrc-source-record-v2%257Cusgs-utah-volcanic-whole-rock%257CGCDC-4%257CUTVolcRocks_UGS-ALS_Data.csv%2523row%253D30%7CAs%7C,usgs-utah-volcanic-whole-rock,D2,info,scientific_limit,CENSORED_OBSERVATION,censored,<,这是检出限/定量限约束的删失观测，不等同于零，也不自动视为采集失败。,保留原始 qualifier 与 censoring limit；默认从普通相关和异常筛查中排除，或使用明确的删失统计模型。,false
ITER|rec-observation-v2%257Cusgs-utah-volcanic-whole-rock%257Csrc-source-record-v2%25257Cusgs-utah-volcanic-whole-rock%25257CGCDC-4%25257CUTVolcRocks_UGS-ALS_Data.csv%252523row%25253D30%257CAs%257C|GEOLOGIC_CONTEXT_MISSING|matched_geologic_unit|,rec-observation-v2%7Cusgs-utah-volcanic-whole-rock%7Csrc-source-record-v2%257Cusgs-utah-volcanic-whole-rock%257CGCDC-4%257CUTVolcRocks_UGS-ALS_Data.csv%2523row%253D30%7CAs%7C,usgs-utah-volcanic-whole-rock,D2,info,review_required,GEOLOGIC_CONTEXT_MISSING,matched_geologic_unit,,记录没有来源直报或空间匹配的地质单元。,在比例尺与边界不确定性允许时执行空间匹配，并记录地图源、版本、匹配方法和边界距离；否则保留缺失。,true
ITER|rec-observation-v2%257Cusgs-utah-volcanic-whole-rock%257Csrc-source-record-v2%25257Cusgs-utah-volcanic-whole-rock%25257CGCDC-4%25257CUTVolcRocks_UGS-ALS_Data.csv%252523row%25253D30%257CNi%257C|ANALYTICAL_METHOD_MISSING|analytical_method|,rec-observation-v2%7Cusgs-utah-volcanic-whole-rock%7Csrc-source-record-v2%257Cusgs-utah-volcanic-whole-rock%257CGCDC-4%257CUTVolcRocks_UGS-ALS_Data.csv%2523row%253D30%7CNi%7C,usgs-utah-volcanic-whole-rock,D1,warning,action_required,ANALYTICAL_METHOD_MISSING,analytical_method,,分析方法证据缺失，跨来源浓度与元素组合不可可靠比较。,回查数据字典、方法论文或记录级元数据；同时绑定 method_source_locator，未找到时保留缺失原因。,true
ITER|rec-observation-v2%257Cusgs-utah-volcanic-whole-rock%257Csrc-source-record-v2%25257Cusgs-utah-volcanic-whole-rock%25257CGCDC-4%25257CUTVolcRocks_UGS-ALS_Data.csv%252523row%25253D30%257CNi%257C|CENSORED_OBSERVATION|censored|%3C,rec-observation-v2%7Cusgs-utah-volcanic-whole-rock%7Csrc-source-record-v2%257Cusgs-utah-volcanic-whole-rock%257CGCDC-4%257CUTVolcRocks_UGS-ALS_Data.csv%2523row%253D30%7CNi%7C,usgs-utah-volcanic-whole-rock,D2,info,scientific_limit,CENSORED_OBSERVATION,censored,<,这是检出限/定量限约束的删失观测，不等同于零，也不自动视为采集失败。,保留原始 qualifier 与 censoring limit；默认从普通相关和异常筛查中排除，或使用明确的删失统计模型。,false
ITER|rec-observation-v2%257Cusgs-utah-volcanic-whole-rock%257Csrc-source-record-v2%25257Cusgs-utah-volcanic-whole-rock%25257CGCDC-4%25257CUTVolcRocks_UGS-ALS_Data.csv%252523row%25253D30%257CNi%257C|GEOLOGIC_CONTEXT_MISSING|matched_geologic_unit|,rec-observation-v2%7Cusgs-utah-volcanic-whole-rock%7Csrc-source-record-v2%257Cusgs-utah-volcanic-whole-rock%257CGCDC-4%257CUTVolcRocks_UGS-ALS_Data.csv%2523row%253D30%7CNi%7C,usgs-utah-volcanic-whole-rock,D2,info,review_required,GEOLOGIC_CONTEXT_MISSING,matched_geologic_unit,,记录没有来源直报或空间匹配的地质单元。,在比例尺与边界不确定性允许时执行空间匹配，并记录地图源、版本、匹配方法和边界距离；否则保留缺失。,true
ITER|rec-observation-v2%257Cusgs-utah-volcanic-whole-rock%257Csrc-source-record-v2%25257Cusgs-utah-volcanic-whole-rock%25257CGCDC-5%25257CUTVolcRocks_UGS-ALS_Data.csv%252523row%25253D31%257CAs%257C|CENSORED_OBSERVATION|censored|%3C,rec-observation-v2%7Cusgs-utah-volcanic-whole-rock%7Csrc-source-record-v2%257Cusgs-utah-volcanic-whole-rock%257CGCDC-5%257CUTVolcRocks_UGS-ALS_Data.csv%2523row%253D31%7CAs%7C,usgs-utah-volcanic-whole-rock,D2,info,scientific_limit,CENSORED_OBSERVATION,censored,<,这是检出限/定量限约束的删失观测，不等同于零，也不自动视为采集失败。,保留原始 qualifier 与 censoring limit；默认从普通相关和异常筛查中排除，或使用明确的删失统计模型。,false
ITER|rec-observation-v2%257Cusgs-utah-volcanic-whole-rock%257Csrc-source-record-v2%25257Cusgs-utah-volcanic-whole-rock%25257CGCDC-5%25257CUTVolcRocks_UGS-ALS_Data.csv%252523row%25253D31%257CAs%257C|GEOLOGIC_CONTEXT_MISSING|matched_geologic_unit|,rec-observation-v2%7Cusgs-utah-volcanic-whole-rock%7Csrc-source-record-v2%257Cusgs-utah-volcanic-whole-rock%257CGCDC-5%257CUTVolcRocks_UGS-ALS_Data.csv%2523row%253D31%7CAs%7C,usgs-utah-volcanic-whole-rock,D2,info,review_required,GEOLOGIC_CONTEXT_MISSING,matched_geologic_unit,,记录没有来源直报或空间匹配的地质单元。,在比例尺与边界不确定性允许时执行空间匹配，并记录地图源、版本、匹配方法和边界距离；否则保留缺失。,true
ITER|rec-observation-v2%257Cusgs-utah-volcanic-whole-rock%257Csrc-source-record-v2%25257Cusgs-utah-volcanic-whole-rock%25257CGCDC-5%25257CUTVolcRocks_UGS-ALS_Data.csv%252523row%25253D31%257CCr%257C|CENSORED_OBSERVATION|censored|%3C,rec-observation-v2%7Cusgs-utah-volcanic-whole-rock%7Csrc-source-record-v2%257Cusgs-utah-volcanic-whole-rock%257CGCDC-5%257CUTVolcRocks_UGS-ALS_Data.csv%2523row%253D31%7CCr%7C,usgs-utah-volcanic-whole-rock,D2,info,scientific_limit,CENSORED_OBSERVATION,censored,<,这是检出限/定量限约束的删失观测，不等同于零，也不自动视为采集失败。,保留原始 qualifier 与 censoring limit；默认从普通相关和异常筛查中排除，或使用明确的删失统计模型。,false
ITER|rec-observation-v2%257Cusgs-utah-volcanic-whole-rock%257Csrc-source-record-v2%25257Cusgs-utah-volcanic-whole-rock%25257CGCDC-5%25257CUTVolcRocks_UGS-ALS_Data.csv%252523row%25253D31%257CCr%257C|GEOLOGIC_CONTEXT_MISSING|matched_geologic_unit|,rec-observation-v2%7Cusgs-utah-volcanic-whole-rock%7Csrc-source-record-v2%257Cusgs-utah-volcanic-whole-rock%257CGCDC-5%257CUTVolcRocks_UGS-ALS_Data.csv%2523row%253D31%7CCr%7C,usgs-utah-volcanic-whole-rock,D2,info,review_required,GEOLOGIC_CONTEXT_MISSING,matched_geologic_unit,,记录没有来源直报或空间匹配的地质单元。,在比例尺与边界不确定性允许时执行空间匹配，并记录地图源、版本、匹配方法和边界距离；否则保留缺失。,true
ITER|rec-observation-v2%257Cusgs-utah-volcanic-whole-rock%257Csrc-source-record-v2%25257Cusgs-utah-volcanic-whole-rock%25257CGCDC-5%25257CUTVolcRocks_UGS-ALS_Data.csv%252523row%25253D31%257CNi%257C|ANALYTICAL_METHOD_MISSING|analytical_method|,rec-observation-v2%7Cusgs-utah-volcanic-whole-rock%7Csrc-source-record-v2%257Cusgs-utah-volcanic-whole-rock%257CGCDC-5%257CUTVolcRocks_UGS-ALS_Data.csv%2523row%253D31%7CNi%7C,usgs-utah-volcanic-whole-rock,D1,warning,action_required,ANALYTICAL_METHOD_MISSING,analytical_method,,分析方法证据缺失，跨来源浓度与元素组合不可可靠比较。,回查数据字典、方法论文或记录级元数据；同时绑定 method_source_locator，未找到时保留缺失原因。,true
ITER|rec-observation-v2%257Cusgs-utah-volcanic-whole-rock%257Csrc-source-record-v2%25257Cusgs-utah-volcanic-whole-rock%25257CGCDC-5%25257CUTVolcRocks_UGS-ALS_Data.csv%252523row%25253D31%257CNi%257C|CENSORED_OBSERVATION|censored|%3C,rec-observation-v2%7Cusgs-utah-volcanic-whole-rock%7Csrc-source-record-v2%257Cusgs-utah-volcanic-whole-rock%257CGCDC-5%257CUTVolcRocks_UGS-ALS_Data.csv%2523row%253D31%7CNi%7C,usgs-utah-volcanic-whole-rock,D2,info,scientific_limit,CENSORED_OBSERVATION,censored,<,这是检出限/定量限约束的删失观测，不等同于零，也不自动视为采集失败。,保留原始 qualifier 与 censoring limit；默认从普通相关和异常筛查中排除，或使用明确的删失统计模型。,false
ITER|rec-observation-v2%257Cusgs-utah-volcanic-whole-rock%257Csrc-source-record-v2%25257Cusgs-utah-volcanic-whole-rock%25257CGCDC-5%25257CUTVolcRocks_UGS-ALS_Data.csv%252523row%25253D31%257CNi%257C|GEOLOGIC_CONTEXT_MISSING|matched_geologic_unit|,rec-observation-v2%7Cusgs-utah-volcanic-whole-rock%7Csrc-source-record-v2%257Cusgs-utah-volcanic-whole-rock%257CGCDC-5%257CUTVolcRocks_UGS-ALS_Data.csv%2523row%253D31%7CNi%7C,usgs-utah-volcanic-whole-rock,D2,info,review_required,GEOLOGIC_CONTEXT_MISSING,matched_geologic_unit,,记录没有来源直报或空间匹配的地质单元。,在比例尺与边界不确定性允许时执行空间匹配，并记录地图源、版本、匹配方法和边界距离；否则保留缺失。,true
ITER|rec-observation-v2%257Cusgs-utah-volcanic-whole-rock%257Csrc-source-record-v2%25257Cusgs-utah-volcanic-whole-rock%25257CGCDC-8%25257CUTVolcRocks_UGS-ALS_Data.csv%252523row%25253D33%257CCr%257C|CENSORED_OBSERVATION|censored|%3C,rec-observation-v2%7Cusgs-utah-volcanic-whole-rock%7Csrc-source-record-v2%257Cusgs-utah-volcanic-whole-rock%257CGCDC-8%257CUTVolcRocks_UGS-ALS_Data.csv%2523row%253D33%7CCr%7C,usgs-utah-volcanic-whole-rock,D2,info,scientific_limit,CENSORED_OBSERVATION,censored,<,这是检出限/定量限约束的删失观测，不等同于零，也不自动视为采集失败。,保留原始 qualifier 与 censoring limit；默认从普通相关和异常筛查中排除，或使用明确的删失统计模型。,false
ITER|rec-observation-v2%257Cusgs-utah-volcanic-whole-rock%257Csrc-source-record-v2%25257Cusgs-utah-volcanic-whole-rock%25257CGCDC-8%25257CUTVolcRocks_UGS-ALS_Data.csv%252523row%25253D33%257CCr%257C|GEOLOGIC_CONTEXT_MISSING|matched_geologic_unit|,rec-observation-v2%7Cusgs-utah-volcanic-whole-rock%7Csrc-source-record-v2%257Cusgs-utah-volcanic-whole-rock%257CGCDC-8%257CUTVolcRocks_UGS-ALS_Data.csv%2523row%253D33%7CCr%7C,usgs-utah-volcanic-whole-rock,D2,info,review_required,GEOLOGIC_CONTEXT_MISSING,matched_geologic_unit,,记录没有来源直报或空间匹配的地质单元。,在比例尺与边界不确定性允许时执行空间匹配，并记录地图源、版本、匹配方法和边界距离；否则保留缺失。,true
ITER|rec-observation-v2%257Cusgs-utah-volcanic-whole-rock%257Csrc-source-record-v2%25257Cusgs-utah-volcanic-whole-rock%25257CM163270%25257CUTVolcRocks_USGS-ALabs_Data.csv%252523row%25253D2%257CCu%257C|CENSORED_OBSERVATION|censored|%3C,rec-observation-v2%7Cusgs-utah-volcanic-whole-rock%7Csrc-source-record-v2%257Cusgs-utah-volcanic-whole-rock%257CM163270%257CUTVolcRocks_USGS-ALabs_Data.csv%2523row%253D2%7CCu%7C,usgs-utah-volcanic-whole-rock,D2,info,scientific_limit,CENSORED_OBSERVATION,censored,<,这是检出限/定量限约束的删失观测，不等同于零，也不自动视为采集失败。,保留原始 qualifier 与 censoring limit；默认从普通相关和异常筛查中排除，或使用明确的删失统计模型。,false
ITER|rec-observation-v2%257Cusgs-utah-volcanic-whole-rock%257Csrc-source-record-v2%25257Cusgs-utah-volcanic-whole-rock%25257CM163270%25257CUTVolcRocks_USGS-ALabs_Data.csv%252523row%25253D2%257CCu%257C|GEOLOGIC_CONTEXT_MISSING|matched_geologic_unit|,rec-observation-v2%7Cusgs-utah-volcanic-whole-rock%7Csrc-source-record-v2%257Cusgs-utah-volcanic-whole-rock%257CM163270%257CUTVolcRocks_USGS-ALabs_Data.csv%2523row%253D2%7CCu%7C,usgs-utah-volcanic-whole-rock,D2,info,review_required,GEOLOGIC_CONTEXT_MISSING,matched_geologic_unit,,记录没有来源直报或空间匹配的地质单元。,在比例尺与边界不确定性允许时执行空间匹配，并记录地图源、版本、匹配方法和边界距离；否则保留缺失。,true
ITER|rec-observation-v2%257Cusgs-utah-volcanic-whole-rock%257Csrc-source-record-v2%25257Cusgs-utah-volcanic-whole-rock%25257CM167066%25257CUTVolcRocks_USGS-ALabs_Data.csv%252523row%25253D10%257CZn%257C1|GEOLOGIC_CONTEXT_MISSING|matched_geologic_unit|,rec-observation-v2%7Cusgs-utah-volcanic-whole-rock%7Csrc-source-record-v2%257Cusgs-utah-volcanic-whole-rock%257CM167066%257CUTVolcRocks_USGS-ALabs_Data.csv%2523row%253D10%7CZn%7C1,usgs-utah-volcanic-whole-rock,D2,info,review_required,GEOLOGIC_CONTEXT_MISSING,matched_geologic_unit,,记录没有来源直报或空间匹配的地质单元。,在比例尺与边界不确定性允许时执行空间匹配，并记录地图源、版本、匹配方法和边界距离；否则保留缺失。,true
ITER|rec-observation-v2%257Cusgs-utah-volcanic-whole-rock%257Csrc-source-record-v2%25257Cusgs-utah-volcanic-whole-rock%25257CM184576%25257CUTVolcRocks_USGS-ALabs_Data.csv%252523row%25253D22%257CCu%257C|CENSORED_OBSERVATION|censored|%3C,rec-observation-v2%7Cusgs-utah-volcanic-whole-rock%7Csrc-source-record-v2%257Cusgs-utah-volcanic-whole-rock%257CM184576%257CUTVolcRocks_USGS-ALabs_Data.csv%2523row%253D22%7CCu%7C,usgs-utah-volcanic-whole-rock,D2,info,scientific_limit,CENSORED_OBSERVATION,censored,<,这是检出限/定量限约束的删失观测，不等同于零，也不自动视为采集失败。,保留原始 qualifier 与 censoring limit；默认从普通相关和异常筛查中排除，或使用明确的删失统计模型。,false
ITER|rec-observation-v2%257Cusgs-utah-volcanic-whole-rock%257Csrc-source-record-v2%25257Cusgs-utah-volcanic-whole-rock%25257CM184576%25257CUTVolcRocks_USGS-ALabs_Data.csv%252523row%25253D22%257CCu%257C|GEOLOGIC_CONTEXT_MISSING|matched_geologic_unit|,rec-observation-v2%7Cusgs-utah-volcanic-whole-rock%7Csrc-source-record-v2%257Cusgs-utah-volcanic-whole-rock%257CM184576%257CUTVolcRocks_USGS-ALabs_Data.csv%2523row%253D22%7CCu%7C,usgs-utah-volcanic-whole-rock,D2,info,review_required,GEOLOGIC_CONTEXT_MISSING,matched_geologic_unit,,记录没有来源直报或空间匹配的地质单元。,在比例尺与边界不确定性允许时执行空间匹配，并记录地图源、版本、匹配方法和边界距离；否则保留缺失。,true
ITER|rec-observation-v2%257Cusgs-utah-volcanic-whole-rock%257Csrc-source-record-v2%25257Cusgs-utah-volcanic-whole-rock%25257CM184576%25257CUTVolcRocks_USGS-ALabs_Data.csv%252523row%25253D22%257CNi%257C1|CENSORED_OBSERVATION|censored|%3C,rec-observation-v2%7Cusgs-utah-volcanic-whole-rock%7Csrc-source-record-v2%257Cusgs-utah-volcanic-whole-rock%257CM184576%257CUTVolcRocks_USGS-ALabs_Data.csv%2523row%253D22%7CNi%7C1,usgs-utah-volcanic-whole-rock,D2,info,scientific_limit,CENSORED_OBSERVATION,censored,<,这是检出限/定量限约束的删失观测，不等同于零，也不自动视为采集失败。,保留原始 qualifier 与 censoring limit；默认从普通相关和异常筛查中排除，或使用明确的删失统计模型。,false
ITER|rec-observation-v2%257Cusgs-utah-volcanic-whole-rock%257Csrc-source-record-v2%25257Cusgs-utah-volcanic-whole-rock%25257CM184576%25257CUTVolcRocks_USGS-ALabs_Data.csv%252523row%25253D22%257CNi%257C1|GEOLOGIC_CONTEXT_MISSING|matched_geologic_unit|,rec-observation-v2%7Cusgs-utah-volcanic-whole-rock%7Csrc-source-record-v2%257Cusgs-utah-volcanic-whole-rock%257CM184576%257CUTVolcRocks_USGS-ALabs_Data.csv%2523row%253D22%7CNi%7C1,usgs-utah-volcanic-whole-rock,D2,info,review_required,GEOLOGIC_CONTEXT_MISSING,matched_geologic_unit,,记录没有来源直报或空间匹配的地质单元。,在比例尺与边界不确定性允许时执行空间匹配，并记录地图源、版本、匹配方法和边界距离；否则保留缺失。,true
ITER|rec-observation-v2%257Cusgs-utah-volcanic-whole-rock%257Csrc-source-record-v2%25257Cusgs-utah-volcanic-whole-rock%25257CM184577%25257CUTVolcRocks_USGS-ALabs_Data.csv%252523row%25253D23%257CCu%257C|CENSORED_OBSERVATION|censored|%3C,rec-observation-v2%7Cusgs-utah-volcanic-whole-rock%7Csrc-source-record-v2%257Cusgs-utah-volcanic-whole-rock%257CM184577%257CUTVolcRocks_USGS-ALabs_Data.csv%2523row%253D23%7CCu%7C,usgs-utah-volcanic-whole-rock,D2,info,scientific_limit,CENSORED_OBSERVATION,censored,<,这是检出限/定量限约束的删失观测，不等同于零，也不自动视为采集失败。,保留原始 qualifier 与 censoring limit；默认从普通相关和异常筛查中排除，或使用明确的删失统计模型。,false
ITER|rec-observation-v2%257Cusgs-utah-volcanic-whole-rock%257Csrc-source-record-v2%25257Cusgs-utah-volcanic-whole-rock%25257CM184577%25257CUTVolcRocks_USGS-ALabs_Data.csv%252523row%25253D23%257CCu%257C|GEOLOGIC_CONTEXT_MISSING|matched_geologic_unit|,rec-observation-v2%7Cusgs-utah-volcanic-whole-rock%7Csrc-source-record-v2%257Cusgs-utah-volcanic-whole-rock%257CM184577%257CUTVolcRocks_USGS-ALabs_Data.csv%2523row%253D23%7CCu%7C,usgs-utah-volcanic-whole-rock,D2,info,review_required,GEOLOGIC_CONTEXT_MISSING,matched_geologic_unit,,记录没有来源直报或空间匹配的地质单元。,在比例尺与边界不确定性允许时执行空间匹配，并记录地图源、版本、匹配方法和边界距离；否则保留缺失。,true
ITER|rec-observation-v2%257Cusgs-utah-volcanic-whole-rock%257Csrc-source-record-v2%25257Cusgs-utah-volcanic-whole-rock%25257CM184578%25257CUTVolcRocks_USGS-ALabs_Data.csv%252523row%25253D24%257CCu%257C|CENSORED_OBSERVATION|censored|%3C,rec-observation-v2%7Cusgs-utah-volcanic-whole-rock%7Csrc-source-record-v2%257Cusgs-utah-volcanic-whole-rock%257CM184578%257CUTVolcRocks_USGS-ALabs_Data.csv%2523row%253D24%7CCu%7C,usgs-utah-volcanic-whole-rock,D2,info,scientific_limit,CENSORED_OBSERVATION,censored,<,这是检出限/定量限约束的删失观测，不等同于零，也不自动视为采集失败。,保留原始 qualifier 与 censoring limit；默认从普通相关和异常筛查中排除，或使用明确的删失统计模型。,false
ITER|rec-observation-v2%257Cusgs-utah-volcanic-whole-rock%257Csrc-source-record-v2%25257Cusgs-utah-volcanic-whole-rock%25257CM184578%25257CUTVolcRocks_USGS-ALabs_Data.csv%252523row%25253D24%257CCu%257C|GEOLOGIC_CONTEXT_MISSING|matched_geologic_unit|,rec-observation-v2%7Cusgs-utah-volcanic-whole-rock%7Csrc-source-record-v2%257Cusgs-utah-volcanic-whole-rock%257CM184578%257CUTVolcRocks_USGS-ALabs_Data.csv%2523row%253D24%7CCu%7C,usgs-utah-volcanic-whole-rock,D2,info,review_required,GEOLOGIC_CONTEXT_MISSING,matched_geologic_unit,,记录没有来源直报或空间匹配的地质单元。,在比例尺与边界不确定性允许时执行空间匹配，并记录地图源、版本、匹配方法和边界距离；否则保留缺失。,true
ITER|rec-observation-v2%257Cusgs-utah-volcanic-whole-rock%257Csrc-source-record-v2%25257Cusgs-utah-volcanic-whole-rock%25257CM184579%25257CUTVolcRocks_USGS-ALabs_Data.csv%252523row%25253D25%257CCu%257C|CENSORED_OBSERVATION|censored|%3C,rec-observation-v2%7Cusgs-utah-volcanic-whole-rock%7Csrc-source-record-v2%257Cusgs-utah-volcanic-whole-rock%257CM184579%257CUTVolcRocks_USGS-ALabs_Data.csv%2523row%253D25%7CCu%7C,usgs-utah-volcanic-whole-rock,D2,info,scientific_limit,CENSORED_OBSERVATION,censored,<,这是检出限/定量限约束的删失观测，不等同于零，也不自动视为采集失败。,保留原始 qualifier 与 censoring limit；默认从普通相关和异常筛查中排除，或使用明确的删失统计模型。,false
ITER|rec-observation-v2%257Cusgs-utah-volcanic-whole-rock%257Csrc-source-record-v2%25257Cusgs-utah-volcanic-whole-rock%25257CM184579%25257CUTVolcRocks_USGS-ALabs_Data.csv%252523row%25253D25%257CCu%257C|GEOLOGIC_CONTEXT_MISSING|matched_geologic_unit|,rec-observation-v2%7Cusgs-utah-volcanic-whole-rock%7Csrc-source-record-v2%257Cusgs-utah-volcanic-whole-rock%257CM184579%257CUTVolcRocks_USGS-ALabs_Data.csv%2523row%253D25%7CCu%7C,usgs-utah-volcanic-whole-rock,D2,info,review_required,GEOLOGIC_CONTEXT_MISSING,matched_geologic_unit,,记录没有来源直报或空间匹配的地质单元。,在比例尺与边界不确定性允许时执行空间匹配，并记录地图源、版本、匹配方法和边界距离；否则保留缺失。,true
ITER|rec-observation-v2%257Cusgs-utah-volcanic-whole-rock%257Csrc-source-record-v2%25257Cusgs-utah-volcanic-whole-rock%25257CM185327%25257CUTVolcRocks_USGS-ALabs_Data.csv%252523row%25253D30%257CCr%257C1|CENSORED_OBSERVATION|censored|%3C,rec-observation-v2%7Cusgs-utah-volcanic-whole-rock%7Csrc-source-record-v2%257Cusgs-utah-volcanic-whole-rock%257CM185327%257CUTVolcRocks_USGS-ALabs_Data.csv%2523row%253D30%7CCr%7C1,usgs-utah-volcanic-whole-rock,D2,info,scientific_limit,CENSORED_OBSERVATION,censored,<,这是检出限/定量限约束的删失观测，不等同于零，也不自动视为采集失败。,保留原始 qualifier 与 censoring limit；默认从普通相关和异常筛查中排除，或使用明确的删失统计模型。,false
ITER|rec-observation-v2%257Cusgs-utah-volcanic-whole-rock%257Csrc-source-record-v2%25257Cusgs-utah-volcanic-whole-rock%25257CM185327%25257CUTVolcRocks_USGS-ALabs_Data.csv%252523row%25253D30%257CCr%257C1|GEOLOGIC_CONTEXT_MISSING|matched_geologic_unit|,rec-observation-v2%7Cusgs-utah-volcanic-whole-rock%7Csrc-source-record-v2%257Cusgs-utah-volcanic-whole-rock%257CM185327%257CUTVolcRocks_USGS-ALabs_Data.csv%2523row%253D30%7CCr%7C1,usgs-utah-volcanic-whole-rock,D2,info,review_required,GEOLOGIC_CONTEXT_MISSING,matched_geologic_unit,,记录没有来源直报或空间匹配的地质单元。,在比例尺与边界不确定性允许时执行空间匹配，并记录地图源、版本、匹配方法和边界距离；否则保留缺失。,true
