{"coordinate_mode":"canonical","database_join_key":"record_id","features":[{"geometry":{"coordinates":[-87.1166,31.3146],"type":"Point"},"properties":{"candidate_anomaly":false,"confidence_workflow_usability_band":"medium","coordinate_basis":"canonical_wgs84","element":"As","medium":"soil","record_id":"rec-3c16ad2e1590d783c6112c2c8138490dedd2a64edc36c03ed3276018b7544aa7","source_id":"usgs-conus-soil","unit":"mg/kg","value":2.1},"type":"Feature"},{"geometry":{"coordinates":[-87.1166,31.3146],"type":"Point"},"properties":{"candidate_anomaly":false,"confidence_workflow_usability_band":"medium","coordinate_basis":"canonical_wgs84","element":"Cu","medium":"soil","record_id":"rec-892f9d1e4470378959e8ad3228da1874b261c1405640749aa8037bec197118f4","source_id":"usgs-conus-soil","unit":"mg/kg","value":5.9},"type":"Feature"},{"geometry":{"coordinates":[-87.1166,31.3146],"type":"Point"},"properties":{"candidate_anomaly":false,"confidence_workflow_usability_band":"medium","coordinate_basis":"canonical_wgs84","element":"Ni","medium":"soil","record_id":"rec-abbc5192b0fb215735fa4a72008cb6e4cbcea485c663a7905f843c48a0409fe1","source_id":"usgs-conus-soil","unit":"mg/kg","value":3.3},"type":"Feature"},{"geometry":{"coordinates":[-87.1166,31.3146],"type":"Point"},"properties":{"candidate_anomaly":false,"confidence_workflow_usability_band":"medium","coordinate_basis":"canonical_wgs84","element":"Zn","medium":"soil","record_id":"rec-fb7c45816fd1f19d0afd6142c6a9f67e59af19210f4077f0274c603b66224369","source_id":"usgs-conus-soil","unit":"mg/kg","value":15.0},"type":"Feature"},{"geometry":{"coordinates":[-86.9041,33.8523],"type":"Point"},"properties":{"candidate_anomaly":false,"confidence_workflow_usability_band":"medium","coordinate_basis":"canonical_wgs84","element":"As","medium":"soil","record_id":"rec-fb2745fed602dc0af6263a7da565ad2f6398b8424b298ed92a101500414e582e","source_id":"usgs-conus-soil","unit":"mg/kg","value":1.9},"type":"Feature"},{"geometry":{"coordinates":[-86.9041,33.8523],"type":"Point"},"properties":{"candidate_anomaly":false,"confidence_workflow_usability_band":"medium","coordinate_basis":"canonical_wgs84","element":"Cu","medium":"soil","record_id":"rec-a9f3f2827628d217bad43fd70487584fdd2934868ee0466148ed8499ce0502e4","source_id":"usgs-conus-soil","unit":"mg/kg","value":5.4},"type":"Feature"},{"geometry":{"coordinates":[-86.9041,33.8523],"type":"Point"},"properties":{"candidate_anomaly":false,"confidence_workflow_usability_band":"medium","coordinate_basis":"canonical_wgs84","element":"Ni","medium":"soil","record_id":"rec-5eb05e8193701c2cc89aa5eba0677e4b44de8fcb9b1b3648c56e9576b6eff560","source_id":"usgs-conus-soil","unit":"mg/kg","value":4.5},"type":"Feature"},{"geometry":{"coordinates":[-86.9041,33.8523],"type":"Point"},"properties":{"candidate_anomaly":false,"confidence_workflow_usability_band":"medium","coordinate_basis":"canonical_wgs84","element":"Zn","medium":"soil","record_id":"rec-7aec2f1a7af374fa8d035ac1d3e93565f9fdf0a507155f5bc9f5da95d72db2d3","source_id":"usgs-conus-soil","unit":"mg/kg","value":18.0},"type":"Feature"},{"geometry":{"coordinates":[-85.8788,31.2179],"type":"Point"},"properties":{"candidate_anomaly":false,"confidence_workflow_usability_band":"medium","coordinate_basis":"canonical_wgs84","element":"As","medium":"soil","record_id":"rec-8f66ad4562074a7b66319c19172e616272d43f908f539ae2e15e2ca9463aee0b","source_id":"usgs-conus-soil","unit":"mg/kg","value":1.8},"type":"Feature"},{"geometry":{"coordinates":[-85.8788,31.2179],"type":"Point"},"properties":{"candidate_anomaly":false,"confidence_workflow_usability_band":"medium","coordinate_basis":"canonical_wgs84","element":"Cu","medium":"soil","record_id":"rec-d1850f1e443f6f5709a1cfdd9a6be715c22f669148325cc9bbea299f3fff642a","source_id":"usgs-conus-soil","unit":"mg/kg","value":10.1},"type":"Feature"},{"geometry":{"coordinates":[-85.8788,31.2179],"type":"Point"},"properties":{"candidate_anomaly":false,"confidence_workflow_usability_band":"medium","coordinate_basis":"canonical_wgs84","element":"Ni","medium":"soil","record_id":"rec-d5ede810a30db670428f7b6b8ff9a6cea3d884500475a834cb75bede9c08f4ca","source_id":"usgs-conus-soil","unit":"mg/kg","value":4.1},"type":"Feature"},{"geometry":{"coordinates":[-85.8788,31.2179],"type":"Point"},"properties":{"candidate_anomaly":false,"confidence_workflow_usability_band":"medium","coordinate_basis":"canonical_wgs84","element":"Zn","medium":"soil","record_id":"rec-6342ef15447875f44fc9efd3e147e7650b2a4adbb43b32b50398dc423d0d4d02","source_id":"usgs-conus-soil","unit":"mg/kg","value":18.0},"type":"Feature"},{"geometry":{"coordinates":[-86.9976,33.0992],"type":"Point"},"properties":{"candidate_anomaly":false,"confidence_workflow_usability_band":"medium","coordinate_basis":"canonical_wgs84","element":"As","medium":"soil","record_id":"rec-a3c40bd4c285f7cf44d37767a12ba7aeb6d9b87f79166e1360abcaec3d0448a8","source_id":"usgs-conus-soil","unit":"mg/kg","value":3.4},"type":"Feature"},{"geometry":{"coordinates":[-86.9976,33.0992],"type":"Point"},"properties":{"candidate_anomaly":false,"confidence_workflow_usability_band":"medium","coordinate_basis":"canonical_wgs84","element":"Cu","medium":"soil","record_id":"rec-a6dd69bb5dc8522f6f7f47441be6a2116eda33c4b59d564323d767fc7e57b5fd","source_id":"usgs-conus-soil","unit":"mg/kg","value":14.2},"type":"Feature"},{"geometry":{"coordinates":[-86.9976,33.0992],"type":"Point"},"properties":{"candidate_anomaly":false,"confidence_workflow_usability_band":"medium","coordinate_basis":"canonical_wgs84","element":"Ni","medium":"soil","record_id":"rec-f12eb9579d39881306268cced7a55414d0d7a203911c444474d4eb15bf7f1728","source_id":"usgs-conus-soil","unit":"mg/kg","value":11.4},"type":"Feature"},{"geometry":{"coordinates":[-86.9976,33.0992],"type":"Point"},"properties":{"candidate_anomaly":false,"confidence_workflow_usability_band":"medium","coordinate_basis":"canonical_wgs84","element":"Zn","medium":"soil","record_id":"rec-27d41d1e541a9c89ea97c718b90467f9f93f13000c72717375f4f023fc0d4d2a","source_id":"usgs-conus-soil","unit":"mg/kg","value":32.0},"type":"Feature"},{"geometry":{"coordinates":[-87.6779,34.5501],"type":"Point"},"properties":{"candidate_anomaly":false,"confidence_workflow_usability_band":"medium","coordinate_basis":"canonical_wgs84","element":"As","medium":"soil","record_id":"rec-5049f9918a25a0ef2c8aacd7a639b17fa82a9aeb0e59b8f170e21dab9b67bf7f","source_id":"usgs-conus-soil","unit":"mg/kg","value":3.1},"type":"Feature"},{"geometry":{"coordinates":[-87.6779,34.5501],"type":"Point"},"properties":{"candidate_anomaly":false,"confidence_workflow_usability_band":"medium","coordinate_basis":"canonical_wgs84","element":"Cu","medium":"soil","record_id":"rec-164b7245632987765c08a6ff28157ffeb0a58795b8f80e12a63b2efcaa1cb4ff","source_id":"usgs-conus-soil","unit":"mg/kg","value":6.2},"type":"Feature"},{"geometry":{"coordinates":[-87.6779,34.5501],"type":"Point"},"properties":{"candidate_anomaly":false,"confidence_workflow_usability_band":"medium","coordinate_basis":"canonical_wgs84","element":"Ni","medium":"soil","record_id":"rec-c37b7027e6c8b28a0b464b68cdc7c545dd3509444f4ba07b46ea10e0364fa918","source_id":"usgs-conus-soil","unit":"mg/kg","value":6.7},"type":"Feature"},{"geometry":{"coordinates":[-87.6779,34.5501],"type":"Point"},"properties":{"candidate_anomaly":false,"confidence_workflow_usability_band":"medium","coordinate_basis":"canonical_wgs84","element":"Zn","medium":"soil","record_id":"rec-7f2ad742d4742d3a4b084f1e183c14d0bcd4011dbd9028e61f7e9fa75450fcb8","source_id":"usgs-conus-soil","unit":"mg/kg","value":36.0},"type":"Feature"},{"geometry":{"coordinates":[-87.313,34.3577],"type":"Point"},"properties":{"candidate_anomaly":false,"confidence_workflow_usability_band":"medium","coordinate_basis":"canonical_wgs84","element":"As","medium":"soil","record_id":"rec-09f85310ea36fee8be537d47154a3425eae8bf3e9a8a994acf2e75d15d9d0fdf","source_id":"usgs-conus-soil","unit":"mg/kg","value":3.9},"type":"Feature"},{"geometry":{"coordinates":[-87.313,34.3577],"type":"Point"},"properties":{"candidate_anomaly":false,"confidence_workflow_usability_band":"medium","coordinate_basis":"canonical_wgs84","element":"Cu","medium":"soil","record_id":"rec-8cfb9772cb33641a22b099e456bcd18d2d42172e598aaf76722fec69b74c25b3","source_id":"usgs-conus-soil","unit":"mg/kg","value":7.5},"type":"Feature"},{"geometry":{"coordinates":[-87.313,34.3577],"type":"Point"},"properties":{"candidate_anomaly":false,"confidence_workflow_usability_band":"medium","coordinate_basis":"canonical_wgs84","element":"Ni","medium":"soil","record_id":"rec-a4021f128532e8fded75f7b58f34f49f12d4fe21c5b8fdc264d4e5acbc30d436","source_id":"usgs-conus-soil","unit":"mg/kg","value":7.1},"type":"Feature"},{"geometry":{"coordinates":[-87.313,34.3577],"type":"Point"},"properties":{"candidate_anomaly":false,"confidence_workflow_usability_band":"medium","coordinate_basis":"canonical_wgs84","element":"Zn","medium":"soil","record_id":"rec-906c39686952fdd93665e800beb3230e05ccdcf287983b73822b8abe3295e408","source_id":"usgs-conus-soil","unit":"mg/kg","value":24.0},"type":"Feature"},{"geometry":{"coordinates":[-85.6928,31.0634],"type":"Point"},"properties":{"candidate_anomaly":false,"confidence_workflow_usability_band":"medium","coordinate_basis":"canonical_wgs84","element":"As","medium":"soil","record_id":"rec-3911b65eca9923f4d074c5a497f6d39682dcd24307936e10603d8745aeef5f64","source_id":"usgs-conus-soil","unit":"mg/kg","value":3.6},"type":"Feature"},{"geometry":{"coordinates":[-85.6928,31.0634],"type":"Point"},"properties":{"candidate_anomaly":false,"confidence_workflow_usability_band":"medium","coordinate_basis":"canonical_wgs84","element":"Cu","medium":"soil","record_id":"rec-8936fd3b7962da9daaf77fd644c39f4bb6c51525ae6b7296d605cd7e6034920e","source_id":"usgs-conus-soil","unit":"mg/kg","value":24.5},"type":"Feature"},{"geometry":{"coordinates":[-85.6928,31.0634],"type":"Point"},"properties":{"candidate_anomaly":false,"confidence_workflow_usability_band":"medium","coordinate_basis":"canonical_wgs84","element":"Ni","medium":"soil","record_id":"rec-72cfd7d567d22d75091084cbbd61d08db9c9817e4018870b57cb708472760a53","source_id":"usgs-conus-soil","unit":"mg/kg","value":9.9},"type":"Feature"},{"geometry":{"coordinates":[-85.6928,31.0634],"type":"Point"},"properties":{"candidate_anomaly":false,"confidence_workflow_usability_band":"medium","coordinate_basis":"canonical_wgs84","element":"Zn","medium":"soil","record_id":"rec-bdd906d8787067519739ef638eb948aa0853b9b131b167e1690dfc1ba579d6c9","source_id":"usgs-conus-soil","unit":"mg/kg","value":29.0},"type":"Feature"},{"geometry":{"coordinates":[-85.6099,34.2848],"type":"Point"},"properties":{"candidate_anomaly":false,"confidence_workflow_usability_band":"medium","coordinate_basis":"canonical_wgs84","element":"As","medium":"soil","record_id":"rec-1632ab8d4a61b525ad1614754fd6d28699abd2319779f48060f3947b9dce9fd2","source_id":"usgs-conus-soil","unit":"mg/kg","value":4.9},"type":"Feature"},{"geometry":{"coordinates":[-85.6099,34.2848],"type":"Point"},"properties":{"candidate_anomaly":false,"confidence_workflow_usability_band":"medium","coordinate_basis":"canonical_wgs84","element":"Cu","medium":"soil","record_id":"rec-a44248df7ddf62dc27fcbaad71693a19ff06e05c86696697de790ce427974333","source_id":"usgs-conus-soil","unit":"mg/kg","value":10.8},"type":"Feature"},{"geometry":{"coordinates":[-85.6099,34.2848],"type":"Point"},"properties":{"candidate_anomaly":false,"confidence_workflow_usability_band":"medium","coordinate_basis":"canonical_wgs84","element":"Ni","medium":"soil","record_id":"rec-8e2a57f3697bc661b55ab54315eeecdd794f761a3d5bd297d19ff7e1cb4e55b5","source_id":"usgs-conus-soil","unit":"mg/kg","value":7.1},"type":"Feature"},{"geometry":{"coordinates":[-85.6099,34.2848],"type":"Point"},"properties":{"candidate_anomaly":false,"confidence_workflow_usability_band":"medium","coordinate_basis":"canonical_wgs84","element":"Zn","medium":"soil","record_id":"rec-d2a54a7576b75e772572d686674924ae42ab0f93d0374ffc9c844ab5a2d5ade5","source_id":"usgs-conus-soil","unit":"mg/kg","value":50.0},"type":"Feature"},{"geometry":{"coordinates":[-85.9549,30.4575],"type":"Point"},"properties":{"candidate_anomaly":false,"confidence_workflow_usability_band":"medium","coordinate_basis":"canonical_wgs84","element":"As","medium":"soil","record_id":"rec-0b4e7e16d277866d0f76d5b154d9a578ec48836e239ae0e9b6e80f9e9e07699a","source_id":"usgs-conus-soil","unit":"mg/kg","value":null},"type":"Feature"},{"geometry":{"coordinates":[-85.9549,30.4575],"type":"Point"},"properties":{"candidate_anomaly":false,"confidence_workflow_usability_band":"medium","coordinate_basis":"canonical_wgs84","element":"Cu","medium":"soil","record_id":"rec-f96d17de9db6b367814dc64ec160247fef00fe75cd37655402e37325f9978634","source_id":"usgs-conus-soil","unit":"mg/kg","value":1.8},"type":"Feature"},{"geometry":{"coordinates":[-85.9549,30.4575],"type":"Point"},"properties":{"candidate_anomaly":false,"confidence_workflow_usability_band":"medium","coordinate_basis":"canonical_wgs84","element":"Ni","medium":"soil","record_id":"rec-1197c3bbf556cabad31a9d976c3f8ff1966b2eecf825cb13520560948777a820","source_id":"usgs-conus-soil","unit":"mg/kg","value":1.1},"type":"Feature"},{"geometry":{"coordinates":[-85.9549,30.4575],"type":"Point"},"properties":{"candidate_anomaly":true,"confidence_workflow_usability_band":"medium","coordinate_basis":"canonical_wgs84","element":"Zn","medium":"soil","record_id":"rec-ea8eb881bc0a1f0566f6db68efb42e0c42ea379ae230be6cb841865a2f88b57e","source_id":"usgs-conus-soil","unit":"mg/kg","value":5.0},"type":"Feature"},{"geometry":{"coordinates":[-87.1166,31.3146],"type":"Point"},"properties":{"candidate_anomaly":false,"confidence_workflow_usability_band":"medium","coordinate_basis":"canonical_wgs84","element":"As","medium":"soil","record_id":"rec-c872063c71eb2134348550b2a346b17fba66046c007801558cd9ed51af535ba9","source_id":"usgs-conus-soil","unit":"mg/kg","value":1.6},"type":"Feature"},{"geometry":{"coordinates":[-87.1166,31.3146],"type":"Point"},"properties":{"candidate_anomaly":false,"confidence_workflow_usability_band":"medium","coordinate_basis":"canonical_wgs84","element":"Cu","medium":"soil","record_id":"rec-dd2914161ea66bfc52570508becd23cbfeee42998d3b886cd36e5ed1744e1303","source_id":"usgs-conus-soil","unit":"mg/kg","value":4.4},"type":"Feature"},{"geometry":{"coordinates":[-87.1166,31.3146],"type":"Point"},"properties":{"candidate_anomaly":false,"confidence_workflow_usability_band":"medium","coordinate_basis":"canonical_wgs84","element":"Ni","medium":"soil","record_id":"rec-68e26620ff46f67a979b6a761045b0d76b7e61de6a9c30c4049c32694a6a92a9","source_id":"usgs-conus-soil","unit":"mg/kg","value":3.2},"type":"Feature"},{"geometry":{"coordinates":[-87.1166,31.3146],"type":"Point"},"properties":{"candidate_anomaly":false,"confidence_workflow_usability_band":"medium","coordinate_basis":"canonical_wgs84","element":"Zn","medium":"soil","record_id":"rec-eda5071ece336ae17570b9539e025bfcf718aab3d1fe5df1c21826fd615c2c96","source_id":"usgs-conus-soil","unit":"mg/kg","value":15.0},"type":"Feature"},{"geometry":{"coordinates":[-86.9041,33.8523],"type":"Point"},"properties":{"candidate_anomaly":false,"confidence_workflow_usability_band":"medium","coordinate_basis":"canonical_wgs84","element":"As","medium":"soil","record_id":"rec-22e314292d9e63f1f6aa766e628efa7201879caf2d2d4882aeb32b25e104e7ae","source_id":"usgs-conus-soil","unit":"mg/kg","value":1.5},"type":"Feature"},{"geometry":{"coordinates":[-86.9041,33.8523],"type":"Point"},"properties":{"candidate_anomaly":false,"confidence_workflow_usability_band":"medium","coordinate_basis":"canonical_wgs84","element":"Cu","medium":"soil","record_id":"rec-eb36e6a4e3672e9d495cb86d8dbf331302f34f52553dd4243bd300c9e24b0780","source_id":"usgs-conus-soil","unit":"mg/kg","value":6.1},"type":"Feature"},{"geometry":{"coordinates":[-86.9041,33.8523],"type":"Point"},"properties":{"candidate_anomaly":false,"confidence_workflow_usability_band":"medium","coordinate_basis":"canonical_wgs84","element":"Ni","medium":"soil","record_id":"rec-d5e43e3ac54375a8c6a396f2552e25b50e2ea665bc5532ea7778e36920428521","source_id":"usgs-conus-soil","unit":"mg/kg","value":4.6},"type":"Feature"},{"geometry":{"coordinates":[-86.9041,33.8523],"type":"Point"},"properties":{"candidate_anomaly":false,"confidence_workflow_usability_band":"medium","coordinate_basis":"canonical_wgs84","element":"Zn","medium":"soil","record_id":"rec-f0b3d08e1686154100c92cbc00b0dc9ede8c4c98680fbae655a2ac82c3755f57","source_id":"usgs-conus-soil","unit":"mg/kg","value":17.0},"type":"Feature"},{"geometry":{"coordinates":[-85.8788,31.2179],"type":"Point"},"properties":{"candidate_anomaly":false,"confidence_workflow_usability_band":"medium","coordinate_basis":"canonical_wgs84","element":"As","medium":"soil","record_id":"rec-61b6ccc5a8c292960506df44655523748a9f050bc0eff7348e7c89cdeff50578","source_id":"usgs-conus-soil","unit":"mg/kg","value":1.2},"type":"Feature"},{"geometry":{"coordinates":[-85.8788,31.2179],"type":"Point"},"properties":{"candidate_anomaly":false,"confidence_workflow_usability_band":"medium","coordinate_basis":"canonical_wgs84","element":"Cu","medium":"soil","record_id":"rec-d607fd0a3674d15e8c69a7b949fa82782c025b9778e25d6a3b961514df9c1a33","source_id":"usgs-conus-soil","unit":"mg/kg","value":10.9},"type":"Feature"},{"geometry":{"coordinates":[-85.8788,31.2179],"type":"Point"},"properties":{"candidate_anomaly":false,"confidence_workflow_usability_band":"medium","coordinate_basis":"canonical_wgs84","element":"Ni","medium":"soil","record_id":"rec-bd7aa86277373b64e38794d92a48b01bd3b41756676ec8bd71e8fe357738d50e","source_id":"usgs-conus-soil","unit":"mg/kg","value":4.2},"type":"Feature"},{"geometry":{"coordinates":[-85.8788,31.2179],"type":"Point"},"properties":{"candidate_anomaly":false,"confidence_workflow_usability_band":"medium","coordinate_basis":"canonical_wgs84","element":"Zn","medium":"soil","record_id":"rec-0b21f1a65f236fdb5f327740c91151b187aede207fba5b1ddb8c4abe1a1b6371","source_id":"usgs-conus-soil","unit":"mg/kg","value":19.0},"type":"Feature"},{"geometry":{"coordinates":[-86.9976,33.0992],"type":"Point"},"properties":{"candidate_anomaly":false,"confidence_workflow_usability_band":"medium","coordinate_basis":"canonical_wgs84","element":"As","medium":"soil","record_id":"rec-836565b860e13c1d5cb13d28168998bf257ed81e2d8947a4898e944c2aedd61c","source_id":"usgs-conus-soil","unit":"mg/kg","value":3.7},"type":"Feature"},{"geometry":{"coordinates":[-86.9976,33.0992],"type":"Point"},"properties":{"candidate_anomaly":false,"confidence_workflow_usability_band":"medium","coordinate_basis":"canonical_wgs84","element":"Cu","medium":"soil","record_id":"rec-ee3a41040929277bb3b35718914f15528fc003ffdab6801abb2af8d132551fd0","source_id":"usgs-conus-soil","unit":"mg/kg","value":13.8},"type":"Feature"},{"geometry":{"coordinates":[-86.9976,33.0992],"type":"Point"},"properties":{"candidate_anomaly":false,"confidence_workflow_usability_band":"medium","coordinate_basis":"canonical_wgs84","element":"Ni","medium":"soil","record_id":"rec-28df4f970c251b1837ad3ade412a14879c6b858f2ad2bb61c3c8edc016222e2c","source_id":"usgs-conus-soil","unit":"mg/kg","value":11.5},"type":"Feature"},{"geometry":{"coordinates":[-86.9976,33.0992],"type":"Point"},"properties":{"candidate_anomaly":false,"confidence_workflow_usability_band":"medium","coordinate_basis":"canonical_wgs84","element":"Zn","medium":"soil","record_id":"rec-06bbab91af641771a18c926cf929e0f716ecca7e8bfb93ceab281f4f7b9d13de","source_id":"usgs-conus-soil","unit":"mg/kg","value":32.0},"type":"Feature"},{"geometry":{"coordinates":[-87.6779,34.5501],"type":"Point"},"properties":{"candidate_anomaly":false,"confidence_workflow_usability_band":"medium","coordinate_basis":"canonical_wgs84","element":"As","medium":"soil","record_id":"rec-7699afa07ffad6556cbfb728e9353bfc0cbbec2273a0d11088b475c7855c455d","source_id":"usgs-conus-soil","unit":"mg/kg","value":2.7},"type":"Feature"},{"geometry":{"coordinates":[-87.6779,34.5501],"type":"Point"},"properties":{"candidate_anomaly":false,"confidence_workflow_usability_band":"medium","coordinate_basis":"canonical_wgs84","element":"Cu","medium":"soil","record_id":"rec-a8673cf2a71a64a5d1a83f3ec5a0319ff94ba6ff46224c37266ec91d281b25db","source_id":"usgs-conus-soil","unit":"mg/kg","value":5.2},"type":"Feature"},{"geometry":{"coordinates":[-87.6779,34.5501],"type":"Point"},"properties":{"candidate_anomaly":false,"confidence_workflow_usability_band":"medium","coordinate_basis":"canonical_wgs84","element":"Ni","medium":"soil","record_id":"rec-d2b2c8baa08c3db260d21dc9ef88b84bfbf02ff6224b1897ceb7076d3c9156cd","source_id":"usgs-conus-soil","unit":"mg/kg","value":6.9},"type":"Feature"},{"geometry":{"coordinates":[-87.6779,34.5501],"type":"Point"},"properties":{"candidate_anomaly":false,"confidence_workflow_usability_band":"medium","coordinate_basis":"canonical_wgs84","element":"Zn","medium":"soil","record_id":"rec-694ce93126c3628a4b37c9216a56c82cf4cdb3d9cdb63f4cac28f1542260a2ed","source_id":"usgs-conus-soil","unit":"mg/kg","value":32.0},"type":"Feature"},{"geometry":{"coordinates":[-87.313,34.3577],"type":"Point"},"properties":{"candidate_anomaly":false,"confidence_workflow_usability_band":"medium","coordinate_basis":"canonical_wgs84","element":"As","medium":"soil","record_id":"rec-6cf53b069a45b4494d4c35f1dd9d32763154249e8493ed823344f7eceb8d7074","source_id":"usgs-conus-soil","unit":"mg/kg","value":4.3},"type":"Feature"},{"geometry":{"coordinates":[-87.313,34.3577],"type":"Point"},"properties":{"candidate_anomaly":false,"confidence_workflow_usability_band":"medium","coordinate_basis":"canonical_wgs84","element":"Cu","medium":"soil","record_id":"rec-fb69bdabdb44720eb22b9a5f6c22f334e812a3b93e64fefafd0712a5fe29142f","source_id":"usgs-conus-soil","unit":"mg/kg","value":8.4},"type":"Feature"},{"geometry":{"coordinates":[-87.313,34.3577],"type":"Point"},"properties":{"candidate_anomaly":false,"confidence_workflow_usability_band":"medium","coordinate_basis":"canonical_wgs84","element":"Ni","medium":"soil","record_id":"rec-d2f783f194729b8b78ef4d376fe162224f571e817249612c512759b99f2da2ee","source_id":"usgs-conus-soil","unit":"mg/kg","value":8.4},"type":"Feature"},{"geometry":{"coordinates":[-87.313,34.3577],"type":"Point"},"properties":{"candidate_anomaly":false,"confidence_workflow_usability_band":"medium","coordinate_basis":"canonical_wgs84","element":"Zn","medium":"soil","record_id":"rec-c7558c09b931afcc1b6e91b5cb363174ee957b34b6896daedec3d621c078f3c5","source_id":"usgs-conus-soil","unit":"mg/kg","value":28.0},"type":"Feature"},{"geometry":{"coordinates":[-85.6928,31.0634],"type":"Point"},"properties":{"candidate_anomaly":false,"confidence_workflow_usability_band":"medium","coordinate_basis":"canonical_wgs84","element":"As","medium":"soil","record_id":"rec-6dc17e75ee29f79b7ad7ed940d3f12b141f38f1d341ffb9ade8dccaf462b0101","source_id":"usgs-conus-soil","unit":"mg/kg","value":2.7},"type":"Feature"},{"geometry":{"coordinates":[-85.6928,31.0634],"type":"Point"},"properties":{"candidate_anomaly":false,"confidence_workflow_usability_band":"medium","coordinate_basis":"canonical_wgs84","element":"Cu","medium":"soil","record_id":"rec-c71d27263b137395589ec408bef659b4a1b07d5652eedf3cd670dd5d093f81b8","source_id":"usgs-conus-soil","unit":"mg/kg","value":15.1},"type":"Feature"},{"geometry":{"coordinates":[-85.6928,31.0634],"type":"Point"},"properties":{"candidate_anomaly":false,"confidence_workflow_usability_band":"medium","coordinate_basis":"canonical_wgs84","element":"Ni","medium":"soil","record_id":"rec-ecab4f2f52c3c54ba850c3460f4f5e380bcc74c8432c0288f183a93165abcbd7","source_id":"usgs-conus-soil","unit":"mg/kg","value":7.7},"type":"Feature"},{"geometry":{"coordinates":[-85.6928,31.0634],"type":"Point"},"properties":{"candidate_anomaly":false,"confidence_workflow_usability_band":"medium","coordinate_basis":"canonical_wgs84","element":"Zn","medium":"soil","record_id":"rec-0f21d071c6b6e04c2f2868308890b24fa9cef801df345b9b1757dc566b1fee6b","source_id":"usgs-conus-soil","unit":"mg/kg","value":26.0},"type":"Feature"},{"geometry":{"coordinates":[-85.6099,34.2848],"type":"Point"},"properties":{"candidate_anomaly":false,"confidence_workflow_usability_band":"medium","coordinate_basis":"canonical_wgs84","element":"As","medium":"soil","record_id":"rec-6617e8dd202911e1e6f22544f94f2f502f06dbad39731238b236a51f5ce1aee1","source_id":"usgs-conus-soil","unit":"mg/kg","value":3.7},"type":"Feature"},{"geometry":{"coordinates":[-85.6099,34.2848],"type":"Point"},"properties":{"candidate_anomaly":false,"confidence_workflow_usability_band":"medium","coordinate_basis":"canonical_wgs84","element":"Cu","medium":"soil","record_id":"rec-8f330ce6668ca08fd577e025f4465ac58e4622c18791f6de8cf8048875df31ea","source_id":"usgs-conus-soil","unit":"mg/kg","value":10.1},"type":"Feature"},{"geometry":{"coordinates":[-85.6099,34.2848],"type":"Point"},"properties":{"candidate_anomaly":false,"confidence_workflow_usability_band":"medium","coordinate_basis":"canonical_wgs84","element":"Ni","medium":"soil","record_id":"rec-b9c2f2f4bc4828f3afd9b7c830f6f24784ff1c7fc6cf30b02369e74b4a545411","source_id":"usgs-conus-soil","unit":"mg/kg","value":7.0},"type":"Feature"},{"geometry":{"coordinates":[-85.6099,34.2848],"type":"Point"},"properties":{"candidate_anomaly":false,"confidence_workflow_usability_band":"medium","coordinate_basis":"canonical_wgs84","element":"Zn","medium":"soil","record_id":"rec-ad96c09d672225d5afbd94fb86b562b590463c39efc522bfcaf06ceb0bb29c80","source_id":"usgs-conus-soil","unit":"mg/kg","value":48.0},"type":"Feature"},{"geometry":{"coordinates":[-88.0869,30.8919],"type":"Point"},"properties":{"candidate_anomaly":false,"confidence_workflow_usability_band":"medium","coordinate_basis":"canonical_wgs84","element":"As","medium":"soil","record_id":"rec-31482722d5901db7b97b5f38c74c2c87532505f6e0f6d143be885dc99728d31f","source_id":"usgs-conus-soil","unit":"mg/kg","value":null},"type":"Feature"},{"geometry":{"coordinates":[-88.0869,30.8919],"type":"Point"},"properties":{"candidate_anomaly":false,"confidence_workflow_usability_band":"medium","coordinate_basis":"canonical_wgs84","element":"Cu","medium":"soil","record_id":"rec-c0a76fe8970696c40a9b0dc8a36c018e0cccbccdc720e421d18b2c02123da5c9","source_id":"usgs-conus-soil","unit":"mg/kg","value":2.2},"type":"Feature"},{"geometry":{"coordinates":[-88.0869,30.8919],"type":"Point"},"properties":{"candidate_anomaly":false,"confidence_workflow_usability_band":"medium","coordinate_basis":"canonical_wgs84","element":"Ni","medium":"soil","record_id":"rec-266450c5e84e57816bf9e526bd2545913ce1b9c14ac4c7e65c2065c14e892e34","source_id":"usgs-conus-soil","unit":"mg/kg","value":1.9},"type":"Feature"},{"geometry":{"coordinates":[-88.0869,30.8919],"type":"Point"},"properties":{"candidate_anomaly":true,"confidence_workflow_usability_band":"medium","coordinate_basis":"canonical_wgs84","element":"Zn","medium":"soil","record_id":"rec-403d66f7d2ae827eaec5ac9fe3983715f781b39e6b2d5531ec52142dbbf43f06","source_id":"usgs-conus-soil","unit":"mg/kg","value":4.0},"type":"Feature"},{"geometry":{"coordinates":[-87.1166,31.3146],"type":"Point"},"properties":{"candidate_anomaly":false,"confidence_workflow_usability_band":"medium","coordinate_basis":"canonical_wgs84","element":"As","medium":"soil","record_id":"rec-e5db2246edcbee29d1669126fb8f344e3a970302cd33236bbe12c111e4971afd","source_id":"usgs-conus-soil","unit":"mg/kg","value":4.8},"type":"Feature"},{"geometry":{"coordinates":[-87.1166,31.3146],"type":"Point"},"properties":{"candidate_anomaly":false,"confidence_workflow_usability_band":"medium","coordinate_basis":"canonical_wgs84","element":"Cu","medium":"soil","record_id":"rec-283af9aaeb4cf40d7693aeac36c87e6b2f3360758d17f938f47cdf2572f5dfe7","source_id":"usgs-conus-soil","unit":"mg/kg","value":12.3},"type":"Feature"},{"geometry":{"coordinates":[-87.1166,31.3146],"type":"Point"},"properties":{"candidate_anomaly":false,"confidence_workflow_usability_band":"medium","coordinate_basis":"canonical_wgs84","element":"Ni","medium":"soil","record_id":"rec-04dc4388f81258a68430b20bb9a1098514fc1bbe5135016eb7a778a4c1b68faf","source_id":"usgs-conus-soil","unit":"mg/kg","value":11.4},"type":"Feature"},{"geometry":{"coordinates":[-87.1166,31.3146],"type":"Point"},"properties":{"candidate_anomaly":false,"confidence_workflow_usability_band":"medium","coordinate_basis":"canonical_wgs84","element":"Zn","medium":"soil","record_id":"rec-d7985a89dac6ff1dee8ac62a978cc059062675632ad4f22a228f8b0765c6fb02","source_id":"usgs-conus-soil","unit":"mg/kg","value":28.0},"type":"Feature"},{"geometry":{"coordinates":[-86.9041,33.8523],"type":"Point"},"properties":{"candidate_anomaly":false,"confidence_workflow_usability_band":"medium","coordinate_basis":"canonical_wgs84","element":"As","medium":"soil","record_id":"rec-a0e1803f1731b715e0c9fbd5591e97c026c8ed4438e05e35f0acec4c159059fb","source_id":"usgs-conus-soil","unit":"mg/kg","value":3.5},"type":"Feature"},{"geometry":{"coordinates":[-86.9041,33.8523],"type":"Point"},"properties":{"candidate_anomaly":false,"confidence_workflow_usability_band":"medium","coordinate_basis":"canonical_wgs84","element":"Cu","medium":"soil","record_id":"rec-950e408f20acbec1a0b640009e5d88798877357e80ac88ab2ce893d053456ede","source_id":"usgs-conus-soil","unit":"mg/kg","value":9.9},"type":"Feature"},{"geometry":{"coordinates":[-86.9041,33.8523],"type":"Point"},"properties":{"candidate_anomaly":false,"confidence_workflow_usability_band":"medium","coordinate_basis":"canonical_wgs84","element":"Ni","medium":"soil","record_id":"rec-292133a4d61bd06ace6816f14d2919d5ad5e276536ee3e301ef827d088980796","source_id":"usgs-conus-soil","unit":"mg/kg","value":10.7},"type":"Feature"},{"geometry":{"coordinates":[-86.9041,33.8523],"type":"Point"},"properties":{"candidate_anomaly":false,"confidence_workflow_usability_band":"medium","coordinate_basis":"canonical_wgs84","element":"Zn","medium":"soil","record_id":"rec-f33b8b906858d737bbaf0819b336cc1790917fa93f874deb49928d6d8ca4f562","source_id":"usgs-conus-soil","unit":"mg/kg","value":28.0},"type":"Feature"},{"geometry":{"coordinates":[-85.8788,31.2179],"type":"Point"},"properties":{"candidate_anomaly":false,"confidence_workflow_usability_band":"medium","coordinate_basis":"canonical_wgs84","element":"As","medium":"soil","record_id":"rec-1e13b25117424d0fbc405e0776b3719e217673ffe04d98cdff8e65c13eb2d363","source_id":"usgs-conus-soil","unit":"mg/kg","value":6.1},"type":"Feature"},{"geometry":{"coordinates":[-85.8788,31.2179],"type":"Point"},"properties":{"candidate_anomaly":false,"confidence_workflow_usability_band":"medium","coordinate_basis":"canonical_wgs84","element":"Cu","medium":"soil","record_id":"rec-b5b0e0b88e77b651097a11e83288f9a942222107a48dfd26d363fbb1fbdfdfbb","source_id":"usgs-conus-soil","unit":"mg/kg","value":12.7},"type":"Feature"},{"geometry":{"coordinates":[-85.8788,31.2179],"type":"Point"},"properties":{"candidate_anomaly":false,"confidence_workflow_usability_band":"medium","coordinate_basis":"canonical_wgs84","element":"Ni","medium":"soil","record_id":"rec-0bfbc38e0a9e31559df782425c6fe7d562c91649c93a5ee9978b17694d3d58b5","source_id":"usgs-conus-soil","unit":"mg/kg","value":16.7},"type":"Feature"},{"geometry":{"coordinates":[-85.8788,31.2179],"type":"Point"},"properties":{"candidate_anomaly":false,"confidence_workflow_usability_band":"medium","coordinate_basis":"canonical_wgs84","element":"Zn","medium":"soil","record_id":"rec-a2e8088b3773ea2f002209a533416b81feca30d5e725dfeb1b241732db6374b7","source_id":"usgs-conus-soil","unit":"mg/kg","value":21.0},"type":"Feature"},{"geometry":{"coordinates":[-86.9976,33.0992],"type":"Point"},"properties":{"candidate_anomaly":false,"confidence_workflow_usability_band":"medium","coordinate_basis":"canonical_wgs84","element":"As","medium":"soil","record_id":"rec-c09929fbff872f767bbc1bc8442b340f312cd527766912e37370e0d1fb1bbaa2","source_id":"usgs-conus-soil","unit":"mg/kg","value":2.7},"type":"Feature"},{"geometry":{"coordinates":[-86.9976,33.0992],"type":"Point"},"properties":{"candidate_anomaly":false,"confidence_workflow_usability_band":"medium","coordinate_basis":"canonical_wgs84","element":"Cu","medium":"soil","record_id":"rec-b8d97efb876ad5b77ddb68d08f291c4d5dd31061f78a13432ab9cc8d4009366b","source_id":"usgs-conus-soil","unit":"mg/kg","value":11.6},"type":"Feature"},{"geometry":{"coordinates":[-86.9976,33.0992],"type":"Point"},"properties":{"candidate_anomaly":false,"confidence_workflow_usability_band":"medium","coordinate_basis":"canonical_wgs84","element":"Ni","medium":"soil","record_id":"rec-a984ce0272b0301771a0392b973c736a2a067c17b269f9041da55d462ce71b56","source_id":"usgs-conus-soil","unit":"mg/kg","value":14.8},"type":"Feature"},{"geometry":{"coordinates":[-86.9976,33.0992],"type":"Point"},"properties":{"candidate_anomaly":false,"confidence_workflow_usability_band":"medium","coordinate_basis":"canonical_wgs84","element":"Zn","medium":"soil","record_id":"rec-d37dbc703c5ac1040d90764dceb8bf01becbb77d70a55c906b092a84085f4c6e","source_id":"usgs-conus-soil","unit":"mg/kg","value":43.0},"type":"Feature"},{"geometry":{"coordinates":[-87.6779,34.5501],"type":"Point"},"properties":{"candidate_anomaly":false,"confidence_workflow_usability_band":"medium","coordinate_basis":"canonical_wgs84","element":"As","medium":"soil","record_id":"rec-d84ca7b4039c7bf49d963bdf6d03c0166a281d1c3fc6ee12b484635aacc819ab","source_id":"usgs-conus-soil","unit":"mg/kg","value":7.3},"type":"Feature"},{"geometry":{"coordinates":[-87.6779,34.5501],"type":"Point"},"properties":{"candidate_anomaly":false,"confidence_workflow_usability_band":"medium","coordinate_basis":"canonical_wgs84","element":"Cu","medium":"soil","record_id":"rec-dca8d36c1947bca0ecae573a12debf15fd59350cac2016efffdc2324de0987d1","source_id":"usgs-conus-soil","unit":"mg/kg","value":15.9},"type":"Feature"},{"geometry":{"coordinates":[-87.6779,34.5501],"type":"Point"},"properties":{"candidate_anomaly":false,"confidence_workflow_usability_band":"medium","coordinate_basis":"canonical_wgs84","element":"Ni","medium":"soil","record_id":"rec-89cf0e96bde73fb5bd1e3bb45540a6b5dfd9e8d752e711600eb7b1fea219a004","source_id":"usgs-conus-soil","unit":"mg/kg","value":22.6},"type":"Feature"},{"geometry":{"coordinates":[-87.6779,34.5501],"type":"Point"},"properties":{"candidate_anomaly":false,"confidence_workflow_usability_band":"medium","coordinate_basis":"canonical_wgs84","element":"Zn","medium":"soil","record_id":"rec-9782d13776ec65dc80e83c0cc1034b56aea4bc6e51c525a266cb766f61665e27","source_id":"usgs-conus-soil","unit":"mg/kg","value":69.0},"type":"Feature"},{"geometry":{"coordinates":[-87.313,34.3577],"type":"Point"},"properties":{"candidate_anomaly":false,"confidence_workflow_usability_band":"medium","coordinate_basis":"canonical_wgs84","element":"As","medium":"soil","record_id":"rec-bd2454bea50dd997f227e3672720b8442ce73dfdc0d3e66648c51cf4ddba04f6","source_id":"usgs-conus-soil","unit":"mg/kg","value":5.0},"type":"Feature"},{"geometry":{"coordinates":[-87.313,34.3577],"type":"Point"},"properties":{"candidate_anomaly":false,"confidence_workflow_usability_band":"medium","coordinate_basis":"canonical_wgs84","element":"Cu","medium":"soil","record_id":"rec-c7c1f0e34863fe5f5bdbd79eb41b60c1c086dcb89776dbf2b5b4f80e5e23f3d6","source_id":"usgs-conus-soil","unit":"mg/kg","value":8.4},"type":"Feature"},{"geometry":{"coordinates":[-87.313,34.3577],"type":"Point"},"properties":{"candidate_anomaly":false,"confidence_workflow_usability_band":"medium","coordinate_basis":"canonical_wgs84","element":"Ni","medium":"soil","record_id":"rec-d9fc85100e632e250353fb9d31e224e4b9305a5a96ecfa50409122b159f05d29","source_id":"usgs-conus-soil","unit":"mg/kg","value":12.2},"type":"Feature"},{"geometry":{"coordinates":[-87.313,34.3577],"type":"Point"},"properties":{"candidate_anomaly":false,"confidence_workflow_usability_band":"medium","coordinate_basis":"canonical_wgs84","element":"Zn","medium":"soil","record_id":"rec-9641e32173057f2811a1a33956f6aacf57cfdfec081c624e06d9f691c98296bc","source_id":"usgs-conus-soil","unit":"mg/kg","value":31.0},"type":"Feature"},{"geometry":{"coordinates":[-85.6928,31.0634],"type":"Point"},"properties":{"candidate_anomaly":false,"confidence_workflow_usability_band":"medium","coordinate_basis":"canonical_wgs84","element":"As","medium":"soil","record_id":"rec-f23ec71fbd57b917cb6701229ee8968b07b17cbb1e8f5f0386cb099160e79c4b","source_id":"usgs-conus-soil","unit":"mg/kg","value":6.5},"type":"Feature"},{"geometry":{"coordinates":[-85.6928,31.0634],"type":"Point"},"properties":{"candidate_anomaly":false,"confidence_workflow_usability_band":"medium","coordinate_basis":"canonical_wgs84","element":"Cu","medium":"soil","record_id":"rec-d4d3d4df713b3ae0e2143986c9d9cdbe6f8318a2bf02d30b3aed554ba080f004","source_id":"usgs-conus-soil","unit":"mg/kg","value":16.0},"type":"Feature"},{"geometry":{"coordinates":[-85.6928,31.0634],"type":"Point"},"properties":{"candidate_anomaly":false,"confidence_workflow_usability_band":"medium","coordinate_basis":"canonical_wgs84","element":"Ni","medium":"soil","record_id":"rec-54429fd1d9075e3a8a257937b51efcccf389f1fe2e263509078badce50b48683","source_id":"usgs-conus-soil","unit":"mg/kg","value":20.3},"type":"Feature"},{"geometry":{"coordinates":[-85.6928,31.0634],"type":"Point"},"properties":{"candidate_anomaly":false,"confidence_workflow_usability_band":"medium","coordinate_basis":"canonical_wgs84","element":"Zn","medium":"soil","record_id":"rec-eb082f79a63f70ed42ebd05f917cad8fc66f73168f749699d7b786143ac8b3d1","source_id":"usgs-conus-soil","unit":"mg/kg","value":22.0},"type":"Feature"},{"geometry":{"coordinates":[-85.6099,34.2848],"type":"Point"},"properties":{"candidate_anomaly":false,"confidence_workflow_usability_band":"medium","coordinate_basis":"canonical_wgs84","element":"As","medium":"soil","record_id":"rec-105a8f8a0e6af935e6c712ee6cdf75998f073a9e5b4c22ddd91315fc18096d57","source_id":"usgs-conus-soil","unit":"mg/kg","value":2.8},"type":"Feature"},{"geometry":{"coordinates":[-85.6099,34.2848],"type":"Point"},"properties":{"candidate_anomaly":false,"confidence_workflow_usability_band":"medium","coordinate_basis":"canonical_wgs84","element":"Cu","medium":"soil","record_id":"rec-0d2a49efe9074719e96452f707e5dab6b76b070ae3dbec994b531bb7c69585aa","source_id":"usgs-conus-soil","unit":"mg/kg","value":8.2},"type":"Feature"},{"geometry":{"coordinates":[-85.6099,34.2848],"type":"Point"},"properties":{"candidate_anomaly":false,"confidence_workflow_usability_band":"medium","coordinate_basis":"canonical_wgs84","element":"Ni","medium":"soil","record_id":"rec-f3275f30c3da3823379296f725ed3263450e888d94c6fd7a7c7b990b9ccd89d2","source_id":"usgs-conus-soil","unit":"mg/kg","value":6.8},"type":"Feature"},{"geometry":{"coordinates":[-85.6099,34.2848],"type":"Point"},"properties":{"candidate_anomaly":false,"confidence_workflow_usability_band":"medium","coordinate_basis":"canonical_wgs84","element":"Zn","medium":"soil","record_id":"rec-e4f767b9c90149cd0ec99806e00c6944d8884e06f004e510311ead9683cac62a","source_id":"usgs-conus-soil","unit":"mg/kg","value":28.0},"type":"Feature"},{"geometry":{"coordinates":[-88.0869,30.8919],"type":"Point"},"properties":{"candidate_anomaly":false,"confidence_workflow_usability_band":"medium","coordinate_basis":"canonical_wgs84","element":"As","medium":"soil","record_id":"rec-935ac34f1da54b05b53a8da24e278a721b816ac354c67cbf9c56aa13319a894c","source_id":"usgs-conus-soil","unit":"mg/kg","value":null},"type":"Feature"},{"geometry":{"coordinates":[-88.0869,30.8919],"type":"Point"},"properties":{"candidate_anomaly":true,"confidence_workflow_usability_band":"medium","coordinate_basis":"canonical_wgs84","element":"Cu","medium":"soil","record_id":"rec-1f8d8d2ed37c7a6ea4635fbd7adbaa33a86d40133188defe0bfd04e93e52840b","source_id":"usgs-conus-soil","unit":"mg/kg","value":1.8},"type":"Feature"},{"geometry":{"coordinates":[-88.0869,30.8919],"type":"Point"},"properties":{"candidate_anomaly":true,"confidence_workflow_usability_band":"medium","coordinate_basis":"canonical_wgs84","element":"Ni","medium":"soil","record_id":"rec-842bd6c020a491d2a17a38bc20df4b53966b308cc8bfc7f49884158c4735d069","source_id":"usgs-conus-soil","unit":"mg/kg","value":2.3},"type":"Feature"},{"geometry":{"coordinates":[-88.0869,30.8919],"type":"Point"},"properties":{"candidate_anomaly":true,"confidence_workflow_usability_band":"medium","coordinate_basis":"canonical_wgs84","element":"Zn","medium":"soil","record_id":"rec-2e15d81f012cb6f543619091eae2d804830d472f1b275ac1f5f5b839e988dc21","source_id":"usgs-conus-soil","unit":"mg/kg","value":7.0},"type":"Feature"},{"geometry":{"coordinates":[33.527978,73.353977],"type":"Point"},"properties":{"candidate_anomaly":false,"confidence_workflow_usability_band":"medium","coordinate_basis":"canonical_wgs84","element":"As","medium":"sediment","record_id":"rec-f4b08381d3f51d97a8895869f6ef0a2365c6a5b5719e421c1d8da91e197ac8e3","source_id":"norway-marchem","unit":"mg/kg","value":21.7},"type":"Feature"},{"geometry":{"coordinates":[33.527978,73.353977],"type":"Point"},"properties":{"candidate_anomaly":false,"confidence_workflow_usability_band":"medium","coordinate_basis":"canonical_wgs84","element":"Cu","medium":"sediment","record_id":"rec-dccd06f7d486eba6b41c69502ada001d0499bc684f1c0d598f00630c2d521a86","source_id":"norway-marchem","unit":"mg/kg","value":15.2},"type":"Feature"},{"geometry":{"coordinates":[33.527978,73.353977],"type":"Point"},"properties":{"candidate_anomaly":false,"confidence_workflow_usability_band":"medium","coordinate_basis":"canonical_wgs84","element":"Ni","medium":"sediment","record_id":"rec-ac08ce0a086f1b60a4689e5506710012c78cbf44961fd2a537db4681d44f483f","source_id":"norway-marchem","unit":"mg/kg","value":27.4},"type":"Feature"},{"geometry":{"coordinates":[33.527978,73.353977],"type":"Point"},"properties":{"candidate_anomaly":false,"confidence_workflow_usability_band":"medium","coordinate_basis":"canonical_wgs84","element":"Zn","medium":"sediment","record_id":"rec-12932de3f77a052987367261a3292d8a1c279e68e3dbdb866027c04b0bc26833","source_id":"norway-marchem","unit":"mg/kg","value":70.4},"type":"Feature"},{"geometry":{"coordinates":[35.747727,73.046997],"type":"Point"},"properties":{"candidate_anomaly":false,"confidence_workflow_usability_band":"medium","coordinate_basis":"canonical_wgs84","element":"As","medium":"sediment","record_id":"rec-24630263c56fcc49a74fe91dad1bb3b2875a00dae4124f202b83cf84880512f7","source_id":"norway-marchem","unit":"mg/kg","value":7.1},"type":"Feature"},{"geometry":{"coordinates":[35.747727,73.046997],"type":"Point"},"properties":{"candidate_anomaly":false,"confidence_workflow_usability_band":"medium","coordinate_basis":"canonical_wgs84","element":"Cu","medium":"sediment","record_id":"rec-8ab6e8acd7570499b09ac4a8166cd63aaa3c651bb4c8085ebbb5f9dd4c9ba578","source_id":"norway-marchem","unit":"mg/kg","value":15.4},"type":"Feature"},{"geometry":{"coordinates":[35.747727,73.046997],"type":"Point"},"properties":{"candidate_anomaly":false,"confidence_workflow_usability_band":"medium","coordinate_basis":"canonical_wgs84","element":"Ni","medium":"sediment","record_id":"rec-0058596898e83bbcfea8b81ff7f6d8f7d08cfbd70b54b1477e44150b6df5c083","source_id":"norway-marchem","unit":"mg/kg","value":29.3},"type":"Feature"},{"geometry":{"coordinates":[35.747727,73.046997],"type":"Point"},"properties":{"candidate_anomaly":false,"confidence_workflow_usability_band":"medium","coordinate_basis":"canonical_wgs84","element":"Zn","medium":"sediment","record_id":"rec-8a9ecf5805136c5647a1bbb41b1eac36848ca6b8270b9b48dff1df5863ca452c","source_id":"norway-marchem","unit":"mg/kg","value":66.3},"type":"Feature"},{"geometry":{"coordinates":[36.5767,73.5998],"type":"Point"},"properties":{"candidate_anomaly":false,"confidence_workflow_usability_band":"medium","coordinate_basis":"canonical_wgs84","element":"As","medium":"sediment","record_id":"rec-6faabf1fd348a7833b78585925862f6b196b28039f188e9b42f288f5ed5255ae","source_id":"norway-marchem","unit":"mg/kg","value":29.9},"type":"Feature"},{"geometry":{"coordinates":[36.5767,73.5998],"type":"Point"},"properties":{"candidate_anomaly":false,"confidence_workflow_usability_band":"medium","coordinate_basis":"canonical_wgs84","element":"Cu","medium":"sediment","record_id":"rec-fd7f24d2b542f1b007e6b68aeb0d08e5f377717c20871dd4ad786bbb9c96fe08","source_id":"norway-marchem","unit":"mg/kg","value":13.9},"type":"Feature"},{"geometry":{"coordinates":[36.5767,73.5998],"type":"Point"},"properties":{"candidate_anomaly":false,"confidence_workflow_usability_band":"medium","coordinate_basis":"canonical_wgs84","element":"Ni","medium":"sediment","record_id":"rec-fd864853c07b21c9183bd7adb21e1d96a2395627bf3b6f55390569318b0b5d17","source_id":"norway-marchem","unit":"mg/kg","value":22.9},"type":"Feature"},{"geometry":{"coordinates":[36.5767,73.5998],"type":"Point"},"properties":{"candidate_anomaly":false,"confidence_workflow_usability_band":"medium","coordinate_basis":"canonical_wgs84","element":"Zn","medium":"sediment","record_id":"rec-79447b6cbf74fbc7f98f2a972fa7ef3f54c3bb208fbb57e5f1dae3cef04b210b","source_id":"norway-marchem","unit":"mg/kg","value":58.8},"type":"Feature"},{"geometry":{"coordinates":[6.25,65.0408],"type":"Point"},"properties":{"candidate_anomaly":false,"confidence_workflow_usability_band":"medium","coordinate_basis":"canonical_wgs84","element":"As","medium":"sediment","record_id":"rec-dda0c9fcfbd38e6b027121abb980b1b279d2dd3c7d9048d92cc6adf6e8cd2965","source_id":"norway-marchem","unit":"mg/kg","value":3.9},"type":"Feature"},{"geometry":{"coordinates":[6.25,65.0408],"type":"Point"},"properties":{"candidate_anomaly":true,"confidence_workflow_usability_band":"medium","coordinate_basis":"canonical_wgs84","element":"Cu","medium":"sediment","record_id":"rec-31c2cbe87dd5978155a033d450ad578066466b24bfb3816b15c856240d559fe9","source_id":"norway-marchem","unit":"mg/kg","value":5.7},"type":"Feature"},{"geometry":{"coordinates":[6.25,65.0408],"type":"Point"},"properties":{"candidate_anomaly":true,"confidence_workflow_usability_band":"medium","coordinate_basis":"canonical_wgs84","element":"Ni","medium":"sediment","record_id":"rec-8604fc061b27ae9d25586a6bf8a5bae0774fe4e95d9cf6ccbda65626d7064b73","source_id":"norway-marchem","unit":"mg/kg","value":12.2},"type":"Feature"},{"geometry":{"coordinates":[6.25,65.0408],"type":"Point"},"properties":{"candidate_anomaly":true,"confidence_workflow_usability_band":"medium","coordinate_basis":"canonical_wgs84","element":"Zn","medium":"sediment","record_id":"rec-ce3ab261803c4b8b828e0952272eb1b845f6d90a314fa9f38e6cf1f88b574e4d","source_id":"norway-marchem","unit":"mg/kg","value":27.6},"type":"Feature"},{"geometry":{"coordinates":[6.1622,64.4898],"type":"Point"},"properties":{"candidate_anomaly":false,"confidence_workflow_usability_band":"medium","coordinate_basis":"canonical_wgs84","element":"As","medium":"sediment","record_id":"rec-12ec5298282502a075366c69a0e74b5a45115b0fd4c42f8ebb246bda3fa4d82d","source_id":"norway-marchem","unit":"mg/kg","value":3.9},"type":"Feature"},{"geometry":{"coordinates":[6.1622,64.4898],"type":"Point"},"properties":{"candidate_anomaly":true,"confidence_workflow_usability_band":"medium","coordinate_basis":"canonical_wgs84","element":"Cu","medium":"sediment","record_id":"rec-4d1f81d9955060f051ba0f482d71bbc6efa02c950dee8423e7a6b24315e0ee81","source_id":"norway-marchem","unit":"mg/kg","value":4.9},"type":"Feature"},{"geometry":{"coordinates":[6.1622,64.4898],"type":"Point"},"properties":{"candidate_anomaly":true,"confidence_workflow_usability_band":"medium","coordinate_basis":"canonical_wgs84","element":"Ni","medium":"sediment","record_id":"rec-9438a9df8d2ddde5ee72dc082c5ae2fc8980a6267c757683a472878d8b77eb5d","source_id":"norway-marchem","unit":"mg/kg","value":11.4},"type":"Feature"},{"geometry":{"coordinates":[6.1622,64.4898],"type":"Point"},"properties":{"candidate_anomaly":true,"confidence_workflow_usability_band":"medium","coordinate_basis":"canonical_wgs84","element":"Zn","medium":"sediment","record_id":"rec-b227c47c3bfc7de8d7e86bc95d9b372c575456a4d5eb75eeb4b77272dca8874a","source_id":"norway-marchem","unit":"mg/kg","value":26.3},"type":"Feature"},{"geometry":{"coordinates":[28.5465,78.252],"type":"Point"},"properties":{"candidate_anomaly":false,"confidence_workflow_usability_band":"medium","coordinate_basis":"canonical_wgs84","element":"As","medium":"sediment","record_id":"rec-284507efab50ef52b25dc2abda346f39ed4949cf7d96dbcc3426e9bd4d553052","source_id":"norway-marchem","unit":"mg/kg","value":49.7},"type":"Feature"},{"geometry":{"coordinates":[28.5465,78.252],"type":"Point"},"properties":{"candidate_anomaly":false,"confidence_workflow_usability_band":"medium","coordinate_basis":"canonical_wgs84","element":"Cu","medium":"sediment","record_id":"rec-138eebb1d482e8322dac1042db9a0801293446a0dce64f94e9e981ebb7c6b24a","source_id":"norway-marchem","unit":"mg/kg","value":19.5},"type":"Feature"},{"geometry":{"coordinates":[28.5465,78.252],"type":"Point"},"properties":{"candidate_anomaly":false,"confidence_workflow_usability_band":"medium","coordinate_basis":"canonical_wgs84","element":"Ni","medium":"sediment","record_id":"rec-3d914598b94d37829a57498b3e37d4a950cb595f8c4335a12ead3c76ecb8af53","source_id":"norway-marchem","unit":"mg/kg","value":49.5},"type":"Feature"},{"geometry":{"coordinates":[28.5465,78.252],"type":"Point"},"properties":{"candidate_anomaly":false,"confidence_workflow_usability_band":"medium","coordinate_basis":"canonical_wgs84","element":"Zn","medium":"sediment","record_id":"rec-f6a57f54b69f9da36c8a87e2a3afc2e276a8b346674658d5afcf67830823fedf","source_id":"norway-marchem","unit":"mg/kg","value":103.0},"type":"Feature"},{"geometry":{"coordinates":[26.6947,76.032],"type":"Point"},"properties":{"candidate_anomaly":false,"confidence_workflow_usability_band":"medium","coordinate_basis":"canonical_wgs84","element":"As","medium":"sediment","record_id":"rec-f1b4d26a02d06b251a2a2c70513e9db8402966997da5258787b40da0efba2cd7","source_id":"norway-marchem","unit":"mg/kg","value":11.0},"type":"Feature"},{"geometry":{"coordinates":[26.6947,76.032],"type":"Point"},"properties":{"candidate_anomaly":false,"confidence_workflow_usability_band":"medium","coordinate_basis":"canonical_wgs84","element":"Cu","medium":"sediment","record_id":"rec-60a425d5937b4c7e17289de8e76e2866bb0aaa1ee0dc234b2a0d85b1b566f3f8","source_id":"norway-marchem","unit":"mg/kg","value":16.8},"type":"Feature"},{"geometry":{"coordinates":[26.6947,76.032],"type":"Point"},"properties":{"candidate_anomaly":false,"confidence_workflow_usability_band":"medium","coordinate_basis":"canonical_wgs84","element":"Ni","medium":"sediment","record_id":"rec-837e722976dad90e1d74ae107f7a16b7488fa2d1fec0456499a04841875f6da8","source_id":"norway-marchem","unit":"mg/kg","value":34.7},"type":"Feature"},{"geometry":{"coordinates":[26.6947,76.032],"type":"Point"},"properties":{"candidate_anomaly":false,"confidence_workflow_usability_band":"medium","coordinate_basis":"canonical_wgs84","element":"Zn","medium":"sediment","record_id":"rec-aa97b95e2ddbd836a7dee7af792dbf6f8a8554e2062cf4834b6e17eb083d270b","source_id":"norway-marchem","unit":"mg/kg","value":82.5},"type":"Feature"},{"geometry":{"coordinates":[17.7675,76.1165],"type":"Point"},"properties":{"candidate_anomaly":false,"confidence_workflow_usability_band":"medium","coordinate_basis":"canonical_wgs84","element":"As","medium":"sediment","record_id":"rec-cfb134fd119ef8675c78c2424e4dee618b3fc8dd7d55ca74cc06e6502de9248c","source_id":"norway-marchem","unit":"mg/kg","value":26.0},"type":"Feature"},{"geometry":{"coordinates":[17.7675,76.1165],"type":"Point"},"properties":{"candidate_anomaly":false,"confidence_workflow_usability_band":"medium","coordinate_basis":"canonical_wgs84","element":"Cu","medium":"sediment","record_id":"rec-11b12e69c2e88774b321a1d99e0a0f02f3194a9b04c155fe06bea5123315efc3","source_id":"norway-marchem","unit":"mg/kg","value":13.4},"type":"Feature"},{"geometry":{"coordinates":[17.7675,76.1165],"type":"Point"},"properties":{"candidate_anomaly":false,"confidence_workflow_usability_band":"medium","coordinate_basis":"canonical_wgs84","element":"Ni","medium":"sediment","record_id":"rec-e66ecbe9e857e8deec9214bd4ab90d5937407f6cb43be4a99365698a923a75bd","source_id":"norway-marchem","unit":"mg/kg","value":25.2},"type":"Feature"},{"geometry":{"coordinates":[17.7675,76.1165],"type":"Point"},"properties":{"candidate_anomaly":false,"confidence_workflow_usability_band":"medium","coordinate_basis":"canonical_wgs84","element":"Zn","medium":"sediment","record_id":"rec-eef577ca4614d33965ef79a1077c9e108994e5ec28020c96c7a38decb8da3ad0","source_id":"norway-marchem","unit":"mg/kg","value":62.3},"type":"Feature"},{"geometry":{"coordinates":[17.7675,76.1165],"type":"Point"},"properties":{"candidate_anomaly":false,"confidence_workflow_usability_band":"medium","coordinate_basis":"canonical_wgs84","element":"As","medium":"sediment","record_id":"rec-f0b7b6a7ddce9f7afebc46c98aa965d125b43d61aa074d3ce7cf2f03023b296f","source_id":"norway-marchem","unit":"mg/kg","value":9.1},"type":"Feature"},{"geometry":{"coordinates":[17.7675,76.1165],"type":"Point"},"properties":{"candidate_anomaly":true,"confidence_workflow_usability_band":"medium","coordinate_basis":"canonical_wgs84","element":"Cu","medium":"sediment","record_id":"rec-6ab236df71eae9eeb4d4cef3e2fd83f8c17c5e78bb6f10154d12b4fdf968c541","source_id":"norway-marchem","unit":"mg/kg","value":47.9},"type":"Feature"},{"geometry":{"coordinates":[17.7675,76.1165],"type":"Point"},"properties":{"candidate_anomaly":false,"confidence_workflow_usability_band":"medium","coordinate_basis":"canonical_wgs84","element":"Ni","medium":"sediment","record_id":"rec-944ff00b2b643f2ba908cdc9e79f5ddd071727279e4f6668e47ea5424ad754e2","source_id":"norway-marchem","unit":"mg/kg","value":29.7},"type":"Feature"},{"geometry":{"coordinates":[17.7675,76.1165],"type":"Point"},"properties":{"candidate_anomaly":false,"confidence_workflow_usability_band":"medium","coordinate_basis":"canonical_wgs84","element":"Zn","medium":"sediment","record_id":"rec-b00f70f00a0fd51466a5f01e056e3c4ef1c70318e1ce0167d6509391bbf6a5e9","source_id":"norway-marchem","unit":"mg/kg","value":86.0},"type":"Feature"},{"geometry":{"coordinates":[22.993245,73.954937],"type":"Point"},"properties":{"candidate_anomaly":false,"confidence_workflow_usability_band":"medium","coordinate_basis":"canonical_wgs84","element":"As","medium":"sediment","record_id":"rec-a66817d7f4581dbee7bd42532d5e4a2f6dee360b6714fc063a1ddd62f3cdc269","source_id":"norway-marchem","unit":"mg/kg","value":9.9},"type":"Feature"},{"geometry":{"coordinates":[22.993245,73.954937],"type":"Point"},"properties":{"candidate_anomaly":false,"confidence_workflow_usability_band":"medium","coordinate_basis":"canonical_wgs84","element":"Cu","medium":"sediment","record_id":"rec-88e1caec9dbb08c4e87efe4f193aaad9e48861cbe7b7433531686ea399cf773a","source_id":"norway-marchem","unit":"mg/kg","value":17.7},"type":"Feature"},{"geometry":{"coordinates":[22.993245,73.954937],"type":"Point"},"properties":{"candidate_anomaly":false,"confidence_workflow_usability_band":"medium","coordinate_basis":"canonical_wgs84","element":"Ni","medium":"sediment","record_id":"rec-ed7e15224c3b44f7da8db96115f66581c25121b148715d2492d4b38738d65ffb","source_id":"norway-marchem","unit":"mg/kg","value":34.3},"type":"Feature"},{"geometry":{"coordinates":[22.993245,73.954937],"type":"Point"},"properties":{"candidate_anomaly":false,"confidence_workflow_usability_band":"medium","coordinate_basis":"canonical_wgs84","element":"Zn","medium":"sediment","record_id":"rec-bd1abbd3b382bb630a370d59e1f3e36c156f1b44f78f55d935641efa820ea94f","source_id":"norway-marchem","unit":"mg/kg","value":85.1},"type":"Feature"},{"geometry":{"coordinates":[33.7757,73.9687],"type":"Point"},"properties":{"candidate_anomaly":false,"confidence_workflow_usability_band":"medium","coordinate_basis":"canonical_wgs84","element":"As","medium":"sediment","record_id":"rec-df1ee43a1eddae35b46927c1d80649b722eb33ad3d01581fe42bc5941c78a771","source_id":"norway-marchem","unit":"mg/kg","value":22.3},"type":"Feature"},{"geometry":{"coordinates":[33.7757,73.9687],"type":"Point"},"properties":{"candidate_anomaly":false,"confidence_workflow_usability_band":"medium","coordinate_basis":"canonical_wgs84","element":"Cu","medium":"sediment","record_id":"rec-61bf5621f3a8c5914b9e607619c3c2e6925ee395993d13251feca194afbb6c33","source_id":"norway-marchem","unit":"mg/kg","value":15.7},"type":"Feature"},{"geometry":{"coordinates":[33.7757,73.9687],"type":"Point"},"properties":{"candidate_anomaly":false,"confidence_workflow_usability_band":"medium","coordinate_basis":"canonical_wgs84","element":"Ni","medium":"sediment","record_id":"rec-d1cf40788929217f6b06209a00638c0f4ea5a928bb6fce01f1230d36d9058d4b","source_id":"norway-marchem","unit":"mg/kg","value":29.5},"type":"Feature"},{"geometry":{"coordinates":[33.7757,73.9687],"type":"Point"},"properties":{"candidate_anomaly":false,"confidence_workflow_usability_band":"medium","coordinate_basis":"canonical_wgs84","element":"Zn","medium":"sediment","record_id":"rec-0d2d1865e48e01ecc6e6a61d7ed4768490e634485d94de6a776a25a27a38706f","source_id":"norway-marchem","unit":"mg/kg","value":75.5},"type":"Feature"},{"geometry":{"coordinates":[18.567573,74.78769],"type":"Point"},"properties":{"candidate_anomaly":false,"confidence_workflow_usability_band":"medium","coordinate_basis":"canonical_wgs84","element":"As","medium":"sediment","record_id":"rec-e02a0b26047f5dfe8bc8d468f0a87e1bf1fa6327297108902c062be84a2b9a80","source_id":"norway-marchem","unit":"mg/kg","value":16.1},"type":"Feature"},{"geometry":{"coordinates":[18.567573,74.78769],"type":"Point"},"properties":{"candidate_anomaly":false,"confidence_workflow_usability_band":"medium","coordinate_basis":"canonical_wgs84","element":"Cu","medium":"sediment","record_id":"rec-d09e1f5f3b1dd447d1beffedc55efa89c0a86beecac134d7055460e4f7c3b549","source_id":"norway-marchem","unit":"mg/kg","value":11.1},"type":"Feature"},{"geometry":{"coordinates":[18.567573,74.78769],"type":"Point"},"properties":{"candidate_anomaly":false,"confidence_workflow_usability_band":"medium","coordinate_basis":"canonical_wgs84","element":"Ni","medium":"sediment","record_id":"rec-19bd8bf67804c8aac58640ff4845da34d89645c9b1e26bd415be9bcfc07212c7","source_id":"norway-marchem","unit":"mg/kg","value":18.9},"type":"Feature"},{"geometry":{"coordinates":[18.567573,74.78769],"type":"Point"},"properties":{"candidate_anomaly":false,"confidence_workflow_usability_band":"medium","coordinate_basis":"canonical_wgs84","element":"Zn","medium":"sediment","record_id":"rec-aee0950f8245b4a6b597f10b7243415612e4b45287ae44c7dce57121d87a6d8c","source_id":"norway-marchem","unit":"mg/kg","value":43.2},"type":"Feature"},{"geometry":{"coordinates":[7.571268,63.884697],"type":"Point"},"properties":{"candidate_anomaly":false,"confidence_workflow_usability_band":"medium","coordinate_basis":"canonical_wgs84","element":"As","medium":"sediment","record_id":"rec-b084c656b60f6d6e9a75e8b070f4e4aff21be5760d8d08213f7da000457fd632","source_id":"norway-marchem","unit":"mg/kg","value":2.7},"type":"Feature"},{"geometry":{"coordinates":[7.571268,63.884697],"type":"Point"},"properties":{"candidate_anomaly":false,"confidence_workflow_usability_band":"medium","coordinate_basis":"canonical_wgs84","element":"Cu","medium":"sediment","record_id":"rec-1efe6d0c83d2d97ad7fd0d55ebbe6895c6711531d69c3bbae544069b9e67ef42","source_id":"norway-marchem","unit":"mg/kg","value":4.7},"type":"Feature"},{"geometry":{"coordinates":[7.571268,63.884697],"type":"Point"},"properties":{"candidate_anomaly":false,"confidence_workflow_usability_band":"medium","coordinate_basis":"canonical_wgs84","element":"Ni","medium":"sediment","record_id":"rec-053adae60c89dacbcedf934151aa5970075bfc069313487e0f8fbf0b68fdd273","source_id":"norway-marchem","unit":"mg/kg","value":10.6},"type":"Feature"},{"geometry":{"coordinates":[7.571268,63.884697],"type":"Point"},"properties":{"candidate_anomaly":false,"confidence_workflow_usability_band":"medium","coordinate_basis":"canonical_wgs84","element":"Zn","medium":"sediment","record_id":"rec-9e069c652708e7f9bef49b59d200286e975c257c141b60332cebe6e87218f488","source_id":"norway-marchem","unit":"mg/kg","value":21.9},"type":"Feature"},{"geometry":{"coordinates":[7.355115,64.195273],"type":"Point"},"properties":{"candidate_anomaly":true,"confidence_workflow_usability_band":"medium","coordinate_basis":"canonical_wgs84","element":"As","medium":"sediment","record_id":"rec-48a0083ddb6cceb4b17682861a2f04ae844d19506c7c5594326f23e53f218097","source_id":"norway-marchem","unit":"mg/kg","value":2.0},"type":"Feature"},{"geometry":{"coordinates":[7.355115,64.195273],"type":"Point"},"properties":{"candidate_anomaly":false,"confidence_workflow_usability_band":"medium","coordinate_basis":"canonical_wgs84","element":"Cu","medium":"sediment","record_id":"rec-7b1abbc103524772135e8ec60609c6f3ee0668e26a626899d511cf38d46f35c2","source_id":"norway-marchem","unit":"mg/kg","value":9.4},"type":"Feature"},{"geometry":{"coordinates":[7.355115,64.195273],"type":"Point"},"properties":{"candidate_anomaly":false,"confidence_workflow_usability_band":"medium","coordinate_basis":"canonical_wgs84","element":"Ni","medium":"sediment","record_id":"rec-aaa9f3108922266cfa26ba106dd447012eeb64d9aeb2f208ee1fe3ceaf9fda9c","source_id":"norway-marchem","unit":"mg/kg","value":19.3},"type":"Feature"},{"geometry":{"coordinates":[7.355115,64.195273],"type":"Point"},"properties":{"candidate_anomaly":false,"confidence_workflow_usability_band":"medium","coordinate_basis":"canonical_wgs84","element":"Zn","medium":"sediment","record_id":"rec-3a558f426e83194e733ff6301b65352f487e29eec54c562f73f812661b4731d3","source_id":"norway-marchem","unit":"mg/kg","value":38.2},"type":"Feature"},{"geometry":{"coordinates":[8.220127,64.713538],"type":"Point"},"properties":{"candidate_anomaly":false,"confidence_workflow_usability_band":"medium","coordinate_basis":"canonical_wgs84","element":"As","medium":"sediment","record_id":"rec-65fd5cafdba1ddaf8d4946fb095575bfeaddfa42c47c77bdb9e2a42935353029","source_id":"norway-marchem","unit":"mg/kg","value":null},"type":"Feature"},{"geometry":{"coordinates":[8.220127,64.713538],"type":"Point"},"properties":{"candidate_anomaly":false,"confidence_workflow_usability_band":"medium","coordinate_basis":"canonical_wgs84","element":"Cu","medium":"sediment","record_id":"rec-4f4b4e189a45ecf5ae95c5dd7cf4c1287f2fd0594a48fe16977b6220195c08aa","source_id":"norway-marchem","unit":"mg/kg","value":8.9},"type":"Feature"},{"geometry":{"coordinates":[8.220127,64.713538],"type":"Point"},"properties":{"candidate_anomaly":false,"confidence_workflow_usability_band":"medium","coordinate_basis":"canonical_wgs84","element":"Ni","medium":"sediment","record_id":"rec-7b0277a8dc9069ef63919f305628aa047be1fbb75fbbd25719df96ea74784a8c","source_id":"norway-marchem","unit":"mg/kg","value":21.1},"type":"Feature"},{"geometry":{"coordinates":[8.220127,64.713538],"type":"Point"},"properties":{"candidate_anomaly":false,"confidence_workflow_usability_band":"medium","coordinate_basis":"canonical_wgs84","element":"Zn","medium":"sediment","record_id":"rec-3aa0f16b264a543223eae552b4b3e9ca927bc81629f9d39672b15d25a1ad3315","source_id":"norway-marchem","unit":"mg/kg","value":42.0},"type":"Feature"},{"geometry":{"coordinates":[5.759125,61.136023],"type":"Point"},"properties":{"candidate_anomaly":false,"confidence_workflow_usability_band":"medium","coordinate_basis":"canonical_wgs84","element":"As","medium":"sediment","record_id":"rec-46c105cf67c76541c4211246fc7a808c89b9a0349c128f18e6b1b878decd760d","source_id":"norway-marchem","unit":"mg/kg","value":16.8},"type":"Feature"},{"geometry":{"coordinates":[5.759125,61.136023],"type":"Point"},"properties":{"candidate_anomaly":false,"confidence_workflow_usability_band":"medium","coordinate_basis":"canonical_wgs84","element":"Cu","medium":"sediment","record_id":"rec-d0f25e63fa59a55e7f1c39119c040507c7c53cd540438b5b11196102740673d6","source_id":"norway-marchem","unit":"mg/kg","value":42.9},"type":"Feature"},{"geometry":{"coordinates":[5.759125,61.136023],"type":"Point"},"properties":{"candidate_anomaly":false,"confidence_workflow_usability_band":"medium","coordinate_basis":"canonical_wgs84","element":"Ni","medium":"sediment","record_id":"rec-8e9601022630b2a226d1b01fd8596565803dfd899ca39183e274d7a9751da5cc","source_id":"norway-marchem","unit":"mg/kg","value":49.3},"type":"Feature"},{"geometry":{"coordinates":[5.759125,61.136023],"type":"Point"},"properties":{"candidate_anomaly":false,"confidence_workflow_usability_band":"medium","coordinate_basis":"canonical_wgs84","element":"Zn","medium":"sediment","record_id":"rec-a80dd9ccdf00fefccdde79c7a2913c4973c37de939657e58e30de64119f4c799","source_id":"norway-marchem","unit":"mg/kg","value":146.0},"type":"Feature"},{"geometry":{"coordinates":[5.759125,61.136023],"type":"Point"},"properties":{"candidate_anomaly":false,"confidence_workflow_usability_band":"medium","coordinate_basis":"canonical_wgs84","element":"As","medium":"sediment","record_id":"rec-b080ff5b0dc6a1862084bd77f6f47cd5c12c10ac4eddc0f5ebcf27c388cbf348","source_id":"norway-marchem","unit":"mg/kg","value":13.2},"type":"Feature"},{"geometry":{"coordinates":[5.759125,61.136023],"type":"Point"},"properties":{"candidate_anomaly":false,"confidence_workflow_usability_band":"medium","coordinate_basis":"canonical_wgs84","element":"Cu","medium":"sediment","record_id":"rec-274a4f329c5e7b8d44e301b0724818da646c5d5e1829e7f4dce92279b33a1507","source_id":"norway-marchem","unit":"mg/kg","value":44.0},"type":"Feature"},{"geometry":{"coordinates":[5.759125,61.136023],"type":"Point"},"properties":{"candidate_anomaly":false,"confidence_workflow_usability_band":"medium","coordinate_basis":"canonical_wgs84","element":"Ni","medium":"sediment","record_id":"rec-cd9c123ae70da11446385e8863e3a81281cb7d67d36fe700520a94d9dd362c87","source_id":"norway-marchem","unit":"mg/kg","value":49.8},"type":"Feature"},{"geometry":{"coordinates":[5.759125,61.136023],"type":"Point"},"properties":{"candidate_anomaly":false,"confidence_workflow_usability_band":"medium","coordinate_basis":"canonical_wgs84","element":"Zn","medium":"sediment","record_id":"rec-a30840ab17cd9801a6d62a5818f13f2fb472eed49b0bfd400a000fefa7b2db55","source_id":"norway-marchem","unit":"mg/kg","value":154.0},"type":"Feature"},{"geometry":{"coordinates":[9.819355,64.59255],"type":"Point"},"properties":{"candidate_anomaly":false,"confidence_workflow_usability_band":"medium","coordinate_basis":"canonical_wgs84","element":"As","medium":"sediment","record_id":"rec-14d37839bc0a3e34bcfb3e40d1b791a4ba7df158547d7dd622160658e822343f","source_id":"norway-marchem","unit":"mg/kg","value":5.2},"type":"Feature"},{"geometry":{"coordinates":[9.819355,64.59255],"type":"Point"},"properties":{"candidate_anomaly":false,"confidence_workflow_usability_band":"medium","coordinate_basis":"canonical_wgs84","element":"Cu","medium":"sediment","record_id":"rec-08ea2f02831bd4a0e3799fe53dde27a6927887d437f21d2230002ece863ffe56","source_id":"norway-marchem","unit":"mg/kg","value":10.8},"type":"Feature"},{"geometry":{"coordinates":[9.819355,64.59255],"type":"Point"},"properties":{"candidate_anomaly":false,"confidence_workflow_usability_band":"medium","coordinate_basis":"canonical_wgs84","element":"Ni","medium":"sediment","record_id":"rec-f15d71e495417f950c0baa7b222427da9e0cb22f687531be04c1e4668e138f93","source_id":"norway-marchem","unit":"mg/kg","value":21.8},"type":"Feature"},{"geometry":{"coordinates":[9.819355,64.59255],"type":"Point"},"properties":{"candidate_anomaly":false,"confidence_workflow_usability_band":"medium","coordinate_basis":"canonical_wgs84","element":"Zn","medium":"sediment","record_id":"rec-0b390cd82d9f6a7742446ed372abda4574f3e582049a98e40cd4e5667c93096b","source_id":"norway-marchem","unit":"mg/kg","value":46.2},"type":"Feature"},{"geometry":{"coordinates":[4.275607,59.551741],"type":"Point"},"properties":{"candidate_anomaly":false,"confidence_workflow_usability_band":"medium","coordinate_basis":"canonical_wgs84","element":"As","medium":"sediment","record_id":"rec-a7235280ab618a4e2e58fb8ffebb9166221d25d632040fab772cbb88496cbb25","source_id":"norway-marchem","unit":"mg/kg","value":17.8},"type":"Feature"},{"geometry":{"coordinates":[4.275607,59.551741],"type":"Point"},"properties":{"candidate_anomaly":false,"confidence_workflow_usability_band":"medium","coordinate_basis":"canonical_wgs84","element":"Cu","medium":"sediment","record_id":"rec-8be62c5a14e9df91763f5c6ccc491ecd22f2e9b48e15acca23413713f442d039","source_id":"norway-marchem","unit":"mg/kg","value":12.5},"type":"Feature"},{"geometry":{"coordinates":[4.275607,59.551741],"type":"Point"},"properties":{"candidate_anomaly":false,"confidence_workflow_usability_band":"medium","coordinate_basis":"canonical_wgs84","element":"Ni","medium":"sediment","record_id":"rec-93acf084c108b4b91fd53214785142f155f40a917c9d1538e5c2261d62f519d3","source_id":"norway-marchem","unit":"mg/kg","value":26.4},"type":"Feature"},{"geometry":{"coordinates":[4.275607,59.551741],"type":"Point"},"properties":{"candidate_anomaly":false,"confidence_workflow_usability_band":"medium","coordinate_basis":"canonical_wgs84","element":"Zn","medium":"sediment","record_id":"rec-693b533bd06d16cd61273b0f68ee17327a45e5521b92a5b46bc4e80dc49b0a19","source_id":"norway-marchem","unit":"mg/kg","value":64.6},"type":"Feature"},{"geometry":{"coordinates":[10.247057,58.81288],"type":"Point"},"properties":{"candidate_anomaly":false,"confidence_workflow_usability_band":"medium","coordinate_basis":"canonical_wgs84","element":"As","medium":"sediment","record_id":"rec-48b24fe07592f4f2f44970eaeda2bba3b5510fcfa75b0dcfc9312e94fe7f9d73","source_id":"norway-marchem","unit":"mg/kg","value":17.2},"type":"Feature"},{"geometry":{"coordinates":[10.247057,58.81288],"type":"Point"},"properties":{"candidate_anomaly":false,"confidence_workflow_usability_band":"medium","coordinate_basis":"canonical_wgs84","element":"Cu","medium":"sediment","record_id":"rec-1e42b27718c1cb2b3d9bccdea0881e3efb42a51774a43c9523f33d60160a9bab","source_id":"norway-marchem","unit":"mg/kg","value":17.5},"type":"Feature"},{"geometry":{"coordinates":[10.247057,58.81288],"type":"Point"},"properties":{"candidate_anomaly":false,"confidence_workflow_usability_band":"medium","coordinate_basis":"canonical_wgs84","element":"Ni","medium":"sediment","record_id":"rec-907dd8787e21f3b6d5e446fb10ec42cb24361ee572189cdb11feda9f9b1983cf","source_id":"norway-marchem","unit":"mg/kg","value":29.7},"type":"Feature"},{"geometry":{"coordinates":[10.247057,58.81288],"type":"Point"},"properties":{"candidate_anomaly":false,"confidence_workflow_usability_band":"medium","coordinate_basis":"canonical_wgs84","element":"Zn","medium":"sediment","record_id":"rec-f4896b29ab24a8c08f2671f4a2741f9a31faa9eca8008efae049f93f51c4e4c5","source_id":"norway-marchem","unit":"mg/kg","value":87.8},"type":"Feature"},{"geometry":{"coordinates":[26.953759,81.409639],"type":"Point"},"properties":{"candidate_anomaly":false,"confidence_workflow_usability_band":"medium","coordinate_basis":"canonical_wgs84","element":"As","medium":"sediment","record_id":"rec-72643be7412f76a58da26790b487542b18248685edaf456b2200d2d61d51d14d","source_id":"norway-marchem","unit":"mg/kg","value":43.5},"type":"Feature"},{"geometry":{"coordinates":[26.953759,81.409639],"type":"Point"},"properties":{"candidate_anomaly":false,"confidence_workflow_usability_band":"medium","coordinate_basis":"canonical_wgs84","element":"Cu","medium":"sediment","record_id":"rec-eb5a8dab3dcd84906ef0f999eb940ea855156cf4be15d1be8606c2bc5671d1c3","source_id":"norway-marchem","unit":"mg/kg","value":24.3},"type":"Feature"},{"geometry":{"coordinates":[26.953759,81.409639],"type":"Point"},"properties":{"candidate_anomaly":false,"confidence_workflow_usability_band":"medium","coordinate_basis":"canonical_wgs84","element":"Ni","medium":"sediment","record_id":"rec-7806463a5f958e7822e344ffe95cc6136cfc5d2d872a522d5f7c36e4d20b96a6","source_id":"norway-marchem","unit":"mg/kg","value":55.4},"type":"Feature"},{"geometry":{"coordinates":[26.953759,81.409639],"type":"Point"},"properties":{"candidate_anomaly":false,"confidence_workflow_usability_band":"medium","coordinate_basis":"canonical_wgs84","element":"Zn","medium":"sediment","record_id":"rec-d98bb4c0363eed4127e11e8278af4da34b3b4153bc96030695b9a0b6db488ee1","source_id":"norway-marchem","unit":"mg/kg","value":83.5},"type":"Feature"},{"geometry":{"coordinates":[26.953759,81.409639],"type":"Point"},"properties":{"candidate_anomaly":true,"confidence_workflow_usability_band":"medium","coordinate_basis":"canonical_wgs84","element":"As","medium":"sediment","record_id":"rec-d0e29f1f3803d46ee78b7042982051de5eaea408e8955dac107269a25fd90f4c","source_id":"norway-marchem","unit":"mg/kg","value":147.0},"type":"Feature"},{"geometry":{"coordinates":[26.953759,81.409639],"type":"Point"},"properties":{"candidate_anomaly":false,"confidence_workflow_usability_band":"medium","coordinate_basis":"canonical_wgs84","element":"Cu","medium":"sediment","record_id":"rec-028f50d3b21b4c4e60e3273b097f3f1945623e9b5137b3580ef0eaa0edc60767","source_id":"norway-marchem","unit":"mg/kg","value":25.5},"type":"Feature"},{"geometry":{"coordinates":[26.953759,81.409639],"type":"Point"},"properties":{"candidate_anomaly":false,"confidence_workflow_usability_band":"medium","coordinate_basis":"canonical_wgs84","element":"Ni","medium":"sediment","record_id":"rec-aa57221c658a332e6fd9865d77d3a6cde2d31da0b782ea56eff259e9da659ed1","source_id":"norway-marchem","unit":"mg/kg","value":43.9},"type":"Feature"},{"geometry":{"coordinates":[26.953759,81.409639],"type":"Point"},"properties":{"candidate_anomaly":false,"confidence_workflow_usability_band":"medium","coordinate_basis":"canonical_wgs84","element":"Zn","medium":"sediment","record_id":"rec-de0ee93028cd1683039d0b1871a71a36873971290311429b02c42249985e6c3c","source_id":"norway-marchem","unit":"mg/kg","value":80.0},"type":"Feature"},{"geometry":{"coordinates":[4.930292,59.576102],"type":"Point"},"properties":{"candidate_anomaly":false,"confidence_workflow_usability_band":"medium","coordinate_basis":"canonical_wgs84","element":"As","medium":"sediment","record_id":"rec-a847a37b1c90f97956d7fab8ed75465bb1b58ed9a219780ac16848c566bc5757","source_id":"norway-marchem","unit":"mg/kg","value":10.9},"type":"Feature"},{"geometry":{"coordinates":[4.930292,59.576102],"type":"Point"},"properties":{"candidate_anomaly":false,"confidence_workflow_usability_band":"medium","coordinate_basis":"canonical_wgs84","element":"Cu","medium":"sediment","record_id":"rec-99fc9b078d1a159c2e492f4863c401fedc86e980a9369e614958165c18765810","source_id":"norway-marchem","unit":"mg/kg","value":13.1},"type":"Feature"},{"geometry":{"coordinates":[4.930292,59.576102],"type":"Point"},"properties":{"candidate_anomaly":false,"confidence_workflow_usability_band":"medium","coordinate_basis":"canonical_wgs84","element":"Ni","medium":"sediment","record_id":"rec-00b1810cb0d76ac56b3ad6084f6c3dfb4f6ca38d9a6df73e6f02da4bb17ed0e7","source_id":"norway-marchem","unit":"mg/kg","value":25.7},"type":"Feature"},{"geometry":{"coordinates":[4.930292,59.576102],"type":"Point"},"properties":{"candidate_anomaly":false,"confidence_workflow_usability_band":"medium","coordinate_basis":"canonical_wgs84","element":"Zn","medium":"sediment","record_id":"rec-9ed380208718fa3ef24ada2c8920b3456894a05b1616c8748288b658934fefb7","source_id":"norway-marchem","unit":"mg/kg","value":69.4},"type":"Feature"},{"geometry":{"coordinates":[5.198095,56.732085],"type":"Point"},"properties":{"candidate_anomaly":false,"confidence_workflow_usability_band":"medium","coordinate_basis":"canonical_wgs84","element":"As","medium":"sediment","record_id":"rec-132ee9c50577d7fb1cb8be05355a490731900a7881eee6cacfd9190d709cfe25","source_id":"norway-marchem","unit":"mg/kg","value":24.4},"type":"Feature"},{"geometry":{"coordinates":[5.198095,56.732085],"type":"Point"},"properties":{"candidate_anomaly":false,"confidence_workflow_usability_band":"medium","coordinate_basis":"canonical_wgs84","element":"Cu","medium":"sediment","record_id":"rec-7db8cf8baf623ec661ab76a2a1b4ca53e6a1e53ba1287da11388ce9eae6f3c24","source_id":"norway-marchem","unit":"mg/kg","value":11.7},"type":"Feature"},{"geometry":{"coordinates":[5.198095,56.732085],"type":"Point"},"properties":{"candidate_anomaly":false,"confidence_workflow_usability_band":"medium","coordinate_basis":"canonical_wgs84","element":"Ni","medium":"sediment","record_id":"rec-31616c6d06c177e97b6909c770cccde2fb2d75828d6a72072fd44d9e9039c43c","source_id":"norway-marchem","unit":"mg/kg","value":25.6},"type":"Feature"},{"geometry":{"coordinates":[5.198095,56.732085],"type":"Point"},"properties":{"candidate_anomaly":false,"confidence_workflow_usability_band":"medium","coordinate_basis":"canonical_wgs84","element":"Zn","medium":"sediment","record_id":"rec-d6b0f90a0de6fc2c6ff6035e7042fd592d8ff92b3e8aa6845254e43227c767b9","source_id":"norway-marchem","unit":"mg/kg","value":68.4},"type":"Feature"},{"geometry":{"coordinates":[4.244871,59.364231],"type":"Point"},"properties":{"candidate_anomaly":false,"confidence_workflow_usability_band":"medium","coordinate_basis":"canonical_wgs84","element":"As","medium":"sediment","record_id":"rec-4b8294b1544ea4e0716e4c9c4bfa247d58ce226b72abf4563f87a3db8bc7cda0","source_id":"norway-marchem","unit":"mg/kg","value":18.1},"type":"Feature"},{"geometry":{"coordinates":[4.244871,59.364231],"type":"Point"},"properties":{"candidate_anomaly":false,"confidence_workflow_usability_band":"medium","coordinate_basis":"canonical_wgs84","element":"Cu","medium":"sediment","record_id":"rec-3f79707b88e4ecf9802c5c3804a1c354a85fb5402f2162277a7e101301671838","source_id":"norway-marchem","unit":"mg/kg","value":14.6},"type":"Feature"},{"geometry":{"coordinates":[4.244871,59.364231],"type":"Point"},"properties":{"candidate_anomaly":false,"confidence_workflow_usability_band":"medium","coordinate_basis":"canonical_wgs84","element":"Ni","medium":"sediment","record_id":"rec-8421983de9353fd3261bbd5baaf9944bb2d8f4dd6f3a916809df65b6696b36ab","source_id":"norway-marchem","unit":"mg/kg","value":29.5},"type":"Feature"},{"geometry":{"coordinates":[4.244871,59.364231],"type":"Point"},"properties":{"candidate_anomaly":false,"confidence_workflow_usability_band":"medium","coordinate_basis":"canonical_wgs84","element":"Zn","medium":"sediment","record_id":"rec-21c3b92f928b09c15594db40fc6b3fe48b58033107863e716bc71065f3790e4c","source_id":"norway-marchem","unit":"mg/kg","value":74.3},"type":"Feature"},{"geometry":{"coordinates":[4.529466,57.141142],"type":"Point"},"properties":{"candidate_anomaly":false,"confidence_workflow_usability_band":"medium","coordinate_basis":"canonical_wgs84","element":"As","medium":"sediment","record_id":"rec-905697a776222545b74abb0aabbe10b3e86b77cf7e53d630dd8c12c63a016be1","source_id":"norway-marchem","unit":"mg/kg","value":null},"type":"Feature"},{"geometry":{"coordinates":[4.529466,57.141142],"type":"Point"},"properties":{"candidate_anomaly":false,"confidence_workflow_usability_band":"medium","coordinate_basis":"canonical_wgs84","element":"Cu","medium":"sediment","record_id":"rec-431e31198cbd44c4a8863a6c38060425fd58aa82e879f7f5859d562bd334952d","source_id":"norway-marchem","unit":"mg/kg","value":null},"type":"Feature"},{"geometry":{"coordinates":[4.529466,57.141142],"type":"Point"},"properties":{"candidate_anomaly":true,"confidence_workflow_usability_band":"medium","coordinate_basis":"canonical_wgs84","element":"Ni","medium":"sediment","record_id":"rec-4aa202c7c8f607e2e6b7a94aca0e11658b629f33602e86b4312676d5001dd566","source_id":"norway-marchem","unit":"mg/kg","value":1.1},"type":"Feature"},{"geometry":{"coordinates":[4.529466,57.141142],"type":"Point"},"properties":{"candidate_anomaly":false,"confidence_workflow_usability_band":"medium","coordinate_basis":"canonical_wgs84","element":"Zn","medium":"sediment","record_id":"rec-b7b8becca1c0044f302f0a27dd7ad93bc3a661d32b7f2ebce0ee0d92e9d92787","source_id":"norway-marchem","unit":"mg/kg","value":null},"type":"Feature"},{"geometry":{"coordinates":[4.529466,57.141142],"type":"Point"},"properties":{"candidate_anomaly":false,"confidence_workflow_usability_band":"medium","coordinate_basis":"canonical_wgs84","element":"As","medium":"sediment","record_id":"rec-d80d469b69dfcd499ee744655f9a4dd428911c13fe0cb3609a45838d939141ce","source_id":"norway-marchem","unit":"mg/kg","value":null},"type":"Feature"},{"geometry":{"coordinates":[4.529466,57.141142],"type":"Point"},"properties":{"candidate_anomaly":false,"confidence_workflow_usability_band":"medium","coordinate_basis":"canonical_wgs84","element":"Cu","medium":"sediment","record_id":"rec-0817210fb1419c4c39557a43603a962696d8fac23990d50966923f27fec8d4d1","source_id":"norway-marchem","unit":"mg/kg","value":null},"type":"Feature"},{"geometry":{"coordinates":[4.529466,57.141142],"type":"Point"},"properties":{"candidate_anomaly":false,"confidence_workflow_usability_band":"medium","coordinate_basis":"canonical_wgs84","element":"Ni","medium":"sediment","record_id":"rec-0e03dfea8226c944590776d6a003209feb2f1e1f14e1c1e8c6932a33d13e1ee1","source_id":"norway-marchem","unit":"mg/kg","value":null},"type":"Feature"},{"geometry":{"coordinates":[4.529466,57.141142],"type":"Point"},"properties":{"candidate_anomaly":false,"confidence_workflow_usability_band":"medium","coordinate_basis":"canonical_wgs84","element":"Zn","medium":"sediment","record_id":"rec-eda29bf76edb5f9e2aa9b262c0312480d07d2e0e71a3f12225574d1c68a2695d","source_id":"norway-marchem","unit":"mg/kg","value":null},"type":"Feature"},{"geometry":{"coordinates":[29.145813,79.62988],"type":"Point"},"properties":{"candidate_anomaly":false,"confidence_workflow_usability_band":"medium","coordinate_basis":"canonical_wgs84","element":"As","medium":"sediment","record_id":"rec-49d55d053dd40239861d3721c9c4c618b230650f2abee4c5839557d4c8779cd2","source_id":"norway-marchem","unit":"mg/kg","value":10.7},"type":"Feature"},{"geometry":{"coordinates":[29.145813,79.62988],"type":"Point"},"properties":{"candidate_anomaly":false,"confidence_workflow_usability_band":"medium","coordinate_basis":"canonical_wgs84","element":"Cu","medium":"sediment","record_id":"rec-2792c76d2c9232ef9f070629123f0bfc1b5df6d82296e505743906c2fe9b5e57","source_id":"norway-marchem","unit":"mg/kg","value":23.8},"type":"Feature"},{"geometry":{"coordinates":[29.145813,79.62988],"type":"Point"},"properties":{"candidate_anomaly":false,"confidence_workflow_usability_band":"medium","coordinate_basis":"canonical_wgs84","element":"Ni","medium":"sediment","record_id":"rec-5b15e2be44e8012ec96d1bdd04538b2b397776fe2ca842f258fc884ba4b270e7","source_id":"norway-marchem","unit":"mg/kg","value":44.5},"type":"Feature"},{"geometry":{"coordinates":[29.145813,79.62988],"type":"Point"},"properties":{"candidate_anomaly":false,"confidence_workflow_usability_band":"medium","coordinate_basis":"canonical_wgs84","element":"Zn","medium":"sediment","record_id":"rec-2d1f984d90d977e64bcbb78c2e649cc8a1cbf11dd5b1aa754237bc9347d5e715","source_id":"norway-marchem","unit":"mg/kg","value":105.0},"type":"Feature"},{"geometry":{"coordinates":[-13.887604,41.3829],"type":"Point"},"properties":{"candidate_anomaly":false,"confidence_workflow_usability_band":"medium","coordinate_basis":"canonical_wgs84","element":"Ni","medium":"water","record_id":"rec-42ced7d671e1b008dd14ef34a1c4d323e8ab53ef2dc6765ff8d6d64b767013a6","source_id":"geotraces-idp2025","unit":"nmol/kg","value":2.144948},"type":"Feature"},{"geometry":{"coordinates":[-13.887604,41.3829],"type":"Point"},"properties":{"candidate_anomaly":false,"confidence_workflow_usability_band":"medium","coordinate_basis":"canonical_wgs84","element":"Zn","medium":"water","record_id":"rec-f3546151aba79c60b52c485d96b047a3a4da13f191dc6f6eb187dc4b42cd172a","source_id":"geotraces-idp2025","unit":"nmol/kg","value":0.074824},"type":"Feature"},{"geometry":{"coordinates":[-13.887604,41.3829],"type":"Point"},"properties":{"candidate_anomaly":false,"confidence_workflow_usability_band":"medium","coordinate_basis":"canonical_wgs84","element":"Ni","medium":"water","record_id":"rec-45b11e981edba1076a3dd24d34e7080b136e84ca700e48a4a6450db0a3c145b9","source_id":"geotraces-idp2025","unit":"nmol/kg","value":2.450863},"type":"Feature"},{"geometry":{"coordinates":[-13.887604,41.3829],"type":"Point"},"properties":{"candidate_anomaly":false,"confidence_workflow_usability_band":"medium","coordinate_basis":"canonical_wgs84","element":"Zn","medium":"water","record_id":"rec-f6238625cc9e957ee0adc8ee870fbc83f687647341325b52624d5ddf561d8854","source_id":"geotraces-idp2025","unit":"nmol/kg","value":0.35851},"type":"Feature"},{"geometry":{"coordinates":[-13.887604,41.3829],"type":"Point"},"properties":{"candidate_anomaly":false,"confidence_workflow_usability_band":"medium","coordinate_basis":"canonical_wgs84","element":"Ni","medium":"water","record_id":"rec-c48ea0c35398ec6e58a223c960360cf7fc47146fdf67877c15519e93e55e8c50","source_id":"geotraces-idp2025","unit":"nmol/kg","value":2.629792},"type":"Feature"},{"geometry":{"coordinates":[-13.887604,41.3829],"type":"Point"},"properties":{"candidate_anomaly":false,"confidence_workflow_usability_band":"medium","coordinate_basis":"canonical_wgs84","element":"Zn","medium":"water","record_id":"rec-ef4d3760a5a1e8e7e257cbd5b5980d13e12de371b61f8ef66a2a72b69d521afc","source_id":"geotraces-idp2025","unit":"nmol/kg","value":0.125532},"type":"Feature"},{"geometry":{"coordinates":[-13.887604,41.3829],"type":"Point"},"properties":{"candidate_anomaly":false,"confidence_workflow_usability_band":"medium","coordinate_basis":"canonical_wgs84","element":"Ni","medium":"water","record_id":"rec-5c73afb2ceb641af63807219c4ecdd2818d25c2156fa8ce2e8c3f1c21bf99532","source_id":"geotraces-idp2025","unit":"nmol/kg","value":2.739713},"type":"Feature"},{"geometry":{"coordinates":[-13.887604,41.3829],"type":"Point"},"properties":{"candidate_anomaly":false,"confidence_workflow_usability_band":"medium","coordinate_basis":"canonical_wgs84","element":"Zn","medium":"water","record_id":"rec-5aadc27c996ecf384efee9aa3b1ca48f723308cbc5a0066fb23b2af2c189338e","source_id":"geotraces-idp2025","unit":"nmol/kg","value":0.195598},"type":"Feature"},{"geometry":{"coordinates":[-13.887604,41.3829],"type":"Point"},"properties":{"candidate_anomaly":false,"confidence_workflow_usability_band":"medium","coordinate_basis":"canonical_wgs84","element":"Ni","medium":"water","record_id":"rec-adfd4e36f13ba9abbb2fe1cdfe480b15cf8b61c133bb49324b9997c140f579a6","source_id":"geotraces-idp2025","unit":"nmol/kg","value":2.719651},"type":"Feature"},{"geometry":{"coordinates":[-13.887604,41.3829],"type":"Point"},"properties":{"candidate_anomaly":false,"confidence_workflow_usability_band":"medium","coordinate_basis":"canonical_wgs84","element":"Zn","medium":"water","record_id":"rec-195e7eefb01a80f67515f68a0a5a018dcc0dc51bb458c0c1a22c1d6d90efc77f","source_id":"geotraces-idp2025","unit":"nmol/kg","value":0.150564},"type":"Feature"},{"geometry":{"coordinates":[-13.887604,41.3829],"type":"Point"},"properties":{"candidate_anomaly":false,"confidence_workflow_usability_band":"medium","coordinate_basis":"canonical_wgs84","element":"Ni","medium":"water","record_id":"rec-9a214efd09194cd0ef50754288625a31618da75e27f243f8a44e3c989d369b6c","source_id":"geotraces-idp2025","unit":"nmol/kg","value":2.804783},"type":"Feature"},{"geometry":{"coordinates":[-13.887604,41.3829],"type":"Point"},"properties":{"candidate_anomaly":false,"confidence_workflow_usability_band":"medium","coordinate_basis":"canonical_wgs84","element":"Zn","medium":"water","record_id":"rec-e078966252da55a5d3f5e272ea3a014715fd9528fd6ebdaa788c6fa34f5ca0c9","source_id":"geotraces-idp2025","unit":"nmol/kg","value":0.372402},"type":"Feature"},{"geometry":{"coordinates":[-13.887604,41.3829],"type":"Point"},"properties":{"candidate_anomaly":false,"confidence_workflow_usability_band":"medium","coordinate_basis":"canonical_wgs84","element":"Ni","medium":"water","record_id":"rec-fdcc9ccd1fc0bf5a5ebfb21da8dc8cd585460dfa16d045488fe11d4fe77cc11a","source_id":"geotraces-idp2025","unit":"nmol/kg","value":3.063481},"type":"Feature"},{"geometry":{"coordinates":[-13.887604,41.3829],"type":"Point"},"properties":{"candidate_anomaly":false,"confidence_workflow_usability_band":"medium","coordinate_basis":"canonical_wgs84","element":"Zn","medium":"water","record_id":"rec-44a0061e1dd305162c62a113a399112781322600e52947752cf2f6967ddcb7f6","source_id":"geotraces-idp2025","unit":"nmol/kg","value":0.838259},"type":"Feature"},{"geometry":{"coordinates":[-13.887604,41.3829],"type":"Point"},"properties":{"candidate_anomaly":false,"confidence_workflow_usability_band":"medium","coordinate_basis":"canonical_wgs84","element":"Ni","medium":"water","record_id":"rec-e0b47197b5b954a522066151259bdd477ed123af5279cda4e13a20998cf5114d","source_id":"geotraces-idp2025","unit":"nmol/kg","value":3.199645},"type":"Feature"},{"geometry":{"coordinates":[-13.887604,41.3829],"type":"Point"},"properties":{"candidate_anomaly":false,"confidence_workflow_usability_band":"medium","coordinate_basis":"canonical_wgs84","element":"Zn","medium":"water","record_id":"rec-1677aef1da3744b2efa8c71fe9c4ed8310263e5799dde26469d3d8c2e98e523c","source_id":"geotraces-idp2025","unit":"nmol/kg","value":1.020454},"type":"Feature"},{"geometry":{"coordinates":[-13.887604,41.3829],"type":"Point"},"properties":{"candidate_anomaly":false,"confidence_workflow_usability_band":"medium","coordinate_basis":"canonical_wgs84","element":"Ni","medium":"water","record_id":"rec-50cbd8d61d5aac5c8ce920290fd976bad7feaa194089740190f407cf17f07b77","source_id":"geotraces-idp2025","unit":"nmol/kg","value":3.658931},"type":"Feature"},{"geometry":{"coordinates":[-13.887604,41.3829],"type":"Point"},"properties":{"candidate_anomaly":false,"confidence_workflow_usability_band":"medium","coordinate_basis":"canonical_wgs84","element":"Zn","medium":"water","record_id":"rec-3038ee1520fee2721c3599446a3d68595c58d3d5514071612d9640814b29f6d6","source_id":"geotraces-idp2025","unit":"nmol/kg","value":2.148983},"type":"Feature"},{"geometry":{"coordinates":[-13.887604,41.3829],"type":"Point"},"properties":{"candidate_anomaly":false,"confidence_workflow_usability_band":"medium","coordinate_basis":"canonical_wgs84","element":"Ni","medium":"water","record_id":"rec-5417ae2f9f9203de308f0261e8cd12aa0cbb7615781473624a8b3c124c74669f","source_id":"geotraces-idp2025","unit":"nmol/kg","value":3.836179},"type":"Feature"},{"geometry":{"coordinates":[-13.887604,41.3829],"type":"Point"},"properties":{"candidate_anomaly":false,"confidence_workflow_usability_band":"medium","coordinate_basis":"canonical_wgs84","element":"Ni","medium":"water","record_id":"rec-11e373b629fa2a302d5ec54bacc543609bc8da05b1929c0adc9cb907de90bee1","source_id":"geotraces-idp2025","unit":"nmol/kg","value":3.837632},"type":"Feature"},{"geometry":{"coordinates":[-13.887604,41.3829],"type":"Point"},"properties":{"candidate_anomaly":false,"confidence_workflow_usability_band":"medium","coordinate_basis":"canonical_wgs84","element":"Zn","medium":"water","record_id":"rec-630e71ee90eefbd7d4d5d35f81b28546d23ad1ef50d11c4ff1913f66ff0157e6","source_id":"geotraces-idp2025","unit":"nmol/kg","value":1.769945},"type":"Feature"},{"geometry":{"coordinates":[-13.887604,41.3829],"type":"Point"},"properties":{"candidate_anomaly":false,"confidence_workflow_usability_band":"medium","coordinate_basis":"canonical_wgs84","element":"Ni","medium":"water","record_id":"rec-eb81c4049f0688b2b039be893b161c02e4ed95ca04cf77ed61f3d52edc7cd0bd","source_id":"geotraces-idp2025","unit":"nmol/kg","value":3.971616},"type":"Feature"},{"geometry":{"coordinates":[-13.887604,41.3829],"type":"Point"},"properties":{"candidate_anomaly":false,"confidence_workflow_usability_band":"medium","coordinate_basis":"canonical_wgs84","element":"Zn","medium":"water","record_id":"rec-74fa308894407c2a8967d1c4dee26e09ccc1813f607d17c14306b0e4101dd8aa","source_id":"geotraces-idp2025","unit":"nmol/kg","value":1.877942},"type":"Feature"},{"geometry":{"coordinates":[-13.887604,41.3829],"type":"Point"},"properties":{"candidate_anomaly":false,"confidence_workflow_usability_band":"medium","coordinate_basis":"canonical_wgs84","element":"Ni","medium":"water","record_id":"rec-a813d51a5867071a8d4f24ca51d1b376d2e4aa47e6be0a56fcbfb6dee32aaa93","source_id":"geotraces-idp2025","unit":"nmol/kg","value":4.373907},"type":"Feature"},{"geometry":{"coordinates":[-13.887604,41.3829],"type":"Point"},"properties":{"candidate_anomaly":false,"confidence_workflow_usability_band":"medium","coordinate_basis":"canonical_wgs84","element":"Zn","medium":"water","record_id":"rec-7a46f31127f345e0992f1aeea944507ea833d2e04dc410f09a400c5a4bf88b6c","source_id":"geotraces-idp2025","unit":"nmol/kg","value":2.016448},"type":"Feature"},{"geometry":{"coordinates":[-13.887604,41.3829],"type":"Point"},"properties":{"candidate_anomaly":false,"confidence_workflow_usability_band":"medium","coordinate_basis":"canonical_wgs84","element":"Ni","medium":"water","record_id":"rec-060b0c9a893245adc315f28b1fa632a53b1b601be45a9f02d218f8bac6694fe2","source_id":"geotraces-idp2025","unit":"nmol/kg","value":4.876222},"type":"Feature"},{"geometry":{"coordinates":[-13.887604,41.3829],"type":"Point"},"properties":{"candidate_anomaly":false,"confidence_workflow_usability_band":"medium","coordinate_basis":"canonical_wgs84","element":"Zn","medium":"water","record_id":"rec-9a202a4f3be72c765a4ebc5bd31bf66bb6be7e0025f8de86b332e0d3940253f8","source_id":"geotraces-idp2025","unit":"nmol/kg","value":2.611973},"type":"Feature"},{"geometry":{"coordinates":[-13.887604,41.3829],"type":"Point"},"properties":{"candidate_anomaly":false,"confidence_workflow_usability_band":"medium","coordinate_basis":"canonical_wgs84","element":"Ni","medium":"water","record_id":"rec-5461a0a47bd4cca80b93fe37d306d2bcee0d4aedffe199f929c2e6091ac276b6","source_id":"geotraces-idp2025","unit":"nmol/kg","value":5.680176},"type":"Feature"},{"geometry":{"coordinates":[-13.887604,41.3829],"type":"Point"},"properties":{"candidate_anomaly":false,"confidence_workflow_usability_band":"medium","coordinate_basis":"canonical_wgs84","element":"Zn","medium":"water","record_id":"rec-5983f5db3c77f80db87d164dda84eab45fbc7010f01405ae12d2595b34b48d21","source_id":"geotraces-idp2025","unit":"nmol/kg","value":2.826912},"type":"Feature"},{"geometry":{"coordinates":[-13.887604,41.3829],"type":"Point"},"properties":{"candidate_anomaly":false,"confidence_workflow_usability_band":"medium","coordinate_basis":"canonical_wgs84","element":"Ni","medium":"water","record_id":"rec-6f514118c62f0edacfb4d8258a9347254b951fd03a9aeb6929edbfc56724392e","source_id":"geotraces-idp2025","unit":"nmol/kg","value":5.461539},"type":"Feature"},{"geometry":{"coordinates":[-13.887604,41.3829],"type":"Point"},"properties":{"candidate_anomaly":false,"confidence_workflow_usability_band":"medium","coordinate_basis":"canonical_wgs84","element":"Zn","medium":"water","record_id":"rec-268eac5af191bb8ab90ca340e3c9c42526c6bde9570923efd1b5e77f5ac15856","source_id":"geotraces-idp2025","unit":"nmol/kg","value":2.897639},"type":"Feature"},{"geometry":{"coordinates":[-13.887604,41.3829],"type":"Point"},"properties":{"candidate_anomaly":false,"confidence_workflow_usability_band":"medium","coordinate_basis":"canonical_wgs84","element":"Zn","medium":"water","record_id":"rec-7aa4f6ee69c2b94e4202b2a707fe724a0f082fd0b2f8ce2e7f8799529b34c0e9","source_id":"geotraces-idp2025","unit":"nmol/kg","value":3.654908},"type":"Feature"},{"geometry":{"coordinates":[-64.171906,31.749399],"type":"Point"},"properties":{"candidate_anomaly":false,"confidence_workflow_usability_band":"medium","coordinate_basis":"canonical_wgs84","element":"Cu","medium":"water","record_id":"rec-397df3634c82929c1c1a85911cd1a0f6752923dc2ac00ca91baaca1fcdb4a09b","source_id":"geotraces-idp2025","unit":"nmol/kg","value":1.169},"type":"Feature"},{"geometry":{"coordinates":[-64.171906,31.749399],"type":"Point"},"properties":{"candidate_anomaly":false,"confidence_workflow_usability_band":"medium","coordinate_basis":"canonical_wgs84","element":"Cu","medium":"water","record_id":"rec-5398106e9c8ece7ce1d228a4e6e79c384efae22c4954948322bb8e51e1968b8b","source_id":"geotraces-idp2025","unit":"nmol/kg","value":1.187},"type":"Feature"},{"geometry":{"coordinates":[-64.171906,31.749399],"type":"Point"},"properties":{"candidate_anomaly":false,"confidence_workflow_usability_band":"medium","coordinate_basis":"canonical_wgs84","element":"Cu","medium":"water","record_id":"rec-433fc0f1a68b863f7ef7c90859309a3e57e88ff3c39138e65d127cf7d432c068","source_id":"geotraces-idp2025","unit":"nmol/kg","value":1.022},"type":"Feature"},{"geometry":{"coordinates":[-64.171906,31.749399],"type":"Point"},"properties":{"candidate_anomaly":false,"confidence_workflow_usability_band":"medium","coordinate_basis":"canonical_wgs84","element":"Cu","medium":"water","record_id":"rec-3ed39acd4de518fb59d25b49aea1630f6059155b530d3893012e0817bbe0bd73","source_id":"geotraces-idp2025","unit":"nmol/kg","value":1.241},"type":"Feature"},{"geometry":{"coordinates":[-64.171906,31.749399],"type":"Point"},"properties":{"candidate_anomaly":false,"confidence_workflow_usability_band":"medium","coordinate_basis":"canonical_wgs84","element":"Cu","medium":"water","record_id":"rec-c5ecaba62171d5712b9600594467ec75593bb25a9396dffc4ff42d58482f1d12","source_id":"geotraces-idp2025","unit":"nmol/kg","value":0.864},"type":"Feature"},{"geometry":{"coordinates":[-64.171906,31.749399],"type":"Point"},"properties":{"candidate_anomaly":false,"confidence_workflow_usability_band":"medium","coordinate_basis":"canonical_wgs84","element":"Cu","medium":"water","record_id":"rec-0937f40bb39787365112b6590cee2cc9ed0c2b83574a9751780a20a5afd47c2e","source_id":"geotraces-idp2025","unit":"nmol/kg","value":0.883},"type":"Feature"},{"geometry":{"coordinates":[-64.171906,31.749399],"type":"Point"},"properties":{"candidate_anomaly":false,"confidence_workflow_usability_band":"medium","coordinate_basis":"canonical_wgs84","element":"Cu","medium":"water","record_id":"rec-fc0072d6a393430af6e05c8bd3e4702e6b042138622a8a446dbb20d9a89d8910","source_id":"geotraces-idp2025","unit":"nmol/kg","value":1.106},"type":"Feature"},{"geometry":{"coordinates":[-64.171906,31.749399],"type":"Point"},"properties":{"candidate_anomaly":false,"confidence_workflow_usability_band":"medium","coordinate_basis":"canonical_wgs84","element":"Cu","medium":"water","record_id":"rec-5ecea214816e6782398ddcc8df098f7333ca4165118bff300fdd25c33a6214f9","source_id":"geotraces-idp2025","unit":"nmol/kg","value":1.004},"type":"Feature"},{"geometry":{"coordinates":[-64.171906,31.749399],"type":"Point"},"properties":{"candidate_anomaly":false,"confidence_workflow_usability_band":"medium","coordinate_basis":"canonical_wgs84","element":"Cu","medium":"water","record_id":"rec-8fe72c876ec0c87c9623d8bcbb39682381dd6ce127f98c2b095dcb08742f9b97","source_id":"geotraces-idp2025","unit":"nmol/kg","value":1.142},"type":"Feature"},{"geometry":{"coordinates":[-64.171906,31.749399],"type":"Point"},"properties":{"candidate_anomaly":false,"confidence_workflow_usability_band":"medium","coordinate_basis":"canonical_wgs84","element":"Cu","medium":"water","record_id":"rec-088afba3751d89a2a6ed364ce7f7f007d66df7520193f11fd0f2418104dc0c35","source_id":"geotraces-idp2025","unit":"nmol/kg","value":1.299},"type":"Feature"},{"geometry":{"coordinates":[-64.171906,31.749399],"type":"Point"},"properties":{"candidate_anomaly":false,"confidence_workflow_usability_band":"medium","coordinate_basis":"canonical_wgs84","element":"Cu","medium":"water","record_id":"rec-c541a7c88e7c23fb428a722f460afda421688ad8cb7be39172c2095a679d1711","source_id":"geotraces-idp2025","unit":"nmol/kg","value":1.286},"type":"Feature"},{"geometry":{"coordinates":[-64.171906,31.749399],"type":"Point"},"properties":{"candidate_anomaly":false,"confidence_workflow_usability_band":"medium","coordinate_basis":"canonical_wgs84","element":"Cu","medium":"water","record_id":"rec-5508ee3ce28e0c81aa64c2e0512570f19291018573ea326ae1dcafe4a164bf38","source_id":"geotraces-idp2025","unit":"nmol/kg","value":1.246},"type":"Feature"},{"geometry":{"coordinates":[-64.171906,31.749399],"type":"Point"},"properties":{"candidate_anomaly":false,"confidence_workflow_usability_band":"medium","coordinate_basis":"canonical_wgs84","element":"Cu","medium":"water","record_id":"rec-6c205b12535227229bd5cd3e68254c4845caf7b042a5173f829ec1f1cc2127a8","source_id":"geotraces-idp2025","unit":"nmol/kg","value":1.228},"type":"Feature"},{"geometry":{"coordinates":[-64.171906,31.749399],"type":"Point"},"properties":{"candidate_anomaly":false,"confidence_workflow_usability_band":"medium","coordinate_basis":"canonical_wgs84","element":"Cu","medium":"water","record_id":"rec-7e08c04fb744923b09f61e87c8770ac6d0135eca38bb546a4169161f954c9d80","source_id":"geotraces-idp2025","unit":"nmol/kg","value":1.268},"type":"Feature"},{"geometry":{"coordinates":[-64.171906,31.749399],"type":"Point"},"properties":{"candidate_anomaly":false,"confidence_workflow_usability_band":"medium","coordinate_basis":"canonical_wgs84","element":"Cu","medium":"water","record_id":"rec-dac983d1e966126d53b542084fe19bbd768212561b93bfdb182ae66c048f4105","source_id":"geotraces-idp2025","unit":"nmol/kg","value":1.314},"type":"Feature"},{"geometry":{"coordinates":[-64.171906,31.749399],"type":"Point"},"properties":{"candidate_anomaly":false,"confidence_workflow_usability_band":"medium","coordinate_basis":"canonical_wgs84","element":"Cu","medium":"water","record_id":"rec-ceca5795ce79bc05f58151c826530415e02d17e26db03087b8c56495089a2a95","source_id":"geotraces-idp2025","unit":"nmol/kg","value":1.344},"type":"Feature"},{"geometry":{"coordinates":[-117.7,51.21],"type":"Point"},"properties":{"candidate_anomaly":false,"confidence_workflow_usability_band":"medium","coordinate_basis":"canonical_wgs84","element":"As","medium":"water","record_id":"rec-a52ee4b335cece84fc97c82054b50a3d0964a7232635c9c9d38e127bbe44f951","source_id":"gemstat-open-archive","unit":"ug/L","value":null},"type":"Feature"},{"geometry":{"coordinates":[-117.7,51.21],"type":"Point"},"properties":{"candidate_anomaly":false,"confidence_workflow_usability_band":"medium","coordinate_basis":"canonical_wgs84","element":"As","medium":"water","record_id":"rec-59ae0d96455f41f2fd9407a88e8ad463a86fced2fab35247409d10c1ee1d6260","source_id":"gemstat-open-archive","unit":"ug/L","value":null},"type":"Feature"},{"geometry":{"coordinates":[-116.44,51.42],"type":"Point"},"properties":{"candidate_anomaly":false,"confidence_workflow_usability_band":"medium","coordinate_basis":"canonical_wgs84","element":"As","medium":"water","record_id":"rec-9d002ca03d7d97c0ecda2d165b0c9114fe3258c3683e95449916771b736cd2e8","source_id":"gemstat-open-archive","unit":"ug/L","value":null},"type":"Feature"},{"geometry":{"coordinates":[-115.17,49.18],"type":"Point"},"properties":{"candidate_anomaly":false,"confidence_workflow_usability_band":"medium","coordinate_basis":"canonical_wgs84","element":"As","medium":"water","record_id":"rec-5af9e652a8510b6a17227b9783e84c747e1fe17954b0ce0678c49ed2f42beb3f","source_id":"gemstat-open-archive","unit":"ug/L","value":null},"type":"Feature"},{"geometry":{"coordinates":[-115.17,49.18],"type":"Point"},"properties":{"candidate_anomaly":false,"confidence_workflow_usability_band":"medium","coordinate_basis":"canonical_wgs84","element":"As","medium":"water","record_id":"rec-018bf2e5e23f2f185d1f0232bd0d59bb72351f1b4dc064167a491e46bcdddcb8","source_id":"gemstat-open-archive","unit":"ug/L","value":null},"type":"Feature"},{"geometry":{"coordinates":[-115.17,49.18],"type":"Point"},"properties":{"candidate_anomaly":false,"confidence_workflow_usability_band":"medium","coordinate_basis":"canonical_wgs84","element":"As","medium":"water","record_id":"rec-34e4b07bb7edb6a752f2e296b7f820a5c5807eb3ca27d7c0fa296343ec19bdfc","source_id":"gemstat-open-archive","unit":"ug/L","value":null},"type":"Feature"},{"geometry":{"coordinates":[-57.495,53.534],"type":"Point"},"properties":{"candidate_anomaly":false,"confidence_workflow_usability_band":"medium","coordinate_basis":"canonical_wgs84","element":"As","medium":"water","record_id":"rec-33b454764827453eca26323919da46e5dca1e264621aa14067d2d9a92f6fc75d","source_id":"gemstat-open-archive","unit":"ug/L","value":null},"type":"Feature"},{"geometry":{"coordinates":[-57.495,53.534],"type":"Point"},"properties":{"candidate_anomaly":false,"confidence_workflow_usability_band":"medium","coordinate_basis":"canonical_wgs84","element":"As","medium":"water","record_id":"rec-6ad80ce7863f1e2011deae1cf5966497d6742901191f4e5170bc9b153b021d9d","source_id":"gemstat-open-archive","unit":"ug/L","value":null},"type":"Feature"},{"geometry":{"coordinates":[-137.97,60.12],"type":"Point"},"properties":{"candidate_anomaly":false,"confidence_workflow_usability_band":"medium","coordinate_basis":"canonical_wgs84","element":"Cr","medium":"water","record_id":"rec-0a408023fb93e8f598f4a6da38fc745e39ef071faccf1564fa069bea7cafadba","source_id":"gemstat-open-archive","unit":"ug/L","value":null},"type":"Feature"},{"geometry":{"coordinates":[-128.9,60.05],"type":"Point"},"properties":{"candidate_anomaly":false,"confidence_workflow_usability_band":"medium","coordinate_basis":"canonical_wgs84","element":"Cr","medium":"water","record_id":"rec-51792714d48fb7cc80f4949d8cf0222fdeba49db8447fd1136a1941e69ffbde5","source_id":"gemstat-open-archive","unit":"ug/L","value":null},"type":"Feature"},{"geometry":{"coordinates":[-128.9,60.05],"type":"Point"},"properties":{"candidate_anomaly":false,"confidence_workflow_usability_band":"medium","coordinate_basis":"canonical_wgs84","element":"Cr","medium":"water","record_id":"rec-412ea7887d1900cdbe3d52630dbb0ca756a5148151fd142f84230032f4f686d4","source_id":"gemstat-open-archive","unit":"ug/L","value":null},"type":"Feature"},{"geometry":{"coordinates":[-117.7,51.21],"type":"Point"},"properties":{"candidate_anomaly":false,"confidence_workflow_usability_band":"medium","coordinate_basis":"canonical_wgs84","element":"Cr","medium":"water","record_id":"rec-a42e2d1e316a42b8adb9a91422935ff8d9c327c66878d8c8571f29fd56cb7210","source_id":"gemstat-open-archive","unit":"ug/L","value":null},"type":"Feature"},{"geometry":{"coordinates":[-117.7,51.21],"type":"Point"},"properties":{"candidate_anomaly":false,"confidence_workflow_usability_band":"medium","coordinate_basis":"canonical_wgs84","element":"Cr","medium":"water","record_id":"rec-2dd32819d516f0d8ac73dcdf9d41c174b73324ffc2b12c7a767941226604f1fd","source_id":"gemstat-open-archive","unit":"ug/L","value":null},"type":"Feature"},{"geometry":{"coordinates":[-117.6,49.02],"type":"Point"},"properties":{"candidate_anomaly":false,"confidence_workflow_usability_band":"medium","coordinate_basis":"canonical_wgs84","element":"Cr","medium":"water","record_id":"rec-90882f48a89b7d2f410e27da51ed96c6ae90929f65753850561994a90f7a01b7","source_id":"gemstat-open-archive","unit":"ug/L","value":null},"type":"Feature"},{"geometry":{"coordinates":[-117.6,49.02],"type":"Point"},"properties":{"candidate_anomaly":false,"confidence_workflow_usability_band":"medium","coordinate_basis":"canonical_wgs84","element":"Cr","medium":"water","record_id":"rec-17df895897349f03d2293f0a4152f186ac2e9e1cf7e2faebf783bb330c5d63ba","source_id":"gemstat-open-archive","unit":"ug/L","value":null},"type":"Feature"},{"geometry":{"coordinates":[-117.6,49.02],"type":"Point"},"properties":{"candidate_anomaly":false,"confidence_workflow_usability_band":"medium","coordinate_basis":"canonical_wgs84","element":"Cr","medium":"water","record_id":"rec-1ed8325a4c815209e0ddbca9d80693fd261d50834ff2191986672a201f93c630","source_id":"gemstat-open-archive","unit":"ug/L","value":null},"type":"Feature"},{"geometry":{"coordinates":[-137.97,60.12],"type":"Point"},"properties":{"candidate_anomaly":false,"confidence_workflow_usability_band":"medium","coordinate_basis":"canonical_wgs84","element":"Cu","medium":"water","record_id":"rec-2227498d07cb2341d15c16578bd226cbb8362820a5c82fc8fc2c9cd0d12392ff","source_id":"gemstat-open-archive","unit":"ug/L","value":null},"type":"Feature"},{"geometry":{"coordinates":[-128.9,60.05],"type":"Point"},"properties":{"candidate_anomaly":false,"confidence_workflow_usability_band":"medium","coordinate_basis":"canonical_wgs84","element":"Cu","medium":"water","record_id":"rec-09ab567dc4a8129ed628566ea5062e87ff1498a0d266f187c19e52adc7d9a488","source_id":"gemstat-open-archive","unit":"ug/L","value":null},"type":"Feature"},{"geometry":{"coordinates":[-57.495,53.534],"type":"Point"},"properties":{"candidate_anomaly":false,"confidence_workflow_usability_band":"medium","coordinate_basis":"canonical_wgs84","element":"Cu","medium":"water","record_id":"rec-a68edef06bf0fecb0d026fd88e203e6d5e1ea448ecba085f794035dbe01283d5","source_id":"gemstat-open-archive","unit":"ug/L","value":null},"type":"Feature"},{"geometry":{"coordinates":[-60.975,46.3656],"type":"Point"},"properties":{"candidate_anomaly":false,"confidence_workflow_usability_band":"medium","coordinate_basis":"canonical_wgs84","element":"Cu","medium":"water","record_id":"rec-4906140d7624bce56b626324f61e6585bc676432a1424a8da98591a3d438f184","source_id":"gemstat-open-archive","unit":"ug/L","value":null},"type":"Feature"},{"geometry":{"coordinates":[-62.3825,46.453],"type":"Point"},"properties":{"candidate_anomaly":false,"confidence_workflow_usability_band":"medium","coordinate_basis":"canonical_wgs84","element":"Cu","medium":"water","record_id":"rec-49c69beb5c19e91a969c2f06ad6521e6c3ceed0a2597386c31bce9533345e768","source_id":"gemstat-open-archive","unit":"ug/L","value":null},"type":"Feature"},{"geometry":{"coordinates":[-62.3825,46.453],"type":"Point"},"properties":{"candidate_anomaly":false,"confidence_workflow_usability_band":"medium","coordinate_basis":"canonical_wgs84","element":"Cu","medium":"water","record_id":"rec-234433e396a2ced71ee9e7b44b033e2d34f9924c64ed3fa246ae36f6b67710b7","source_id":"gemstat-open-archive","unit":"ug/L","value":null},"type":"Feature"},{"geometry":{"coordinates":[-74.3799,45.5676],"type":"Point"},"properties":{"candidate_anomaly":false,"confidence_workflow_usability_band":"low","coordinate_basis":"canonical_wgs84","element":"Cu","medium":"water","record_id":"rec-1732062052a73972227202202f117e589fe1856d0eb9a9a586ef59451c655a96","source_id":"gemstat-open-archive","unit":null,"value":null},"type":"Feature"},{"geometry":{"coordinates":[-74.3799,45.5676],"type":"Point"},"properties":{"candidate_anomaly":false,"confidence_workflow_usability_band":"low","coordinate_basis":"canonical_wgs84","element":"Cu","medium":"water","record_id":"rec-3e9b4e68e7183d65de46870b4feac918cb8befb584b58e2f555c60759127571d","source_id":"gemstat-open-archive","unit":null,"value":null},"type":"Feature"},{"geometry":{"coordinates":[-52.7428,47.52916],"type":"Point"},"properties":{"candidate_anomaly":false,"confidence_workflow_usability_band":"medium","coordinate_basis":"canonical_wgs84","element":"Hg","medium":"water","record_id":"rec-81d7daebd3eac88890dc7f53c0cea12424d1cb815ecd6d2f235784730193cba0","source_id":"gemstat-open-archive","unit":"ug/L","value":null},"type":"Feature"},{"geometry":{"coordinates":[-52.7428,47.52916],"type":"Point"},"properties":{"candidate_anomaly":false,"confidence_workflow_usability_band":"medium","coordinate_basis":"canonical_wgs84","element":"Hg","medium":"water","record_id":"rec-c80c00501a1b5ad0b41145281ca92d84c8841b41391a4e4dd93ba19ee6abf09e","source_id":"gemstat-open-archive","unit":"ug/L","value":null},"type":"Feature"},{"geometry":{"coordinates":[-57.495,53.534],"type":"Point"},"properties":{"candidate_anomaly":false,"confidence_workflow_usability_band":"medium","coordinate_basis":"canonical_wgs84","element":"Hg","medium":"water","record_id":"rec-f61fa9e6328ef8d9d4f17ceca2bdaa1e3bf8fbbb6cb8e2a1800a477f2f9a280d","source_id":"gemstat-open-archive","unit":"ug/L","value":null},"type":"Feature"},{"geometry":{"coordinates":[-56.8714,52.6489],"type":"Point"},"properties":{"candidate_anomaly":false,"confidence_workflow_usability_band":"medium","coordinate_basis":"canonical_wgs84","element":"Hg","medium":"water","record_id":"rec-6dec9339cd7589698485581772f1b57da8111b7e7ba5d2c8c1f5ed8be9fdc88e","source_id":"gemstat-open-archive","unit":"ug/L","value":null},"type":"Feature"},{"geometry":{"coordinates":[-60.7892,53.2478],"type":"Point"},"properties":{"candidate_anomaly":false,"confidence_workflow_usability_band":"medium","coordinate_basis":"canonical_wgs84","element":"Hg","medium":"water","record_id":"rec-8de6c26833a53262dc001d5d69cc60c591b66f470c8ba033aab8353bba764d35","source_id":"gemstat-open-archive","unit":"ug/L","value":null},"type":"Feature"},{"geometry":{"coordinates":[-61.4292,54.1317],"type":"Point"},"properties":{"candidate_anomaly":false,"confidence_workflow_usability_band":"medium","coordinate_basis":"canonical_wgs84","element":"Hg","medium":"water","record_id":"rec-72a53827026f42083a9c39a0223077871b4b40b6ff87ccf789a63622117c4967","source_id":"gemstat-open-archive","unit":"ug/L","value":null},"type":"Feature"},{"geometry":{"coordinates":[-91.43916667,38.71],"type":"Point"},"properties":{"candidate_anomaly":false,"confidence_workflow_usability_band":"medium","coordinate_basis":"canonical_wgs84","element":"Hg","medium":"water","record_id":"rec-59ca9afeee441117c433169adc9aa0bb4161c692650f7338b58cc0be8612f98e","source_id":"gemstat-open-archive","unit":"ug/L","value":null},"type":"Feature"},{"geometry":{"coordinates":[-91.43916667,38.71],"type":"Point"},"properties":{"candidate_anomaly":false,"confidence_workflow_usability_band":"medium","coordinate_basis":"canonical_wgs84","element":"Hg","medium":"water","record_id":"rec-600e680a0bc33a2cec3d03d5128cb27f7c80eb903d5305878af5bd0ed27838d9","source_id":"gemstat-open-archive","unit":"ug/L","value":null},"type":"Feature"},{"geometry":{"coordinates":[-137.97,60.12],"type":"Point"},"properties":{"candidate_anomaly":false,"confidence_workflow_usability_band":"medium","coordinate_basis":"canonical_wgs84","element":"Ni","medium":"water","record_id":"rec-13ce6de89a6f7f902c9c8109215fe879389d99f803c87fbd3158e5d42404a328","source_id":"gemstat-open-archive","unit":"ug/L","value":null},"type":"Feature"},{"geometry":{"coordinates":[-128.9,60.05],"type":"Point"},"properties":{"candidate_anomaly":false,"confidence_workflow_usability_band":"medium","coordinate_basis":"canonical_wgs84","element":"Ni","medium":"water","record_id":"rec-b07afbf83b6faa629e11db917f771ddae5e0c457624c87712bcb7c07ee30e29b","source_id":"gemstat-open-archive","unit":"ug/L","value":null},"type":"Feature"},{"geometry":{"coordinates":[-117.7,51.21],"type":"Point"},"properties":{"candidate_anomaly":false,"confidence_workflow_usability_band":"medium","coordinate_basis":"canonical_wgs84","element":"Ni","medium":"water","record_id":"rec-3342739c6d4eb85d63b6385f85043bf2e6731f2c691167fb33df6ccf900c8a77","source_id":"gemstat-open-archive","unit":"ug/L","value":null},"type":"Feature"},{"geometry":{"coordinates":[-116.44,51.42],"type":"Point"},"properties":{"candidate_anomaly":false,"confidence_workflow_usability_band":"medium","coordinate_basis":"canonical_wgs84","element":"Ni","medium":"water","record_id":"rec-9a3cc41bb5693f53be18f0fb186b48932ad6aa7e791ec8d66464d283f8087d02","source_id":"gemstat-open-archive","unit":"ug/L","value":null},"type":"Feature"},{"geometry":{"coordinates":[-115.17,49.18],"type":"Point"},"properties":{"candidate_anomaly":false,"confidence_workflow_usability_band":"medium","coordinate_basis":"canonical_wgs84","element":"Ni","medium":"water","record_id":"rec-6b138a8049219da360ed01204a05a42f297dae891fa69f14bc0f9654b6992045","source_id":"gemstat-open-archive","unit":"ug/L","value":null},"type":"Feature"},{"geometry":{"coordinates":[-115.17,49.18],"type":"Point"},"properties":{"candidate_anomaly":false,"confidence_workflow_usability_band":"medium","coordinate_basis":"canonical_wgs84","element":"Ni","medium":"water","record_id":"rec-d87ddced0eebe07c387082c522c36db514bb54b329bd0aa756ef47c7d061bd9b","source_id":"gemstat-open-archive","unit":"ug/L","value":null},"type":"Feature"},{"geometry":{"coordinates":[-74.3799,45.5676],"type":"Point"},"properties":{"candidate_anomaly":false,"confidence_workflow_usability_band":"low","coordinate_basis":"canonical_wgs84","element":"Ni","medium":"water","record_id":"rec-835371913a5173b23dc3ab3c4e6c59a1c1e7fd098033e1c00aec1d08d4158ee9","source_id":"gemstat-open-archive","unit":null,"value":null},"type":"Feature"},{"geometry":{"coordinates":[-74.3799,45.5676],"type":"Point"},"properties":{"candidate_anomaly":false,"confidence_workflow_usability_band":"low","coordinate_basis":"canonical_wgs84","element":"Ni","medium":"water","record_id":"rec-a2884d1b2da28d0de48aa20d9875b4bee20f330adf76a7ca13b3a70b70f1feef","source_id":"gemstat-open-archive","unit":null,"value":null},"type":"Feature"},{"geometry":{"coordinates":[-137.97,60.12],"type":"Point"},"properties":{"candidate_anomaly":false,"confidence_workflow_usability_band":"medium","coordinate_basis":"canonical_wgs84","element":"Pb","medium":"water","record_id":"rec-35098c498ff5fe870e4efe974d3dfd4d27f45d9d5d6571106d1ee3e9edec5fe6","source_id":"gemstat-open-archive","unit":"ug/L","value":null},"type":"Feature"},{"geometry":{"coordinates":[-128.9,60.05],"type":"Point"},"properties":{"candidate_anomaly":false,"confidence_workflow_usability_band":"medium","coordinate_basis":"canonical_wgs84","element":"Pb","medium":"water","record_id":"rec-91119bdee1fe7059ba4b458df1466bf165f3baeb0e0d8a3d2be60367a77addc8","source_id":"gemstat-open-archive","unit":"ug/L","value":null},"type":"Feature"},{"geometry":{"coordinates":[-117.6,49.02],"type":"Point"},"properties":{"candidate_anomaly":false,"confidence_workflow_usability_band":"medium","coordinate_basis":"canonical_wgs84","element":"Pb","medium":"water","record_id":"rec-ac57852a3cf35c8ce8a03dbcb80f68f876c276e9f1018f6298b7ab0e5353651c","source_id":"gemstat-open-archive","unit":"ug/L","value":null},"type":"Feature"},{"geometry":{"coordinates":[-117.6,49.02],"type":"Point"},"properties":{"candidate_anomaly":false,"confidence_workflow_usability_band":"medium","coordinate_basis":"canonical_wgs84","element":"Pb","medium":"water","record_id":"rec-2b0efcb5d881538c385d98ffa013f89c649dab97dc44b4c6ff964e5ec6633021","source_id":"gemstat-open-archive","unit":"ug/L","value":null},"type":"Feature"},{"geometry":{"coordinates":[-117.6,49.02],"type":"Point"},"properties":{"candidate_anomaly":false,"confidence_workflow_usability_band":"medium","coordinate_basis":"canonical_wgs84","element":"Pb","medium":"water","record_id":"rec-733373d8b28d9b27a8dd2405dbf38e92fa028b78fe39458e43dc8a39b2f31706","source_id":"gemstat-open-archive","unit":"ug/L","value":null},"type":"Feature"},{"geometry":{"coordinates":[-117.6,49.02],"type":"Point"},"properties":{"candidate_anomaly":false,"confidence_workflow_usability_band":"medium","coordinate_basis":"canonical_wgs84","element":"Pb","medium":"water","record_id":"rec-ac2364cd3ea1432eed4df504f8628306e9acb0cacac0555adab4335c7094cd5d","source_id":"gemstat-open-archive","unit":"ug/L","value":null},"type":"Feature"},{"geometry":{"coordinates":[-74.3799,45.5676],"type":"Point"},"properties":{"candidate_anomaly":false,"confidence_workflow_usability_band":"low","coordinate_basis":"canonical_wgs84","element":"Pb","medium":"water","record_id":"rec-b67fa681e07fadf2c546537efc05944bf5c001867c485c029fe9a4152a03bf5f","source_id":"gemstat-open-archive","unit":null,"value":null},"type":"Feature"},{"geometry":{"coordinates":[-74.3799,45.5676],"type":"Point"},"properties":{"candidate_anomaly":false,"confidence_workflow_usability_band":"low","coordinate_basis":"canonical_wgs84","element":"Pb","medium":"water","record_id":"rec-10dec0149eee6a07307384e17dd077630bf9a24a227d3d3461bef37dcc8615a1","source_id":"gemstat-open-archive","unit":null,"value":null},"type":"Feature"},{"geometry":{"coordinates":[-137.97,60.12],"type":"Point"},"properties":{"candidate_anomaly":false,"confidence_workflow_usability_band":"medium","coordinate_basis":"canonical_wgs84","element":"Zn","medium":"water","record_id":"rec-bfbb5abb14dd5d5cd01d75574bbc4f8ab735b140e5feb2b7cf733ca4e9c2be88","source_id":"gemstat-open-archive","unit":"ug/L","value":null},"type":"Feature"},{"geometry":{"coordinates":[-128.9,60.05],"type":"Point"},"properties":{"candidate_anomaly":false,"confidence_workflow_usability_band":"medium","coordinate_basis":"canonical_wgs84","element":"Zn","medium":"water","record_id":"rec-c330938bb346f664969cdf9561b568c17b5cea13be621b8696d84b0ed190bf0d","source_id":"gemstat-open-archive","unit":"ug/L","value":null},"type":"Feature"},{"geometry":{"coordinates":[-117.6,49.02],"type":"Point"},"properties":{"candidate_anomaly":false,"confidence_workflow_usability_band":"medium","coordinate_basis":"canonical_wgs84","element":"Zn","medium":"water","record_id":"rec-cd359efa9c6054eddd938667951c7300dab60612aa3727623853590495b789dc","source_id":"gemstat-open-archive","unit":"ug/L","value":null},"type":"Feature"},{"geometry":{"coordinates":[-115.17,49.18],"type":"Point"},"properties":{"candidate_anomaly":false,"confidence_workflow_usability_band":"medium","coordinate_basis":"canonical_wgs84","element":"Zn","medium":"water","record_id":"rec-8481c873b4e187e40eb3b4e6099c935df4dc6aa230dca33be1215fc6830a2cdc","source_id":"gemstat-open-archive","unit":"ug/L","value":null},"type":"Feature"},{"geometry":{"coordinates":[-119.01,52.99],"type":"Point"},"properties":{"candidate_anomaly":false,"confidence_workflow_usability_band":"medium","coordinate_basis":"canonical_wgs84","element":"Zn","medium":"water","record_id":"rec-ee212f83a2f03aa9aff1e31d97c236cb488448e6061f2dfadeed14e2988a2172","source_id":"gemstat-open-archive","unit":"ug/L","value":null},"type":"Feature"},{"geometry":{"coordinates":[-119.01,52.99],"type":"Point"},"properties":{"candidate_anomaly":false,"confidence_workflow_usability_band":"medium","coordinate_basis":"canonical_wgs84","element":"Zn","medium":"water","record_id":"rec-3dbc3b864c13a28792c9fd4e620d03eadbf5126f67c387c302cfd74d1550eaa2","source_id":"gemstat-open-archive","unit":"ug/L","value":null},"type":"Feature"},{"geometry":{"coordinates":[-74.3799,45.5676],"type":"Point"},"properties":{"candidate_anomaly":false,"confidence_workflow_usability_band":"low","coordinate_basis":"canonical_wgs84","element":"Zn","medium":"water","record_id":"rec-41412833a3cb420a55308769aaaf4963bb2558de73117ef3844451fd4a70ff46","source_id":"gemstat-open-archive","unit":null,"value":null},"type":"Feature"},{"geometry":{"coordinates":[-74.3799,45.5676],"type":"Point"},"properties":{"candidate_anomaly":false,"confidence_workflow_usability_band":"low","coordinate_basis":"canonical_wgs84","element":"Zn","medium":"water","record_id":"rec-9990c33aa539e6f0a46c56b697cb1b04ade6640b2e899d3d1847b50d09c107c5","source_id":"gemstat-open-archive","unit":null,"value":null},"type":"Feature"},{"geometry":{"coordinates":[127.7603,26.1292],"type":"Point"},"properties":{"candidate_anomaly":false,"confidence_workflow_usability_band":"medium","coordinate_basis":"canonical_wgs84","element":"As","medium":"sediment","record_id":"rec-21ed06b4109e5e259944a3dadd1e8be408eb2d98d7c1347606b29be73c774b2f","source_id":"japan-gsj-geochemical-map","unit":"mg/kg","value":14.0},"type":"Feature"},{"geometry":{"coordinates":[127.7603,26.1292],"type":"Point"},"properties":{"candidate_anomaly":false,"confidence_workflow_usability_band":"medium","coordinate_basis":"canonical_wgs84","element":"Cu","medium":"sediment","record_id":"rec-e28eb4bd302489e1caae72d45c0d1194a7fd4d19d9e416e5f09bb830c0a8d1c4","source_id":"japan-gsj-geochemical-map","unit":"mg/kg","value":38.419},"type":"Feature"},{"geometry":{"coordinates":[127.7603,26.1292],"type":"Point"},"properties":{"candidate_anomaly":false,"confidence_workflow_usability_band":"medium","coordinate_basis":"canonical_wgs84","element":"Ni","medium":"sediment","record_id":"rec-b5b93e3f23a43723d681de4375907a13bf88ed4d563ba6962eeefba6b48e070f","source_id":"japan-gsj-geochemical-map","unit":"mg/kg","value":22.991},"type":"Feature"},{"geometry":{"coordinates":[127.7603,26.1292],"type":"Point"},"properties":{"candidate_anomaly":false,"confidence_workflow_usability_band":"medium","coordinate_basis":"canonical_wgs84","element":"Zn","medium":"sediment","record_id":"rec-00fa4475cd64304171a6e3183dad07955f57805029a4634598341d90b8ae7b0a","source_id":"japan-gsj-geochemical-map","unit":"mg/kg","value":179.048},"type":"Feature"},{"geometry":{"coordinates":[127.6876,26.1366],"type":"Point"},"properties":{"candidate_anomaly":false,"confidence_workflow_usability_band":"medium","coordinate_basis":"canonical_wgs84","element":"As","medium":"sediment","record_id":"rec-71d0932941ad28f5ede29973302aee8288ec0d5803285d3f028cef2edc07855c","source_id":"japan-gsj-geochemical-map","unit":"mg/kg","value":11.3},"type":"Feature"},{"geometry":{"coordinates":[127.6876,26.1366],"type":"Point"},"properties":{"candidate_anomaly":false,"confidence_workflow_usability_band":"medium","coordinate_basis":"canonical_wgs84","element":"Cu","medium":"sediment","record_id":"rec-6af7813b6f35930d5b596f9a7753fec3fbe0073c1f94ceb42db8f24ecc75bfb9","source_id":"japan-gsj-geochemical-map","unit":"mg/kg","value":46.571},"type":"Feature"},{"geometry":{"coordinates":[127.6876,26.1366],"type":"Point"},"properties":{"candidate_anomaly":false,"confidence_workflow_usability_band":"medium","coordinate_basis":"canonical_wgs84","element":"Ni","medium":"sediment","record_id":"rec-b27b76c1313569823db14f1ffce183da99525fbc4b495d5dac716bd30ad4f214","source_id":"japan-gsj-geochemical-map","unit":"mg/kg","value":43.744},"type":"Feature"},{"geometry":{"coordinates":[127.6876,26.1366],"type":"Point"},"properties":{"candidate_anomaly":false,"confidence_workflow_usability_band":"medium","coordinate_basis":"canonical_wgs84","element":"Zn","medium":"sediment","record_id":"rec-5e6f85c1e626e9b294afce8be8be8126fa5e879c6b7eb1f37f98baf4640a725d","source_id":"japan-gsj-geochemical-map","unit":"mg/kg","value":188.216},"type":"Feature"},{"geometry":{"coordinates":[127.6799,26.2014],"type":"Point"},"properties":{"candidate_anomaly":false,"confidence_workflow_usability_band":"medium","coordinate_basis":"canonical_wgs84","element":"As","medium":"sediment","record_id":"rec-9f29f75db722207a46e14f89c1232ce7533a1cbb42a84234e1a3427742d0d522","source_id":"japan-gsj-geochemical-map","unit":"mg/kg","value":11.3},"type":"Feature"},{"geometry":{"coordinates":[127.6799,26.2014],"type":"Point"},"properties":{"candidate_anomaly":false,"confidence_workflow_usability_band":"medium","coordinate_basis":"canonical_wgs84","element":"Cu","medium":"sediment","record_id":"rec-d04f593701d8f99b5ac11936f52a05ad80e9a39d8833eb36c4f93f1e2e1642da","source_id":"japan-gsj-geochemical-map","unit":"mg/kg","value":48.938},"type":"Feature"},{"geometry":{"coordinates":[127.6799,26.2014],"type":"Point"},"properties":{"candidate_anomaly":false,"confidence_workflow_usability_band":"medium","coordinate_basis":"canonical_wgs84","element":"Ni","medium":"sediment","record_id":"rec-88bcacc4706b88a8e93cae159020efcf0a46c7a8fcfd638e89e9e2fb4f630484","source_id":"japan-gsj-geochemical-map","unit":"mg/kg","value":36.417},"type":"Feature"},{"geometry":{"coordinates":[127.6799,26.2014],"type":"Point"},"properties":{"candidate_anomaly":false,"confidence_workflow_usability_band":"medium","coordinate_basis":"canonical_wgs84","element":"Zn","medium":"sediment","record_id":"rec-befec849d09912a3a087c50ec3231d003e176cf9dda2304fee2f1b13f359e0b2","source_id":"japan-gsj-geochemical-map","unit":"mg/kg","value":213.48},"type":"Feature"},{"geometry":{"coordinates":[127.7281,26.2677],"type":"Point"},"properties":{"candidate_anomaly":false,"confidence_workflow_usability_band":"medium","coordinate_basis":"canonical_wgs84","element":"As","medium":"sediment","record_id":"rec-d88a4290c6ad13ced4a92e2b5d846ff01631a1caa5e2d8c98d9dd7b41cb70b44","source_id":"japan-gsj-geochemical-map","unit":"mg/kg","value":10.8},"type":"Feature"},{"geometry":{"coordinates":[127.7281,26.2677],"type":"Point"},"properties":{"candidate_anomaly":false,"confidence_workflow_usability_band":"medium","coordinate_basis":"canonical_wgs84","element":"Cu","medium":"sediment","record_id":"rec-92efb73dcbe3476a671249c7ea3790bbfbe6ecccbd76a8e2aaf8d8abfd52c7f2","source_id":"japan-gsj-geochemical-map","unit":"mg/kg","value":35.481},"type":"Feature"},{"geometry":{"coordinates":[127.7281,26.2677],"type":"Point"},"properties":{"candidate_anomaly":false,"confidence_workflow_usability_band":"medium","coordinate_basis":"canonical_wgs84","element":"Ni","medium":"sediment","record_id":"rec-8a1e43ea89dd541d7d4536af3365e005113c9bf8f26150921487751836b0250e","source_id":"japan-gsj-geochemical-map","unit":"mg/kg","value":28.885},"type":"Feature"},{"geometry":{"coordinates":[127.7281,26.2677],"type":"Point"},"properties":{"candidate_anomaly":false,"confidence_workflow_usability_band":"medium","coordinate_basis":"canonical_wgs84","element":"Zn","medium":"sediment","record_id":"rec-43035afa63a94e030d55224cb6670f1acf38a95542db6f8a2855c4070f8f0306","source_id":"japan-gsj-geochemical-map","unit":"mg/kg","value":169.028},"type":"Feature"},{"geometry":{"coordinates":[127.7467,26.3626],"type":"Point"},"properties":{"candidate_anomaly":false,"confidence_workflow_usability_band":"medium","coordinate_basis":"canonical_wgs84","element":"As","medium":"sediment","record_id":"rec-f99a4b26bec0cb594555cadab5f19b96f4eacb2c566d3977fc1876a4e5e32da6","source_id":"japan-gsj-geochemical-map","unit":"mg/kg","value":24.6},"type":"Feature"},{"geometry":{"coordinates":[127.7467,26.3626],"type":"Point"},"properties":{"candidate_anomaly":true,"confidence_workflow_usability_band":"medium","coordinate_basis":"canonical_wgs84","element":"Cu","medium":"sediment","record_id":"rec-9a84b1a74bd5bce5bc4913ec6799f58971dc3d37154c2b22feef2bcb6b5e629b","source_id":"japan-gsj-geochemical-map","unit":"mg/kg","value":1522.586},"type":"Feature"},{"geometry":{"coordinates":[127.7467,26.3626],"type":"Point"},"properties":{"candidate_anomaly":false,"confidence_workflow_usability_band":"medium","coordinate_basis":"canonical_wgs84","element":"Ni","medium":"sediment","record_id":"rec-293f49fb3f0df3647b6e3656678a278ef2f1d91f2baa084dc90d5f742c0c1698","source_id":"japan-gsj-geochemical-map","unit":"mg/kg","value":36.856},"type":"Feature"},{"geometry":{"coordinates":[127.7467,26.3626],"type":"Point"},"properties":{"candidate_anomaly":false,"confidence_workflow_usability_band":"medium","coordinate_basis":"canonical_wgs84","element":"Zn","medium":"sediment","record_id":"rec-94b65260d748417971363e9b92e584387d0c8638c1626d2cb02fe660cacc43e7","source_id":"japan-gsj-geochemical-map","unit":"mg/kg","value":367.473},"type":"Feature"},{"geometry":{"coordinates":[127.8692,26.3763],"type":"Point"},"properties":{"candidate_anomaly":false,"confidence_workflow_usability_band":"medium","coordinate_basis":"canonical_wgs84","element":"As","medium":"sediment","record_id":"rec-f06fda59b5ddcb841438e23e6e548aef0a1c22638da208f38a17a67690287f0c","source_id":"japan-gsj-geochemical-map","unit":"mg/kg","value":19.0},"type":"Feature"},{"geometry":{"coordinates":[127.8692,26.3763],"type":"Point"},"properties":{"candidate_anomaly":false,"confidence_workflow_usability_band":"medium","coordinate_basis":"canonical_wgs84","element":"Cu","medium":"sediment","record_id":"rec-55f6d23a47aee3ae4ab36c1ec04d2284b5f08d58a6f2185fb140f3e8b69617ef","source_id":"japan-gsj-geochemical-map","unit":"mg/kg","value":28.238},"type":"Feature"},{"geometry":{"coordinates":[127.8692,26.3763],"type":"Point"},"properties":{"candidate_anomaly":false,"confidence_workflow_usability_band":"medium","coordinate_basis":"canonical_wgs84","element":"Ni","medium":"sediment","record_id":"rec-a372d090d26fa07a7393d28b341a36806e67ef7cd9e9e2ee7e9e4ce43fd882e8","source_id":"japan-gsj-geochemical-map","unit":"mg/kg","value":27.493},"type":"Feature"},{"geometry":{"coordinates":[127.8692,26.3763],"type":"Point"},"properties":{"candidate_anomaly":false,"confidence_workflow_usability_band":"medium","coordinate_basis":"canonical_wgs84","element":"Zn","medium":"sediment","record_id":"rec-916b30fc2e56880cae80c158ec0feba6d8be29aef9bdeaff815ecd143dacf50c","source_id":"japan-gsj-geochemical-map","unit":"mg/kg","value":116.628},"type":"Feature"},{"geometry":{"coordinates":[127.941,26.4561],"type":"Point"},"properties":{"candidate_anomaly":false,"confidence_workflow_usability_band":"medium","coordinate_basis":"canonical_wgs84","element":"As","medium":"sediment","record_id":"rec-3fadb810767760513529dc95953d408a69d463591374821e25375e7fbbb75bcd","source_id":"japan-gsj-geochemical-map","unit":"mg/kg","value":8.9},"type":"Feature"},{"geometry":{"coordinates":[127.941,26.4561],"type":"Point"},"properties":{"candidate_anomaly":false,"confidence_workflow_usability_band":"medium","coordinate_basis":"canonical_wgs84","element":"Cu","medium":"sediment","record_id":"rec-3b2b021a5c68154b6a18264455af137f1c30b4c8960093cf2a218f8f19a0fb62","source_id":"japan-gsj-geochemical-map","unit":"mg/kg","value":8.664},"type":"Feature"},{"geometry":{"coordinates":[127.941,26.4561],"type":"Point"},"properties":{"candidate_anomaly":false,"confidence_workflow_usability_band":"medium","coordinate_basis":"canonical_wgs84","element":"Ni","medium":"sediment","record_id":"rec-e05e77196bc8969ebd4168802d6a983dc491c37a728eb2482ec52b727fbb4103","source_id":"japan-gsj-geochemical-map","unit":"mg/kg","value":10.049},"type":"Feature"},{"geometry":{"coordinates":[127.941,26.4561],"type":"Point"},"properties":{"candidate_anomaly":false,"confidence_workflow_usability_band":"medium","coordinate_basis":"canonical_wgs84","element":"Zn","medium":"sediment","record_id":"rec-87c3c4fae6d6df3376237b73d9dc3efb641919fd2533735f9f7222d7756b3823","source_id":"japan-gsj-geochemical-map","unit":"mg/kg","value":41.966},"type":"Feature"},{"geometry":{"coordinates":[128.0294,26.5208],"type":"Point"},"properties":{"candidate_anomaly":false,"confidence_workflow_usability_band":"medium","coordinate_basis":"canonical_wgs84","element":"As","medium":"sediment","record_id":"rec-5f589e9a13c777f6409a66db00e91bc0e09f686b6e539300996050106b9c709c","source_id":"japan-gsj-geochemical-map","unit":"mg/kg","value":7.0},"type":"Feature"},{"geometry":{"coordinates":[128.0294,26.5208],"type":"Point"},"properties":{"candidate_anomaly":false,"confidence_workflow_usability_band":"medium","coordinate_basis":"canonical_wgs84","element":"Cu","medium":"sediment","record_id":"rec-6a6f54550bb3d73e42717deccd5fa69a238dd662aa0cfcfda201c73d3bec45ad","source_id":"japan-gsj-geochemical-map","unit":"mg/kg","value":15.85},"type":"Feature"},{"geometry":{"coordinates":[128.0294,26.5208],"type":"Point"},"properties":{"candidate_anomaly":false,"confidence_workflow_usability_band":"medium","coordinate_basis":"canonical_wgs84","element":"Ni","medium":"sediment","record_id":"rec-78bb4dc8cd8380cb8f40e013ceef9fddbef14bcc6f570ee72f93123a8870d071","source_id":"japan-gsj-geochemical-map","unit":"mg/kg","value":17.838},"type":"Feature"},{"geometry":{"coordinates":[128.0294,26.5208],"type":"Point"},"properties":{"candidate_anomaly":false,"confidence_workflow_usability_band":"medium","coordinate_basis":"canonical_wgs84","element":"Zn","medium":"sediment","record_id":"rec-f7de318a24a2952e666fa94221fe5159d359b55ff3cbed8a8be427b2a5a3bcfa","source_id":"japan-gsj-geochemical-map","unit":"mg/kg","value":45.195},"type":"Feature"},{"geometry":{"coordinates":[127.9518,26.5988],"type":"Point"},"properties":{"candidate_anomaly":false,"confidence_workflow_usability_band":"medium","coordinate_basis":"canonical_wgs84","element":"As","medium":"sediment","record_id":"rec-bdec9cddeba65bd3c99d71ed2f4de8ba2d12c9333b6727543fd098b73f69f261","source_id":"japan-gsj-geochemical-map","unit":"mg/kg","value":9.4},"type":"Feature"},{"geometry":{"coordinates":[127.9518,26.5988],"type":"Point"},"properties":{"candidate_anomaly":false,"confidence_workflow_usability_band":"medium","coordinate_basis":"canonical_wgs84","element":"Cu","medium":"sediment","record_id":"rec-b694056e9b95882888757ad667444cbff14e7de1894d90b3eced2ea7cda2671c","source_id":"japan-gsj-geochemical-map","unit":"mg/kg","value":18.62},"type":"Feature"},{"geometry":{"coordinates":[127.9518,26.5988],"type":"Point"},"properties":{"candidate_anomaly":false,"confidence_workflow_usability_band":"medium","coordinate_basis":"canonical_wgs84","element":"Ni","medium":"sediment","record_id":"rec-a6af30b2765cbdd8dd03b4bb321580c7536816d0e5f122eab1473ab1e4b1746f","source_id":"japan-gsj-geochemical-map","unit":"mg/kg","value":25.0},"type":"Feature"},{"geometry":{"coordinates":[127.9518,26.5988],"type":"Point"},"properties":{"candidate_anomaly":false,"confidence_workflow_usability_band":"medium","coordinate_basis":"canonical_wgs84","element":"Zn","medium":"sediment","record_id":"rec-550972b738ec8a9af3e22c927f3cda132d30268307a59a6bd15add37bc2682e4","source_id":"japan-gsj-geochemical-map","unit":"mg/kg","value":62.77},"type":"Feature"},{"geometry":{"coordinates":[127.8999,26.6596],"type":"Point"},"properties":{"candidate_anomaly":false,"confidence_workflow_usability_band":"medium","coordinate_basis":"canonical_wgs84","element":"As","medium":"sediment","record_id":"rec-2c4f094eac996c15fb97d31f5750e250bf86eb525a03ee87f48ebc4d51166a4c","source_id":"japan-gsj-geochemical-map","unit":"mg/kg","value":7.5},"type":"Feature"},{"geometry":{"coordinates":[127.8999,26.6596],"type":"Point"},"properties":{"candidate_anomaly":false,"confidence_workflow_usability_band":"medium","coordinate_basis":"canonical_wgs84","element":"Cu","medium":"sediment","record_id":"rec-11c63610520def84b9ff491bc0d93bac0acdf9774222179606c2a55e59b3611d","source_id":"japan-gsj-geochemical-map","unit":"mg/kg","value":27.74},"type":"Feature"},{"geometry":{"coordinates":[127.8999,26.6596],"type":"Point"},"properties":{"candidate_anomaly":false,"confidence_workflow_usability_band":"medium","coordinate_basis":"canonical_wgs84","element":"Ni","medium":"sediment","record_id":"rec-68890ab8d8ec9274e938c96af97b34291e1779f30c457b31e4df3ced91f98d27","source_id":"japan-gsj-geochemical-map","unit":"mg/kg","value":31.72},"type":"Feature"},{"geometry":{"coordinates":[127.8999,26.6596],"type":"Point"},"properties":{"candidate_anomaly":false,"confidence_workflow_usability_band":"medium","coordinate_basis":"canonical_wgs84","element":"Zn","medium":"sediment","record_id":"rec-bee2b1b96c1e659247f860559b3821869924c0d7e509b6a01c67e37a0e182663","source_id":"japan-gsj-geochemical-map","unit":"mg/kg","value":91.723},"type":"Feature"},{"geometry":{"coordinates":[127.9752,26.6864],"type":"Point"},"properties":{"candidate_anomaly":false,"confidence_workflow_usability_band":"medium","coordinate_basis":"canonical_wgs84","element":"As","medium":"sediment","record_id":"rec-f32f359ea24c374a23f98f853541f98b18b45445ec9fcf9dac1b993482d94f3a","source_id":"japan-gsj-geochemical-map","unit":"mg/kg","value":10.6},"type":"Feature"},{"geometry":{"coordinates":[127.9752,26.6864],"type":"Point"},"properties":{"candidate_anomaly":false,"confidence_workflow_usability_band":"medium","coordinate_basis":"canonical_wgs84","element":"Cu","medium":"sediment","record_id":"rec-52d7aab5dfb180320a6a3f5ab8b09404da7aedc8f4150096433c110689c638c0","source_id":"japan-gsj-geochemical-map","unit":"mg/kg","value":35.693},"type":"Feature"},{"geometry":{"coordinates":[127.9752,26.6864],"type":"Point"},"properties":{"candidate_anomaly":false,"confidence_workflow_usability_band":"medium","coordinate_basis":"canonical_wgs84","element":"Ni","medium":"sediment","record_id":"rec-daf0040c57ee273c9cea27046cd5d738955e3d109b56045392994ca41c96353d","source_id":"japan-gsj-geochemical-map","unit":"mg/kg","value":35.382},"type":"Feature"},{"geometry":{"coordinates":[127.9752,26.6864],"type":"Point"},"properties":{"candidate_anomaly":false,"confidence_workflow_usability_band":"medium","coordinate_basis":"canonical_wgs84","element":"Zn","medium":"sediment","record_id":"rec-459441ac2f68ff014d3c2ac95800bfe70a46c61cf25bd0d4ac1690f90227240b","source_id":"japan-gsj-geochemical-map","unit":"mg/kg","value":93.738},"type":"Feature"},{"geometry":{"coordinates":[128.0647,26.6344],"type":"Point"},"properties":{"candidate_anomaly":false,"confidence_workflow_usability_band":"medium","coordinate_basis":"canonical_wgs84","element":"As","medium":"sediment","record_id":"rec-45aaaf5d4840f0046c8425969c3ed1a334eef58ecc4a4b0eae8fd29e2f3aa033","source_id":"japan-gsj-geochemical-map","unit":"mg/kg","value":4.5},"type":"Feature"},{"geometry":{"coordinates":[128.0647,26.6344],"type":"Point"},"properties":{"candidate_anomaly":false,"confidence_workflow_usability_band":"medium","coordinate_basis":"canonical_wgs84","element":"Cu","medium":"sediment","record_id":"rec-f998bc65485ea98a376a1a48647db9ab0f5f58b67b066d9b8b893cdcb6d92e91","source_id":"japan-gsj-geochemical-map","unit":"mg/kg","value":20.284},"type":"Feature"},{"geometry":{"coordinates":[128.0647,26.6344],"type":"Point"},"properties":{"candidate_anomaly":false,"confidence_workflow_usability_band":"medium","coordinate_basis":"canonical_wgs84","element":"Ni","medium":"sediment","record_id":"rec-3ab613e70f7fabc998ced2eb42be719d5bd9a6dbf3d4319b830c52e57dd14a0a","source_id":"japan-gsj-geochemical-map","unit":"mg/kg","value":28.273},"type":"Feature"},{"geometry":{"coordinates":[128.0647,26.6344],"type":"Point"},"properties":{"candidate_anomaly":false,"confidence_workflow_usability_band":"medium","coordinate_basis":"canonical_wgs84","element":"Zn","medium":"sediment","record_id":"rec-00c93d28d3c2ad7d035ad74581d1c970d3aad3f674630ba19f82b6cdb203bac0","source_id":"japan-gsj-geochemical-map","unit":"mg/kg","value":62.807},"type":"Feature"},{"geometry":{"coordinates":[11.73,30.67],"type":"Point"},"properties":{"candidate_anomaly":false,"confidence_workflow_usability_band":"medium","coordinate_basis":"canonical_wgs84","element":"As","medium":"soil","record_id":"rec-a401738d9f03a42a8ac869956e369e42b441885e5ed9bb4420a46ad621aea485","source_id":"pangaea-north-africa-soil","unit":"mg/kg","value":14.84},"type":"Feature"},{"geometry":{"coordinates":[11.73,30.67],"type":"Point"},"properties":{"candidate_anomaly":false,"confidence_workflow_usability_band":"medium","coordinate_basis":"canonical_wgs84","element":"Cu","medium":"soil","record_id":"rec-aa4780b9baa05c3dc629fa5f3bd0e68fcd7f7bf983bbcf6eeb57efef7c4d4ead","source_id":"pangaea-north-africa-soil","unit":"mg/kg","value":49.47},"type":"Feature"},{"geometry":{"coordinates":[11.73,30.67],"type":"Point"},"properties":{"candidate_anomaly":false,"confidence_workflow_usability_band":"medium","coordinate_basis":"canonical_wgs84","element":"Ni","medium":"soil","record_id":"rec-eb03c751ea054a852e349682fa23a4bb7722fdf31179d608a2e68195fb22ba10","source_id":"pangaea-north-africa-soil","unit":"mg/kg","value":74.24},"type":"Feature"},{"geometry":{"coordinates":[11.73,30.67],"type":"Point"},"properties":{"candidate_anomaly":false,"confidence_workflow_usability_band":"medium","coordinate_basis":"canonical_wgs84","element":"Zn","medium":"soil","record_id":"rec-66e5109cae539a634ec417ad2eeb218759901746d6dddd0bd752252ecba167e5","source_id":"pangaea-north-africa-soil","unit":"mg/kg","value":162.8},"type":"Feature"},{"geometry":{"coordinates":[11.73,30.67],"type":"Point"},"properties":{"candidate_anomaly":false,"confidence_workflow_usability_band":"medium","coordinate_basis":"canonical_wgs84","element":"As","medium":"soil","record_id":"rec-a44da2e77de7ed53ee0ec826e6520d4028cae498f5eaa9fbd21f2d07ecadd32e","source_id":"pangaea-north-africa-soil","unit":"mg/kg","value":12.87},"type":"Feature"},{"geometry":{"coordinates":[11.73,30.67],"type":"Point"},"properties":{"candidate_anomaly":false,"confidence_workflow_usability_band":"medium","coordinate_basis":"canonical_wgs84","element":"Cu","medium":"soil","record_id":"rec-37696a31a1265b0538d458c22fcf35b1776fa5f7ade6518206ef7f5703f12a0f","source_id":"pangaea-north-africa-soil","unit":"mg/kg","value":37.91},"type":"Feature"},{"geometry":{"coordinates":[11.73,30.67],"type":"Point"},"properties":{"candidate_anomaly":false,"confidence_workflow_usability_band":"medium","coordinate_basis":"canonical_wgs84","element":"Ni","medium":"soil","record_id":"rec-c2a62a2cf309b67d938f3e9bc7707ae4d30837eb6f1bdb9ef246a514395948a1","source_id":"pangaea-north-africa-soil","unit":"mg/kg","value":57.24},"type":"Feature"},{"geometry":{"coordinates":[11.73,30.67],"type":"Point"},"properties":{"candidate_anomaly":false,"confidence_workflow_usability_band":"medium","coordinate_basis":"canonical_wgs84","element":"Zn","medium":"soil","record_id":"rec-c9c323b83abad0b270d681a3b7bb17c960e3359cd18e6da3e73312f7beba888f","source_id":"pangaea-north-africa-soil","unit":"mg/kg","value":131.3},"type":"Feature"},{"geometry":{"coordinates":[11.73,30.67],"type":"Point"},"properties":{"candidate_anomaly":false,"confidence_workflow_usability_band":"medium","coordinate_basis":"canonical_wgs84","element":"As","medium":"soil","record_id":"rec-9c851ecb134350f5535ab5ded37e16b17aac9a60f34b8fd94970054b33586fb3","source_id":"pangaea-north-africa-soil","unit":"mg/kg","value":9.67},"type":"Feature"},{"geometry":{"coordinates":[11.73,30.67],"type":"Point"},"properties":{"candidate_anomaly":false,"confidence_workflow_usability_band":"medium","coordinate_basis":"canonical_wgs84","element":"Cu","medium":"soil","record_id":"rec-7366d4ba564bd6529364238d5b1273c63c1c0ad1605c7f09d7342f1b3fe68f32","source_id":"pangaea-north-africa-soil","unit":"mg/kg","value":30.51},"type":"Feature"},{"geometry":{"coordinates":[11.73,30.67],"type":"Point"},"properties":{"candidate_anomaly":false,"confidence_workflow_usability_band":"medium","coordinate_basis":"canonical_wgs84","element":"Ni","medium":"soil","record_id":"rec-4595ed66d9402bcd4f794a4f676d457808eb523653afbcf343e0a2ade67b42df","source_id":"pangaea-north-africa-soil","unit":"mg/kg","value":46.37},"type":"Feature"},{"geometry":{"coordinates":[11.73,30.67],"type":"Point"},"properties":{"candidate_anomaly":false,"confidence_workflow_usability_band":"medium","coordinate_basis":"canonical_wgs84","element":"Zn","medium":"soil","record_id":"rec-686a02a7ecbe7cccba5469744b109a2e24f98cd74a5613d554d3f713c04c966b","source_id":"pangaea-north-africa-soil","unit":"mg/kg","value":103.1},"type":"Feature"},{"geometry":{"coordinates":[14.46,27.01],"type":"Point"},"properties":{"candidate_anomaly":false,"confidence_workflow_usability_band":"medium","coordinate_basis":"canonical_wgs84","element":"As","medium":"soil","record_id":"rec-11a1d2d955630535b1b8c7b18b74fef7aed2ad2ba2c295aa70e325a21c62008c","source_id":"pangaea-north-africa-soil","unit":"mg/kg","value":10.62},"type":"Feature"},{"geometry":{"coordinates":[14.46,27.01],"type":"Point"},"properties":{"candidate_anomaly":false,"confidence_workflow_usability_band":"medium","coordinate_basis":"canonical_wgs84","element":"Cu","medium":"soil","record_id":"rec-9b6b9c80ca50e7142039b3d62ba08edc88fa70165f12731bca1144685aa1fefb","source_id":"pangaea-north-africa-soil","unit":"mg/kg","value":30.67},"type":"Feature"},{"geometry":{"coordinates":[14.46,27.01],"type":"Point"},"properties":{"candidate_anomaly":false,"confidence_workflow_usability_band":"medium","coordinate_basis":"canonical_wgs84","element":"Ni","medium":"soil","record_id":"rec-efdb0eea45bc8f14dfa212620a6f0223bb4a876d36dce6c2edd8576e9daece4f","source_id":"pangaea-north-africa-soil","unit":"mg/kg","value":56.07},"type":"Feature"},{"geometry":{"coordinates":[14.46,27.01],"type":"Point"},"properties":{"candidate_anomaly":false,"confidence_workflow_usability_band":"medium","coordinate_basis":"canonical_wgs84","element":"Zn","medium":"soil","record_id":"rec-9980911b4cffdaf9e3264a489ceac0b900ebec721ec7ab06f177938ab462cc8e","source_id":"pangaea-north-africa-soil","unit":"mg/kg","value":126.8},"type":"Feature"},{"geometry":{"coordinates":[14.46,27.01],"type":"Point"},"properties":{"candidate_anomaly":false,"confidence_workflow_usability_band":"medium","coordinate_basis":"canonical_wgs84","element":"As","medium":"soil","record_id":"rec-f83f07303af04e77fe3174dc9f7ec385dae2f6ce075caec1661fcf97ca41bfae","source_id":"pangaea-north-africa-soil","unit":"mg/kg","value":13.12},"type":"Feature"},{"geometry":{"coordinates":[14.46,27.01],"type":"Point"},"properties":{"candidate_anomaly":false,"confidence_workflow_usability_band":"medium","coordinate_basis":"canonical_wgs84","element":"Cu","medium":"soil","record_id":"rec-9af6f43051e07ef58fccd88e131dcb993df2bb0a52bb89457fbc469737a19e5d","source_id":"pangaea-north-africa-soil","unit":"mg/kg","value":27.36},"type":"Feature"},{"geometry":{"coordinates":[14.46,27.01],"type":"Point"},"properties":{"candidate_anomaly":false,"confidence_workflow_usability_band":"medium","coordinate_basis":"canonical_wgs84","element":"Ni","medium":"soil","record_id":"rec-1a17bf77d41241fae3d0ca490f4793dd5f3bcecd1ddcf1f00f36f4130cf79e0e","source_id":"pangaea-north-africa-soil","unit":"mg/kg","value":53.22},"type":"Feature"},{"geometry":{"coordinates":[14.46,27.01],"type":"Point"},"properties":{"candidate_anomaly":false,"confidence_workflow_usability_band":"medium","coordinate_basis":"canonical_wgs84","element":"Zn","medium":"soil","record_id":"rec-1d8c12ff15bb7bdda00f36e5366c94bd1c8afc8220aecb738a808139b99706e5","source_id":"pangaea-north-africa-soil","unit":"mg/kg","value":100.6},"type":"Feature"},{"geometry":{"coordinates":[5.47,23.95],"type":"Point"},"properties":{"candidate_anomaly":false,"confidence_workflow_usability_band":"medium","coordinate_basis":"canonical_wgs84","element":"As","medium":"soil","record_id":"rec-bd539665884fd9340206acc0cec4942ce2b0285ee1707eff72ae1bc8623eecc9","source_id":"pangaea-north-africa-soil","unit":"mg/kg","value":8.84},"type":"Feature"},{"geometry":{"coordinates":[5.47,23.95],"type":"Point"},"properties":{"candidate_anomaly":false,"confidence_workflow_usability_band":"medium","coordinate_basis":"canonical_wgs84","element":"Cu","medium":"soil","record_id":"rec-fff31577d6ee6b080ea38f217c5259b2ed83dd9e11e9d65dd134a1a21a48ee32","source_id":"pangaea-north-africa-soil","unit":"mg/kg","value":36.36},"type":"Feature"},{"geometry":{"coordinates":[5.47,23.95],"type":"Point"},"properties":{"candidate_anomaly":false,"confidence_workflow_usability_band":"medium","coordinate_basis":"canonical_wgs84","element":"Ni","medium":"soil","record_id":"rec-979eed37b21e7f2072a7dc531dde427c17441d71d2f3bca62d9d0bfa0b54ef0a","source_id":"pangaea-north-africa-soil","unit":"mg/kg","value":48.84},"type":"Feature"},{"geometry":{"coordinates":[5.47,23.95],"type":"Point"},"properties":{"candidate_anomaly":false,"confidence_workflow_usability_band":"medium","coordinate_basis":"canonical_wgs84","element":"Zn","medium":"soil","record_id":"rec-3491f52245b1e473a1bef745713d42ca9b8877db83745d2816c78e2f5418dea8","source_id":"pangaea-north-africa-soil","unit":"mg/kg","value":98.2},"type":"Feature"},{"geometry":{"coordinates":[-3.08,17.02],"type":"Point"},"properties":{"candidate_anomaly":false,"confidence_workflow_usability_band":"medium","coordinate_basis":"canonical_wgs84","element":"As","medium":"soil","record_id":"rec-1d27f55addb231f5edcc8e70d94b1454108d16ca6f650c4805d86b538fd91fd9","source_id":"pangaea-north-africa-soil","unit":"mg/kg","value":11.08},"type":"Feature"},{"geometry":{"coordinates":[-3.08,17.02],"type":"Point"},"properties":{"candidate_anomaly":false,"confidence_workflow_usability_band":"medium","coordinate_basis":"canonical_wgs84","element":"Cu","medium":"soil","record_id":"rec-937bbe5cc8077b3a0f72de78dcf7ed028771d7b682d5e986a0ea6c403ccb9480","source_id":"pangaea-north-africa-soil","unit":"mg/kg","value":52.85},"type":"Feature"},{"geometry":{"coordinates":[-3.08,17.02],"type":"Point"},"properties":{"candidate_anomaly":false,"confidence_workflow_usability_band":"medium","coordinate_basis":"canonical_wgs84","element":"Ni","medium":"soil","record_id":"rec-2b36115e374fe9035fe14266d0f84012c1864f9ed40325be4e6666f2334e4bab","source_id":"pangaea-north-africa-soil","unit":"mg/kg","value":90.45},"type":"Feature"},{"geometry":{"coordinates":[-3.08,17.02],"type":"Point"},"properties":{"candidate_anomaly":false,"confidence_workflow_usability_band":"medium","coordinate_basis":"canonical_wgs84","element":"Zn","medium":"soil","record_id":"rec-cabef6e5540ade7e8625c58ad92728d04870545aee15126e64a6776729f64ea4","source_id":"pangaea-north-africa-soil","unit":"mg/kg","value":170.8},"type":"Feature"},{"geometry":{"coordinates":[1.22,29.3],"type":"Point"},"properties":{"candidate_anomaly":false,"confidence_workflow_usability_band":"medium","coordinate_basis":"canonical_wgs84","element":"As","medium":"soil","record_id":"rec-5794106122e1126675fd45e06588d74b6abaa4d2631afcd2822cf49bca80d2d5","source_id":"pangaea-north-africa-soil","unit":"mg/kg","value":25.47},"type":"Feature"},{"geometry":{"coordinates":[1.22,29.3],"type":"Point"},"properties":{"candidate_anomaly":false,"confidence_workflow_usability_band":"medium","coordinate_basis":"canonical_wgs84","element":"Cu","medium":"soil","record_id":"rec-9208b4f86d88c562e276452d3468df2a3dfe850c812280ff271ff555cb2ce21f","source_id":"pangaea-north-africa-soil","unit":"mg/kg","value":65.72},"type":"Feature"},{"geometry":{"coordinates":[1.22,29.3],"type":"Point"},"properties":{"candidate_anomaly":false,"confidence_workflow_usability_band":"medium","coordinate_basis":"canonical_wgs84","element":"Ni","medium":"soil","record_id":"rec-44d1ebedc94bf9c0c28007153781aadad17ee4564ef9fb08a62688a546284ab0","source_id":"pangaea-north-africa-soil","unit":"mg/kg","value":88.2},"type":"Feature"},{"geometry":{"coordinates":[1.22,29.3],"type":"Point"},"properties":{"candidate_anomaly":false,"confidence_workflow_usability_band":"medium","coordinate_basis":"canonical_wgs84","element":"Zn","medium":"soil","record_id":"rec-e726df88186b26d40a06be1bf198cd6d14e23eedca918a5fc3b9b7b960da407c","source_id":"pangaea-north-africa-soil","unit":"mg/kg","value":185.0},"type":"Feature"},{"geometry":{"coordinates":[0.67,24.2],"type":"Point"},"properties":{"candidate_anomaly":false,"confidence_workflow_usability_band":"medium","coordinate_basis":"canonical_wgs84","element":"As","medium":"soil","record_id":"rec-fc5496b1b7f772201919e5c89554a84df0ad663041bd2ea63645f37f132c959b","source_id":"pangaea-north-africa-soil","unit":"mg/kg","value":11.33},"type":"Feature"},{"geometry":{"coordinates":[0.67,24.2],"type":"Point"},"properties":{"candidate_anomaly":false,"confidence_workflow_usability_band":"medium","coordinate_basis":"canonical_wgs84","element":"Cu","medium":"soil","record_id":"rec-4af15711aed1c9f88e1215bac3b37fa8d75be35d83d15ebb6bb5c62d98644a49","source_id":"pangaea-north-africa-soil","unit":"mg/kg","value":42.85},"type":"Feature"},{"geometry":{"coordinates":[0.67,24.2],"type":"Point"},"properties":{"candidate_anomaly":false,"confidence_workflow_usability_band":"medium","coordinate_basis":"canonical_wgs84","element":"Ni","medium":"soil","record_id":"rec-5562403cb1492357160c88c347ee989af421b58c3a09fd18212b45c40f4679ed","source_id":"pangaea-north-africa-soil","unit":"mg/kg","value":62.35},"type":"Feature"},{"geometry":{"coordinates":[0.67,24.2],"type":"Point"},"properties":{"candidate_anomaly":false,"confidence_workflow_usability_band":"medium","coordinate_basis":"canonical_wgs84","element":"Zn","medium":"soil","record_id":"rec-f141fa2ec2f3865e5a35595f13fc15660f384641df01c2104bfe88c340aca639","source_id":"pangaea-north-africa-soil","unit":"mg/kg","value":113.9},"type":"Feature"},{"geometry":{"coordinates":[1.13,22.25],"type":"Point"},"properties":{"candidate_anomaly":false,"confidence_workflow_usability_band":"medium","coordinate_basis":"canonical_wgs84","element":"As","medium":"soil","record_id":"rec-f497f1dc2256b0b3b6eccd6ad818d648ae7cf379ba8d47aa4d61ef89f31da5d3","source_id":"pangaea-north-africa-soil","unit":"mg/kg","value":8.01},"type":"Feature"},{"geometry":{"coordinates":[1.13,22.25],"type":"Point"},"properties":{"candidate_anomaly":false,"confidence_workflow_usability_band":"medium","coordinate_basis":"canonical_wgs84","element":"Cu","medium":"soil","record_id":"rec-753e89678b2f2b531ac04acc3ceb0a5afb2f0c0100382265b7b478374493a430","source_id":"pangaea-north-africa-soil","unit":"mg/kg","value":44.48},"type":"Feature"},{"geometry":{"coordinates":[1.13,22.25],"type":"Point"},"properties":{"candidate_anomaly":false,"confidence_workflow_usability_band":"medium","coordinate_basis":"canonical_wgs84","element":"Ni","medium":"soil","record_id":"rec-eb69593d9d34547bae29f010f8e6a29be980dbd20256d40d9463a18d18940145","source_id":"pangaea-north-africa-soil","unit":"mg/kg","value":65.14},"type":"Feature"},{"geometry":{"coordinates":[1.13,22.25],"type":"Point"},"properties":{"candidate_anomaly":false,"confidence_workflow_usability_band":"medium","coordinate_basis":"canonical_wgs84","element":"Zn","medium":"soil","record_id":"rec-04cc1bd71f8f3eceeb4127f2e9f930b48c2c1827b925be832ad5975e11feb3cd","source_id":"pangaea-north-africa-soil","unit":"mg/kg","value":114.7},"type":"Feature"},{"geometry":{"coordinates":[0.92,20.0],"type":"Point"},"properties":{"candidate_anomaly":false,"confidence_workflow_usability_band":"medium","coordinate_basis":"canonical_wgs84","element":"As","medium":"soil","record_id":"rec-2fc44538f7966b251dd8a58416ebf1005d182995c9edd4ee75babf43afc87f39","source_id":"pangaea-north-africa-soil","unit":"mg/kg","value":7.52},"type":"Feature"},{"geometry":{"coordinates":[0.92,20.0],"type":"Point"},"properties":{"candidate_anomaly":false,"confidence_workflow_usability_band":"medium","coordinate_basis":"canonical_wgs84","element":"Cu","medium":"soil","record_id":"rec-07fe9f765c6e61aafa89ea75a9e34775a337ba5960321f5b95ad5df04212ae23","source_id":"pangaea-north-africa-soil","unit":"mg/kg","value":56.56},"type":"Feature"},{"geometry":{"coordinates":[0.92,20.0],"type":"Point"},"properties":{"candidate_anomaly":false,"confidence_workflow_usability_band":"medium","coordinate_basis":"canonical_wgs84","element":"Ni","medium":"soil","record_id":"rec-cb3c118259ef45b4aa80cd4bbd7aea54b26eff766b632482e53600b4268fe537","source_id":"pangaea-north-africa-soil","unit":"mg/kg","value":72.52},"type":"Feature"},{"geometry":{"coordinates":[0.92,20.0],"type":"Point"},"properties":{"candidate_anomaly":false,"confidence_workflow_usability_band":"medium","coordinate_basis":"canonical_wgs84","element":"Zn","medium":"soil","record_id":"rec-88c26c533d39aa26b9c2f6a522c29398bff72ed9f9d13bf4b5b1e492c108d787","source_id":"pangaea-north-africa-soil","unit":"mg/kg","value":157.2},"type":"Feature"},{"geometry":{"coordinates":[0.92,19.83],"type":"Point"},"properties":{"candidate_anomaly":false,"confidence_workflow_usability_band":"medium","coordinate_basis":"canonical_wgs84","element":"As","medium":"soil","record_id":"rec-00da0648e02e4464ace459e409b93a951017c59266332780cdfa0ab04beb4b80","source_id":"pangaea-north-africa-soil","unit":"mg/kg","value":5.92},"type":"Feature"},{"geometry":{"coordinates":[0.92,19.83],"type":"Point"},"properties":{"candidate_anomaly":false,"confidence_workflow_usability_band":"medium","coordinate_basis":"canonical_wgs84","element":"Cu","medium":"soil","record_id":"rec-53a9f1c1d2301b7b81cb24fdf43ea13e03dda1653b44330a89af3ee7078927dc","source_id":"pangaea-north-africa-soil","unit":"mg/kg","value":52.05},"type":"Feature"},{"geometry":{"coordinates":[0.92,19.83],"type":"Point"},"properties":{"candidate_anomaly":false,"confidence_workflow_usability_band":"medium","coordinate_basis":"canonical_wgs84","element":"Ni","medium":"soil","record_id":"rec-599561a93c4acb7d8be92c85ac15e5e87a81a387f7be10aa654186b18ddca294","source_id":"pangaea-north-africa-soil","unit":"mg/kg","value":62.45},"type":"Feature"},{"geometry":{"coordinates":[0.92,19.83],"type":"Point"},"properties":{"candidate_anomaly":false,"confidence_workflow_usability_band":"medium","coordinate_basis":"canonical_wgs84","element":"Zn","medium":"soil","record_id":"rec-767bc32c0dda5f461721eebf12a4fc7355433722453c0e2fa01e33782c786868","source_id":"pangaea-north-africa-soil","unit":"mg/kg","value":137.1},"type":"Feature"},{"geometry":{"coordinates":[-15.57,27.96],"type":"Point"},"properties":{"candidate_anomaly":false,"confidence_workflow_usability_band":"medium","coordinate_basis":"canonical_wgs84","element":"As","medium":"soil","record_id":"rec-7371f59bc309e9682b6f21e5677f7713cf0aa2578d78ef532afe2fcabc1999b1","source_id":"foregs-topsoil","unit":"mg/kg","value":2.5},"type":"Feature"},{"geometry":{"coordinates":[-15.57,27.96],"type":"Point"},"properties":{"candidate_anomaly":false,"confidence_workflow_usability_band":"medium","coordinate_basis":"canonical_wgs84","element":"Cu","medium":"soil","record_id":"rec-5bab25269aee78202b94385aea276fdf87a2cb3039c175f7b8f7d9edb4966345","source_id":"foregs-topsoil","unit":"mg/kg","value":69.0},"type":"Feature"},{"geometry":{"coordinates":[-15.57,27.96],"type":"Point"},"properties":{"candidate_anomaly":false,"confidence_workflow_usability_band":"medium","coordinate_basis":"canonical_wgs84","element":"Ni","medium":"soil","record_id":"rec-043baf3372a7b0ef70c7681506f0deb68b44506a8be09f942dffd215388d2356","source_id":"foregs-topsoil","unit":"mg/kg","value":380.0},"type":"Feature"},{"geometry":{"coordinates":[-15.57,27.96],"type":"Point"},"properties":{"candidate_anomaly":false,"confidence_workflow_usability_band":"medium","coordinate_basis":"canonical_wgs84","element":"Zn","medium":"soil","record_id":"rec-ffec7e7718492dc73afd7d30ce06183f6bed8ebb61f93b94ad441b7740303524","source_id":"foregs-topsoil","unit":"mg/kg","value":220.0},"type":"Feature"},{"geometry":{"coordinates":[23.83,35.5],"type":"Point"},"properties":{"candidate_anomaly":false,"confidence_workflow_usability_band":"medium","coordinate_basis":"canonical_wgs84","element":"As","medium":"soil","record_id":"rec-aa21da919d75710b7582f7e6a643acb78f00c4c1bf03aa3ea1b4c0a448b63da1","source_id":"foregs-topsoil","unit":"mg/kg","value":5.0},"type":"Feature"},{"geometry":{"coordinates":[23.83,35.5],"type":"Point"},"properties":{"candidate_anomaly":false,"confidence_workflow_usability_band":"medium","coordinate_basis":"canonical_wgs84","element":"Cu","medium":"soil","record_id":"rec-94628028ead48c9e6565e50b28a2a89e8e9584915a8f993a6ba4218eb2465f7d","source_id":"foregs-topsoil","unit":"mg/kg","value":77.0},"type":"Feature"},{"geometry":{"coordinates":[23.83,35.5],"type":"Point"},"properties":{"candidate_anomaly":false,"confidence_workflow_usability_band":"medium","coordinate_basis":"canonical_wgs84","element":"Ni","medium":"soil","record_id":"rec-aeb061fda8713217aba299236102fffac8fc43a4b289a00fbe07aa41a4775d75","source_id":"foregs-topsoil","unit":"mg/kg","value":55.0},"type":"Feature"},{"geometry":{"coordinates":[23.83,35.5],"type":"Point"},"properties":{"candidate_anomaly":false,"confidence_workflow_usability_band":"medium","coordinate_basis":"canonical_wgs84","element":"Zn","medium":"soil","record_id":"rec-c457bca3e324224c3cca6b583642c7579c6bb8cc10cf928895fc64d333eb7ec3","source_id":"foregs-topsoil","unit":"mg/kg","value":46.0},"type":"Feature"},{"geometry":{"coordinates":[24.67,35.4],"type":"Point"},"properties":{"candidate_anomaly":false,"confidence_workflow_usability_band":"medium","coordinate_basis":"canonical_wgs84","element":"As","medium":"soil","record_id":"rec-ef1034435bbf3006bc5f3fce867edaec927ea82be8831d58228782b156bda723","source_id":"foregs-topsoil","unit":"mg/kg","value":16.0},"type":"Feature"},{"geometry":{"coordinates":[24.67,35.4],"type":"Point"},"properties":{"candidate_anomaly":false,"confidence_workflow_usability_band":"medium","coordinate_basis":"canonical_wgs84","element":"Cu","medium":"soil","record_id":"rec-f144c38b301fe2256b7940fe5fc1972a4c8e5fa55635a6c6bc56b0a57124c930","source_id":"foregs-topsoil","unit":"mg/kg","value":34.0},"type":"Feature"},{"geometry":{"coordinates":[24.67,35.4],"type":"Point"},"properties":{"candidate_anomaly":false,"confidence_workflow_usability_band":"medium","coordinate_basis":"canonical_wgs84","element":"Ni","medium":"soil","record_id":"rec-9a8b692565aac6bbc8433faef3a02a05707f36b827db877e21d1f8a4d805d549","source_id":"foregs-topsoil","unit":"mg/kg","value":53.0},"type":"Feature"},{"geometry":{"coordinates":[24.67,35.4],"type":"Point"},"properties":{"candidate_anomaly":false,"confidence_workflow_usability_band":"medium","coordinate_basis":"canonical_wgs84","element":"Zn","medium":"soil","record_id":"rec-ef555bf3f36672e0bb59d37e52509e03c7261ea5ac327719e1a8a5c33cf2b899","source_id":"foregs-topsoil","unit":"mg/kg","value":56.0},"type":"Feature"},{"geometry":{"coordinates":[25.28,35.04],"type":"Point"},"properties":{"candidate_anomaly":false,"confidence_workflow_usability_band":"medium","coordinate_basis":"canonical_wgs84","element":"As","medium":"soil","record_id":"rec-e82645e15d75f0c85fe311ee4be12ca8a9392e599972daca7fc2528b2d57d930","source_id":"foregs-topsoil","unit":"mg/kg","value":6.0},"type":"Feature"},{"geometry":{"coordinates":[25.28,35.04],"type":"Point"},"properties":{"candidate_anomaly":false,"confidence_workflow_usability_band":"medium","coordinate_basis":"canonical_wgs84","element":"Cu","medium":"soil","record_id":"rec-188c76d15571c3149cd4dcf4705dedb17db9658a23b6474ee7e9a956040ec40f","source_id":"foregs-topsoil","unit":"mg/kg","value":33.0},"type":"Feature"},{"geometry":{"coordinates":[25.28,35.04],"type":"Point"},"properties":{"candidate_anomaly":false,"confidence_workflow_usability_band":"medium","coordinate_basis":"canonical_wgs84","element":"Ni","medium":"soil","record_id":"rec-aee9217bffb5dba6a00664f86713eff2b0187a2dcd51ede83748b11f4cc9f6d9","source_id":"foregs-topsoil","unit":"mg/kg","value":119.0},"type":"Feature"},{"geometry":{"coordinates":[25.28,35.04],"type":"Point"},"properties":{"candidate_anomaly":false,"confidence_workflow_usability_band":"medium","coordinate_basis":"canonical_wgs84","element":"Zn","medium":"soil","record_id":"rec-b33826cac1a70bf08537772e97be924f436a848c9b2e47f233efcf3c34f4eae3","source_id":"foregs-topsoil","unit":"mg/kg","value":49.0},"type":"Feature"},{"geometry":{"coordinates":[25.2,35.27],"type":"Point"},"properties":{"candidate_anomaly":false,"confidence_workflow_usability_band":"medium","coordinate_basis":"canonical_wgs84","element":"As","medium":"soil","record_id":"rec-e944061a6d05fdd90ab26c48b90d654a3af3dadadb972cda23ec6cb4ac68101b","source_id":"foregs-topsoil","unit":"mg/kg","value":2.5},"type":"Feature"},{"geometry":{"coordinates":[25.2,35.27],"type":"Point"},"properties":{"candidate_anomaly":false,"confidence_workflow_usability_band":"medium","coordinate_basis":"canonical_wgs84","element":"Cu","medium":"soil","record_id":"rec-79a4b51675d6a8d52bad670519739caf47cc1744077f146ab207406a7b0b620d","source_id":"foregs-topsoil","unit":"mg/kg","value":23.0},"type":"Feature"},{"geometry":{"coordinates":[25.2,35.27],"type":"Point"},"properties":{"candidate_anomaly":false,"confidence_workflow_usability_band":"medium","coordinate_basis":"canonical_wgs84","element":"Ni","medium":"soil","record_id":"rec-21ff3d16f5c3169c0b658567a9e2d393cdb68b8eca8742ecade60e82f9978d11","source_id":"foregs-topsoil","unit":"mg/kg","value":65.0},"type":"Feature"},{"geometry":{"coordinates":[25.2,35.27],"type":"Point"},"properties":{"candidate_anomaly":false,"confidence_workflow_usability_band":"medium","coordinate_basis":"canonical_wgs84","element":"Zn","medium":"soil","record_id":"rec-1fffa38c801b5d7a4521753b33247f11bc9603411cb325e25233a020c63f8b1b","source_id":"foregs-topsoil","unit":"mg/kg","value":35.0},"type":"Feature"},{"geometry":{"coordinates":[26.1,35.19],"type":"Point"},"properties":{"candidate_anomaly":false,"confidence_workflow_usability_band":"medium","coordinate_basis":"canonical_wgs84","element":"As","medium":"soil","record_id":"rec-c8d0dec0ed4b6a3c3e7336cd8510571b31aba6ae3fd7249584c5c05170066807","source_id":"foregs-topsoil","unit":"mg/kg","value":6.0},"type":"Feature"},{"geometry":{"coordinates":[26.1,35.19],"type":"Point"},"properties":{"candidate_anomaly":false,"confidence_workflow_usability_band":"medium","coordinate_basis":"canonical_wgs84","element":"Cu","medium":"soil","record_id":"rec-90fa1ed4f2cc9f2a217c1f03b57e1efb6297476fa1f17510ab36a52e542b159d","source_id":"foregs-topsoil","unit":"mg/kg","value":22.0},"type":"Feature"},{"geometry":{"coordinates":[26.1,35.19],"type":"Point"},"properties":{"candidate_anomaly":false,"confidence_workflow_usability_band":"medium","coordinate_basis":"canonical_wgs84","element":"Ni","medium":"soil","record_id":"rec-746d1ee00fb98d48aab15492c92f90d4072dc8de02e046a2c4a7b84d49d338b7","source_id":"foregs-topsoil","unit":"mg/kg","value":37.0},"type":"Feature"},{"geometry":{"coordinates":[26.1,35.19],"type":"Point"},"properties":{"candidate_anomaly":false,"confidence_workflow_usability_band":"medium","coordinate_basis":"canonical_wgs84","element":"Zn","medium":"soil","record_id":"rec-3d3d06e661bd1eea408d0f3b23f4d3430d4d12987b5dad1672c2b2299328675f","source_id":"foregs-topsoil","unit":"mg/kg","value":58.0},"type":"Feature"},{"geometry":{"coordinates":[-15.5660882,27.96442015],"type":"Point"},"properties":{"candidate_anomaly":false,"confidence_workflow_usability_band":"medium","coordinate_basis":"canonical_wgs84","element":"Zn","medium":"soil","record_id":"rec-6da70fc30b0e4729781619bba64e8b427129e83415e70206ce67e26b6a592026","source_id":"foregs-topsoil","unit":"mg/kg","value":232.0},"type":"Feature"},{"geometry":{"coordinates":[23.826111943,35.49645002],"type":"Point"},"properties":{"candidate_anomaly":false,"confidence_workflow_usability_band":"medium","coordinate_basis":"canonical_wgs84","element":"Zn","medium":"soil","record_id":"rec-5a829f5863fd441fdffcb3a089d6ae77d7bb61419f5756ff3ac55957dcff0639","source_id":"foregs-topsoil","unit":"mg/kg","value":53.0},"type":"Feature"},{"geometry":{"coordinates":[24.67156107,35.40422557],"type":"Point"},"properties":{"candidate_anomaly":false,"confidence_workflow_usability_band":"medium","coordinate_basis":"canonical_wgs84","element":"Zn","medium":"soil","record_id":"rec-ceaba83a1ba6406e8b54b4bb2e4c217077e5664d8ea3479f45fdeae94ad64fcb","source_id":"foregs-topsoil","unit":"mg/kg","value":77.0},"type":"Feature"},{"geometry":{"coordinates":[25.28311772,35.043132637],"type":"Point"},"properties":{"candidate_anomaly":false,"confidence_workflow_usability_band":"medium","coordinate_basis":"canonical_wgs84","element":"Zn","medium":"soil","record_id":"rec-fd572c75ba7989417083cf586643e4ceab867bfdda9cd6ad0a01d25ba7efd0b9","source_id":"foregs-topsoil","unit":"mg/kg","value":59.0},"type":"Feature"},{"geometry":{"coordinates":[25.195870096,35.269707429],"type":"Point"},"properties":{"candidate_anomaly":false,"confidence_workflow_usability_band":"medium","coordinate_basis":"canonical_wgs84","element":"Zn","medium":"soil","record_id":"rec-13fb46453c7bff2fb4c740d411ca106d173ec7c473d35e79a3f52bd0a29328bf","source_id":"foregs-topsoil","unit":"mg/kg","value":35.0},"type":"Feature"},{"geometry":{"coordinates":[26.099125756,35.186187279],"type":"Point"},"properties":{"candidate_anomaly":false,"confidence_workflow_usability_band":"medium","coordinate_basis":"canonical_wgs84","element":"Zn","medium":"soil","record_id":"rec-05f5f79652a7648975911fb810b6dcaa0a0a2951278ff12a039ba566df3206be","source_id":"foregs-topsoil","unit":"mg/kg","value":44.0},"type":"Feature"},{"geometry":{"coordinates":[-15.5660882,27.96442015],"type":"Point"},"properties":{"candidate_anomaly":false,"confidence_workflow_usability_band":"medium","coordinate_basis":"canonical_wgs84","element":"Ni","medium":"soil","record_id":"rec-30a1dd8cfbcc6ef871ad009f6caf96a0075ca9b51adfda46d5ce0444bbc39b24","source_id":"foregs-topsoil","unit":"mg/kg","value":402.0},"type":"Feature"},{"geometry":{"coordinates":[23.826111943,35.49645002],"type":"Point"},"properties":{"candidate_anomaly":false,"confidence_workflow_usability_band":"medium","coordinate_basis":"canonical_wgs84","element":"Ni","medium":"soil","record_id":"rec-8e18fdc2e13e33a41f10408e7e912a2b00eeb1e79ffaffdf625fe1b1fe65f877","source_id":"foregs-topsoil","unit":"mg/kg","value":68.3},"type":"Feature"},{"geometry":{"coordinates":[24.67156107,35.40422557],"type":"Point"},"properties":{"candidate_anomaly":false,"confidence_workflow_usability_band":"medium","coordinate_basis":"canonical_wgs84","element":"Ni","medium":"soil","record_id":"rec-d3eab9a823f434bd4fac110fed4a85d8bc29bbb339f7a0ff9f8e8c98f563627e","source_id":"foregs-topsoil","unit":"mg/kg","value":76.9},"type":"Feature"},{"geometry":{"coordinates":[25.28311772,35.043132637],"type":"Point"},"properties":{"candidate_anomaly":false,"confidence_workflow_usability_band":"medium","coordinate_basis":"canonical_wgs84","element":"Ni","medium":"soil","record_id":"rec-43ff549f9d67970ce2c050799122553acd28cbb09dbf4c800b67b468c5a2306e","source_id":"foregs-topsoil","unit":"mg/kg","value":144.0},"type":"Feature"},{"geometry":{"coordinates":[25.195870096,35.269707429],"type":"Point"},"properties":{"candidate_anomaly":false,"confidence_workflow_usability_band":"medium","coordinate_basis":"canonical_wgs84","element":"Ni","medium":"soil","record_id":"rec-7f6d027342d60e8eda5938d105059d00997d1cd69675f1dc389f8e6f5f077272","source_id":"foregs-topsoil","unit":"mg/kg","value":67.2},"type":"Feature"},{"geometry":{"coordinates":[26.099125756,35.186187279],"type":"Point"},"properties":{"candidate_anomaly":false,"confidence_workflow_usability_band":"medium","coordinate_basis":"canonical_wgs84","element":"Ni","medium":"soil","record_id":"rec-f06aea78e30775e972dc8a5feb03ee348ed64baa7b9bccbef23624bbc8a8b9b1","source_id":"foregs-topsoil","unit":"mg/kg","value":41.0},"type":"Feature"},{"geometry":{"coordinates":[-15.5660882,27.96442015],"type":"Point"},"properties":{"candidate_anomaly":false,"confidence_workflow_usability_band":"medium","coordinate_basis":"canonical_wgs84","element":"As","medium":"soil","record_id":"rec-ef52de6f67da37954692ee0d573d00eff7b7d3b565aef012b7903a1bf21e7865","source_id":"foregs-topsoil","unit":"mg/kg","value":3.73},"type":"Feature"},{"geometry":{"coordinates":[-15.5660882,27.96442015],"type":"Point"},"properties":{"candidate_anomaly":false,"confidence_workflow_usability_band":"medium","coordinate_basis":"canonical_wgs84","element":"Cu","medium":"soil","record_id":"rec-05c77a848597e5cb9347536ac0b9180654495c0d0b0aa8ccacdff15dd58fef7d","source_id":"foregs-topsoil","unit":"mg/kg","value":103.0},"type":"Feature"},{"geometry":{"coordinates":[23.826111943,35.49645002],"type":"Point"},"properties":{"candidate_anomaly":false,"confidence_workflow_usability_band":"medium","coordinate_basis":"canonical_wgs84","element":"As","medium":"soil","record_id":"rec-0b7a31b8282624a8b56213bdaa41b57f4e477e9842488ee71efbf50b38929190","source_id":"foregs-topsoil","unit":"mg/kg","value":5.35},"type":"Feature"},{"geometry":{"coordinates":[23.826111943,35.49645002],"type":"Point"},"properties":{"candidate_anomaly":false,"confidence_workflow_usability_band":"medium","coordinate_basis":"canonical_wgs84","element":"Cu","medium":"soil","record_id":"rec-7eaadc6e862d968238604abb6c65c0505071c9c7caa6d4f8a292a0b59b5fe98b","source_id":"foregs-topsoil","unit":"mg/kg","value":65.5},"type":"Feature"},{"geometry":{"coordinates":[24.67156107,35.40422557],"type":"Point"},"properties":{"candidate_anomaly":false,"confidence_workflow_usability_band":"medium","coordinate_basis":"canonical_wgs84","element":"As","medium":"soil","record_id":"rec-ffa21521cb303119d945fd3bb4260ae0851bf91ab8f3f92c27481badf7532093","source_id":"foregs-topsoil","unit":"mg/kg","value":16.7},"type":"Feature"},{"geometry":{"coordinates":[24.67156107,35.40422557],"type":"Point"},"properties":{"candidate_anomaly":false,"confidence_workflow_usability_band":"medium","coordinate_basis":"canonical_wgs84","element":"Cu","medium":"soil","record_id":"rec-f875033527c53f362f93c71fccdb0232f6248dec0062f5d717f43b7a614e20a3","source_id":"foregs-topsoil","unit":"mg/kg","value":29.1},"type":"Feature"},{"geometry":{"coordinates":[25.28311772,35.043132637],"type":"Point"},"properties":{"candidate_anomaly":false,"confidence_workflow_usability_band":"medium","coordinate_basis":"canonical_wgs84","element":"As","medium":"soil","record_id":"rec-3c6426eec226fe822a76f838aff3ba045292634c1222f3f36d2241ca150db7ae","source_id":"foregs-topsoil","unit":"mg/kg","value":7.15},"type":"Feature"},{"geometry":{"coordinates":[25.28311772,35.043132637],"type":"Point"},"properties":{"candidate_anomaly":false,"confidence_workflow_usability_band":"medium","coordinate_basis":"canonical_wgs84","element":"Cu","medium":"soil","record_id":"rec-17469cf968b41fe691d2a8dd9c6d7fdf94c3985f3917deef495631c828b5df50","source_id":"foregs-topsoil","unit":"mg/kg","value":29.2},"type":"Feature"},{"geometry":{"coordinates":[25.195870096,35.269707429],"type":"Point"},"properties":{"candidate_anomaly":false,"confidence_workflow_usability_band":"medium","coordinate_basis":"canonical_wgs84","element":"As","medium":"soil","record_id":"rec-4521b178d45c77fd2da02669fcc51594cc9b02bdc809d20c9c19439b38411e82","source_id":"foregs-topsoil","unit":"mg/kg","value":5.11},"type":"Feature"},{"geometry":{"coordinates":[25.195870096,35.269707429],"type":"Point"},"properties":{"candidate_anomaly":false,"confidence_workflow_usability_band":"medium","coordinate_basis":"canonical_wgs84","element":"Cu","medium":"soil","record_id":"rec-746ff3d561edaa58cfcc55d7311d17f560d51b48e76320b7d0c902af13cf36b0","source_id":"foregs-topsoil","unit":"mg/kg","value":17.6},"type":"Feature"},{"geometry":{"coordinates":[26.099125756,35.186187279],"type":"Point"},"properties":{"candidate_anomaly":false,"confidence_workflow_usability_band":"medium","coordinate_basis":"canonical_wgs84","element":"As","medium":"soil","record_id":"rec-bf9e2882dd4a713eed917f71a5a786783dcfd40f5cbe7dc9db3ce47c59b77b96","source_id":"foregs-topsoil","unit":"mg/kg","value":7.33},"type":"Feature"},{"geometry":{"coordinates":[26.099125756,35.186187279],"type":"Point"},"properties":{"candidate_anomaly":false,"confidence_workflow_usability_band":"medium","coordinate_basis":"canonical_wgs84","element":"Cu","medium":"soil","record_id":"rec-55e149106308cbde3c714c22ccc354bead3253e1efb2080318834f77108cfeb7","source_id":"foregs-topsoil","unit":"mg/kg","value":14.0},"type":"Feature"},{"geometry":{"coordinates":[23.83,35.5],"type":"Point"},"properties":{"candidate_anomaly":false,"confidence_workflow_usability_band":"medium","coordinate_basis":"canonical_wgs84","element":"As","medium":"soil","record_id":"rec-3f81ccbe7a9ce95c1074c243f7045ed3b94f4e65e44e9a969c9e0b6dcadc623e","source_id":"foregs-subsoil","unit":"mg/kg","value":2.5},"type":"Feature"},{"geometry":{"coordinates":[23.83,35.5],"type":"Point"},"properties":{"candidate_anomaly":false,"confidence_workflow_usability_band":"medium","coordinate_basis":"canonical_wgs84","element":"Cu","medium":"soil","record_id":"rec-d1e8224f7dabbdc86babd3cc2acec65e3f832247c2a507655450c63a2eed3252","source_id":"foregs-subsoil","unit":"mg/kg","value":21.0},"type":"Feature"},{"geometry":{"coordinates":[23.83,35.5],"type":"Point"},"properties":{"candidate_anomaly":false,"confidence_workflow_usability_band":"medium","coordinate_basis":"canonical_wgs84","element":"Ni","medium":"soil","record_id":"rec-6567d18ede616cbb5dec59c1695c62cc3598d29db78c9708791d7849ee753dee","source_id":"foregs-subsoil","unit":"mg/kg","value":53.0},"type":"Feature"},{"geometry":{"coordinates":[23.83,35.5],"type":"Point"},"properties":{"candidate_anomaly":false,"confidence_workflow_usability_band":"medium","coordinate_basis":"canonical_wgs84","element":"Zn","medium":"soil","record_id":"rec-13090cc31c66913af973f06e51617cbfb5e2a0c49011a0f238e833e98f8fb596","source_id":"foregs-subsoil","unit":"mg/kg","value":34.0},"type":"Feature"},{"geometry":{"coordinates":[24.67,35.4],"type":"Point"},"properties":{"candidate_anomaly":false,"confidence_workflow_usability_band":"medium","coordinate_basis":"canonical_wgs84","element":"As","medium":"soil","record_id":"rec-06d6f453a75da04fec00141d877b1d7120ec9be77510b0935f7e8219ee6def2b","source_id":"foregs-subsoil","unit":"mg/kg","value":11.0},"type":"Feature"},{"geometry":{"coordinates":[24.67,35.4],"type":"Point"},"properties":{"candidate_anomaly":false,"confidence_workflow_usability_band":"medium","coordinate_basis":"canonical_wgs84","element":"Cu","medium":"soil","record_id":"rec-fd3709e796405517f13c15d11089580a124b6034996bddbd2ead8acec2482e39","source_id":"foregs-subsoil","unit":"mg/kg","value":20.0},"type":"Feature"},{"geometry":{"coordinates":[24.67,35.4],"type":"Point"},"properties":{"candidate_anomaly":false,"confidence_workflow_usability_band":"medium","coordinate_basis":"canonical_wgs84","element":"Ni","medium":"soil","record_id":"rec-d388dac310efb46542fa862ea2bf30f6e83d352a5a00e37503b937cee14977ab","source_id":"foregs-subsoil","unit":"mg/kg","value":37.0},"type":"Feature"},{"geometry":{"coordinates":[24.67,35.4],"type":"Point"},"properties":{"candidate_anomaly":false,"confidence_workflow_usability_band":"medium","coordinate_basis":"canonical_wgs84","element":"Zn","medium":"soil","record_id":"rec-580e9a33fe2c382a5c65335b996d75556d0900ebe22a62c4d19230cceba05366","source_id":"foregs-subsoil","unit":"mg/kg","value":35.0},"type":"Feature"},{"geometry":{"coordinates":[25.28,35.04],"type":"Point"},"properties":{"candidate_anomaly":false,"confidence_workflow_usability_band":"medium","coordinate_basis":"canonical_wgs84","element":"As","medium":"soil","record_id":"rec-3d486c1740e456d61ac50fe93c615a7700af71dfff03016b64022a0868f73894","source_id":"foregs-subsoil","unit":"mg/kg","value":6.0},"type":"Feature"},{"geometry":{"coordinates":[25.28,35.04],"type":"Point"},"properties":{"candidate_anomaly":false,"confidence_workflow_usability_band":"medium","coordinate_basis":"canonical_wgs84","element":"Cu","medium":"soil","record_id":"rec-61a342ce097e3d51b069a532bb3956abdb65d2d3638e4b76097b362ff2c0cdb4","source_id":"foregs-subsoil","unit":"mg/kg","value":31.0},"type":"Feature"},{"geometry":{"coordinates":[25.28,35.04],"type":"Point"},"properties":{"candidate_anomaly":false,"confidence_workflow_usability_band":"medium","coordinate_basis":"canonical_wgs84","element":"Ni","medium":"soil","record_id":"rec-37c038ead54350509ebdac3722c152b68995e8c430e697c22c7e5ad4a7da1b59","source_id":"foregs-subsoil","unit":"mg/kg","value":172.0},"type":"Feature"},{"geometry":{"coordinates":[25.28,35.04],"type":"Point"},"properties":{"candidate_anomaly":false,"confidence_workflow_usability_band":"medium","coordinate_basis":"canonical_wgs84","element":"Zn","medium":"soil","record_id":"rec-1310f5a7fff98c95bcb2b8e09b76df9d93d393488bc2d81367cdc70f6287ba96","source_id":"foregs-subsoil","unit":"mg/kg","value":59.0},"type":"Feature"},{"geometry":{"coordinates":[25.2,35.27],"type":"Point"},"properties":{"candidate_anomaly":false,"confidence_workflow_usability_band":"medium","coordinate_basis":"canonical_wgs84","element":"As","medium":"soil","record_id":"rec-206155772afdf895cd9b896a7f1414e5fd71a27c0ed1c9721bed33ae84977f29","source_id":"foregs-subsoil","unit":"mg/kg","value":2.5},"type":"Feature"},{"geometry":{"coordinates":[25.2,35.27],"type":"Point"},"properties":{"candidate_anomaly":false,"confidence_workflow_usability_band":"medium","coordinate_basis":"canonical_wgs84","element":"Cu","medium":"soil","record_id":"rec-237904acfbee258a07590786df04e07570c7bd02992793c84955964696e96c58","source_id":"foregs-subsoil","unit":"mg/kg","value":17.0},"type":"Feature"},{"geometry":{"coordinates":[25.2,35.27],"type":"Point"},"properties":{"candidate_anomaly":false,"confidence_workflow_usability_band":"medium","coordinate_basis":"canonical_wgs84","element":"Ni","medium":"soil","record_id":"rec-732033b568114d759a0e49f359dafa8c36c3ad36c2e2962d8a171c2fb788f018","source_id":"foregs-subsoil","unit":"mg/kg","value":53.0},"type":"Feature"},{"geometry":{"coordinates":[25.2,35.27],"type":"Point"},"properties":{"candidate_anomaly":false,"confidence_workflow_usability_band":"medium","coordinate_basis":"canonical_wgs84","element":"Zn","medium":"soil","record_id":"rec-19caa899a77ccc3016d12d9afcc5542c6caa406d0b49e767722e212c83e67123","source_id":"foregs-subsoil","unit":"mg/kg","value":30.0},"type":"Feature"},{"geometry":{"coordinates":[26.1,35.19],"type":"Point"},"properties":{"candidate_anomaly":false,"confidence_workflow_usability_band":"medium","coordinate_basis":"canonical_wgs84","element":"As","medium":"soil","record_id":"rec-80071e5b9020113ce0e4b259d8fa3369bb9232b59cc020d5f667662d39eb490d","source_id":"foregs-subsoil","unit":"mg/kg","value":6.0},"type":"Feature"},{"geometry":{"coordinates":[26.1,35.19],"type":"Point"},"properties":{"candidate_anomaly":false,"confidence_workflow_usability_band":"medium","coordinate_basis":"canonical_wgs84","element":"Cu","medium":"soil","record_id":"rec-6ee6377f2b4df2d64b0dd3c70d56eb6e13c9fe774b1979b012839bbd06cf0e61","source_id":"foregs-subsoil","unit":"mg/kg","value":21.0},"type":"Feature"},{"geometry":{"coordinates":[26.1,35.19],"type":"Point"},"properties":{"candidate_anomaly":false,"confidence_workflow_usability_band":"medium","coordinate_basis":"canonical_wgs84","element":"Ni","medium":"soil","record_id":"rec-bca3691a3d2a2f30f6c7e9160f60ab9a613bc52f36f6bb0526a4cdc6e23e3e02","source_id":"foregs-subsoil","unit":"mg/kg","value":35.0},"type":"Feature"},{"geometry":{"coordinates":[26.1,35.19],"type":"Point"},"properties":{"candidate_anomaly":false,"confidence_workflow_usability_band":"medium","coordinate_basis":"canonical_wgs84","element":"Zn","medium":"soil","record_id":"rec-fa253a36b81e965fb33e4a93e4f2d9733dff531afdbe8df9159e69f957a70238","source_id":"foregs-subsoil","unit":"mg/kg","value":47.0},"type":"Feature"},{"geometry":{"coordinates":[13.75,37.48],"type":"Point"},"properties":{"candidate_anomaly":false,"confidence_workflow_usability_band":"medium","coordinate_basis":"canonical_wgs84","element":"As","medium":"soil","record_id":"rec-851838eae46dd211095d1bf475518dcfae5cc2fc9c705e3b2ad5dbced56d7e88","source_id":"foregs-subsoil","unit":"mg/kg","value":7.0},"type":"Feature"},{"geometry":{"coordinates":[13.75,37.48],"type":"Point"},"properties":{"candidate_anomaly":false,"confidence_workflow_usability_band":"medium","coordinate_basis":"canonical_wgs84","element":"Cu","medium":"soil","record_id":"rec-771809559752c94207a7d123e6f03f40c8aec2993f0f1f378c2a43f533d47bee","source_id":"foregs-subsoil","unit":"mg/kg","value":13.0},"type":"Feature"},{"geometry":{"coordinates":[13.75,37.48],"type":"Point"},"properties":{"candidate_anomaly":false,"confidence_workflow_usability_band":"medium","coordinate_basis":"canonical_wgs84","element":"Ni","medium":"soil","record_id":"rec-2a247a6a6c42e2f2d8ff563a23f4d54b4e02f497f4f197e3a12d85b8d184cb54","source_id":"foregs-subsoil","unit":"mg/kg","value":21.0},"type":"Feature"},{"geometry":{"coordinates":[13.75,37.48],"type":"Point"},"properties":{"candidate_anomaly":false,"confidence_workflow_usability_band":"medium","coordinate_basis":"canonical_wgs84","element":"Zn","medium":"soil","record_id":"rec-9b1b7bc3ffd32a0cf75b2071d7f007bd529e80efed90d7363528d279ae8b9ebb","source_id":"foregs-subsoil","unit":"mg/kg","value":44.0},"type":"Feature"},{"geometry":{"coordinates":[23.826111943,35.49645002],"type":"Point"},"properties":{"candidate_anomaly":false,"confidence_workflow_usability_band":"medium","coordinate_basis":"canonical_wgs84","element":"Zn","medium":"soil","record_id":"rec-f8eae993dc5d23ffef081d9bb356f14cfd361e2a9a6441932ea20f17c4d7eb38","source_id":"foregs-subsoil","unit":"mg/kg","value":36.0},"type":"Feature"},{"geometry":{"coordinates":[24.67156107,35.40422557],"type":"Point"},"properties":{"candidate_anomaly":false,"confidence_workflow_usability_band":"medium","coordinate_basis":"canonical_wgs84","element":"Zn","medium":"soil","record_id":"rec-58664ab0bf12258a6bc8db713db657580e0e75e9bb35744ceadb93b23a9687b8","source_id":"foregs-subsoil","unit":"mg/kg","value":43.0},"type":"Feature"},{"geometry":{"coordinates":[25.28311772,35.043132637],"type":"Point"},"properties":{"candidate_anomaly":false,"confidence_workflow_usability_band":"medium","coordinate_basis":"canonical_wgs84","element":"Zn","medium":"soil","record_id":"rec-39cdb8d7ca1f0f4e69f0101d5487d1dba24ba20d1b1bf0aa7dbebfe4a1e927ea","source_id":"foregs-subsoil","unit":"mg/kg","value":59.0},"type":"Feature"},{"geometry":{"coordinates":[25.195870096,35.269707429],"type":"Point"},"properties":{"candidate_anomaly":false,"confidence_workflow_usability_band":"medium","coordinate_basis":"canonical_wgs84","element":"Zn","medium":"soil","record_id":"rec-0dd091155963e6fac1e2fccbdfa940024ea586b4d236acd85acbea421a255d23","source_id":"foregs-subsoil","unit":"mg/kg","value":27.0},"type":"Feature"},{"geometry":{"coordinates":[26.099125756,35.186187279],"type":"Point"},"properties":{"candidate_anomaly":false,"confidence_workflow_usability_band":"medium","coordinate_basis":"canonical_wgs84","element":"Zn","medium":"soil","record_id":"rec-ae77fa6ea71be3be1177669eb4e07d8d12621950d136b56ab2759b50318e6837","source_id":"foregs-subsoil","unit":"mg/kg","value":47.0},"type":"Feature"},{"geometry":{"coordinates":[13.75,37.48],"type":"Point"},"properties":{"candidate_anomaly":false,"confidence_workflow_usability_band":"medium","coordinate_basis":"canonical_wgs84","element":"Zn","medium":"soil","record_id":"rec-c62ad4341691e09c208fd5c7a2e6ca16b349697910bb49d7355f89bf7679544a","source_id":"foregs-subsoil","unit":"mg/kg","value":43.0},"type":"Feature"},{"geometry":{"coordinates":[23.826111943,35.49645002],"type":"Point"},"properties":{"candidate_anomaly":false,"confidence_workflow_usability_band":"medium","coordinate_basis":"canonical_wgs84","element":"Ni","medium":"soil","record_id":"rec-52267dd8aa4ac93efb68addc507f1b137992f572765b6dd7b618d603bf6d5293","source_id":"foregs-subsoil","unit":"mg/kg","value":57.2},"type":"Feature"},{"geometry":{"coordinates":[24.67156107,35.40422557],"type":"Point"},"properties":{"candidate_anomaly":false,"confidence_workflow_usability_band":"medium","coordinate_basis":"canonical_wgs84","element":"Ni","medium":"soil","record_id":"rec-496d922551eacb40aaa38bc2cb669cdca8f23ab5b180e52ab52a01ae91a979db","source_id":"foregs-subsoil","unit":"mg/kg","value":48.9},"type":"Feature"},{"geometry":{"coordinates":[25.28311772,35.043132637],"type":"Point"},"properties":{"candidate_anomaly":false,"confidence_workflow_usability_band":"medium","coordinate_basis":"canonical_wgs84","element":"Ni","medium":"soil","record_id":"rec-893fe99c514ba2f8e7f6034e181ef740db6ec37d19e308aa7aa8cc97dceb02b8","source_id":"foregs-subsoil","unit":"mg/kg","value":186.0},"type":"Feature"},{"geometry":{"coordinates":[25.195870096,35.269707429],"type":"Point"},"properties":{"candidate_anomaly":false,"confidence_workflow_usability_band":"medium","coordinate_basis":"canonical_wgs84","element":"Ni","medium":"soil","record_id":"rec-9d741faa21f33d946256d89637151961ed1ef8c2069e2befd660f4b9d8a6f88c","source_id":"foregs-subsoil","unit":"mg/kg","value":52.4},"type":"Feature"},{"geometry":{"coordinates":[26.099125756,35.186187279],"type":"Point"},"properties":{"candidate_anomaly":false,"confidence_workflow_usability_band":"medium","coordinate_basis":"canonical_wgs84","element":"Ni","medium":"soil","record_id":"rec-6106257d99f882c7d9c77561d9ea2a3a8b10b35969f932fb0f524567272954fe","source_id":"foregs-subsoil","unit":"mg/kg","value":38.1},"type":"Feature"},{"geometry":{"coordinates":[13.75,37.48],"type":"Point"},"properties":{"candidate_anomaly":false,"confidence_workflow_usability_band":"medium","coordinate_basis":"canonical_wgs84","element":"Ni","medium":"soil","record_id":"rec-507744e8894b672b540b9960e3dfe25eb04274384bcb569b789fb7552ea9d936","source_id":"foregs-subsoil","unit":"mg/kg","value":25.5},"type":"Feature"},{"geometry":{"coordinates":[23.83,35.5],"type":"Point"},"properties":{"candidate_anomaly":false,"confidence_workflow_usability_band":"medium","coordinate_basis":"canonical_wgs84","element":"As","medium":"soil","record_id":"rec-79cc14eda1a3ae8d9c92f26f693c59a1a88c2bfb066bda44681ec487d4eaf4fd","source_id":"foregs-subsoil","unit":"mg/kg","value":3.33},"type":"Feature"},{"geometry":{"coordinates":[23.83,35.5],"type":"Point"},"properties":{"candidate_anomaly":false,"confidence_workflow_usability_band":"medium","coordinate_basis":"canonical_wgs84","element":"Cu","medium":"soil","record_id":"rec-4cba7465672302e8e96dccaa890a1858608abac2cd90e601439d29412f62d39d","source_id":"foregs-subsoil","unit":"mg/kg","value":16.7},"type":"Feature"},{"geometry":{"coordinates":[24.67,35.4],"type":"Point"},"properties":{"candidate_anomaly":false,"confidence_workflow_usability_band":"medium","coordinate_basis":"canonical_wgs84","element":"As","medium":"soil","record_id":"rec-6283ee9e28fc6f5d482822d44485db9a87c5f9cf98a433993ffc3f923eace2d7","source_id":"foregs-subsoil","unit":"mg/kg","value":11.1},"type":"Feature"},{"geometry":{"coordinates":[24.67,35.4],"type":"Point"},"properties":{"candidate_anomaly":false,"confidence_workflow_usability_band":"medium","coordinate_basis":"canonical_wgs84","element":"Cu","medium":"soil","record_id":"rec-c46d7d46165c3f5c77ae093e39670c7221ec190dbe2a7cba7efcf892c6a7cbb7","source_id":"foregs-subsoil","unit":"mg/kg","value":16.1},"type":"Feature"},{"geometry":{"coordinates":[25.28,35.04],"type":"Point"},"properties":{"candidate_anomaly":false,"confidence_workflow_usability_band":"medium","coordinate_basis":"canonical_wgs84","element":"As","medium":"soil","record_id":"rec-eb45edfa0fdff79107e11b5981d620ba470a353d2008baee3a5c5d95520f1d3f","source_id":"foregs-subsoil","unit":"mg/kg","value":7.04},"type":"Feature"},{"geometry":{"coordinates":[25.28,35.04],"type":"Point"},"properties":{"candidate_anomaly":false,"confidence_workflow_usability_band":"medium","coordinate_basis":"canonical_wgs84","element":"Cu","medium":"soil","record_id":"rec-ccf8767100e36acf7646b22fa04e12e862c2904195fef3db21c84a7cc0ddd0a4","source_id":"foregs-subsoil","unit":"mg/kg","value":25.3},"type":"Feature"},{"geometry":{"coordinates":[25.2,35.27],"type":"Point"},"properties":{"candidate_anomaly":false,"confidence_workflow_usability_band":"medium","coordinate_basis":"canonical_wgs84","element":"As","medium":"soil","record_id":"rec-3f60581ea689fc276e9adba8c87598e446549f030e907f5f9ce971d10f727889","source_id":"foregs-subsoil","unit":"mg/kg","value":4.22},"type":"Feature"},{"geometry":{"coordinates":[25.2,35.27],"type":"Point"},"properties":{"candidate_anomaly":false,"confidence_workflow_usability_band":"medium","coordinate_basis":"canonical_wgs84","element":"Cu","medium":"soil","record_id":"rec-efd171b31034c0e8f57f574b46d79f63b25b1e1658a879d45ee76ca7ec1d1484","source_id":"foregs-subsoil","unit":"mg/kg","value":11.0},"type":"Feature"},{"geometry":{"coordinates":[26.1,35.19],"type":"Point"},"properties":{"candidate_anomaly":false,"confidence_workflow_usability_band":"medium","coordinate_basis":"canonical_wgs84","element":"As","medium":"soil","record_id":"rec-b98eebb28dadfbc9538a2738edc9c3767a3ace62ae8f3e37a472bb27b2b3a174","source_id":"foregs-subsoil","unit":"mg/kg","value":8.73},"type":"Feature"},{"geometry":{"coordinates":[26.1,35.19],"type":"Point"},"properties":{"candidate_anomaly":false,"confidence_workflow_usability_band":"medium","coordinate_basis":"canonical_wgs84","element":"Cu","medium":"soil","record_id":"rec-aa6b0043d2f226362b55a734453ce954f6d1a48f907a76f5923004a2507870d4","source_id":"foregs-subsoil","unit":"mg/kg","value":15.0},"type":"Feature"},{"geometry":{"coordinates":[13.75,37.48],"type":"Point"},"properties":{"candidate_anomaly":false,"confidence_workflow_usability_band":"medium","coordinate_basis":"canonical_wgs84","element":"As","medium":"soil","record_id":"rec-57504a5edc5ae139f7666ad38b4e23b8c16be7aca0aaac922c395379524cbca4","source_id":"foregs-subsoil","unit":"mg/kg","value":5.27},"type":"Feature"},{"geometry":{"coordinates":[13.75,37.48],"type":"Point"},"properties":{"candidate_anomaly":false,"confidence_workflow_usability_band":"medium","coordinate_basis":"canonical_wgs84","element":"Cu","medium":"soil","record_id":"rec-2cefb59236050d3f8b9ed91bd2a1e5ffccdd862428f3a8ea3c6e90b337efdfd3","source_id":"foregs-subsoil","unit":"mg/kg","value":7.73},"type":"Feature"},{"geometry":{"coordinates":[2.03,44.96],"type":"Point"},"properties":{"candidate_anomaly":false,"confidence_workflow_usability_band":"medium","coordinate_basis":"canonical_wgs84","element":"Cu","medium":"soil","record_id":"rec-f90a2402121ba5f4f96a9fb5220b30ffdd38d826d3ba316c723a12fe38da2d61","source_id":"foregs-humus","unit":"mg/kg","value":3.7},"type":"Feature"},{"geometry":{"coordinates":[2.03,44.96],"type":"Point"},"properties":{"candidate_anomaly":false,"confidence_workflow_usability_band":"medium","coordinate_basis":"canonical_wgs84","element":"Ni","medium":"soil","record_id":"rec-118dc8bc0884fc978f377249e63748ad369a0ba8260ed82313bacf42ca330754","source_id":"foregs-humus","unit":"mg/kg","value":2.1},"type":"Feature"},{"geometry":{"coordinates":[2.03,44.96],"type":"Point"},"properties":{"candidate_anomaly":false,"confidence_workflow_usability_band":"medium","coordinate_basis":"canonical_wgs84","element":"Zn","medium":"soil","record_id":"rec-b5fa2c8dd81423b1ac5997e7698f6e71817c972641bc6828e7bc031f5e4d656e","source_id":"foregs-humus","unit":"mg/kg","value":15.2},"type":"Feature"},{"geometry":{"coordinates":[3.38,44.71],"type":"Point"},"properties":{"candidate_anomaly":false,"confidence_workflow_usability_band":"medium","coordinate_basis":"canonical_wgs84","element":"Cu","medium":"soil","record_id":"rec-7822f98d4aa40a9e878cd2a48f39484c2691c0c17ccf126840e099ee6b9d3eb8","source_id":"foregs-humus","unit":"mg/kg","value":3.1},"type":"Feature"},{"geometry":{"coordinates":[3.38,44.71],"type":"Point"},"properties":{"candidate_anomaly":false,"confidence_workflow_usability_band":"medium","coordinate_basis":"canonical_wgs84","element":"Ni","medium":"soil","record_id":"rec-94c6ec69855f2729ea7bf42a2724706e8936c85519ec4a3a3977c035732ece39","source_id":"foregs-humus","unit":"mg/kg","value":1.9},"type":"Feature"},{"geometry":{"coordinates":[3.38,44.71],"type":"Point"},"properties":{"candidate_anomaly":false,"confidence_workflow_usability_band":"medium","coordinate_basis":"canonical_wgs84","element":"Zn","medium":"soil","record_id":"rec-1464cd9029d6f9c5e032a2dec9c5a2119e53cf3c201d96862916668a7a9453a4","source_id":"foregs-humus","unit":"mg/kg","value":19.8},"type":"Feature"},{"geometry":{"coordinates":[6.65,44.67],"type":"Point"},"properties":{"candidate_anomaly":false,"confidence_workflow_usability_band":"medium","coordinate_basis":"canonical_wgs84","element":"Cu","medium":"soil","record_id":"rec-875b6388f2c7d3aa5e0f70ce6548d1b3f77db2babeb3943c7ee372f45dd0ce61","source_id":"foregs-humus","unit":"mg/kg","value":8.4},"type":"Feature"},{"geometry":{"coordinates":[6.65,44.67],"type":"Point"},"properties":{"candidate_anomaly":false,"confidence_workflow_usability_band":"medium","coordinate_basis":"canonical_wgs84","element":"Ni","medium":"soil","record_id":"rec-4d44bcee13a64753c9033f38f4313075ee86b011a85be29f04e924740b510150","source_id":"foregs-humus","unit":"mg/kg","value":9.1},"type":"Feature"},{"geometry":{"coordinates":[6.65,44.67],"type":"Point"},"properties":{"candidate_anomaly":false,"confidence_workflow_usability_band":"medium","coordinate_basis":"canonical_wgs84","element":"Zn","medium":"soil","record_id":"rec-c051816f698f5b4389029dd5e96b295a646110166c7710606f96ecf78707eb4c","source_id":"foregs-humus","unit":"mg/kg","value":36.2},"type":"Feature"},{"geometry":{"coordinates":[10.13,44.18],"type":"Point"},"properties":{"candidate_anomaly":false,"confidence_workflow_usability_band":"medium","coordinate_basis":"canonical_wgs84","element":"Cu","medium":"soil","record_id":"rec-f4becae44b99fd9f8cdfb54fd9e69a24438ec93879dc415e39d94d0b5def0ce9","source_id":"foregs-humus","unit":"mg/kg","value":23.1},"type":"Feature"},{"geometry":{"coordinates":[10.13,44.18],"type":"Point"},"properties":{"candidate_anomaly":false,"confidence_workflow_usability_band":"medium","coordinate_basis":"canonical_wgs84","element":"Ni","medium":"soil","record_id":"rec-94d19842979892a2f2d14ecdb7d1dc67c2c4d8ff0e384ae09ab666533b8bf772","source_id":"foregs-humus","unit":"mg/kg","value":13.9},"type":"Feature"},{"geometry":{"coordinates":[10.13,44.18],"type":"Point"},"properties":{"candidate_anomaly":false,"confidence_workflow_usability_band":"medium","coordinate_basis":"canonical_wgs84","element":"Zn","medium":"soil","record_id":"rec-0117cc21717f995148101dbf92785ad8c8e1a66cce796b47c2f8612c96627908","source_id":"foregs-humus","unit":"mg/kg","value":72.6},"type":"Feature"},{"geometry":{"coordinates":[-0.78,44.43],"type":"Point"},"properties":{"candidate_anomaly":false,"confidence_workflow_usability_band":"medium","coordinate_basis":"canonical_wgs84","element":"Cu","medium":"soil","record_id":"rec-e6dfbe07e70b6109e61d65da0b913031a380d7ee24b1d68fc9b6117729cf9184","source_id":"foregs-humus","unit":"mg/kg","value":1.0},"type":"Feature"},{"geometry":{"coordinates":[-0.78,44.43],"type":"Point"},"properties":{"candidate_anomaly":false,"confidence_workflow_usability_band":"medium","coordinate_basis":"canonical_wgs84","element":"Ni","medium":"soil","record_id":"rec-98c3423cd08522c65de052269ca6877bdcafc6ff22a2e35645f0697c3fb181dc","source_id":"foregs-humus","unit":"mg/kg","value":0.7},"type":"Feature"},{"geometry":{"coordinates":[-0.78,44.43],"type":"Point"},"properties":{"candidate_anomaly":false,"confidence_workflow_usability_band":"medium","coordinate_basis":"canonical_wgs84","element":"Zn","medium":"soil","record_id":"rec-43c6d6a38a6e6d49dc7ebb4378cd4167afb815c26e13517a81994799d513145e","source_id":"foregs-humus","unit":"mg/kg","value":5.8},"type":"Feature"},{"geometry":{"coordinates":[-0.09,44.26],"type":"Point"},"properties":{"candidate_anomaly":false,"confidence_workflow_usability_band":"medium","coordinate_basis":"canonical_wgs84","element":"Cu","medium":"soil","record_id":"rec-f541b62c0ba033e429321439f04e5f377b8fa834d6b86742b5da2645866ee91d","source_id":"foregs-humus","unit":"mg/kg","value":0.6},"type":"Feature"},{"geometry":{"coordinates":[-0.09,44.26],"type":"Point"},"properties":{"candidate_anomaly":false,"confidence_workflow_usability_band":"medium","coordinate_basis":"canonical_wgs84","element":"Ni","medium":"soil","record_id":"rec-211be4150bb74db016d3f069daad0df7ace174d781b94d053383de6e2e5f4ed8","source_id":"foregs-humus","unit":"mg/kg","value":0.15},"type":"Feature"},{"geometry":{"coordinates":[-0.09,44.26],"type":"Point"},"properties":{"candidate_anomaly":false,"confidence_workflow_usability_band":"medium","coordinate_basis":"canonical_wgs84","element":"Zn","medium":"soil","record_id":"rec-a077bd0b4f9f727975d44e52b7063939a00c0e911b3a7711dc0942734bfd7a01","source_id":"foregs-humus","unit":"mg/kg","value":3.5},"type":"Feature"},{"geometry":{"coordinates":[1.43,46.11],"type":"Point"},"properties":{"candidate_anomaly":false,"confidence_workflow_usability_band":"medium","coordinate_basis":"canonical_wgs84","element":"Cu","medium":"soil","record_id":"rec-44264af143fe44d71d9c9c4d812182c9d8fa8cf934277ccac40933ce184617f8","source_id":"foregs-humus","unit":"mg/kg","value":3.1},"type":"Feature"},{"geometry":{"coordinates":[1.43,46.11],"type":"Point"},"properties":{"candidate_anomaly":false,"confidence_workflow_usability_band":"medium","coordinate_basis":"canonical_wgs84","element":"Ni","medium":"soil","record_id":"rec-0e308b357e6ccc9643cec855e4c9a5f0fade1ea639816c63a83a9cd406b4d547","source_id":"foregs-humus","unit":"mg/kg","value":1.1},"type":"Feature"},{"geometry":{"coordinates":[1.43,46.11],"type":"Point"},"properties":{"candidate_anomaly":false,"confidence_workflow_usability_band":"medium","coordinate_basis":"canonical_wgs84","element":"Zn","medium":"soil","record_id":"rec-9644e7f942bc3a2747a26e0a45a0dfc0651a1f3c02e68bd0f05befadc8a46ddb","source_id":"foregs-humus","unit":"mg/kg","value":5.4},"type":"Feature"},{"geometry":{"coordinates":[0.6,45.66],"type":"Point"},"properties":{"candidate_anomaly":false,"confidence_workflow_usability_band":"medium","coordinate_basis":"canonical_wgs84","element":"Cu","medium":"soil","record_id":"rec-ee75f3a39b397b151a1e48664324ff3fed7476b1b6d68c85d78e153082a99277","source_id":"foregs-humus","unit":"mg/kg","value":3.9},"type":"Feature"},{"geometry":{"coordinates":[0.6,45.66],"type":"Point"},"properties":{"candidate_anomaly":false,"confidence_workflow_usability_band":"medium","coordinate_basis":"canonical_wgs84","element":"Ni","medium":"soil","record_id":"rec-ab8af79e70c2359d72460c78db7e8cf28f90df07a44fdef85cb8102aed3cfd96","source_id":"foregs-humus","unit":"mg/kg","value":2.0},"type":"Feature"},{"geometry":{"coordinates":[0.6,45.66],"type":"Point"},"properties":{"candidate_anomaly":false,"confidence_workflow_usability_band":"medium","coordinate_basis":"canonical_wgs84","element":"Zn","medium":"soil","record_id":"rec-cef6957ed020fff684c92c2ff3b902da124b251498cb6a9ecc4212b079d53203","source_id":"foregs-humus","unit":"mg/kg","value":16.3},"type":"Feature"},{"geometry":{"coordinates":[1.64,45.18],"type":"Point"},"properties":{"candidate_anomaly":false,"confidence_workflow_usability_band":"medium","coordinate_basis":"canonical_wgs84","element":"Cu","medium":"soil","record_id":"rec-dacc71cb4274a52eb0e8f048643412f2c4aca6fec85346e298339c6bf3ccaf4f","source_id":"foregs-humus","unit":"mg/kg","value":4.3},"type":"Feature"},{"geometry":{"coordinates":[1.64,45.18],"type":"Point"},"properties":{"candidate_anomaly":false,"confidence_workflow_usability_band":"medium","coordinate_basis":"canonical_wgs84","element":"Ni","medium":"soil","record_id":"rec-0b7cbbedd503952ec0529e5f5b397368e973e2edee6d7064ec10cdf1339a5828","source_id":"foregs-humus","unit":"mg/kg","value":2.6},"type":"Feature"},{"geometry":{"coordinates":[1.64,45.18],"type":"Point"},"properties":{"candidate_anomaly":false,"confidence_workflow_usability_band":"medium","coordinate_basis":"canonical_wgs84","element":"Zn","medium":"soil","record_id":"rec-2e7614a9420433c930495b7e1e3824681917741be262eacb719d2c88d7275c1d","source_id":"foregs-humus","unit":"mg/kg","value":19.1},"type":"Feature"},{"geometry":{"coordinates":[2.75,45.33],"type":"Point"},"properties":{"candidate_anomaly":false,"confidence_workflow_usability_band":"medium","coordinate_basis":"canonical_wgs84","element":"Cu","medium":"soil","record_id":"rec-b093c46d587d706f3af7c3059907593d913a1970ff20ac07344b15a03de1f317","source_id":"foregs-humus","unit":"mg/kg","value":4.1},"type":"Feature"},{"geometry":{"coordinates":[2.75,45.33],"type":"Point"},"properties":{"candidate_anomaly":false,"confidence_workflow_usability_band":"medium","coordinate_basis":"canonical_wgs84","element":"Ni","medium":"soil","record_id":"rec-8c70b253e7f30a555e8d5d9dbe13d0526ae301b78672b4e08622db2d5240cd5d","source_id":"foregs-humus","unit":"mg/kg","value":2.5},"type":"Feature"},{"geometry":{"coordinates":[2.75,45.33],"type":"Point"},"properties":{"candidate_anomaly":false,"confidence_workflow_usability_band":"medium","coordinate_basis":"canonical_wgs84","element":"Zn","medium":"soil","record_id":"rec-5a37621a84c12ed8881a4467c9e6d1c7faa2f04792bb66ece76b108ab6bec183","source_id":"foregs-humus","unit":"mg/kg","value":7.1},"type":"Feature"},{"geometry":{"coordinates":[9.77,46.31],"type":"Point"},"properties":{"candidate_anomaly":false,"confidence_workflow_usability_band":"medium","coordinate_basis":"canonical_wgs84","element":"Cu","medium":"soil","record_id":"rec-2414114ebdffc7047dde9080ed29cb59d4ebf90ac1dd29a11c2f47dd2af214df","source_id":"foregs-humus","unit":"mg/kg","value":15.2},"type":"Feature"},{"geometry":{"coordinates":[9.77,46.31],"type":"Point"},"properties":{"candidate_anomaly":false,"confidence_workflow_usability_band":"medium","coordinate_basis":"canonical_wgs84","element":"Ni","medium":"soil","record_id":"rec-4f033f967f72a97bbd220179e3d44d904a92d8f611be1aa6004eeb8d099ec8eb","source_id":"foregs-humus","unit":"mg/kg","value":25.3},"type":"Feature"},{"geometry":{"coordinates":[9.77,46.31],"type":"Point"},"properties":{"candidate_anomaly":false,"confidence_workflow_usability_band":"medium","coordinate_basis":"canonical_wgs84","element":"Zn","medium":"soil","record_id":"rec-eee041616ae986440bb366e982c78aa4a9664f5be8cd8a1f62b4c646ce8ad1d4","source_id":"foregs-humus","unit":"mg/kg","value":110.2},"type":"Feature"},{"geometry":{"coordinates":[8.19,46.24],"type":"Point"},"properties":{"candidate_anomaly":false,"confidence_workflow_usability_band":"medium","coordinate_basis":"canonical_wgs84","element":"Cu","medium":"soil","record_id":"rec-67f51f394da80255c36750a1b58a98a511d94b64ce641edda69f2f0931887b52","source_id":"foregs-humus","unit":"mg/kg","value":16.2},"type":"Feature"},{"geometry":{"coordinates":[8.19,46.24],"type":"Point"},"properties":{"candidate_anomaly":false,"confidence_workflow_usability_band":"medium","coordinate_basis":"canonical_wgs84","element":"Ni","medium":"soil","record_id":"rec-3f5baaf6b2a4dcc3dab4d7907efabbc7feedbc5d961b01ea3a9557851eb8ce87","source_id":"foregs-humus","unit":"mg/kg","value":7.2},"type":"Feature"},{"geometry":{"coordinates":[8.19,46.24],"type":"Point"},"properties":{"candidate_anomaly":false,"confidence_workflow_usability_band":"medium","coordinate_basis":"canonical_wgs84","element":"Zn","medium":"soil","record_id":"rec-c62fbdcd61e101d1dcbf6fbcdd5e1620a268e560ed503149975a93c3ef31a036","source_id":"foregs-humus","unit":"mg/kg","value":143.0},"type":"Feature"},{"geometry":{"coordinates":[7.96,45.58],"type":"Point"},"properties":{"candidate_anomaly":false,"confidence_workflow_usability_band":"medium","coordinate_basis":"canonical_wgs84","element":"Cu","medium":"soil","record_id":"rec-82b801237a077c9a8aaf2be015d51db94f59f6e65ea2a76f1e91091f9efb4362","source_id":"foregs-humus","unit":"mg/kg","value":12.0},"type":"Feature"},{"geometry":{"coordinates":[7.96,45.58],"type":"Point"},"properties":{"candidate_anomaly":false,"confidence_workflow_usability_band":"medium","coordinate_basis":"canonical_wgs84","element":"Ni","medium":"soil","record_id":"rec-1f68081cf82e58bcb6e600fe8cf5021502355644a3b26f772da487b3c1fc8dca","source_id":"foregs-humus","unit":"mg/kg","value":7.4},"type":"Feature"},{"geometry":{"coordinates":[7.96,45.58],"type":"Point"},"properties":{"candidate_anomaly":false,"confidence_workflow_usability_band":"medium","coordinate_basis":"canonical_wgs84","element":"Zn","medium":"soil","record_id":"rec-c0743acd6bcf3d76b1f44ceffe6706d140c1ded6e80c06e74248fbe37ccf517b","source_id":"foregs-humus","unit":"mg/kg","value":56.7},"type":"Feature"},{"geometry":{"coordinates":[9.81,45.81],"type":"Point"},"properties":{"candidate_anomaly":false,"confidence_workflow_usability_band":"medium","coordinate_basis":"canonical_wgs84","element":"Cu","medium":"soil","record_id":"rec-e609c76ff76970e516cd2a1ed5e1deb603999d0a80bd042adb30f499f17074f1","source_id":"foregs-humus","unit":"mg/kg","value":20.4},"type":"Feature"},{"geometry":{"coordinates":[9.81,45.81],"type":"Point"},"properties":{"candidate_anomaly":false,"confidence_workflow_usability_band":"medium","coordinate_basis":"canonical_wgs84","element":"Ni","medium":"soil","record_id":"rec-49bfa6e98f30b18d72caa27dda51f739ea2ad3d63ed2f86606ba89f29322f324","source_id":"foregs-humus","unit":"mg/kg","value":11.1},"type":"Feature"},{"geometry":{"coordinates":[9.81,45.81],"type":"Point"},"properties":{"candidate_anomaly":false,"confidence_workflow_usability_band":"medium","coordinate_basis":"canonical_wgs84","element":"Zn","medium":"soil","record_id":"rec-4e3bbdd8496db1fc3aa8bf4825e1725e5873cfe3917e1465fa24ef8438fbc0a8","source_id":"foregs-humus","unit":"mg/kg","value":162.3},"type":"Feature"},{"geometry":{"coordinates":[9.26,45.89],"type":"Point"},"properties":{"candidate_anomaly":false,"confidence_workflow_usability_band":"medium","coordinate_basis":"canonical_wgs84","element":"Cu","medium":"soil","record_id":"rec-037fe3811901d25c8d5ea32c7270e23494f82b82b6bfedd9bab5feb6d2fadd23","source_id":"foregs-humus","unit":"mg/kg","value":22.1},"type":"Feature"},{"geometry":{"coordinates":[9.26,45.89],"type":"Point"},"properties":{"candidate_anomaly":false,"confidence_workflow_usability_band":"medium","coordinate_basis":"canonical_wgs84","element":"Ni","medium":"soil","record_id":"rec-1083ff142db2dd48901ca51a778e2687965195fabd7e74523db5b0edf0feccb5","source_id":"foregs-humus","unit":"mg/kg","value":19.4},"type":"Feature"},{"geometry":{"coordinates":[9.26,45.89],"type":"Point"},"properties":{"candidate_anomaly":false,"confidence_workflow_usability_band":"medium","coordinate_basis":"canonical_wgs84","element":"Zn","medium":"soil","record_id":"rec-afc3efe7a28421a467493346a6f4cd0d33697f51e4b3032de2f9be6d18d8198d","source_id":"foregs-humus","unit":"mg/kg","value":178.9},"type":"Feature"},{"geometry":{"coordinates":[11.42,46.21],"type":"Point"},"properties":{"candidate_anomaly":false,"confidence_workflow_usability_band":"medium","coordinate_basis":"canonical_wgs84","element":"Cu","medium":"soil","record_id":"rec-32c8126a9278d6daae7a65584f9619c58364f7d5d13bdb569dead1c802aef6be","source_id":"foregs-humus","unit":"mg/kg","value":7.8},"type":"Feature"},{"geometry":{"coordinates":[11.42,46.21],"type":"Point"},"properties":{"candidate_anomaly":false,"confidence_workflow_usability_band":"medium","coordinate_basis":"canonical_wgs84","element":"Ni","medium":"soil","record_id":"rec-d3a984e921d889766bb60faeecc469a5425586885fa36a689e83a5a292f959a3","source_id":"foregs-humus","unit":"mg/kg","value":3.7},"type":"Feature"},{"geometry":{"coordinates":[11.42,46.21],"type":"Point"},"properties":{"candidate_anomaly":false,"confidence_workflow_usability_band":"medium","coordinate_basis":"canonical_wgs84","element":"Zn","medium":"soil","record_id":"rec-f34c8ee87ce4cc3781929befb7eb4b243408c9ccca4078ffef6e8f2fd17be852","source_id":"foregs-humus","unit":"mg/kg","value":50.3},"type":"Feature"},{"geometry":{"coordinates":[20.065,41.792],"type":"Point"},"properties":{"candidate_anomaly":false,"confidence_workflow_usability_band":"medium","coordinate_basis":"canonical_wgs84","element":"As","medium":"water","record_id":"rec-e35c4059338022201891116802ed9077497d0ca5c6d80cd062eb4ab6c14122e9","source_id":"foregs-stream-water","unit":"ug/L","value":0.12},"type":"Feature"},{"geometry":{"coordinates":[20.065,41.792],"type":"Point"},"properties":{"candidate_anomaly":false,"confidence_workflow_usability_band":"medium","coordinate_basis":"canonical_wgs84","element":"Cu","medium":"water","record_id":"rec-1817cd747b36e16a5e89011e921b87d4cd5ff23a858c05d28204a0bca3d084e2","source_id":"foregs-stream-water","unit":"ug/L","value":0.08},"type":"Feature"},{"geometry":{"coordinates":[20.065,41.792],"type":"Point"},"properties":{"candidate_anomaly":false,"confidence_workflow_usability_band":"medium","coordinate_basis":"canonical_wgs84","element":"Ni","medium":"water","record_id":"rec-34436ad304982dce48ec48df5d09e906448c4effeb5cc6a325eaa574b08170eb","source_id":"foregs-stream-water","unit":"ug/L","value":2.36},"type":"Feature"},{"geometry":{"coordinates":[20.065,41.792],"type":"Point"},"properties":{"candidate_anomaly":false,"confidence_workflow_usability_band":"medium","coordinate_basis":"canonical_wgs84","element":"Zn","medium":"water","record_id":"rec-d5cef813e71a7bcff7e51532a45e6b0e5e3b09434e7e79c364fd6add51eab532","source_id":"foregs-stream-water","unit":"ug/L","value":0.21},"type":"Feature"},{"geometry":{"coordinates":[20.182,40.918],"type":"Point"},"properties":{"candidate_anomaly":false,"confidence_workflow_usability_band":"medium","coordinate_basis":"canonical_wgs84","element":"As","medium":"water","record_id":"rec-7a90461c1b99ebfdfaffead4e9fab0f2355f4d63044c9132990222b112930dc3","source_id":"foregs-stream-water","unit":"ug/L","value":0.22},"type":"Feature"},{"geometry":{"coordinates":[20.182,40.918],"type":"Point"},"properties":{"candidate_anomaly":false,"confidence_workflow_usability_band":"medium","coordinate_basis":"canonical_wgs84","element":"Cu","medium":"water","record_id":"rec-7a3ae41654700b23223ef93cb582d1ab2e182ba7447b87b28afff65fbfd3fb2b","source_id":"foregs-stream-water","unit":"ug/L","value":0.22},"type":"Feature"},{"geometry":{"coordinates":[20.182,40.918],"type":"Point"},"properties":{"candidate_anomaly":false,"confidence_workflow_usability_band":"medium","coordinate_basis":"canonical_wgs84","element":"Ni","medium":"water","record_id":"rec-4c10b09d914ca335fed44f6ba370fa664dc1dbaec68b27268c3be320cae6c2e2","source_id":"foregs-stream-water","unit":"ug/L","value":2.53},"type":"Feature"},{"geometry":{"coordinates":[20.182,40.918],"type":"Point"},"properties":{"candidate_anomaly":false,"confidence_workflow_usability_band":"medium","coordinate_basis":"canonical_wgs84","element":"Zn","medium":"water","record_id":"rec-648bb39279bb94b549ce45714a54808d7066f3887ee402a1ac9cca18e1501b07","source_id":"foregs-stream-water","unit":"ug/L","value":0.13},"type":"Feature"},{"geometry":{"coordinates":[19.722,40.779],"type":"Point"},"properties":{"candidate_anomaly":false,"confidence_workflow_usability_band":"medium","coordinate_basis":"canonical_wgs84","element":"As","medium":"water","record_id":"rec-9d2a139e1530ef36ddf2316f18261fa15f7a611edad4b7b7d075dfa950ce4186","source_id":"foregs-stream-water","unit":"ug/L","value":0.67},"type":"Feature"},{"geometry":{"coordinates":[19.722,40.779],"type":"Point"},"properties":{"candidate_anomaly":false,"confidence_workflow_usability_band":"medium","coordinate_basis":"canonical_wgs84","element":"Cu","medium":"water","record_id":"rec-84daaef18f1fdcccc71580f423784a6e682c09ed507de4778468173630f74281","source_id":"foregs-stream-water","unit":"ug/L","value":1.0},"type":"Feature"},{"geometry":{"coordinates":[19.722,40.779],"type":"Point"},"properties":{"candidate_anomaly":false,"confidence_workflow_usability_band":"medium","coordinate_basis":"canonical_wgs84","element":"Ni","medium":"water","record_id":"rec-3d1aa7fe74ed5ff3cd4fad2dbe731d108429277fe1b8389ed74b2da37686b938","source_id":"foregs-stream-water","unit":"ug/L","value":3.01},"type":"Feature"},{"geometry":{"coordinates":[19.722,40.779],"type":"Point"},"properties":{"candidate_anomaly":false,"confidence_workflow_usability_band":"medium","coordinate_basis":"canonical_wgs84","element":"Zn","medium":"water","record_id":"rec-aa5e88b70c04d0d059558ead67e9a232044ccca062f2451e61404e94556b060a","source_id":"foregs-stream-water","unit":"ug/L","value":0.3},"type":"Feature"},{"geometry":{"coordinates":[11.56,47.73],"type":"Point"},"properties":{"candidate_anomaly":false,"confidence_workflow_usability_band":"medium","coordinate_basis":"canonical_wgs84","element":"As","medium":"water","record_id":"rec-13f0649a15d4623391bbaccb50c7147b69a6b32dfa0d3889f5c4473d5b4d18f2","source_id":"foregs-stream-water","unit":"ug/L","value":0.11},"type":"Feature"},{"geometry":{"coordinates":[11.56,47.73],"type":"Point"},"properties":{"candidate_anomaly":false,"confidence_workflow_usability_band":"medium","coordinate_basis":"canonical_wgs84","element":"Cu","medium":"water","record_id":"rec-2c3f342d770a14e8ce111d4a3fac0414c16f968c50a1eff470b2a93238d8916e","source_id":"foregs-stream-water","unit":"ug/L","value":0.41},"type":"Feature"},{"geometry":{"coordinates":[11.56,47.73],"type":"Point"},"properties":{"candidate_anomaly":false,"confidence_workflow_usability_band":"medium","coordinate_basis":"canonical_wgs84","element":"Ni","medium":"water","record_id":"rec-fca3339cb85afbf76d1a980ed94a97e77bafd1894c22f80025146fb6d91a4e6a","source_id":"foregs-stream-water","unit":"ug/L","value":1.69},"type":"Feature"},{"geometry":{"coordinates":[11.56,47.73],"type":"Point"},"properties":{"candidate_anomaly":false,"confidence_workflow_usability_band":"medium","coordinate_basis":"canonical_wgs84","element":"Zn","medium":"water","record_id":"rec-81fa6c3ca33aefcb8da8eb3e6fdc7a83e7363de5f84a7662fa47c83c1de259e0","source_id":"foregs-stream-water","unit":"ug/L","value":2.16},"type":"Feature"},{"geometry":{"coordinates":[10.65,47.44],"type":"Point"},"properties":{"candidate_anomaly":false,"confidence_workflow_usability_band":"medium","coordinate_basis":"canonical_wgs84","element":"As","medium":"water","record_id":"rec-b8401e5f601e9966f7491d2dd0fac1c78e987a5ebb0d5333f2a6ca1182b22904","source_id":"foregs-stream-water","unit":"ug/L","value":0.1},"type":"Feature"},{"geometry":{"coordinates":[10.65,47.44],"type":"Point"},"properties":{"candidate_anomaly":false,"confidence_workflow_usability_band":"medium","coordinate_basis":"canonical_wgs84","element":"Cu","medium":"water","record_id":"rec-08a25c33247d1563f2ae3858d6ff73466746fb474a0ddcf6c7e7652306c39d2d","source_id":"foregs-stream-water","unit":"ug/L","value":0.29},"type":"Feature"},{"geometry":{"coordinates":[10.65,47.44],"type":"Point"},"properties":{"candidate_anomaly":false,"confidence_workflow_usability_band":"medium","coordinate_basis":"canonical_wgs84","element":"Ni","medium":"water","record_id":"rec-c02533d5ec8c20b6cd1f40a3c7fd73199fb6fae6533b8a6f0ea1744fdf9c79a1","source_id":"foregs-stream-water","unit":"ug/L","value":1.38},"type":"Feature"},{"geometry":{"coordinates":[10.65,47.44],"type":"Point"},"properties":{"candidate_anomaly":false,"confidence_workflow_usability_band":"medium","coordinate_basis":"canonical_wgs84","element":"Zn","medium":"water","record_id":"rec-96998cfa54989e829037806bb73e4ac4defca61e2aea88fcad50e38ad926d4f0","source_id":"foregs-stream-water","unit":"ug/L","value":2.51},"type":"Feature"},{"geometry":{"coordinates":[11.9,47.23],"type":"Point"},"properties":{"candidate_anomaly":false,"confidence_workflow_usability_band":"medium","coordinate_basis":"canonical_wgs84","element":"As","medium":"water","record_id":"rec-427da3999d7e051df2b5dcbf93031e8b3a1dd27315d008ad5add386b1fad0333","source_id":"foregs-stream-water","unit":"ug/L","value":3.25},"type":"Feature"},{"geometry":{"coordinates":[11.9,47.23],"type":"Point"},"properties":{"candidate_anomaly":false,"confidence_workflow_usability_band":"medium","coordinate_basis":"canonical_wgs84","element":"Cu","medium":"water","record_id":"rec-d9ae0f6bad4aaea8f66004b67097ebd87cc68e2faa00532511a7297c796fe13f","source_id":"foregs-stream-water","unit":"ug/L","value":0.69},"type":"Feature"},{"geometry":{"coordinates":[11.9,47.23],"type":"Point"},"properties":{"candidate_anomaly":false,"confidence_workflow_usability_band":"medium","coordinate_basis":"canonical_wgs84","element":"Ni","medium":"water","record_id":"rec-1e2be956a2e303ef70759706db8098127ce0c0a25ef2d2ed9450e3960c574511","source_id":"foregs-stream-water","unit":"ug/L","value":1.54},"type":"Feature"},{"geometry":{"coordinates":[11.9,47.23],"type":"Point"},"properties":{"candidate_anomaly":false,"confidence_workflow_usability_band":"medium","coordinate_basis":"canonical_wgs84","element":"Zn","medium":"water","record_id":"rec-2d2eb3e26bef30a0a5f34fa022b747a67b386a47472d80fdd29c98032e7c56cf","source_id":"foregs-stream-water","unit":"ug/L","value":2.71},"type":"Feature"},{"geometry":{"coordinates":[11.73,46.75],"type":"Point"},"properties":{"candidate_anomaly":false,"confidence_workflow_usability_band":"medium","coordinate_basis":"canonical_wgs84","element":"As","medium":"water","record_id":"rec-783a5f564868496872f20eee535f87ee9a1ed239fab007805e1136cd8f59b82d","source_id":"foregs-stream-water","unit":"ug/L","value":1.0},"type":"Feature"},{"geometry":{"coordinates":[11.73,46.75],"type":"Point"},"properties":{"candidate_anomaly":false,"confidence_workflow_usability_band":"medium","coordinate_basis":"canonical_wgs84","element":"Cu","medium":"water","record_id":"rec-b0eb84dd67db6ef0d57c5d76955d982c45c3b863d536dc9e09993a342aa9bcc3","source_id":"foregs-stream-water","unit":"ug/L","value":0.42},"type":"Feature"},{"geometry":{"coordinates":[11.73,46.75],"type":"Point"},"properties":{"candidate_anomaly":false,"confidence_workflow_usability_band":"medium","coordinate_basis":"canonical_wgs84","element":"Ni","medium":"water","record_id":"rec-6fa5ac2b0125a42eabea53d3346fb85f63c3c6cc7fe6f6efba6588506dc0cec4","source_id":"foregs-stream-water","unit":"ug/L","value":1.04},"type":"Feature"},{"geometry":{"coordinates":[11.73,46.75],"type":"Point"},"properties":{"candidate_anomaly":false,"confidence_workflow_usability_band":"medium","coordinate_basis":"canonical_wgs84","element":"Zn","medium":"water","record_id":"rec-59a6039a4ea7b05ea70ae4d5e4d0ebf6d84ea6d970fe832c79b832f1e13363c6","source_id":"foregs-stream-water","unit":"ug/L","value":1.54},"type":"Feature"},{"geometry":{"coordinates":[10.25,47.12],"type":"Point"},"properties":{"candidate_anomaly":false,"confidence_workflow_usability_band":"medium","coordinate_basis":"canonical_wgs84","element":"As","medium":"water","record_id":"rec-177dca8afaa9313e3a3c9784b9b84ffd0026840dd68004662e2f0cca28b50ac8","source_id":"foregs-stream-water","unit":"ug/L","value":0.44},"type":"Feature"},{"geometry":{"coordinates":[10.25,47.12],"type":"Point"},"properties":{"candidate_anomaly":false,"confidence_workflow_usability_band":"medium","coordinate_basis":"canonical_wgs84","element":"Cu","medium":"water","record_id":"rec-496b71986e20e84db13c86d991c60aa7ce6634dfc9ac9df9a8b1a8c093cbf78e","source_id":"foregs-stream-water","unit":"ug/L","value":0.36},"type":"Feature"},{"geometry":{"coordinates":[10.25,47.12],"type":"Point"},"properties":{"candidate_anomaly":false,"confidence_workflow_usability_band":"medium","coordinate_basis":"canonical_wgs84","element":"Ni","medium":"water","record_id":"rec-d9edce7d32a5bbe7103bf372d129e747dc29fac4cded53bf4064526c3831890b","source_id":"foregs-stream-water","unit":"ug/L","value":1.28},"type":"Feature"},{"geometry":{"coordinates":[10.25,47.12],"type":"Point"},"properties":{"candidate_anomaly":false,"confidence_workflow_usability_band":"medium","coordinate_basis":"canonical_wgs84","element":"Zn","medium":"water","record_id":"rec-61e94b49235fca99717032c4b1d1b405dbf4e2fd29af57a89dc9f0825923cd6f","source_id":"foregs-stream-water","unit":"ug/L","value":2.59},"type":"Feature"},{"geometry":{"coordinates":[13.75,47.78],"type":"Point"},"properties":{"candidate_anomaly":false,"confidence_workflow_usability_band":"medium","coordinate_basis":"canonical_wgs84","element":"As","medium":"water","record_id":"rec-092b1ef97f2854f2b3f404d42ffaa6675bcce1f32db16c17a32ace4f3a42537b","source_id":"foregs-stream-water","unit":"ug/L","value":0.28},"type":"Feature"},{"geometry":{"coordinates":[13.75,47.78],"type":"Point"},"properties":{"candidate_anomaly":false,"confidence_workflow_usability_band":"medium","coordinate_basis":"canonical_wgs84","element":"Cu","medium":"water","record_id":"rec-b3343f3aafb31a5bbaeb998bd2bdaa145ba4ed52a59fcbf2c54a4601dea2d06a","source_id":"foregs-stream-water","unit":"ug/L","value":0.21},"type":"Feature"},{"geometry":{"coordinates":[13.75,47.78],"type":"Point"},"properties":{"candidate_anomaly":false,"confidence_workflow_usability_band":"medium","coordinate_basis":"canonical_wgs84","element":"Ni","medium":"water","record_id":"rec-121215659371b1a0c32df32725e6cc4410eff702a3577944dea2f9ac74432aa5","source_id":"foregs-stream-water","unit":"ug/L","value":1.14},"type":"Feature"},{"geometry":{"coordinates":[13.75,47.78],"type":"Point"},"properties":{"candidate_anomaly":false,"confidence_workflow_usability_band":"medium","coordinate_basis":"canonical_wgs84","element":"Zn","medium":"water","record_id":"rec-aee9fa3b5a733dcda80ec2e4a65796f42e9bc7ef36dd1edf8501c06880c1597b","source_id":"foregs-stream-water","unit":"ug/L","value":1.29},"type":"Feature"},{"geometry":{"coordinates":[12.66,47.74],"type":"Point"},"properties":{"candidate_anomaly":false,"confidence_workflow_usability_band":"medium","coordinate_basis":"canonical_wgs84","element":"As","medium":"water","record_id":"rec-bf47995669b8b5b7a483ef6b9458744d82ddd8a5863a8b3ec7a03f830c53db76","source_id":"foregs-stream-water","unit":"ug/L","value":0.22},"type":"Feature"},{"geometry":{"coordinates":[12.66,47.74],"type":"Point"},"properties":{"candidate_anomaly":false,"confidence_workflow_usability_band":"medium","coordinate_basis":"canonical_wgs84","element":"Cu","medium":"water","record_id":"rec-73500b880003d1a43a36a0bce849fa08589ff2a25bcf233ed263dfcbc426518c","source_id":"foregs-stream-water","unit":"ug/L","value":0.26},"type":"Feature"},{"geometry":{"coordinates":[12.66,47.74],"type":"Point"},"properties":{"candidate_anomaly":false,"confidence_workflow_usability_band":"medium","coordinate_basis":"canonical_wgs84","element":"Ni","medium":"water","record_id":"rec-57ddf003321502088dcdb831410e23871d050c6ed42f16644b3d3cd207dfe550","source_id":"foregs-stream-water","unit":"ug/L","value":1.13},"type":"Feature"},{"geometry":{"coordinates":[12.66,47.74],"type":"Point"},"properties":{"candidate_anomaly":false,"confidence_workflow_usability_band":"medium","coordinate_basis":"canonical_wgs84","element":"Zn","medium":"water","record_id":"rec-f73cbde06144273b69541e5ddb5b23489ed4965c7e96966c8b56be72665fa8a4","source_id":"foregs-stream-water","unit":"ug/L","value":1.36},"type":"Feature"},{"geometry":{"coordinates":[12.59,46.93],"type":"Point"},"properties":{"candidate_anomaly":false,"confidence_workflow_usability_band":"medium","coordinate_basis":"canonical_wgs84","element":"As","medium":"water","record_id":"rec-b6b3db44ea7e230bf4fac3e2e512d4bf878cf0b07c77701b5b21919417e8c6db","source_id":"foregs-stream-water","unit":"ug/L","value":0.57},"type":"Feature"},{"geometry":{"coordinates":[12.59,46.93],"type":"Point"},"properties":{"candidate_anomaly":false,"confidence_workflow_usability_band":"medium","coordinate_basis":"canonical_wgs84","element":"Cu","medium":"water","record_id":"rec-349341fa8b0175acd7213614b783429bef5ddc8b9201a89f02cff07fd044595d","source_id":"foregs-stream-water","unit":"ug/L","value":0.48},"type":"Feature"},{"geometry":{"coordinates":[12.59,46.93],"type":"Point"},"properties":{"candidate_anomaly":false,"confidence_workflow_usability_band":"medium","coordinate_basis":"canonical_wgs84","element":"Ni","medium":"water","record_id":"rec-0131fde9626d367617792e7eb1c1d16e594f8370bce08e6c88ecf2ec225873d4","source_id":"foregs-stream-water","unit":"ug/L","value":1.35},"type":"Feature"},{"geometry":{"coordinates":[12.59,46.93],"type":"Point"},"properties":{"candidate_anomaly":false,"confidence_workflow_usability_band":"medium","coordinate_basis":"canonical_wgs84","element":"Zn","medium":"water","record_id":"rec-6764fb0d6095b5c763ea7063bd8ff049bdc1ba0e4f86c3ef6ed64fd79cfb39e7","source_id":"foregs-stream-water","unit":"ug/L","value":4.01},"type":"Feature"},{"geometry":{"coordinates":[13.37,46.59],"type":"Point"},"properties":{"candidate_anomaly":false,"confidence_workflow_usability_band":"medium","coordinate_basis":"canonical_wgs84","element":"As","medium":"water","record_id":"rec-79564bdaccef2c646acc4a94fa7332d2578e6e8e0609d910572a69893718e36d","source_id":"foregs-stream-water","unit":"ug/L","value":0.14},"type":"Feature"},{"geometry":{"coordinates":[13.37,46.59],"type":"Point"},"properties":{"candidate_anomaly":false,"confidence_workflow_usability_band":"medium","coordinate_basis":"canonical_wgs84","element":"Cu","medium":"water","record_id":"rec-d98f941073179e689a8181501a5079e1f52ec6028929748e0a1d10e82a8e1df6","source_id":"foregs-stream-water","unit":"ug/L","value":0.35},"type":"Feature"},{"geometry":{"coordinates":[13.37,46.59],"type":"Point"},"properties":{"candidate_anomaly":false,"confidence_workflow_usability_band":"medium","coordinate_basis":"canonical_wgs84","element":"Ni","medium":"water","record_id":"rec-81026c13aeb82351bcbcc2940b1ca5dc1237b608f481e123481226625da2ede5","source_id":"foregs-stream-water","unit":"ug/L","value":1.21},"type":"Feature"},{"geometry":{"coordinates":[13.37,46.59],"type":"Point"},"properties":{"candidate_anomaly":false,"confidence_workflow_usability_band":"medium","coordinate_basis":"canonical_wgs84","element":"Zn","medium":"water","record_id":"rec-94eed7f073e337f74b792a9432d6ee24de20bcb8607bcc756bee0ebb2a8472c9","source_id":"foregs-stream-water","unit":"ug/L","value":1.26},"type":"Feature"},{"geometry":{"coordinates":[-15.5555631,27.92424718],"type":"Point"},"properties":{"candidate_anomaly":false,"confidence_workflow_usability_band":"medium","coordinate_basis":"canonical_wgs84","element":"As","medium":"sediment","record_id":"rec-b89fa5239c1f7abe0d7db6e0032f9b0fc4728f1feba3bec3c1ebcc7892a0f5c1","source_id":"foregs-stream-sediment","unit":"mg/kg","value":2.5},"type":"Feature"},{"geometry":{"coordinates":[-15.5555631,27.92424718],"type":"Point"},"properties":{"candidate_anomaly":false,"confidence_workflow_usability_band":"medium","coordinate_basis":"canonical_wgs84","element":"Cu","medium":"sediment","record_id":"rec-2475e77533fced27b83eb69bf615076ae2238d34cd0a48c6f2e998c93ee0ba69","source_id":"foregs-stream-sediment","unit":"mg/kg","value":13.0},"type":"Feature"},{"geometry":{"coordinates":[-15.5555631,27.92424718],"type":"Point"},"properties":{"candidate_anomaly":false,"confidence_workflow_usability_band":"medium","coordinate_basis":"canonical_wgs84","element":"Ni","medium":"sediment","record_id":"rec-36e349518dc11ab45ec02981c916d5821c1253e9b82ffe48e6b741414f85629b","source_id":"foregs-stream-sediment","unit":"mg/kg","value":22.0},"type":"Feature"},{"geometry":{"coordinates":[-15.5555631,27.92424718],"type":"Point"},"properties":{"candidate_anomaly":false,"confidence_workflow_usability_band":"medium","coordinate_basis":"canonical_wgs84","element":"Zn","medium":"sediment","record_id":"rec-c5e3276b524da60ed73d49d35fbf7004597b5b1528a882d13c9b8aaa3e0c8b38","source_id":"foregs-stream-sediment","unit":"mg/kg","value":173.0},"type":"Feature"},{"geometry":{"coordinates":[23.817733486,35.495986822],"type":"Point"},"properties":{"candidate_anomaly":false,"confidence_workflow_usability_band":"medium","coordinate_basis":"canonical_wgs84","element":"As","medium":"sediment","record_id":"rec-36bd686e2ffc34b97c44537ccfcf18a105d14230e811a9cafc6d4dc44f71c4e1","source_id":"foregs-stream-sediment","unit":"mg/kg","value":7.0},"type":"Feature"},{"geometry":{"coordinates":[23.817733486,35.495986822],"type":"Point"},"properties":{"candidate_anomaly":false,"confidence_workflow_usability_band":"medium","coordinate_basis":"canonical_wgs84","element":"Cu","medium":"sediment","record_id":"rec-3b978c5bec4b0d6d314fe97ef0bf40211f4147d828ee479b37d587c4e57153f0","source_id":"foregs-stream-sediment","unit":"mg/kg","value":23.0},"type":"Feature"},{"geometry":{"coordinates":[23.817733486,35.495986822],"type":"Point"},"properties":{"candidate_anomaly":false,"confidence_workflow_usability_band":"medium","coordinate_basis":"canonical_wgs84","element":"Ni","medium":"sediment","record_id":"rec-9067154998951591060dc863baaac3977dcf468457e4e30de64e4d5934e2cecb","source_id":"foregs-stream-sediment","unit":"mg/kg","value":21.0},"type":"Feature"},{"geometry":{"coordinates":[23.817733486,35.495986822],"type":"Point"},"properties":{"candidate_anomaly":false,"confidence_workflow_usability_band":"medium","coordinate_basis":"canonical_wgs84","element":"Zn","medium":"sediment","record_id":"rec-c92793c9376670eec0c6312fb0a90c3f94f25b4702aee50b110082ffaa726848","source_id":"foregs-stream-sediment","unit":"mg/kg","value":38.0},"type":"Feature"},{"geometry":{"coordinates":[24.676988778,35.407982245],"type":"Point"},"properties":{"candidate_anomaly":false,"confidence_workflow_usability_band":"medium","coordinate_basis":"canonical_wgs84","element":"As","medium":"sediment","record_id":"rec-bd45616974fa1a53cd7d23f749368fc6f9b472e31e1c8f754d9a415fd9a6897d","source_id":"foregs-stream-sediment","unit":"mg/kg","value":8.0},"type":"Feature"},{"geometry":{"coordinates":[24.676988778,35.407982245],"type":"Point"},"properties":{"candidate_anomaly":false,"confidence_workflow_usability_band":"medium","coordinate_basis":"canonical_wgs84","element":"Cu","medium":"sediment","record_id":"rec-153afa63443a9aa37db021a13485a07eb1cf22c178826fba9f90308b761f201e","source_id":"foregs-stream-sediment","unit":"mg/kg","value":19.0},"type":"Feature"},{"geometry":{"coordinates":[24.676988778,35.407982245],"type":"Point"},"properties":{"candidate_anomaly":false,"confidence_workflow_usability_band":"medium","coordinate_basis":"canonical_wgs84","element":"Ni","medium":"sediment","record_id":"rec-2c4cdeb6a53a4490414feb24c368a5fe4c1845c4ec5befea419ecb3e5dbf07b7","source_id":"foregs-stream-sediment","unit":"mg/kg","value":38.0},"type":"Feature"},{"geometry":{"coordinates":[24.676988778,35.407982245],"type":"Point"},"properties":{"candidate_anomaly":false,"confidence_workflow_usability_band":"medium","coordinate_basis":"canonical_wgs84","element":"Zn","medium":"sediment","record_id":"rec-8c85a22886055437f477e6cddaa88e35efff8bc110eb2b0ce5bb3d5e62767069","source_id":"foregs-stream-sediment","unit":"mg/kg","value":38.0},"type":"Feature"},{"geometry":{"coordinates":[25.28155211,35.041165538],"type":"Point"},"properties":{"candidate_anomaly":false,"confidence_workflow_usability_band":"medium","coordinate_basis":"canonical_wgs84","element":"As","medium":"sediment","record_id":"rec-39eae665e80dc3e7fb2693b25141781e2d3f8f3e237baf37c3e530bc009de60d","source_id":"foregs-stream-sediment","unit":"mg/kg","value":2.5},"type":"Feature"},{"geometry":{"coordinates":[25.28155211,35.041165538],"type":"Point"},"properties":{"candidate_anomaly":false,"confidence_workflow_usability_band":"medium","coordinate_basis":"canonical_wgs84","element":"Cu","medium":"sediment","record_id":"rec-6edbdf28c02e1b7a2abbbdb8322decb992005cb8c7056529399a9222ef856c10","source_id":"foregs-stream-sediment","unit":"mg/kg","value":30.0},"type":"Feature"},{"geometry":{"coordinates":[25.28155211,35.041165538],"type":"Point"},"properties":{"candidate_anomaly":false,"confidence_workflow_usability_band":"medium","coordinate_basis":"canonical_wgs84","element":"Ni","medium":"sediment","record_id":"rec-a5007fd49b1e2b3d79408301bd3e1634f0deadab38d785d20b9875889f17a5bc","source_id":"foregs-stream-sediment","unit":"mg/kg","value":141.0},"type":"Feature"},{"geometry":{"coordinates":[25.28155211,35.041165538],"type":"Point"},"properties":{"candidate_anomaly":false,"confidence_workflow_usability_band":"medium","coordinate_basis":"canonical_wgs84","element":"Zn","medium":"sediment","record_id":"rec-0eb1d22eaa9170155f9c0676ed7f436f593d9539f1680eb5e463c7e9a7e9e019","source_id":"foregs-stream-sediment","unit":"mg/kg","value":57.0},"type":"Feature"},{"geometry":{"coordinates":[25.198608917,35.269049181],"type":"Point"},"properties":{"candidate_anomaly":false,"confidence_workflow_usability_band":"medium","coordinate_basis":"canonical_wgs84","element":"As","medium":"sediment","record_id":"rec-2ba771961356f87f063ad00826bafe16ace935df6142578b88ce968011f4194e","source_id":"foregs-stream-sediment","unit":"mg/kg","value":6.0},"type":"Feature"},{"geometry":{"coordinates":[25.198608917,35.269049181],"type":"Point"},"properties":{"candidate_anomaly":false,"confidence_workflow_usability_band":"medium","coordinate_basis":"canonical_wgs84","element":"Cu","medium":"sediment","record_id":"rec-39e237a15a1c7295a2550c041019620060af5532dc34f5557c5ff16523da17dd","source_id":"foregs-stream-sediment","unit":"mg/kg","value":23.0},"type":"Feature"},{"geometry":{"coordinates":[25.198608917,35.269049181],"type":"Point"},"properties":{"candidate_anomaly":false,"confidence_workflow_usability_band":"medium","coordinate_basis":"canonical_wgs84","element":"Ni","medium":"sediment","record_id":"rec-0b36a8ca9e24e7a8a03d7456f04011a6737b1c01fbae095715c5473a34bf7e24","source_id":"foregs-stream-sediment","unit":"mg/kg","value":63.0},"type":"Feature"},{"geometry":{"coordinates":[25.198608917,35.269049181],"type":"Point"},"properties":{"candidate_anomaly":false,"confidence_workflow_usability_band":"medium","coordinate_basis":"canonical_wgs84","element":"Zn","medium":"sediment","record_id":"rec-dc7e689907feec8a33a202736ffbd2c8faeb3cb8b1d6abce18eaa520d65f5275","source_id":"foregs-stream-sediment","unit":"mg/kg","value":38.0},"type":"Feature"},{"geometry":{"coordinates":[26.10189302,35.187040776],"type":"Point"},"properties":{"candidate_anomaly":false,"confidence_workflow_usability_band":"medium","coordinate_basis":"canonical_wgs84","element":"As","medium":"sediment","record_id":"rec-befa01ee97e42f391931a1c154bcdc50f471928a2af1cd7d18a6875dca106a7d","source_id":"foregs-stream-sediment","unit":"mg/kg","value":6.0},"type":"Feature"},{"geometry":{"coordinates":[26.10189302,35.187040776],"type":"Point"},"properties":{"candidate_anomaly":false,"confidence_workflow_usability_band":"medium","coordinate_basis":"canonical_wgs84","element":"Cu","medium":"sediment","record_id":"rec-f2399c88c5be029dd8b4624624a7cac23bbc95ccca5d48f004b92d847f13ffbe","source_id":"foregs-stream-sediment","unit":"mg/kg","value":27.0},"type":"Feature"},{"geometry":{"coordinates":[26.10189302,35.187040776],"type":"Point"},"properties":{"candidate_anomaly":false,"confidence_workflow_usability_band":"medium","coordinate_basis":"canonical_wgs84","element":"Ni","medium":"sediment","record_id":"rec-dca68f553036c3418de0e210ac8be42e2f83983c039a606cc77bddd6624eec0b","source_id":"foregs-stream-sediment","unit":"mg/kg","value":31.0},"type":"Feature"},{"geometry":{"coordinates":[26.10189302,35.187040776],"type":"Point"},"properties":{"candidate_anomaly":false,"confidence_workflow_usability_band":"medium","coordinate_basis":"canonical_wgs84","element":"Zn","medium":"sediment","record_id":"rec-ce5c1ee2c89ad1c5c23cea7c0136d4e740225a2bd3e538e134a99f8aafcf6d7c","source_id":"foregs-stream-sediment","unit":"mg/kg","value":56.0},"type":"Feature"},{"geometry":{"coordinates":[-15.5555631,27.92424718],"type":"Point"},"properties":{"candidate_anomaly":false,"confidence_workflow_usability_band":"medium","coordinate_basis":"canonical_wgs84","element":"As","medium":"sediment","record_id":"rec-c851b3ffcdfa59f6e33ee2dce05fc1d813ff9cebe032aa728d19f5d7bf0c90ca","source_id":"foregs-stream-sediment","unit":"mg/kg","value":0.5},"type":"Feature"},{"geometry":{"coordinates":[-15.5555631,27.92424718],"type":"Point"},"properties":{"candidate_anomaly":false,"confidence_workflow_usability_band":"medium","coordinate_basis":"canonical_wgs84","element":"Cu","medium":"sediment","record_id":"rec-8f83037e1e6497e0272aa79964541046c364c3719c16d3f8c991ffd8dad20ea7","source_id":"foregs-stream-sediment","unit":"mg/kg","value":21.0},"type":"Feature"},{"geometry":{"coordinates":[-15.5555631,27.92424718],"type":"Point"},"properties":{"candidate_anomaly":false,"confidence_workflow_usability_band":"medium","coordinate_basis":"canonical_wgs84","element":"Ni","medium":"sediment","record_id":"rec-9a44d4cecc9fed335fc0a9062427842917c229e70c2c5e6945717fc9633cd7c7","source_id":"foregs-stream-sediment","unit":"mg/kg","value":29.0},"type":"Feature"},{"geometry":{"coordinates":[-15.5555631,27.92424718],"type":"Point"},"properties":{"candidate_anomaly":false,"confidence_workflow_usability_band":"medium","coordinate_basis":"canonical_wgs84","element":"Zn","medium":"sediment","record_id":"rec-da9bfa390d25faf57de551f75e8909a4590801c632a1fd9d2b7e402cd47d14d6","source_id":"foregs-stream-sediment","unit":"mg/kg","value":258.0},"type":"Feature"},{"geometry":{"coordinates":[23.817733486,35.495986822],"type":"Point"},"properties":{"candidate_anomaly":false,"confidence_workflow_usability_band":"medium","coordinate_basis":"canonical_wgs84","element":"As","medium":"sediment","record_id":"rec-4d3e48b54ed67e7bd35d53802151eff7792e0f1b9f4c422b423dea6fc5eb878a","source_id":"foregs-stream-sediment","unit":"mg/kg","value":8.0},"type":"Feature"},{"geometry":{"coordinates":[23.817733486,35.495986822],"type":"Point"},"properties":{"candidate_anomaly":false,"confidence_workflow_usability_band":"medium","coordinate_basis":"canonical_wgs84","element":"Cu","medium":"sediment","record_id":"rec-0d913a872b0a3efe1ea949dc837f4083611a15ea4a3ed58caaecc873b2fa58b4","source_id":"foregs-stream-sediment","unit":"mg/kg","value":22.0},"type":"Feature"},{"geometry":{"coordinates":[23.817733486,35.495986822],"type":"Point"},"properties":{"candidate_anomaly":false,"confidence_workflow_usability_band":"medium","coordinate_basis":"canonical_wgs84","element":"Ni","medium":"sediment","record_id":"rec-705522aebb6020725ffa3b09484b782356123e301b277aa648c8d73314daf84f","source_id":"foregs-stream-sediment","unit":"mg/kg","value":23.0},"type":"Feature"},{"geometry":{"coordinates":[23.817733486,35.495986822],"type":"Point"},"properties":{"candidate_anomaly":false,"confidence_workflow_usability_band":"medium","coordinate_basis":"canonical_wgs84","element":"Zn","medium":"sediment","record_id":"rec-efd921979db8dff548b32545b2b1d18e34a6ff77376fa7c00d252714f6af0629","source_id":"foregs-stream-sediment","unit":"mg/kg","value":45.0},"type":"Feature"},{"geometry":{"coordinates":[24.676988778,35.407982245],"type":"Point"},"properties":{"candidate_anomaly":false,"confidence_workflow_usability_band":"medium","coordinate_basis":"canonical_wgs84","element":"As","medium":"sediment","record_id":"rec-06a2af7662634cf75d6f51f47a9766d91399bd543edc8ee75f49ea326efe50db","source_id":"foregs-stream-sediment","unit":"mg/kg","value":8.0},"type":"Feature"},{"geometry":{"coordinates":[24.676988778,35.407982245],"type":"Point"},"properties":{"candidate_anomaly":false,"confidence_workflow_usability_band":"medium","coordinate_basis":"canonical_wgs84","element":"Cu","medium":"sediment","record_id":"rec-2a80e9df5d7fdfa91f25c6745b8b6feec90b33086b4ac4d8096b04863bd0f496","source_id":"foregs-stream-sediment","unit":"mg/kg","value":17.0},"type":"Feature"},{"geometry":{"coordinates":[24.676988778,35.407982245],"type":"Point"},"properties":{"candidate_anomaly":false,"confidence_workflow_usability_band":"medium","coordinate_basis":"canonical_wgs84","element":"Ni","medium":"sediment","record_id":"rec-a3d51f9cf86050ef2e37f8467a0256a18d64f1cfc1e8d429a85d9ca67083da45","source_id":"foregs-stream-sediment","unit":"mg/kg","value":41.0},"type":"Feature"},{"geometry":{"coordinates":[24.676988778,35.407982245],"type":"Point"},"properties":{"candidate_anomaly":false,"confidence_workflow_usability_band":"medium","coordinate_basis":"canonical_wgs84","element":"Zn","medium":"sediment","record_id":"rec-d63f74209c4a8892b264887200a4895529f89cf51444a3fb827b9f163f21dafb","source_id":"foregs-stream-sediment","unit":"mg/kg","value":40.0},"type":"Feature"},{"geometry":{"coordinates":[25.28155211,35.041165538],"type":"Point"},"properties":{"candidate_anomaly":false,"confidence_workflow_usability_band":"medium","coordinate_basis":"canonical_wgs84","element":"As","medium":"sediment","record_id":"rec-88dc56e9a1831cb9f64d9455141d3e6c725c95f181f6f1724948236e9115844b","source_id":"foregs-stream-sediment","unit":"mg/kg","value":5.0},"type":"Feature"},{"geometry":{"coordinates":[25.28155211,35.041165538],"type":"Point"},"properties":{"candidate_anomaly":false,"confidence_workflow_usability_band":"medium","coordinate_basis":"canonical_wgs84","element":"Cu","medium":"sediment","record_id":"rec-914577b5278341e85fc9cc755cf0f53408e107c9d204c9c1ab661fbdbac035d0","source_id":"foregs-stream-sediment","unit":"mg/kg","value":28.0},"type":"Feature"},{"geometry":{"coordinates":[25.28155211,35.041165538],"type":"Point"},"properties":{"candidate_anomaly":false,"confidence_workflow_usability_band":"medium","coordinate_basis":"canonical_wgs84","element":"Ni","medium":"sediment","record_id":"rec-ec1d725834be14900f9060674ffc56fcb77ddc89a8b268bf55792d726bece787","source_id":"foregs-stream-sediment","unit":"mg/kg","value":155.0},"type":"Feature"},{"geometry":{"coordinates":[25.28155211,35.041165538],"type":"Point"},"properties":{"candidate_anomaly":false,"confidence_workflow_usability_band":"medium","coordinate_basis":"canonical_wgs84","element":"Zn","medium":"sediment","record_id":"rec-a31d2c05ffe61c41af1304d142e92bdceba74ea088ade7f77dcdfd9303c15718","source_id":"foregs-stream-sediment","unit":"mg/kg","value":61.0},"type":"Feature"},{"geometry":{"coordinates":[25.198608917,35.269049181],"type":"Point"},"properties":{"candidate_anomaly":false,"confidence_workflow_usability_band":"medium","coordinate_basis":"canonical_wgs84","element":"As","medium":"sediment","record_id":"rec-54c47f3cb3b6a62fbc7e254d474eb7756c2b0456a784e54f0ad3fac35865649f","source_id":"foregs-stream-sediment","unit":"mg/kg","value":5.0},"type":"Feature"},{"geometry":{"coordinates":[25.198608917,35.269049181],"type":"Point"},"properties":{"candidate_anomaly":false,"confidence_workflow_usability_band":"medium","coordinate_basis":"canonical_wgs84","element":"Cu","medium":"sediment","record_id":"rec-f8f150101fe2672822ee0d52526287e1575837ac4434019491ca91d31bf18bc1","source_id":"foregs-stream-sediment","unit":"mg/kg","value":23.0},"type":"Feature"},{"geometry":{"coordinates":[25.198608917,35.269049181],"type":"Point"},"properties":{"candidate_anomaly":false,"confidence_workflow_usability_band":"medium","coordinate_basis":"canonical_wgs84","element":"Ni","medium":"sediment","record_id":"rec-ed5221cfeb49c3a77f53330de57e5f6e83fe47938484cd9092de040052bfd0ed","source_id":"foregs-stream-sediment","unit":"mg/kg","value":70.0},"type":"Feature"},{"geometry":{"coordinates":[25.198608917,35.269049181],"type":"Point"},"properties":{"candidate_anomaly":false,"confidence_workflow_usability_band":"medium","coordinate_basis":"canonical_wgs84","element":"Zn","medium":"sediment","record_id":"rec-07d658b80578fdd0e2685947ef4a77717600fedf0dafb16656d08df9a7644d2f","source_id":"foregs-stream-sediment","unit":"mg/kg","value":42.0},"type":"Feature"},{"geometry":{"coordinates":[26.10189302,35.187040776],"type":"Point"},"properties":{"candidate_anomaly":false,"confidence_workflow_usability_band":"medium","coordinate_basis":"canonical_wgs84","element":"As","medium":"sediment","record_id":"rec-06482b91f12a8c1f2ad20a98f2af3451f092667e7eaebed4850357078f365eae","source_id":"foregs-stream-sediment","unit":"mg/kg","value":7.0},"type":"Feature"},{"geometry":{"coordinates":[26.10189302,35.187040776],"type":"Point"},"properties":{"candidate_anomaly":false,"confidence_workflow_usability_band":"medium","coordinate_basis":"canonical_wgs84","element":"Cu","medium":"sediment","record_id":"rec-ab703b1e973ff81e98a323e07e3697414f502ef8a1e1f8bb6c4d0c8af5a5c4c8","source_id":"foregs-stream-sediment","unit":"mg/kg","value":25.0},"type":"Feature"},{"geometry":{"coordinates":[26.10189302,35.187040776],"type":"Point"},"properties":{"candidate_anomaly":false,"confidence_workflow_usability_band":"medium","coordinate_basis":"canonical_wgs84","element":"Ni","medium":"sediment","record_id":"rec-45d940dc1d447d8f01e01a35d234bf6d3b6199b3db2265b7791b25f874581332","source_id":"foregs-stream-sediment","unit":"mg/kg","value":36.0},"type":"Feature"},{"geometry":{"coordinates":[26.10189302,35.187040776],"type":"Point"},"properties":{"candidate_anomaly":false,"confidence_workflow_usability_band":"medium","coordinate_basis":"canonical_wgs84","element":"Zn","medium":"sediment","record_id":"rec-5e7d34c0497ac787390fb51714e8bd8b62e6dad0b5aa8fdd16a8d3285a8af344","source_id":"foregs-stream-sediment","unit":"mg/kg","value":60.0},"type":"Feature"},{"geometry":{"coordinates":[-15.45288278,27.82639699],"type":"Point"},"properties":{"candidate_anomaly":false,"confidence_workflow_usability_band":"medium","coordinate_basis":"canonical_wgs84","element":"As","medium":"sediment","record_id":"rec-1776b5f5091a37c3bf9a4e6a217dd7032c195e282a293df83a240ed0ab6000be","source_id":"foregs-floodplain-sediment","unit":"mg/kg","value":2.5},"type":"Feature"},{"geometry":{"coordinates":[-15.45288278,27.82639699],"type":"Point"},"properties":{"candidate_anomaly":false,"confidence_workflow_usability_band":"medium","coordinate_basis":"canonical_wgs84","element":"Cu","medium":"sediment","record_id":"rec-0f62c5cac467f834875f55c6decccb3508f08c099842dbf1918831146e2b2594","source_id":"foregs-floodplain-sediment","unit":"mg/kg","value":21.0},"type":"Feature"},{"geometry":{"coordinates":[-15.45288278,27.82639699],"type":"Point"},"properties":{"candidate_anomaly":false,"confidence_workflow_usability_band":"medium","coordinate_basis":"canonical_wgs84","element":"Ni","medium":"sediment","record_id":"rec-d06ba581d1d1ebf2b154d44d500b392384ce08d36f2f49f19fdceada9ee7300c","source_id":"foregs-floodplain-sediment","unit":"mg/kg","value":56.0},"type":"Feature"},{"geometry":{"coordinates":[-15.45288278,27.82639699],"type":"Point"},"properties":{"candidate_anomaly":false,"confidence_workflow_usability_band":"medium","coordinate_basis":"canonical_wgs84","element":"Zn","medium":"sediment","record_id":"rec-948093ea0159b919cb970d297cf92018fdc6d7c35bcaec20dbfecc9b082c8ae3","source_id":"foregs-floodplain-sediment","unit":"mg/kg","value":109.0},"type":"Feature"},{"geometry":{"coordinates":[23.824823052,35.531477777],"type":"Point"},"properties":{"candidate_anomaly":false,"confidence_workflow_usability_band":"medium","coordinate_basis":"canonical_wgs84","element":"As","medium":"sediment","record_id":"rec-c5e9aa10f6f6084771cabe7086bc72230f3bca11ffae95781491499c4ea8406f","source_id":"foregs-floodplain-sediment","unit":"mg/kg","value":5.0},"type":"Feature"},{"geometry":{"coordinates":[23.824823052,35.531477777],"type":"Point"},"properties":{"candidate_anomaly":false,"confidence_workflow_usability_band":"medium","coordinate_basis":"canonical_wgs84","element":"Cu","medium":"sediment","record_id":"rec-5a3f430ca9c10c7930c2569f6e96256c9a09d6b73a0d30a76b5f93a948cb551d","source_id":"foregs-floodplain-sediment","unit":"mg/kg","value":21.0},"type":"Feature"},{"geometry":{"coordinates":[23.824823052,35.531477777],"type":"Point"},"properties":{"candidate_anomaly":false,"confidence_workflow_usability_band":"medium","coordinate_basis":"canonical_wgs84","element":"Ni","medium":"sediment","record_id":"rec-9e9f3c640aded1f339c812184150e6fd8e6e695537bc021ea0617b70548625bb","source_id":"foregs-floodplain-sediment","unit":"mg/kg","value":19.0},"type":"Feature"},{"geometry":{"coordinates":[23.824823052,35.531477777],"type":"Point"},"properties":{"candidate_anomaly":false,"confidence_workflow_usability_band":"medium","coordinate_basis":"canonical_wgs84","element":"Zn","medium":"sediment","record_id":"rec-52130efb2ce0e02611c2dbb1093f12458428fa081e5b1a811b8b4f3d8e9183fd","source_id":"foregs-floodplain-sediment","unit":"mg/kg","value":35.0},"type":"Feature"},{"geometry":{"coordinates":[24.646516544,35.412341912],"type":"Point"},"properties":{"candidate_anomaly":false,"confidence_workflow_usability_band":"medium","coordinate_basis":"canonical_wgs84","element":"As","medium":"sediment","record_id":"rec-6860ecd89db2196dd81fb604e6d029543986720c2c97c9d7f09bceeca483c9c4","source_id":"foregs-floodplain-sediment","unit":"mg/kg","value":18.0},"type":"Feature"},{"geometry":{"coordinates":[24.646516544,35.412341912],"type":"Point"},"properties":{"candidate_anomaly":false,"confidence_workflow_usability_band":"medium","coordinate_basis":"canonical_wgs84","element":"Cu","medium":"sediment","record_id":"rec-795f5ea94afc5c5421a22e78f5bb00f9ad5a28c24e749344d0adf5c5ce9f2006","source_id":"foregs-floodplain-sediment","unit":"mg/kg","value":38.0},"type":"Feature"},{"geometry":{"coordinates":[24.646516544,35.412341912],"type":"Point"},"properties":{"candidate_anomaly":false,"confidence_workflow_usability_band":"medium","coordinate_basis":"canonical_wgs84","element":"Ni","medium":"sediment","record_id":"rec-43b55d5e1e60431d1b300990eef16f89347c9dc35222baeee359672941351d57","source_id":"foregs-floodplain-sediment","unit":"mg/kg","value":119.0},"type":"Feature"},{"geometry":{"coordinates":[24.646516544,35.412341912],"type":"Point"},"properties":{"candidate_anomaly":false,"confidence_workflow_usability_band":"medium","coordinate_basis":"canonical_wgs84","element":"Zn","medium":"sediment","record_id":"rec-dc3b93625e624994521faa392e0348839be1880eff32d0ccccc840411a5a942a","source_id":"foregs-floodplain-sediment","unit":"mg/kg","value":75.0},"type":"Feature"},{"geometry":{"coordinates":[25.332988602,34.988315269],"type":"Point"},"properties":{"candidate_anomaly":false,"confidence_workflow_usability_band":"medium","coordinate_basis":"canonical_wgs84","element":"As","medium":"sediment","record_id":"rec-50fc4c9dd9e02c0b72298b8273a8c6433abe217ff9b32909945b073f6c0eaed7","source_id":"foregs-floodplain-sediment","unit":"mg/kg","value":5.0},"type":"Feature"},{"geometry":{"coordinates":[25.332988602,34.988315269],"type":"Point"},"properties":{"candidate_anomaly":false,"confidence_workflow_usability_band":"medium","coordinate_basis":"canonical_wgs84","element":"Cu","medium":"sediment","record_id":"rec-b80ac84c049007013409ea1ff39a3c133e293ba58bd0aa607d5d8849d6393f38","source_id":"foregs-floodplain-sediment","unit":"mg/kg","value":27.0},"type":"Feature"},{"geometry":{"coordinates":[25.332988602,34.988315269],"type":"Point"},"properties":{"candidate_anomaly":false,"confidence_workflow_usability_band":"medium","coordinate_basis":"canonical_wgs84","element":"Ni","medium":"sediment","record_id":"rec-27e79d6b2836343ed1a4cd1b930e02b90cc376c8d2606e81368bd35544787404","source_id":"foregs-floodplain-sediment","unit":"mg/kg","value":109.0},"type":"Feature"},{"geometry":{"coordinates":[25.332988602,34.988315269],"type":"Point"},"properties":{"candidate_anomaly":false,"confidence_workflow_usability_band":"medium","coordinate_basis":"canonical_wgs84","element":"Zn","medium":"sediment","record_id":"rec-e7ee1459ee7a08b4ae43fdf9d6e74dbde4410d6b648029d23074168edf0f1ee9","source_id":"foregs-floodplain-sediment","unit":"mg/kg","value":49.0},"type":"Feature"},{"geometry":{"coordinates":[25.198212727,35.324232941],"type":"Point"},"properties":{"candidate_anomaly":false,"confidence_workflow_usability_band":"medium","coordinate_basis":"canonical_wgs84","element":"As","medium":"sediment","record_id":"rec-679793427baeb383e18abb80770dacb8297ad4f6c7a523f7a2e2edc4cb712735","source_id":"foregs-floodplain-sediment","unit":"mg/kg","value":2.5},"type":"Feature"},{"geometry":{"coordinates":[25.198212727,35.324232941],"type":"Point"},"properties":{"candidate_anomaly":false,"confidence_workflow_usability_band":"medium","coordinate_basis":"canonical_wgs84","element":"Cu","medium":"sediment","record_id":"rec-67c44ed1e04fec1b066a098464b65756df215de0768cf1004a2e58e2477418e2","source_id":"foregs-floodplain-sediment","unit":"mg/kg","value":15.0},"type":"Feature"},{"geometry":{"coordinates":[25.198212727,35.324232941],"type":"Point"},"properties":{"candidate_anomaly":false,"confidence_workflow_usability_band":"medium","coordinate_basis":"canonical_wgs84","element":"Ni","medium":"sediment","record_id":"rec-5fabd78c0fbf892d3c1a6528d8e724e703a280530c1a31b9e036961ac01aa4f6","source_id":"foregs-floodplain-sediment","unit":"mg/kg","value":50.0},"type":"Feature"},{"geometry":{"coordinates":[25.198212727,35.324232941],"type":"Point"},"properties":{"candidate_anomaly":false,"confidence_workflow_usability_band":"medium","coordinate_basis":"canonical_wgs84","element":"Zn","medium":"sediment","record_id":"rec-ac10812edf1a36d1b22b33cf6aa20c85270d7de1de6179c51baf288dcd13d67e","source_id":"foregs-floodplain-sediment","unit":"mg/kg","value":25.0},"type":"Feature"},{"geometry":{"coordinates":[26.11120356,35.203105873],"type":"Point"},"properties":{"candidate_anomaly":false,"confidence_workflow_usability_band":"medium","coordinate_basis":"canonical_wgs84","element":"As","medium":"sediment","record_id":"rec-ef5d2001c28ee2766de86dd63c6f7e3467d0b12068f99864302eec432a733749","source_id":"foregs-floodplain-sediment","unit":"mg/kg","value":8.0},"type":"Feature"},{"geometry":{"coordinates":[26.11120356,35.203105873],"type":"Point"},"properties":{"candidate_anomaly":false,"confidence_workflow_usability_band":"medium","coordinate_basis":"canonical_wgs84","element":"Cu","medium":"sediment","record_id":"rec-185c7cfe39713d96b418d2f57e249810a7c2fc766facccc6848e15f54ae4e1bb","source_id":"foregs-floodplain-sediment","unit":"mg/kg","value":27.0},"type":"Feature"},{"geometry":{"coordinates":[26.11120356,35.203105873],"type":"Point"},"properties":{"candidate_anomaly":false,"confidence_workflow_usability_band":"medium","coordinate_basis":"canonical_wgs84","element":"Ni","medium":"sediment","record_id":"rec-eff287a4742cc2091e1ea49f69e2c4276e25d3cc3c8fcffae2261c14418d78d8","source_id":"foregs-floodplain-sediment","unit":"mg/kg","value":33.0},"type":"Feature"},{"geometry":{"coordinates":[26.11120356,35.203105873],"type":"Point"},"properties":{"candidate_anomaly":false,"confidence_workflow_usability_band":"medium","coordinate_basis":"canonical_wgs84","element":"Zn","medium":"sediment","record_id":"rec-4417dd0277b798adc9d0068baa07003538b152c1a20701e388f4cb32e5ff4850","source_id":"foregs-floodplain-sediment","unit":"mg/kg","value":49.0},"type":"Feature"},{"geometry":{"coordinates":[-15.45288278,27.82639699],"type":"Point"},"properties":{"candidate_anomaly":false,"confidence_workflow_usability_band":"medium","coordinate_basis":"canonical_wgs84","element":"As","medium":"sediment","record_id":"rec-6196175d2336e788d52a21ca65e190eb059410a31d5f3b0c556fa19ffbc9bf6b","source_id":"foregs-floodplain-sediment","unit":"mg/kg","value":3.0},"type":"Feature"},{"geometry":{"coordinates":[-15.45288278,27.82639699],"type":"Point"},"properties":{"candidate_anomaly":false,"confidence_workflow_usability_band":"medium","coordinate_basis":"canonical_wgs84","element":"Cu","medium":"sediment","record_id":"rec-6bde1699f1544cb3e934fa466b655687be707b8fc57d1f32e736332ad3f4fc79","source_id":"foregs-floodplain-sediment","unit":"mg/kg","value":28.0},"type":"Feature"},{"geometry":{"coordinates":[-15.45288278,27.82639699],"type":"Point"},"properties":{"candidate_anomaly":false,"confidence_workflow_usability_band":"medium","coordinate_basis":"canonical_wgs84","element":"Ni","medium":"sediment","record_id":"rec-840cbfdc35336f88adf43742cfdad848126a04ef56f9a99a361d1d0475258e88","source_id":"foregs-floodplain-sediment","unit":"mg/kg","value":68.0},"type":"Feature"},{"geometry":{"coordinates":[-15.45288278,27.82639699],"type":"Point"},"properties":{"candidate_anomaly":false,"confidence_workflow_usability_band":"medium","coordinate_basis":"canonical_wgs84","element":"Zn","medium":"sediment","record_id":"rec-2352e4dad4e96685374c9b40581b9396d3a064b1cef4cf02ead3c282d03ed4d9","source_id":"foregs-floodplain-sediment","unit":"mg/kg","value":139.0},"type":"Feature"},{"geometry":{"coordinates":[23.824823052,35.531477777],"type":"Point"},"properties":{"candidate_anomaly":false,"confidence_workflow_usability_band":"medium","coordinate_basis":"canonical_wgs84","element":"As","medium":"sediment","record_id":"rec-a807a79805b098901d6538ed150bd00f92c6bb793a1148b1aea252f2e26c5df5","source_id":"foregs-floodplain-sediment","unit":"mg/kg","value":6.0},"type":"Feature"},{"geometry":{"coordinates":[23.824823052,35.531477777],"type":"Point"},"properties":{"candidate_anomaly":false,"confidence_workflow_usability_band":"medium","coordinate_basis":"canonical_wgs84","element":"Cu","medium":"sediment","record_id":"rec-87546a9568fe1c45d73bc6660b8bfba667b880978fcbf88242be6b44b7875ea6","source_id":"foregs-floodplain-sediment","unit":"mg/kg","value":19.0},"type":"Feature"},{"geometry":{"coordinates":[23.824823052,35.531477777],"type":"Point"},"properties":{"candidate_anomaly":false,"confidence_workflow_usability_band":"medium","coordinate_basis":"canonical_wgs84","element":"Ni","medium":"sediment","record_id":"rec-5dfc937b62e02759dfb1b3cb76a65b98beeb94bbbacb76137f44bdc8ffc7af7d","source_id":"foregs-floodplain-sediment","unit":"mg/kg","value":23.0},"type":"Feature"},{"geometry":{"coordinates":[23.824823052,35.531477777],"type":"Point"},"properties":{"candidate_anomaly":false,"confidence_workflow_usability_band":"medium","coordinate_basis":"canonical_wgs84","element":"Zn","medium":"sediment","record_id":"rec-0fe4434b9adfeff21512bf3da646c852e47f73c6f80869e1210c9116c62aafa0","source_id":"foregs-floodplain-sediment","unit":"mg/kg","value":44.0},"type":"Feature"},{"geometry":{"coordinates":[24.646516544,35.412341912],"type":"Point"},"properties":{"candidate_anomaly":false,"confidence_workflow_usability_band":"medium","coordinate_basis":"canonical_wgs84","element":"As","medium":"sediment","record_id":"rec-6e35b5779d791697891d314bfa72bb5041b8757809e1172f4b052908a89be544","source_id":"foregs-floodplain-sediment","unit":"mg/kg","value":16.0},"type":"Feature"},{"geometry":{"coordinates":[24.646516544,35.412341912],"type":"Point"},"properties":{"candidate_anomaly":false,"confidence_workflow_usability_band":"medium","coordinate_basis":"canonical_wgs84","element":"Cu","medium":"sediment","record_id":"rec-6e30862b567e3441f4bc732aa1ad57970faaaa1340e40291ba5a32922f89953c","source_id":"foregs-floodplain-sediment","unit":"mg/kg","value":39.0},"type":"Feature"},{"geometry":{"coordinates":[24.646516544,35.412341912],"type":"Point"},"properties":{"candidate_anomaly":false,"confidence_workflow_usability_band":"medium","coordinate_basis":"canonical_wgs84","element":"Ni","medium":"sediment","record_id":"rec-709a85e01ec8be60701e319ef693204d99b2f5f24956bb5cdacaeefec4f060ad","source_id":"foregs-floodplain-sediment","unit":"mg/kg","value":143.0},"type":"Feature"},{"geometry":{"coordinates":[24.646516544,35.412341912],"type":"Point"},"properties":{"candidate_anomaly":false,"confidence_workflow_usability_band":"medium","coordinate_basis":"canonical_wgs84","element":"Zn","medium":"sediment","record_id":"rec-b2db0deb4cc1d0e8eee44fe3d1fc8f180300d8c9783aa5bdb616fedd43166463","source_id":"foregs-floodplain-sediment","unit":"mg/kg","value":82.0},"type":"Feature"},{"geometry":{"coordinates":[25.332988602,34.988315269],"type":"Point"},"properties":{"candidate_anomaly":false,"confidence_workflow_usability_band":"medium","coordinate_basis":"canonical_wgs84","element":"As","medium":"sediment","record_id":"rec-c80b598a753c9402a39d0f3b4f1d98a94f3b4d9bc2331caee567f4731434c395","source_id":"foregs-floodplain-sediment","unit":"mg/kg","value":5.0},"type":"Feature"},{"geometry":{"coordinates":[25.332988602,34.988315269],"type":"Point"},"properties":{"candidate_anomaly":false,"confidence_workflow_usability_band":"medium","coordinate_basis":"canonical_wgs84","element":"Cu","medium":"sediment","record_id":"rec-962c18d06df33b0550bdae4f949ebcb846e94fadbdec8585ecf1ebcc97a35c54","source_id":"foregs-floodplain-sediment","unit":"mg/kg","value":24.0},"type":"Feature"},{"geometry":{"coordinates":[25.332988602,34.988315269],"type":"Point"},"properties":{"candidate_anomaly":false,"confidence_workflow_usability_band":"medium","coordinate_basis":"canonical_wgs84","element":"Ni","medium":"sediment","record_id":"rec-49c5f568c8c80c6c7ab760eb6e085b4b4120ea82fe313ca6107bdc2c960c2936","source_id":"foregs-floodplain-sediment","unit":"mg/kg","value":113.0},"type":"Feature"},{"geometry":{"coordinates":[25.332988602,34.988315269],"type":"Point"},"properties":{"candidate_anomaly":false,"confidence_workflow_usability_band":"medium","coordinate_basis":"canonical_wgs84","element":"Zn","medium":"sediment","record_id":"rec-b2f300b08bf95b6bf1967c1006dd20a967e127edecce1c91c6aad9304e70bb15","source_id":"foregs-floodplain-sediment","unit":"mg/kg","value":49.0},"type":"Feature"},{"geometry":{"coordinates":[25.198212727,35.324232941],"type":"Point"},"properties":{"candidate_anomaly":false,"confidence_workflow_usability_band":"medium","coordinate_basis":"canonical_wgs84","element":"As","medium":"sediment","record_id":"rec-42f25d0bc0bf1f3677f62f0ea0dad4433cc7af2c269478ac69ab21d29fea4cc2","source_id":"foregs-floodplain-sediment","unit":"mg/kg","value":5.0},"type":"Feature"},{"geometry":{"coordinates":[25.198212727,35.324232941],"type":"Point"},"properties":{"candidate_anomaly":false,"confidence_workflow_usability_band":"medium","coordinate_basis":"canonical_wgs84","element":"Cu","medium":"sediment","record_id":"rec-9da620b1cd6f031eb50f757d5d6d4e737c87b34e3dc05ad3da6908d6f7637c2f","source_id":"foregs-floodplain-sediment","unit":"mg/kg","value":14.0},"type":"Feature"},{"geometry":{"coordinates":[25.198212727,35.324232941],"type":"Point"},"properties":{"candidate_anomaly":false,"confidence_workflow_usability_band":"medium","coordinate_basis":"canonical_wgs84","element":"Ni","medium":"sediment","record_id":"rec-68f5b979061c503d91d01a7a4dfa21346b6f4ad35341f17c78e37c0e8643e49a","source_id":"foregs-floodplain-sediment","unit":"mg/kg","value":51.0},"type":"Feature"},{"geometry":{"coordinates":[25.198212727,35.324232941],"type":"Point"},"properties":{"candidate_anomaly":false,"confidence_workflow_usability_band":"medium","coordinate_basis":"canonical_wgs84","element":"Zn","medium":"sediment","record_id":"rec-4a90d4a6ff7b2cb7f50059a992a7f6339e1a958458e93f1e542c8cd4c23602f0","source_id":"foregs-floodplain-sediment","unit":"mg/kg","value":28.0},"type":"Feature"},{"geometry":{"coordinates":[26.11120356,35.203105873],"type":"Point"},"properties":{"candidate_anomaly":false,"confidence_workflow_usability_band":"medium","coordinate_basis":"canonical_wgs84","element":"As","medium":"sediment","record_id":"rec-1969cd78c2545308111e4cc7624519172d87d14f1691082337ee3caf8d4562e1","source_id":"foregs-floodplain-sediment","unit":"mg/kg","value":10.0},"type":"Feature"},{"geometry":{"coordinates":[26.11120356,35.203105873],"type":"Point"},"properties":{"candidate_anomaly":false,"confidence_workflow_usability_band":"medium","coordinate_basis":"canonical_wgs84","element":"Cu","medium":"sediment","record_id":"rec-3ab4d3c800dea1c72044ad3b8ef8804cc90af1667959847e19739bead66a6470","source_id":"foregs-floodplain-sediment","unit":"mg/kg","value":28.0},"type":"Feature"},{"geometry":{"coordinates":[26.11120356,35.203105873],"type":"Point"},"properties":{"candidate_anomaly":false,"confidence_workflow_usability_band":"medium","coordinate_basis":"canonical_wgs84","element":"Ni","medium":"sediment","record_id":"rec-bbcfa0efe40fd17ed885e1a5daf6b668f1180546ead3d77072b740e2493fc3f1","source_id":"foregs-floodplain-sediment","unit":"mg/kg","value":37.0},"type":"Feature"},{"geometry":{"coordinates":[26.11120356,35.203105873],"type":"Point"},"properties":{"candidate_anomaly":false,"confidence_workflow_usability_band":"medium","coordinate_basis":"canonical_wgs84","element":"Zn","medium":"sediment","record_id":"rec-ed895ba54bd373299c53224574a768e5772b594db16920bc02eb70eda363082d","source_id":"foregs-floodplain-sediment","unit":"mg/kg","value":56.0},"type":"Feature"},{"geometry":{"coordinates":[148.5809,-29.5469],"type":"Point"},"properties":{"candidate_anomaly":false,"confidence_workflow_usability_band":"medium","coordinate_basis":"canonical_wgs84","element":"Hg","medium":"sediment","record_id":"rec-55bf6eb31bba4393c93d7f8b07e499b920fa6cf974409b0d6ec89ed9cec906b3","source_id":"australia-ngsa-mercury","unit":"mg/kg","value":0.01531},"type":"Feature"},{"geometry":{"coordinates":[131.413,-17.1653],"type":"Point"},"properties":{"candidate_anomaly":false,"confidence_workflow_usability_band":"medium","coordinate_basis":"canonical_wgs84","element":"Hg","medium":"sediment","record_id":"rec-239c7029a5ada24bad63ab0e223bfb1546afeada15f63c1dc4a999c88899b95d","source_id":"australia-ngsa-mercury","unit":"mg/kg","value":0.00532},"type":"Feature"},{"geometry":{"coordinates":[142.2717,-12.6551],"type":"Point"},"properties":{"candidate_anomaly":false,"confidence_workflow_usability_band":"medium","coordinate_basis":"canonical_wgs84","element":"Hg","medium":"sediment","record_id":"rec-a51d483523715f579d6bbecc2493d686387ad7b799bdbe17cf97d670dea6f6e7","source_id":"australia-ngsa-mercury","unit":"mg/kg","value":0.02196},"type":"Feature"},{"geometry":{"coordinates":[139.7598,-33.3062],"type":"Point"},"properties":{"candidate_anomaly":false,"confidence_workflow_usability_band":"medium","coordinate_basis":"canonical_wgs84","element":"Hg","medium":"sediment","record_id":"rec-8d0afb54502001ac0faf269c885fded52fbc5bed767f874063d672a09580bd64","source_id":"australia-ngsa-mercury","unit":"mg/kg","value":0.02152},"type":"Feature"},{"geometry":{"coordinates":[147.0589,-41.504],"type":"Point"},"properties":{"candidate_anomaly":false,"confidence_workflow_usability_band":"medium","coordinate_basis":"canonical_wgs84","element":"Hg","medium":"sediment","record_id":"rec-ee2ff1d559ddf61d2178cf5bfae9ffc3b80206578cb3f03c3b4dff26de327fea","source_id":"australia-ngsa-mercury","unit":"mg/kg","value":0.03876},"type":"Feature"},{"geometry":{"coordinates":[143.6603,-35.7518],"type":"Point"},"properties":{"candidate_anomaly":false,"confidence_workflow_usability_band":"medium","coordinate_basis":"canonical_wgs84","element":"Hg","medium":"sediment","record_id":"rec-a4859254b09a25c1a3d2e2bc92c5d82d1170623b0905a4fdfb0625d6a1d11b19","source_id":"australia-ngsa-mercury","unit":"mg/kg","value":0.02592},"type":"Feature"},{"geometry":{"coordinates":[116.122,-22.7363],"type":"Point"},"properties":{"candidate_anomaly":false,"confidence_workflow_usability_band":"medium","coordinate_basis":"canonical_wgs84","element":"Hg","medium":"sediment","record_id":"rec-03a5b16307dd1944f2cb77d47e26eae0c4dc460f7919c8f48170d7bf79c74b0f","source_id":"australia-ngsa-mercury","unit":"mg/kg","value":0.02135},"type":"Feature"},{"geometry":{"coordinates":[148.5809,-29.5469],"type":"Point"},"properties":{"candidate_anomaly":false,"confidence_workflow_usability_band":"medium","coordinate_basis":"canonical_wgs84","element":"Hg","medium":"sediment","record_id":"rec-1b221652390c25c36b83e3b151ed94a1f11631912f1ae921d8593350cab54767","source_id":"australia-ngsa-mercury","unit":"mg/kg","value":0.0059},"type":"Feature"},{"geometry":{"coordinates":[131.413,-17.1653],"type":"Point"},"properties":{"candidate_anomaly":false,"confidence_workflow_usability_band":"medium","coordinate_basis":"canonical_wgs84","element":"Hg","medium":"sediment","record_id":"rec-cccbfc8794cf5abe319c7a4c8e6c8a8be13d43025c1f7c106502d4b92c9ad93d","source_id":"australia-ngsa-mercury","unit":"mg/kg","value":0.00692},"type":"Feature"},{"geometry":{"coordinates":[142.2717,-12.6551],"type":"Point"},"properties":{"candidate_anomaly":false,"confidence_workflow_usability_band":"medium","coordinate_basis":"canonical_wgs84","element":"Hg","medium":"sediment","record_id":"rec-3c1b7443b0d68012d6b986c45e5e7090fd58a9035d9461cc8ae4820e0e1903d9","source_id":"australia-ngsa-mercury","unit":"mg/kg","value":0.01589},"type":"Feature"},{"geometry":{"coordinates":[139.7598,-33.3062],"type":"Point"},"properties":{"candidate_anomaly":false,"confidence_workflow_usability_band":"medium","coordinate_basis":"canonical_wgs84","element":"Hg","medium":"sediment","record_id":"rec-ceeaaa0d82c7902824e29ad79d928ad92f3180c987634df1bee9533822b0dc40","source_id":"australia-ngsa-mercury","unit":"mg/kg","value":0.02403},"type":"Feature"},{"geometry":{"coordinates":[147.0589,-41.504],"type":"Point"},"properties":{"candidate_anomaly":false,"confidence_workflow_usability_band":"medium","coordinate_basis":"canonical_wgs84","element":"Hg","medium":"sediment","record_id":"rec-0197a382954a85edb9b38738a241b337a88471d3b8c4138fa34ed08d73a9f9f8","source_id":"australia-ngsa-mercury","unit":"mg/kg","value":0.04511},"type":"Feature"},{"geometry":{"coordinates":[143.6603,-35.7518],"type":"Point"},"properties":{"candidate_anomaly":false,"confidence_workflow_usability_band":"medium","coordinate_basis":"canonical_wgs84","element":"Hg","medium":"sediment","record_id":"rec-8d02fed55d86cd13b38546d1bddc91edb3ada8e1dc02be03a65af9708cd359ff","source_id":"australia-ngsa-mercury","unit":"mg/kg","value":0.01471},"type":"Feature"},{"geometry":{"coordinates":[116.122,-22.7363],"type":"Point"},"properties":{"candidate_anomaly":false,"confidence_workflow_usability_band":"medium","coordinate_basis":"canonical_wgs84","element":"Hg","medium":"sediment","record_id":"rec-afd76de4744162b9fa3dfc8a027a394d445d0ca260da88cad8907a1fc49fd064","source_id":"australia-ngsa-mercury","unit":"mg/kg","value":0.01133},"type":"Feature"},{"geometry":{"coordinates":[148.3915,-30.1478],"type":"Point"},"properties":{"candidate_anomaly":false,"confidence_workflow_usability_band":"medium","coordinate_basis":"canonical_wgs84","element":"Hg","medium":"sediment","record_id":"rec-1aaceb99b1db48a11169bb0cb87623d433949a3335a5ff5cf7a02e8fdca83ad4","source_id":"australia-ngsa-mercury","unit":"mg/kg","value":0.02402},"type":"Feature"},{"geometry":{"coordinates":[132.383,-12.9586],"type":"Point"},"properties":{"candidate_anomaly":false,"confidence_workflow_usability_band":"medium","coordinate_basis":"canonical_wgs84","element":"Hg","medium":"sediment","record_id":"rec-d431f4b59135be359d1e3d3be948879cb5ccd26b091190136c3dd6d42228bbbb","source_id":"australia-ngsa-mercury","unit":"mg/kg","value":0.01716},"type":"Feature"},{"geometry":{"coordinates":[153.0022,-27.8225],"type":"Point"},"properties":{"candidate_anomaly":false,"confidence_workflow_usability_band":"medium","coordinate_basis":"canonical_wgs84","element":"Hg","medium":"sediment","record_id":"rec-b85c09d340051be2967aa4e8b2be7a3eca1e34ba041d03409104ca31a095aa6f","source_id":"australia-ngsa-mercury","unit":"mg/kg","value":0.01712},"type":"Feature"},{"geometry":{"coordinates":[134.4646,-26.7486],"type":"Point"},"properties":{"candidate_anomaly":false,"confidence_workflow_usability_band":"medium","coordinate_basis":"canonical_wgs84","element":"Hg","medium":"sediment","record_id":"rec-60a7594641d85a4d551f2fc57c011dfaf652f38662bb55f32b8e2b591b86b657","source_id":"australia-ngsa-mercury","unit":"mg/kg","value":0.01422},"type":"Feature"},{"geometry":{"coordinates":[144.6748,-41.0492],"type":"Point"},"properties":{"candidate_anomaly":false,"confidence_workflow_usability_band":"medium","coordinate_basis":"canonical_wgs84","element":"Hg","medium":"sediment","record_id":"rec-14cc6f42d0523f426060b34509475cf252180f9f06a6e23d0f45b2637dd615d3","source_id":"australia-ngsa-mercury","unit":"mg/kg","value":0.05847},"type":"Feature"},{"geometry":{"coordinates":[144.2791,-38.0882],"type":"Point"},"properties":{"candidate_anomaly":true,"confidence_workflow_usability_band":"medium","coordinate_basis":"canonical_wgs84","element":"Hg","medium":"sediment","record_id":"rec-8a8818da62e396cb7294f1d75432fb426ab5121c5094460b19d8e31339bd6202","source_id":"australia-ngsa-mercury","unit":"mg/kg","value":0.18308},"type":"Feature"},{"geometry":{"coordinates":[114.8976,-22.7017],"type":"Point"},"properties":{"candidate_anomaly":false,"confidence_workflow_usability_band":"medium","coordinate_basis":"canonical_wgs84","element":"Hg","medium":"sediment","record_id":"rec-4dfe52e17cd63817498b5811813629151ea5699ed3c7b9effa4c31da4d7de342","source_id":"australia-ngsa-mercury","unit":"mg/kg","value":0.01112},"type":"Feature"},{"geometry":{"coordinates":[145.1566,-32.6919],"type":"Point"},"properties":{"candidate_anomaly":false,"confidence_workflow_usability_band":"medium","coordinate_basis":"canonical_wgs84","element":"Hg","medium":"sediment","record_id":"rec-535b4cb7715c78f8c756fff1d85a44217ad4f8f430f45fdba7031282b4a4ba80","source_id":"australia-ngsa-mercury","unit":"mg/kg","value":0.05162},"type":"Feature"},{"geometry":{"coordinates":[133.1016,-25.2964],"type":"Point"},"properties":{"candidate_anomaly":false,"confidence_workflow_usability_band":"medium","coordinate_basis":"canonical_wgs84","element":"Hg","medium":"sediment","record_id":"rec-a0e930c98f93d07e73165aea427ae63b5bac45f5c166a4e8e2ae504c285526f4","source_id":"australia-ngsa-mercury","unit":"mg/kg","value":0.00148},"type":"Feature"},{"geometry":{"coordinates":[147.0484,-21.531],"type":"Point"},"properties":{"candidate_anomaly":false,"confidence_workflow_usability_band":"medium","coordinate_basis":"canonical_wgs84","element":"Hg","medium":"sediment","record_id":"rec-549c0f08e1c83aa124ebf1a58d4480ae28dab2aef1edc342d2a9c3f52dcf9999","source_id":"australia-ngsa-mercury","unit":"mg/kg","value":0.01793},"type":"Feature"},{"geometry":{"coordinates":[134.5393,-26.7625],"type":"Point"},"properties":{"candidate_anomaly":false,"confidence_workflow_usability_band":"medium","coordinate_basis":"canonical_wgs84","element":"Hg","medium":"sediment","record_id":"rec-e92ce7773c0996be35be38ec929ea1e5a34ebfa4e6690ebdc851590604b0fce2","source_id":"australia-ngsa-mercury","unit":"mg/kg","value":0.01103},"type":"Feature"},{"geometry":{"coordinates":[146.7227,-42.4756],"type":"Point"},"properties":{"candidate_anomaly":false,"confidence_workflow_usability_band":"medium","coordinate_basis":"canonical_wgs84","element":"Hg","medium":"sediment","record_id":"rec-3653623fc765fb010e14a594cc2d7aa9ccef82466df2ea6e88e373737e3ae5ae","source_id":"australia-ngsa-mercury","unit":"mg/kg","value":0.01697},"type":"Feature"},{"geometry":{"coordinates":[148.476,-37.7195],"type":"Point"},"properties":{"candidate_anomaly":false,"confidence_workflow_usability_band":"medium","coordinate_basis":"canonical_wgs84","element":"Hg","medium":"sediment","record_id":"rec-d61fdf55fabe31c39ff43bcfc667210ed3b4b1642350c130e677cdf269c56d65","source_id":"australia-ngsa-mercury","unit":"mg/kg","value":0.01863},"type":"Feature"},{"geometry":{"coordinates":[114.8981,-22.7004],"type":"Point"},"properties":{"candidate_anomaly":false,"confidence_workflow_usability_band":"medium","coordinate_basis":"canonical_wgs84","element":"Hg","medium":"sediment","record_id":"rec-fa717a2ec4348665fde5c965ffe60c8c913ea13653d4d9143e2898cf9b096f6d","source_id":"australia-ngsa-mercury","unit":"mg/kg","value":0.00668},"type":"Feature"},{"geometry":{"coordinates":[141.9851,-13.1195],"type":"Point"},"properties":{"candidate_anomaly":false,"confidence_workflow_usability_band":"medium","coordinate_basis":"canonical_wgs84","element":"Hg","medium":"sediment","record_id":"rec-9ad1483bd68275611ca22cda5b142545f1eeebb9fc47cb5ca8b7d8e282d905d2","source_id":"australia-ngsa-mercury","unit":"mg/kg","value":0.012},"type":"Feature"},{"geometry":{"coordinates":[114.8976,-22.7017],"type":"Point"},"properties":{"candidate_anomaly":false,"confidence_workflow_usability_band":"medium","coordinate_basis":"canonical_wgs84","element":"Hg","medium":"sediment","record_id":"rec-335ee4dfbbf3ab224b363be9a9e1545be396f5c61d45d1c6901356d9af06e051","source_id":"australia-ngsa-mercury","unit":"mg/kg","value":0.00636},"type":"Feature"},{"geometry":{"coordinates":[153.0022,-27.8225],"type":"Point"},"properties":{"candidate_anomaly":false,"confidence_workflow_usability_band":"medium","coordinate_basis":"canonical_wgs84","element":"Hg","medium":"sediment","record_id":"rec-c64161571f45223475f2406ab65edb92e106d31f8528d8ff67f66a0a784851d5","source_id":"australia-ngsa-mercury","unit":"mg/kg","value":0.01592},"type":"Feature"},{"geometry":{"coordinates":[118.3824,-24.1167],"type":"Point"},"properties":{"candidate_anomaly":false,"confidence_workflow_usability_band":"medium","coordinate_basis":"canonical_wgs84","element":"Hg","medium":"sediment","record_id":"rec-af4bca31f437c17a852e267710b51a35a5b52a6e548fc845a2988d1407036810","source_id":"australia-ngsa-mercury","unit":"mg/kg","value":0.01158},"type":"Feature"},{"geometry":{"coordinates":[118.3824,-24.1167],"type":"Point"},"properties":{"candidate_anomaly":false,"confidence_workflow_usability_band":"medium","coordinate_basis":"canonical_wgs84","element":"Hg","medium":"sediment","record_id":"rec-52c55d1746235d6e810e2eda22e49cf53f8676e2b0bbf19eb021abe5a320fe29","source_id":"australia-ngsa-mercury","unit":"mg/kg","value":0.01503},"type":"Feature"},{"geometry":{"coordinates":[146.8424,-28.3459],"type":"Point"},"properties":{"candidate_anomaly":false,"confidence_workflow_usability_band":"medium","coordinate_basis":"canonical_wgs84","element":"Hg","medium":"sediment","record_id":"rec-dfcf847193150c4c0b1868cc9e54ee3d40c8c4f0438d4225266015d9c4dd61e5","source_id":"australia-ngsa-mercury","unit":"mg/kg","value":0.01487},"type":"Feature"},{"geometry":{"coordinates":[146.8424,-28.3459],"type":"Point"},"properties":{"candidate_anomaly":false,"confidence_workflow_usability_band":"medium","coordinate_basis":"canonical_wgs84","element":"Hg","medium":"sediment","record_id":"rec-b77a8ccee8cf8748540979a6db3f18b9ea6c7d6f285fed6c9443bebf34954e2b","source_id":"australia-ngsa-mercury","unit":"mg/kg","value":0.01362},"type":"Feature"},{"geometry":{"coordinates":[145.2473,-22.9801],"type":"Point"},"properties":{"candidate_anomaly":false,"confidence_workflow_usability_band":"medium","coordinate_basis":"canonical_wgs84","element":"Hg","medium":"sediment","record_id":"rec-7b0364c08aa75b57e3763004dffd4da31c7af10ed446cd26a8b674b082728748","source_id":"australia-ngsa-mercury","unit":"mg/kg","value":0.01135},"type":"Feature"},{"geometry":{"coordinates":[145.2473,-22.9801],"type":"Point"},"properties":{"candidate_anomaly":false,"confidence_workflow_usability_band":"medium","coordinate_basis":"canonical_wgs84","element":"Hg","medium":"sediment","record_id":"rec-33cf8c9962ef854309cb45aa51baf10bff74718d6f2200acf8d46d45895545e6","source_id":"australia-ngsa-mercury","unit":"mg/kg","value":0.00728},"type":"Feature"},{"geometry":{"coordinates":[135.2452,-25.8488],"type":"Point"},"properties":{"candidate_anomaly":false,"confidence_workflow_usability_band":"medium","coordinate_basis":"canonical_wgs84","element":"Hg","medium":"sediment","record_id":"rec-d68b92e07cb00ab1fb894c5034838ab48976b656480b104cb6e3acc19a3f382b","source_id":"australia-ngsa-mercury","unit":"mg/kg","value":0.01088},"type":"Feature"},{"geometry":{"coordinates":[135.2452,-25.8488],"type":"Point"},"properties":{"candidate_anomaly":false,"confidence_workflow_usability_band":"medium","coordinate_basis":"canonical_wgs84","element":"Hg","medium":"sediment","record_id":"rec-890abbe34d337ff26e6f8665fafbcc53325154b315671f0bf71a45fe991c04d5","source_id":"australia-ngsa-mercury","unit":"mg/kg","value":0.01136},"type":"Feature"},{"geometry":{"coordinates":[149.7069,-23.5343],"type":"Point"},"properties":{"candidate_anomaly":false,"confidence_workflow_usability_band":"medium","coordinate_basis":"canonical_wgs84","element":"Hg","medium":"sediment","record_id":"rec-a4509d3f63e98bf25237ecd39c3a2e28edb2bbefd7e2f74f77f41c4091f1c9fb","source_id":"australia-ngsa-mercury","unit":"mg/kg","value":0.02882},"type":"Feature"},{"geometry":{"coordinates":[149.7069,-23.5343],"type":"Point"},"properties":{"candidate_anomaly":false,"confidence_workflow_usability_band":"medium","coordinate_basis":"canonical_wgs84","element":"Hg","medium":"sediment","record_id":"rec-e85c3044969cabee5726e41486f8ae604ec5f497eb3099301a03b921cbf14b1d","source_id":"australia-ngsa-mercury","unit":"mg/kg","value":0.02389},"type":"Feature"},{"geometry":{"coordinates":[119.9266,-30.8569],"type":"Point"},"properties":{"candidate_anomaly":false,"confidence_workflow_usability_band":"medium","coordinate_basis":"canonical_wgs84","element":"Hg","medium":"sediment","record_id":"rec-feb15e85c60145e10db8b7f63778b822bc4551d2609bf2c4da4d4694d0c5fedf","source_id":"australia-ngsa-mercury","unit":"mg/kg","value":0.00345},"type":"Feature"},{"geometry":{"coordinates":[119.9266,-30.8569],"type":"Point"},"properties":{"candidate_anomaly":false,"confidence_workflow_usability_band":"medium","coordinate_basis":"canonical_wgs84","element":"Hg","medium":"sediment","record_id":"rec-0759eefdf328761b818ecf4b193f0cda50c16c9414b62324f8c90f3a01a63253","source_id":"australia-ngsa-mercury","unit":"mg/kg","value":0.00236},"type":"Feature"},{"geometry":{"coordinates":[120.9245,-20.7195],"type":"Point"},"properties":{"candidate_anomaly":false,"confidence_workflow_usability_band":"medium","coordinate_basis":"canonical_wgs84","element":"Hg","medium":"sediment","record_id":"rec-dfb8fc8c7536368955d3fe2dbc38b69291d17f538ff8fc380b0f46db321147b3","source_id":"australia-ngsa-mercury","unit":"mg/kg","value":0.01351},"type":"Feature"},{"geometry":{"coordinates":[120.9245,-20.7195],"type":"Point"},"properties":{"candidate_anomaly":false,"confidence_workflow_usability_band":"medium","coordinate_basis":"canonical_wgs84","element":"Hg","medium":"sediment","record_id":"rec-f0b5e825dfd6dd2c6b1e6fabdf129f4742ca977dfc98f3bfc4aa12372a53b4cd","source_id":"australia-ngsa-mercury","unit":"mg/kg","value":0.00794},"type":"Feature"},{"geometry":{"coordinates":[118.7959,-30.9634],"type":"Point"},"properties":{"candidate_anomaly":false,"confidence_workflow_usability_band":"medium","coordinate_basis":"canonical_wgs84","element":"Hg","medium":"sediment","record_id":"rec-f575841330a1e001bebf62547963519740147cf9291c281f840212e6f5e7a17a","source_id":"australia-ngsa-mercury","unit":"mg/kg","value":0.01697},"type":"Feature"},{"geometry":{"coordinates":[118.7959,-30.9634],"type":"Point"},"properties":{"candidate_anomaly":false,"confidence_workflow_usability_band":"medium","coordinate_basis":"canonical_wgs84","element":"Hg","medium":"sediment","record_id":"rec-6c895e4bf47fcbcde63174f06d51231998cd8a004cce5e96dc4648fff1a6d5a1","source_id":"australia-ngsa-mercury","unit":"mg/kg","value":0.02307},"type":"Feature"},{"geometry":{"coordinates":[150.4985,-34.876],"type":"Point"},"properties":{"candidate_anomaly":false,"confidence_workflow_usability_band":"medium","coordinate_basis":"canonical_wgs84","element":"Hg","medium":"sediment","record_id":"rec-9e559fefbdd487b1cb47d580758567cca703bd3d4e3b42ecff469b54913c5afe","source_id":"australia-ngsa-mercury","unit":"mg/kg","value":0.03397},"type":"Feature"},{"geometry":{"coordinates":[61.53,15.99],"type":"Point"},"properties":{"candidate_anomaly":false,"confidence_workflow_usability_band":"medium","coordinate_basis":"canonical_wgs84","element":"As","medium":"sediment","record_id":"rec-5d7c2efb4ba2597a8e85fed56c05b71a677581bcb8db78d88ed8a4d703eb2ac0","source_id":"pangaea-arabian-sea-sediment","unit":"mg/kg","value":2.04},"type":"Feature"},{"geometry":{"coordinates":[61.53,15.99],"type":"Point"},"properties":{"candidate_anomaly":false,"confidence_workflow_usability_band":"medium","coordinate_basis":"canonical_wgs84","element":"Cr","medium":"sediment","record_id":"rec-d975743607f9c7a4287cff19ce42bd569d8ee504d5d3b08865379090d51f8126","source_id":"pangaea-arabian-sea-sediment","unit":"mg/kg","value":76.49},"type":"Feature"},{"geometry":{"coordinates":[61.53,15.99],"type":"Point"},"properties":{"candidate_anomaly":true,"confidence_workflow_usability_band":"medium","coordinate_basis":"canonical_wgs84","element":"Cu","medium":"sediment","record_id":"rec-044ff636938f7cd45e288a4bc05469f5f79d56a1636b811ac4548036e4493458","source_id":"pangaea-arabian-sea-sediment","unit":"mg/kg","value":71.02},"type":"Feature"},{"geometry":{"coordinates":[61.53,15.99],"type":"Point"},"properties":{"candidate_anomaly":true,"confidence_workflow_usability_band":"medium","coordinate_basis":"canonical_wgs84","element":"Ni","medium":"sediment","record_id":"rec-5a7735103332f92f0608696355ca01022c54c99d4ebd19d805b438714b8687ab","source_id":"pangaea-arabian-sea-sediment","unit":"mg/kg","value":255.17},"type":"Feature"},{"geometry":{"coordinates":[61.53,15.99],"type":"Point"},"properties":{"candidate_anomaly":false,"confidence_workflow_usability_band":"medium","coordinate_basis":"canonical_wgs84","element":"Pb","medium":"sediment","record_id":"rec-dc40ca08dfa38a838cec2ab381282cc7ff5060f6b1c5a2af5d8840adbfabd008","source_id":"pangaea-arabian-sea-sediment","unit":"mg/kg","value":7.95},"type":"Feature"},{"geometry":{"coordinates":[61.53,15.99],"type":"Point"},"properties":{"candidate_anomaly":false,"confidence_workflow_usability_band":"medium","coordinate_basis":"canonical_wgs84","element":"Zn","medium":"sediment","record_id":"rec-fdb052aa2cf65258db5929fa4896cc29476a77eb09e65bfded7181495065cd1c","source_id":"pangaea-arabian-sea-sediment","unit":"mg/kg","value":96.17},"type":"Feature"},{"geometry":{"coordinates":[61.5333,15.9945],"type":"Point"},"properties":{"candidate_anomaly":false,"confidence_workflow_usability_band":"medium","coordinate_basis":"canonical_wgs84","element":"As","medium":"sediment","record_id":"rec-f777f43303d39634d0c034872cc17a8697bbb9d537b9c1f7773681e921ec1534","source_id":"pangaea-arabian-sea-sediment","unit":"mg/kg","value":2.02},"type":"Feature"},{"geometry":{"coordinates":[61.5333,15.9945],"type":"Point"},"properties":{"candidate_anomaly":false,"confidence_workflow_usability_band":"medium","coordinate_basis":"canonical_wgs84","element":"Cr","medium":"sediment","record_id":"rec-0f0201e4e6a50dbe9ab625f941e781138e1b296da22b184f0c79d27f9bb76ce7","source_id":"pangaea-arabian-sea-sediment","unit":"mg/kg","value":73.09},"type":"Feature"},{"geometry":{"coordinates":[61.5333,15.9945],"type":"Point"},"properties":{"candidate_anomaly":true,"confidence_workflow_usability_band":"medium","coordinate_basis":"canonical_wgs84","element":"Cu","medium":"sediment","record_id":"rec-3d7d2fed1eeb211e3246122b7be318d5bcf58243875da653225c3424e3dacccd","source_id":"pangaea-arabian-sea-sediment","unit":"mg/kg","value":71.94},"type":"Feature"},{"geometry":{"coordinates":[61.5333,15.9945],"type":"Point"},"properties":{"candidate_anomaly":true,"confidence_workflow_usability_band":"medium","coordinate_basis":"canonical_wgs84","element":"Ni","medium":"sediment","record_id":"rec-9a5b3ecb16bdc982229c31b3d6a306fbffedd953fa41adc59051041c41daebc3","source_id":"pangaea-arabian-sea-sediment","unit":"mg/kg","value":247.89},"type":"Feature"},{"geometry":{"coordinates":[61.5333,15.9945],"type":"Point"},"properties":{"candidate_anomaly":false,"confidence_workflow_usability_band":"medium","coordinate_basis":"canonical_wgs84","element":"Pb","medium":"sediment","record_id":"rec-fd623b9677c7ec507ff7dfa2f3e4b182bb898935734f763c53964ec7287d3d4f","source_id":"pangaea-arabian-sea-sediment","unit":"mg/kg","value":7.52},"type":"Feature"},{"geometry":{"coordinates":[61.5333,15.9945],"type":"Point"},"properties":{"candidate_anomaly":false,"confidence_workflow_usability_band":"medium","coordinate_basis":"canonical_wgs84","element":"Zn","medium":"sediment","record_id":"rec-6bf8cd438d962f4035d260ff152990753ee95a3654d2c1b2e669adbadd97fb53","source_id":"pangaea-arabian-sea-sediment","unit":"mg/kg","value":97.24},"type":"Feature"},{"geometry":{"coordinates":[65.0842,10.0345],"type":"Point"},"properties":{"candidate_anomaly":false,"confidence_workflow_usability_band":"medium","coordinate_basis":"canonical_wgs84","element":"As","medium":"sediment","record_id":"rec-d9df56e62a1ff78375637ecbd3c38c0f937db9eb27ae63cf9a5e5559d852dd67","source_id":"pangaea-arabian-sea-sediment","unit":"mg/kg","value":3.46},"type":"Feature"},{"geometry":{"coordinates":[65.0842,10.0345],"type":"Point"},"properties":{"candidate_anomaly":false,"confidence_workflow_usability_band":"medium","coordinate_basis":"canonical_wgs84","element":"Cr","medium":"sediment","record_id":"rec-cce25473e82de83fe68bf1180d2f42d9f9e584896c9c4672da011950334f082d","source_id":"pangaea-arabian-sea-sediment","unit":"mg/kg","value":109.53},"type":"Feature"},{"geometry":{"coordinates":[65.0842,10.0345],"type":"Point"},"properties":{"candidate_anomaly":true,"confidence_workflow_usability_band":"medium","coordinate_basis":"canonical_wgs84","element":"Cu","medium":"sediment","record_id":"rec-b60a42668e4a9223e52ab2958f1c61aea4c06d722abc2bea43ec53c558af8ae6","source_id":"pangaea-arabian-sea-sediment","unit":"mg/kg","value":93.12},"type":"Feature"},{"geometry":{"coordinates":[65.0842,10.0345],"type":"Point"},"properties":{"candidate_anomaly":false,"confidence_workflow_usability_band":"medium","coordinate_basis":"canonical_wgs84","element":"Ni","medium":"sediment","record_id":"rec-b3ac939ffa8de60114bf8e29daeebc12374c90d44f808da18f3c4cad75942e94","source_id":"pangaea-arabian-sea-sediment","unit":"mg/kg","value":130.67},"type":"Feature"},{"geometry":{"coordinates":[65.0842,10.0345],"type":"Point"},"properties":{"candidate_anomaly":false,"confidence_workflow_usability_band":"medium","coordinate_basis":"canonical_wgs84","element":"Pb","medium":"sediment","record_id":"rec-e321033146c5fbdd90277e93baedd1f1e909430c12c46883032130854dacf08e","source_id":"pangaea-arabian-sea-sediment","unit":"mg/kg","value":11.68},"type":"Feature"},{"geometry":{"coordinates":[65.0842,10.0345],"type":"Point"},"properties":{"candidate_anomaly":false,"confidence_workflow_usability_band":"medium","coordinate_basis":"canonical_wgs84","element":"Zn","medium":"sediment","record_id":"rec-c9944f61318afcbfb5131a816b33cb507eb2f147f73fa0f56d8b22605ed94d6f","source_id":"pangaea-arabian-sea-sediment","unit":"mg/kg","value":82.19},"type":"Feature"},{"geometry":{"coordinates":[59.9518,17.2012],"type":"Point"},"properties":{"candidate_anomaly":false,"confidence_workflow_usability_band":"medium","coordinate_basis":"canonical_wgs84","element":"As","medium":"sediment","record_id":"rec-3b81fce9410b4727ed403a7a936adaa05ce3d7d7e8f653488dfe6b0b0bfa5585","source_id":"pangaea-arabian-sea-sediment","unit":"mg/kg","value":1.05},"type":"Feature"},{"geometry":{"coordinates":[59.9518,17.2012],"type":"Point"},"properties":{"candidate_anomaly":false,"confidence_workflow_usability_band":"medium","coordinate_basis":"canonical_wgs84","element":"Cr","medium":"sediment","record_id":"rec-db326443f7916459a8929ccdb23a21a38790eab9fc0a1a7a270965117b3ddc88","source_id":"pangaea-arabian-sea-sediment","unit":"mg/kg","value":48.32},"type":"Feature"},{"geometry":{"coordinates":[59.9518,17.2012],"type":"Point"},"properties":{"candidate_anomaly":false,"confidence_workflow_usability_band":"medium","coordinate_basis":"canonical_wgs84","element":"Cu","medium":"sediment","record_id":"rec-15705fb24d4e38eba07b10afff1e1e636bf34c5ee5caf1524f6874d006655a43","source_id":"pangaea-arabian-sea-sediment","unit":"mg/kg","value":18.19},"type":"Feature"},{"geometry":{"coordinates":[59.9518,17.2012],"type":"Point"},"properties":{"candidate_anomaly":false,"confidence_workflow_usability_band":"medium","coordinate_basis":"canonical_wgs84","element":"Ni","medium":"sediment","record_id":"rec-15a657f2c39a3c10dff6cf133aed214fa7b77a0435ef57eb5f5f0513bb7a53f7","source_id":"pangaea-arabian-sea-sediment","unit":"mg/kg","value":62.55},"type":"Feature"},{"geometry":{"coordinates":[59.9518,17.2012],"type":"Point"},"properties":{"candidate_anomaly":false,"confidence_workflow_usability_band":"medium","coordinate_basis":"canonical_wgs84","element":"Pb","medium":"sediment","record_id":"rec-718ba0dad955135afe31bedfc33f367a33741bc309500107df4d64eb6d14b24d","source_id":"pangaea-arabian-sea-sediment","unit":"mg/kg","value":6.7},"type":"Feature"},{"geometry":{"coordinates":[59.9518,17.2012],"type":"Point"},"properties":{"candidate_anomaly":false,"confidence_workflow_usability_band":"medium","coordinate_basis":"canonical_wgs84","element":"Zn","medium":"sediment","record_id":"rec-a1e78fe089347d88407a669ddb8144bbf834b4f41896bb0155a0eff2ef819aeb","source_id":"pangaea-arabian-sea-sediment","unit":"mg/kg","value":45.26},"type":"Feature"},{"geometry":{"coordinates":[58.4677,19.5013],"type":"Point"},"properties":{"candidate_anomaly":false,"confidence_workflow_usability_band":"medium","coordinate_basis":"canonical_wgs84","element":"As","medium":"sediment","record_id":"rec-45efd27d2181b7991e625b89792dfb009c88da6107f4d06007fae051d65dd273","source_id":"pangaea-arabian-sea-sediment","unit":"mg/kg","value":1.5},"type":"Feature"},{"geometry":{"coordinates":[58.4677,19.5013],"type":"Point"},"properties":{"candidate_anomaly":false,"confidence_workflow_usability_band":"medium","coordinate_basis":"canonical_wgs84","element":"Cr","medium":"sediment","record_id":"rec-66e5bea24bbe898c1e165a0d814e5148063933d58c600d069544a22f1542cfe8","source_id":"pangaea-arabian-sea-sediment","unit":"mg/kg","value":228.31},"type":"Feature"},{"geometry":{"coordinates":[58.4677,19.5013],"type":"Point"},"properties":{"candidate_anomaly":false,"confidence_workflow_usability_band":"medium","coordinate_basis":"canonical_wgs84","element":"Cu","medium":"sediment","record_id":"rec-d59244aed3f1dfc370e30a6e553fba0f27802a77d18a7893bc3e587c24506117","source_id":"pangaea-arabian-sea-sediment","unit":"mg/kg","value":18.14},"type":"Feature"},{"geometry":{"coordinates":[58.4677,19.5013],"type":"Point"},"properties":{"candidate_anomaly":false,"confidence_workflow_usability_band":"medium","coordinate_basis":"canonical_wgs84","element":"Ni","medium":"sediment","record_id":"rec-8f9a34220f4738d73e6ce5e613b82a28a16d7a06cd3a11a8b115f723fb8c5784","source_id":"pangaea-arabian-sea-sediment","unit":"mg/kg","value":72.87},"type":"Feature"},{"geometry":{"coordinates":[58.4677,19.5013],"type":"Point"},"properties":{"candidate_anomaly":false,"confidence_workflow_usability_band":"medium","coordinate_basis":"canonical_wgs84","element":"Pb","medium":"sediment","record_id":"rec-21432b8a278392d9e8350b376079167f88facbad78a302f4cb4013d2b4063d7b","source_id":"pangaea-arabian-sea-sediment","unit":"mg/kg","value":3.92},"type":"Feature"},{"geometry":{"coordinates":[58.4677,19.5013],"type":"Point"},"properties":{"candidate_anomaly":false,"confidence_workflow_usability_band":"medium","coordinate_basis":"canonical_wgs84","element":"Zn","medium":"sediment","record_id":"rec-9dd945c341eb0a43d09cfba4670da36adee2278f268df402d086edec145a3631","source_id":"pangaea-arabian-sea-sediment","unit":"mg/kg","value":32.32},"type":"Feature"},{"geometry":{"coordinates":[58.4677,19.5013],"type":"Point"},"properties":{"candidate_anomaly":false,"confidence_workflow_usability_band":"medium","coordinate_basis":"canonical_wgs84","element":"As","medium":"sediment","record_id":"rec-56d02864f0352e8cf9347cf3066dcdaec10608e01878aae97f7e292dc462d42f","source_id":"pangaea-arabian-sea-sediment","unit":"mg/kg","value":1.16},"type":"Feature"},{"geometry":{"coordinates":[58.4677,19.5013],"type":"Point"},"properties":{"candidate_anomaly":false,"confidence_workflow_usability_band":"medium","coordinate_basis":"canonical_wgs84","element":"Cr","medium":"sediment","record_id":"rec-96117bacbcae12b715f4ddb65818182e5a0c6059c0839f843cad5add521c6f8b","source_id":"pangaea-arabian-sea-sediment","unit":"mg/kg","value":229.59},"type":"Feature"},{"geometry":{"coordinates":[58.4677,19.5013],"type":"Point"},"properties":{"candidate_anomaly":false,"confidence_workflow_usability_band":"medium","coordinate_basis":"canonical_wgs84","element":"Cu","medium":"sediment","record_id":"rec-4b47887ac1bbc37ac445734ec84fa3a624d3f78dfb797799170d012ca9170309","source_id":"pangaea-arabian-sea-sediment","unit":"mg/kg","value":19.38},"type":"Feature"},{"geometry":{"coordinates":[58.4677,19.5013],"type":"Point"},"properties":{"candidate_anomaly":false,"confidence_workflow_usability_band":"medium","coordinate_basis":"canonical_wgs84","element":"Ni","medium":"sediment","record_id":"rec-914b1dd4a50ef378be24e4225920dec3674600108372e005a6b2aabaa18bd418","source_id":"pangaea-arabian-sea-sediment","unit":"mg/kg","value":72.3},"type":"Feature"},{"geometry":{"coordinates":[58.4677,19.5013],"type":"Point"},"properties":{"candidate_anomaly":false,"confidence_workflow_usability_band":"medium","coordinate_basis":"canonical_wgs84","element":"Pb","medium":"sediment","record_id":"rec-d8871505d12843c89399cb4a5db286379d2c0d4ddf8f01d04102351838eb2677","source_id":"pangaea-arabian-sea-sediment","unit":"mg/kg","value":3.72},"type":"Feature"},{"geometry":{"coordinates":[58.4677,19.5013],"type":"Point"},"properties":{"candidate_anomaly":false,"confidence_workflow_usability_band":"medium","coordinate_basis":"canonical_wgs84","element":"Zn","medium":"sediment","record_id":"rec-52103b9c3476827cb6201ee768e93e6eef9c052f4f9f3a28232cae33ed7e45e4","source_id":"pangaea-arabian-sea-sediment","unit":"mg/kg","value":32.96},"type":"Feature"},{"geometry":{"coordinates":[58.4677,19.5013],"type":"Point"},"properties":{"candidate_anomaly":false,"confidence_workflow_usability_band":"medium","coordinate_basis":"canonical_wgs84","element":"As","medium":"sediment","record_id":"rec-3b0955096a7378f535af7e3a644bd10f5cd0834cf6b709cb8391c44a056ead52","source_id":"pangaea-arabian-sea-sediment","unit":"mg/kg","value":1.23},"type":"Feature"},{"geometry":{"coordinates":[58.4677,19.5013],"type":"Point"},"properties":{"candidate_anomaly":false,"confidence_workflow_usability_band":"medium","coordinate_basis":"canonical_wgs84","element":"Cr","medium":"sediment","record_id":"rec-1fec61f008ed26c81b36001be6dcbe4389282743c54b54128bdcbde8a7d231f4","source_id":"pangaea-arabian-sea-sediment","unit":"mg/kg","value":201.18},"type":"Feature"},{"geometry":{"coordinates":[58.4677,19.5013],"type":"Point"},"properties":{"candidate_anomaly":false,"confidence_workflow_usability_band":"medium","coordinate_basis":"canonical_wgs84","element":"Cu","medium":"sediment","record_id":"rec-81eaa9ecc0f716def180d50416e44668d9e049a4b48b77f5b7e4c857aa5db295","source_id":"pangaea-arabian-sea-sediment","unit":"mg/kg","value":18.95},"type":"Feature"},{"geometry":{"coordinates":[58.4677,19.5013],"type":"Point"},"properties":{"candidate_anomaly":false,"confidence_workflow_usability_band":"medium","coordinate_basis":"canonical_wgs84","element":"Ni","medium":"sediment","record_id":"rec-d64f535b1f22ab5d3125cb31e719650465f3f86b1ad61b8c8d7b0eb594cb2077","source_id":"pangaea-arabian-sea-sediment","unit":"mg/kg","value":59.97},"type":"Feature"},{"geometry":{"coordinates":[58.4677,19.5013],"type":"Point"},"properties":{"candidate_anomaly":false,"confidence_workflow_usability_band":"medium","coordinate_basis":"canonical_wgs84","element":"Pb","medium":"sediment","record_id":"rec-b3513d9857497918b0e9bdd3a9fce4f913f694b88acf85bb121f9b54f42ddf13","source_id":"pangaea-arabian-sea-sediment","unit":"mg/kg","value":3.99},"type":"Feature"},{"geometry":{"coordinates":[58.4677,19.5013],"type":"Point"},"properties":{"candidate_anomaly":false,"confidence_workflow_usability_band":"medium","coordinate_basis":"canonical_wgs84","element":"Zn","medium":"sediment","record_id":"rec-9c366333559b019e86b90671f23c1258f0ab38c994baa2387947dc5a23edbbaf","source_id":"pangaea-arabian-sea-sediment","unit":"mg/kg","value":30.76},"type":"Feature"},{"geometry":{"coordinates":[58.272,19.2123],"type":"Point"},"properties":{"candidate_anomaly":false,"confidence_workflow_usability_band":"medium","coordinate_basis":"canonical_wgs84","element":"As","medium":"sediment","record_id":"rec-05a73e1987c9cc5c472097514723f29475affd13de19b60af570e64a64a6c4f4","source_id":"pangaea-arabian-sea-sediment","unit":"mg/kg","value":1.75},"type":"Feature"},{"geometry":{"coordinates":[58.272,19.2123],"type":"Point"},"properties":{"candidate_anomaly":false,"confidence_workflow_usability_band":"medium","coordinate_basis":"canonical_wgs84","element":"Cr","medium":"sediment","record_id":"rec-c474d25fc8e803a075ffdb52fe6c47559aeb037fafc2e5c7fb836948d8b7aefd","source_id":"pangaea-arabian-sea-sediment","unit":"mg/kg","value":142.63},"type":"Feature"},{"geometry":{"coordinates":[58.272,19.2123],"type":"Point"},"properties":{"candidate_anomaly":false,"confidence_workflow_usability_band":"medium","coordinate_basis":"canonical_wgs84","element":"Cu","medium":"sediment","record_id":"rec-9fc50dbe99b86fdf6abe9b9c8606452f200bf9dcd1f0e5d75de5b063aa21b7cb","source_id":"pangaea-arabian-sea-sediment","unit":"mg/kg","value":22.53},"type":"Feature"},{"geometry":{"coordinates":[58.272,19.2123],"type":"Point"},"properties":{"candidate_anomaly":false,"confidence_workflow_usability_band":"medium","coordinate_basis":"canonical_wgs84","element":"Ni","medium":"sediment","record_id":"rec-d42dfc39589b80eb169b56e54efadd5eb540ebfb2fbc76ae261266d2be722aaf","source_id":"pangaea-arabian-sea-sediment","unit":"mg/kg","value":56.73},"type":"Feature"},{"geometry":{"coordinates":[58.272,19.2123],"type":"Point"},"properties":{"candidate_anomaly":false,"confidence_workflow_usability_band":"medium","coordinate_basis":"canonical_wgs84","element":"Pb","medium":"sediment","record_id":"rec-a778612e70965fde819b7c432270fc3e8d1252748824750469ac95aed787911d","source_id":"pangaea-arabian-sea-sediment","unit":"mg/kg","value":7.81},"type":"Feature"},{"geometry":{"coordinates":[58.272,19.2123],"type":"Point"},"properties":{"candidate_anomaly":false,"confidence_workflow_usability_band":"medium","coordinate_basis":"canonical_wgs84","element":"Zn","medium":"sediment","record_id":"rec-d2a6389fbbf81e3ebdd93633b2e38c9b27745ddd059f8672258ef52f0706a8a1","source_id":"pangaea-arabian-sea-sediment","unit":"mg/kg","value":31.22},"type":"Feature"},{"geometry":{"coordinates":[24.1222,38.5667],"type":"Point"},"properties":{"candidate_anomaly":false,"confidence_workflow_usability_band":"medium","coordinate_basis":"canonical_wgs84","element":"As","medium":"soil","record_id":"rec-9dbd0ec132ad1cb797e0b88c28c11464a71b31c2132041d033336a1536c7e860","source_id":"gemas-europe","unit":"mg/kg","value":9.77978099},"type":"Feature"},{"geometry":{"coordinates":[24.1222,38.5667],"type":"Point"},"properties":{"candidate_anomaly":false,"confidence_workflow_usability_band":"medium","coordinate_basis":"canonical_wgs84","element":"Cr","medium":"soil","record_id":"rec-30e02c2851fb6fa469e0ecc3d56e294159ed3b1a3325fb8bb5bd657d37e0f0c5","source_id":"gemas-europe","unit":"mg/kg","value":59.32553705},"type":"Feature"},{"geometry":{"coordinates":[24.1222,38.5667],"type":"Point"},"properties":{"candidate_anomaly":false,"confidence_workflow_usability_band":"medium","coordinate_basis":"canonical_wgs84","element":"Cu","medium":"soil","record_id":"rec-7f693494f00a38947ab8866f0fc3fdeb95e5751d8e2d88bcbc26ee9051917f64","source_id":"gemas-europe","unit":"mg/kg","value":25.21869512},"type":"Feature"},{"geometry":{"coordinates":[24.1222,38.5667],"type":"Point"},"properties":{"candidate_anomaly":false,"confidence_workflow_usability_band":"medium","coordinate_basis":"canonical_wgs84","element":"Hg","medium":"soil","record_id":"rec-1cef9f6080b35fc896a3ef3103c0f20304b0bda8bf7ae76bebc14a855c6c1c36","source_id":"gemas-europe","unit":"mg/kg","value":0.04487129},"type":"Feature"},{"geometry":{"coordinates":[24.1222,38.5667],"type":"Point"},"properties":{"candidate_anomaly":false,"confidence_workflow_usability_band":"medium","coordinate_basis":"canonical_wgs84","element":"Ni","medium":"soil","record_id":"rec-8d0e24b77ff8130b9d2e09bc98f958ec9c8fd64301ff8fe4f344f1aaaa0c175b","source_id":"gemas-europe","unit":"mg/kg","value":61.16981515},"type":"Feature"},{"geometry":{"coordinates":[24.1222,38.5667],"type":"Point"},"properties":{"candidate_anomaly":false,"confidence_workflow_usability_band":"medium","coordinate_basis":"canonical_wgs84","element":"Pb","medium":"soil","record_id":"rec-42b52230526a67fd1ecd97ff3782e57fa0162431425c28a2430509a59cb0671f","source_id":"gemas-europe","unit":"mg/kg","value":16.46757505},"type":"Feature"},{"geometry":{"coordinates":[24.1222,38.5667],"type":"Point"},"properties":{"candidate_anomaly":false,"confidence_workflow_usability_band":"medium","coordinate_basis":"canonical_wgs84","element":"Zn","medium":"soil","record_id":"rec-933a601d06b966b2c6e96cb22467bed57f25d96a1fd37eb79ff8a50f88679126","source_id":"gemas-europe","unit":"mg/kg","value":49.56256983},"type":"Feature"},{"geometry":{"coordinates":[24.1222,38.5667],"type":"Point"},"properties":{"candidate_anomaly":false,"confidence_workflow_usability_band":"medium","coordinate_basis":"canonical_wgs84","element":"As","medium":"soil","record_id":"rec-a70645cd21ce61b10e892b818880d62faf967525933fded1897fba355e9b90f7","source_id":"gemas-europe","unit":"mg/kg","value":12.0},"type":"Feature"},{"geometry":{"coordinates":[24.1222,38.5667],"type":"Point"},"properties":{"candidate_anomaly":false,"confidence_workflow_usability_band":"medium","coordinate_basis":"canonical_wgs84","element":"Cr","medium":"soil","record_id":"rec-9dfd688a16bf9c84e9173a4d6a0bc8edb65bf92cead47c79d4110d33000b35bb","source_id":"gemas-europe","unit":"mg/kg","value":156.0},"type":"Feature"},{"geometry":{"coordinates":[24.1222,38.5667],"type":"Point"},"properties":{"candidate_anomaly":false,"confidence_workflow_usability_band":"medium","coordinate_basis":"canonical_wgs84","element":"Cu","medium":"soil","record_id":"rec-83ded3a14511b92aa492116dd9836b7cb07a9794443c8b4a98c9072c7c47333a","source_id":"gemas-europe","unit":"mg/kg","value":20.0},"type":"Feature"},{"geometry":{"coordinates":[24.1222,38.5667],"type":"Point"},"properties":{"candidate_anomaly":false,"confidence_workflow_usability_band":"medium","coordinate_basis":"canonical_wgs84","element":"Ni","medium":"soil","record_id":"rec-4d3854256cc1a7dd923bb4ad1fbed2c6898251a780ec395fb50d388faed2daed","source_id":"gemas-europe","unit":"mg/kg","value":75.0},"type":"Feature"},{"geometry":{"coordinates":[24.1222,38.5667],"type":"Point"},"properties":{"candidate_anomaly":false,"confidence_workflow_usability_band":"medium","coordinate_basis":"canonical_wgs84","element":"Pb","medium":"soil","record_id":"rec-1f199543b5d0007223b7b6b1035f40cf5f606e36c6ecee69ea9f1349883c6301","source_id":"gemas-europe","unit":"mg/kg","value":19.0},"type":"Feature"},{"geometry":{"coordinates":[24.1222,38.5667],"type":"Point"},"properties":{"candidate_anomaly":false,"confidence_workflow_usability_band":"medium","coordinate_basis":"canonical_wgs84","element":"Zn","medium":"soil","record_id":"rec-fd6d70e99ba677f0dbba92815a769e8d4ff8520bc4d4cbeb1ce1460681691538","source_id":"gemas-europe","unit":"mg/kg","value":66.0},"type":"Feature"},{"geometry":{"coordinates":[20.8638,46.7419],"type":"Point"},"properties":{"candidate_anomaly":false,"confidence_workflow_usability_band":"medium","coordinate_basis":"canonical_wgs84","element":"As","medium":"soil","record_id":"rec-c4b5a2afbb82a20c83213178ce881f71265bd846d8b072cad1cdd36f15c67a14","source_id":"gemas-europe","unit":"mg/kg","value":8.15363624},"type":"Feature"},{"geometry":{"coordinates":[20.8638,46.7419],"type":"Point"},"properties":{"candidate_anomaly":false,"confidence_workflow_usability_band":"medium","coordinate_basis":"canonical_wgs84","element":"Cr","medium":"soil","record_id":"rec-341a71516be9f5e7de3262fbcb8e91247988c16fc67a2a072499c2968fb2e306","source_id":"gemas-europe","unit":"mg/kg","value":29.97150252},"type":"Feature"},{"geometry":{"coordinates":[20.8638,46.7419],"type":"Point"},"properties":{"candidate_anomaly":false,"confidence_workflow_usability_band":"medium","coordinate_basis":"canonical_wgs84","element":"Cu","medium":"soil","record_id":"rec-fb1db605952fc098de32163f4befebdba838293e16d7c7a5179cd236628bba36","source_id":"gemas-europe","unit":"mg/kg","value":25.21621359},"type":"Feature"},{"geometry":{"coordinates":[20.8638,46.7419],"type":"Point"},"properties":{"candidate_anomaly":false,"confidence_workflow_usability_band":"medium","coordinate_basis":"canonical_wgs84","element":"Hg","medium":"soil","record_id":"rec-8772b8773af6c0c0eef910870c36cf30efccdd057c8d81aca16ddbb047328d9a","source_id":"gemas-europe","unit":"mg/kg","value":0.01465667},"type":"Feature"},{"geometry":{"coordinates":[20.8638,46.7419],"type":"Point"},"properties":{"candidate_anomaly":false,"confidence_workflow_usability_band":"medium","coordinate_basis":"canonical_wgs84","element":"Ni","medium":"soil","record_id":"rec-8be18881db9870100448fcc7388e4583055701931024aed5169a4098d5170e87","source_id":"gemas-europe","unit":"mg/kg","value":33.76833895},"type":"Feature"},{"geometry":{"coordinates":[20.8638,46.7419],"type":"Point"},"properties":{"candidate_anomaly":false,"confidence_workflow_usability_band":"medium","coordinate_basis":"canonical_wgs84","element":"Pb","medium":"soil","record_id":"rec-c15ebb7ecc7bd0917ea32e05ca48cd89e8a4c90078e33cd1d272d1549b9c0a34","source_id":"gemas-europe","unit":"mg/kg","value":16.40954567},"type":"Feature"},{"geometry":{"coordinates":[20.8638,46.7419],"type":"Point"},"properties":{"candidate_anomaly":false,"confidence_workflow_usability_band":"medium","coordinate_basis":"canonical_wgs84","element":"Zn","medium":"soil","record_id":"rec-93e755e289ee7a8cb5ffbda83419617752a2720799e803242993677cae2a7730","source_id":"gemas-europe","unit":"mg/kg","value":55.69379032},"type":"Feature"},{"geometry":{"coordinates":[20.8638,46.7419],"type":"Point"},"properties":{"candidate_anomaly":false,"confidence_workflow_usability_band":"medium","coordinate_basis":"canonical_wgs84","element":"As","medium":"soil","record_id":"rec-67f7c2afde7bac4a32893b44235bec12d2abc3aae24daa704c2f14f5579843e6","source_id":"gemas-europe","unit":"mg/kg","value":11.0},"type":"Feature"},{"geometry":{"coordinates":[20.8638,46.7419],"type":"Point"},"properties":{"candidate_anomaly":false,"confidence_workflow_usability_band":"medium","coordinate_basis":"canonical_wgs84","element":"Cr","medium":"soil","record_id":"rec-99ca1dffcb4f994a5896ca171189957f2823278991366338acf7b34b43845d1a","source_id":"gemas-europe","unit":"mg/kg","value":92.0},"type":"Feature"},{"geometry":{"coordinates":[20.8638,46.7419],"type":"Point"},"properties":{"candidate_anomaly":false,"confidence_workflow_usability_band":"medium","coordinate_basis":"canonical_wgs84","element":"Cu","medium":"soil","record_id":"rec-e531bf8a9a3957ce168b049fa67920272c3b939a4a18f3e5ad0acf6aaee4bbd3","source_id":"gemas-europe","unit":"mg/kg","value":25.0},"type":"Feature"},{"geometry":{"coordinates":[20.8638,46.7419],"type":"Point"},"properties":{"candidate_anomaly":false,"confidence_workflow_usability_band":"medium","coordinate_basis":"canonical_wgs84","element":"Ni","medium":"soil","record_id":"rec-fc26bec4531df2385cb49653d9e304727d1758e02220ad45ae1a2508b00a8de5","source_id":"gemas-europe","unit":"mg/kg","value":39.0},"type":"Feature"},{"geometry":{"coordinates":[20.8638,46.7419],"type":"Point"},"properties":{"candidate_anomaly":false,"confidence_workflow_usability_band":"medium","coordinate_basis":"canonical_wgs84","element":"Pb","medium":"soil","record_id":"rec-ebe74ead02e09452d8eaa149f46fbbc7bf225e6bd1058461afacd4c385b80303","source_id":"gemas-europe","unit":"mg/kg","value":21.0},"type":"Feature"},{"geometry":{"coordinates":[20.8638,46.7419],"type":"Point"},"properties":{"candidate_anomaly":false,"confidence_workflow_usability_band":"medium","coordinate_basis":"canonical_wgs84","element":"Zn","medium":"soil","record_id":"rec-e6859acf7f7ea72bab77a44d4cfc6cb9b65dede08a8d168394f525aee322b812","source_id":"gemas-europe","unit":"mg/kg","value":74.0},"type":"Feature"},{"geometry":{"coordinates":[26.1414,50.0083],"type":"Point"},"properties":{"candidate_anomaly":false,"confidence_workflow_usability_band":"medium","coordinate_basis":"canonical_wgs84","element":"As","medium":"soil","record_id":"rec-74c709d8f621315b4669a6e649f0dbdced8f917f1f876bbfe299d8697186b84a","source_id":"gemas-europe","unit":"mg/kg","value":3.1295993},"type":"Feature"},{"geometry":{"coordinates":[26.1414,50.0083],"type":"Point"},"properties":{"candidate_anomaly":false,"confidence_workflow_usability_band":"medium","coordinate_basis":"canonical_wgs84","element":"Cr","medium":"soil","record_id":"rec-034ba914042618f8a746f79445e7f01f4457e40dc64623b07d39d3dd50a349ba","source_id":"gemas-europe","unit":"mg/kg","value":15.48396113},"type":"Feature"},{"geometry":{"coordinates":[26.1414,50.0083],"type":"Point"},"properties":{"candidate_anomaly":false,"confidence_workflow_usability_band":"medium","coordinate_basis":"canonical_wgs84","element":"Cu","medium":"soil","record_id":"rec-50d6ea0d612ca1d571ebfd8d1fa2d9ce49322725e3c9a14d16ad971bcc92bef8","source_id":"gemas-europe","unit":"mg/kg","value":11.38069226},"type":"Feature"},{"geometry":{"coordinates":[26.1414,50.0083],"type":"Point"},"properties":{"candidate_anomaly":false,"confidence_workflow_usability_band":"medium","coordinate_basis":"canonical_wgs84","element":"Hg","medium":"soil","record_id":"rec-aee466a700c249f246da7f52166178576d03090c6fc64d02dcda599104034958","source_id":"gemas-europe","unit":"mg/kg","value":0.02355131},"type":"Feature"},{"geometry":{"coordinates":[26.1414,50.0083],"type":"Point"},"properties":{"candidate_anomaly":false,"confidence_workflow_usability_band":"medium","coordinate_basis":"canonical_wgs84","element":"Ni","medium":"soil","record_id":"rec-aaf4eb033778c39dcf343cbcb8b327061901332df956ef8a5b937559f67d72f6","source_id":"gemas-europe","unit":"mg/kg","value":13.08594116},"type":"Feature"},{"geometry":{"coordinates":[26.1414,50.0083],"type":"Point"},"properties":{"candidate_anomaly":false,"confidence_workflow_usability_band":"medium","coordinate_basis":"canonical_wgs84","element":"Pb","medium":"soil","record_id":"rec-1c2d7ef51cf2c56d9b01b86d97cae710037b7bedf1166ac9cfed89973d5a3218","source_id":"gemas-europe","unit":"mg/kg","value":10.75597626},"type":"Feature"},{"geometry":{"coordinates":[26.1414,50.0083],"type":"Point"},"properties":{"candidate_anomaly":false,"confidence_workflow_usability_band":"medium","coordinate_basis":"canonical_wgs84","element":"Zn","medium":"soil","record_id":"rec-d6c989c21a24c485932d74a2bb3f10190004574f5cda24341aa73eb1c1f4d717","source_id":"gemas-europe","unit":"mg/kg","value":29.1701508},"type":"Feature"},{"geometry":{"coordinates":[26.1414,50.0083],"type":"Point"},"properties":{"candidate_anomaly":false,"confidence_workflow_usability_band":"medium","coordinate_basis":"canonical_wgs84","element":"As","medium":"soil","record_id":"rec-6f903a026860cf92097f4747e9508a02e8f5c753ac3a72660d91af642e13da85","source_id":"gemas-europe","unit":"mg/kg","value":5.0},"type":"Feature"},{"geometry":{"coordinates":[26.1414,50.0083],"type":"Point"},"properties":{"candidate_anomaly":false,"confidence_workflow_usability_band":"medium","coordinate_basis":"canonical_wgs84","element":"Cr","medium":"soil","record_id":"rec-e5552087ea3aaa91e78e98d553cc2ba946a44463ee7b64303ca3c2836bac8a3c","source_id":"gemas-europe","unit":"mg/kg","value":67.0},"type":"Feature"},{"geometry":{"coordinates":[26.1414,50.0083],"type":"Point"},"properties":{"candidate_anomaly":false,"confidence_workflow_usability_band":"medium","coordinate_basis":"canonical_wgs84","element":"Cu","medium":"soil","record_id":"rec-e1dda81454259feab97e78c9326dd0242bc13b9ef9fb86f157d382804af96cc8","source_id":"gemas-europe","unit":"mg/kg","value":12.0},"type":"Feature"},{"geometry":{"coordinates":[26.1414,50.0083],"type":"Point"},"properties":{"candidate_anomaly":false,"confidence_workflow_usability_band":"medium","coordinate_basis":"canonical_wgs84","element":"Ni","medium":"soil","record_id":"rec-cc390751625a080f62bae6a46828eb2c9e6565621245b409b22974e76505a97a","source_id":"gemas-europe","unit":"mg/kg","value":17.0},"type":"Feature"},{"geometry":{"coordinates":[26.1414,50.0083],"type":"Point"},"properties":{"candidate_anomaly":false,"confidence_workflow_usability_band":"medium","coordinate_basis":"canonical_wgs84","element":"Pb","medium":"soil","record_id":"rec-c640e78d4d719c6c2c1ae04ce75db71858f3acf3d484b3f81f1fc36513f0f84f","source_id":"gemas-europe","unit":"mg/kg","value":16.0},"type":"Feature"},{"geometry":{"coordinates":[26.1414,50.0083],"type":"Point"},"properties":{"candidate_anomaly":false,"confidence_workflow_usability_band":"medium","coordinate_basis":"canonical_wgs84","element":"Zn","medium":"soil","record_id":"rec-cc0841ce4e46f0448baf3b8e273d40190d5a407f8f54ebefb1966d5c433b3ec9","source_id":"gemas-europe","unit":"mg/kg","value":43.0},"type":"Feature"},{"geometry":{"coordinates":[7.5833,47.75],"type":"Point"},"properties":{"candidate_anomaly":false,"confidence_workflow_usability_band":"medium","coordinate_basis":"canonical_wgs84","element":"As","medium":"soil","record_id":"rec-c30afb1ec7b3d43712d5d317aa97f476526abd6e61add61bc962efb275af26b9","source_id":"gemas-europe","unit":"mg/kg","value":12.68495744},"type":"Feature"},{"geometry":{"coordinates":[7.5833,47.75],"type":"Point"},"properties":{"candidate_anomaly":false,"confidence_workflow_usability_band":"medium","coordinate_basis":"canonical_wgs84","element":"Cr","medium":"soil","record_id":"rec-e3da6a98c36cfec1c4d8bac52e9d44e28970e8609623b2500dca1af3e0403e11","source_id":"gemas-europe","unit":"mg/kg","value":29.34829285},"type":"Feature"},{"geometry":{"coordinates":[7.5833,47.75],"type":"Point"},"properties":{"candidate_anomaly":false,"confidence_workflow_usability_band":"medium","coordinate_basis":"canonical_wgs84","element":"Cu","medium":"soil","record_id":"rec-2fba3a49b15c1d34361a20ee263f6aca5d31639decbe3213453676836e863cfa","source_id":"gemas-europe","unit":"mg/kg","value":11.31035455},"type":"Feature"},{"geometry":{"coordinates":[7.5833,47.75],"type":"Point"},"properties":{"candidate_anomaly":false,"confidence_workflow_usability_band":"medium","coordinate_basis":"canonical_wgs84","element":"Hg","medium":"soil","record_id":"rec-8f1a393d90e3ff57bd99afe36abf3e0827998162beaef5634042a0f6193f2d59","source_id":"gemas-europe","unit":"mg/kg","value":0.22747892},"type":"Feature"},{"geometry":{"coordinates":[7.5833,47.75],"type":"Point"},"properties":{"candidate_anomaly":false,"confidence_workflow_usability_band":"medium","coordinate_basis":"canonical_wgs84","element":"Ni","medium":"soil","record_id":"rec-a2c3bfb4f3114dd352ae01eb86bd2b564654feb04f6876024858cf0716b8fa1f","source_id":"gemas-europe","unit":"mg/kg","value":18.54549558},"type":"Feature"},{"geometry":{"coordinates":[7.5833,47.75],"type":"Point"},"properties":{"candidate_anomaly":false,"confidence_workflow_usability_band":"medium","coordinate_basis":"canonical_wgs84","element":"Pb","medium":"soil","record_id":"rec-c7651c9da943a9a5a687096aac12ab3b1fe2f05f01b61793df83d73ef3fc8007","source_id":"gemas-europe","unit":"mg/kg","value":19.45151239},"type":"Feature"},{"geometry":{"coordinates":[7.5833,47.75],"type":"Point"},"properties":{"candidate_anomaly":false,"confidence_workflow_usability_band":"medium","coordinate_basis":"canonical_wgs84","element":"Zn","medium":"soil","record_id":"rec-c1d645a3a29197691764bed31804e9a6fe4b0a91f8b74eec4e8135adf3d523ff","source_id":"gemas-europe","unit":"mg/kg","value":39.22249786},"type":"Feature"},{"geometry":{"coordinates":[7.5833,47.75],"type":"Point"},"properties":{"candidate_anomaly":false,"confidence_workflow_usability_band":"medium","coordinate_basis":"canonical_wgs84","element":"As","medium":"soil","record_id":"rec-629375673252e41bf534061eb3a7a12760f1688116cd99b607fbc92b923a9b8c","source_id":"gemas-europe","unit":"mg/kg","value":17.0},"type":"Feature"},{"geometry":{"coordinates":[7.5833,47.75],"type":"Point"},"properties":{"candidate_anomaly":false,"confidence_workflow_usability_band":"medium","coordinate_basis":"canonical_wgs84","element":"Cr","medium":"soil","record_id":"rec-fa393a72a633b01080402d0cbb1fe07cf24a7f7fc9a966edffc3a8ed8ce7b814","source_id":"gemas-europe","unit":"mg/kg","value":90.0},"type":"Feature"},{"geometry":{"coordinates":[7.5833,47.75],"type":"Point"},"properties":{"candidate_anomaly":false,"confidence_workflow_usability_band":"medium","coordinate_basis":"canonical_wgs84","element":"Cu","medium":"soil","record_id":"rec-a9c0e60742a8dacbdd81e3b38d00cfef0d57507a2ecca48fcaccaba44e8fb7f5","source_id":"gemas-europe","unit":"mg/kg","value":10.0},"type":"Feature"},{"geometry":{"coordinates":[7.5833,47.75],"type":"Point"},"properties":{"candidate_anomaly":false,"confidence_workflow_usability_band":"medium","coordinate_basis":"canonical_wgs84","element":"Ni","medium":"soil","record_id":"rec-236437c1fe84d580dd9ba15b0c64b9ad8edecf3f5da1f6eeeebce3a00f6be46d","source_id":"gemas-europe","unit":"mg/kg","value":22.0},"type":"Feature"},{"geometry":{"coordinates":[7.5833,47.75],"type":"Point"},"properties":{"candidate_anomaly":false,"confidence_workflow_usability_band":"medium","coordinate_basis":"canonical_wgs84","element":"Pb","medium":"soil","record_id":"rec-cec376ae329bf2d379a32a9ddeb54f8a0f4b141ad634801e3d28da6cba3b3d0d","source_id":"gemas-europe","unit":"mg/kg","value":23.0},"type":"Feature"},{"geometry":{"coordinates":[7.5833,47.75],"type":"Point"},"properties":{"candidate_anomaly":false,"confidence_workflow_usability_band":"medium","coordinate_basis":"canonical_wgs84","element":"Zn","medium":"soil","record_id":"rec-223d9d4af73cfc13bcaf67b3a92273df389cbd8c7e43e5956be437bb33b80335","source_id":"gemas-europe","unit":"mg/kg","value":51.0},"type":"Feature"}],"map_preview_sampling":{"applied":false,"candidate_anomaly_records_preserved":true,"complete_database_artifact":"geochemistry.csv","embedded_physical_sample_count":274,"embedded_record_count":856,"input_physical_sample_count":274,"input_record_count":856,"maximum_embedded_records":50000,"policy_version":"d3-coverage-preserving-preview-v1","stratification_cell_degrees":null,"whole_physical_sample_groups_preserved":true},"map_version":"d3-interactive-atlas-v3","name":"standardized_geochemical_samples","property_contract_version":"d3-map-sample-properties-v3","property_scope":"compact coverage-preserving spatial preview; join geochemistry.csv on record_id for the complete population, raw values, methods, provenance and source links","spatial_scope":{"bounds":{"e":180.0,"n":90.0,"s":-90.0,"w":-180.0},"clip_method":"bbox","country_code":null,"mode":"global","output_clipped":false,"region_key":"global","region_label":"全球"},"type":"FeatureCollection"}
