record_id,source_record_id,sample_id,element_or_analyte,value,unit,medium,measurement_basis,value_qualifier,detection_limit,detection_limit_unit,latitude,longitude,source_crs,coordinate_uncertainty_m,geologic_unit,analytical_method,digestion_or_extraction,laboratory,license,source_tier,source_id,source_locator,sampled_at,sample_depth_min_m,sample_depth_max_m,grain_fraction
rec-5cc05e1b8ff7c70ff33e2747d971849f635d70a24d16d29efbfc6f9c19d3d090,src-fbda42ab497287085e4c2a9ce348c10c4c5f5e0b1dc6e45ce28b3d237bed4e06,s_85147 [6004],Ni,70,ppm,rock,GEOROC_precompiled_selected_value,,,,57.03,120.72,EPSG:4326,,ALDAN SHIELD - ARCHEAN / OLEKMA GRANITE-GREENSTONE TERRANE / TOKKO-KHANI GREENSTONE BELT,,,,CC-BY-SA-4.0,official_curated,georoc-archaean,2026-06-1KRR1P_ALDAN_SHIELD_ARCHEAN.csv#row=2,,,,
rec-7227c1d2f6b3cc3f4b3d0798142b9aa99e56cd99367c58d3917b7104354fd2c9,src-e257f28366bc8e972615d0d3ee0e710eace38e4cf2a18d926c36b806a039250b,s_86221/9 [6004],Ni,25,ppm,rock,GEOROC_precompiled_selected_value,,,,57.03,120.72,EPSG:4326,,ALDAN SHIELD - ARCHEAN / OLEKMA GRANITE-GREENSTONE TERRANE / TOKKO-KHANI GREENSTONE BELT,,,,CC-BY-SA-4.0,official_curated,georoc-archaean,2026-06-1KRR1P_ALDAN_SHIELD_ARCHEAN.csv#row=3,,,,
rec-61b28a43b30ac28b862b15ab8f0eb0c50fc5c14b91f83b8a8c162469cce2b5d4,src-03c495f7a5c1a539309653b28c87aa4bc428c558ab37baf1e04905cc3db8b730,s_86231/1 [6004],Ni,16,ppm,rock,GEOROC_precompiled_selected_value,,,,57.03,120.72,EPSG:4326,,ALDAN SHIELD - ARCHEAN / OLEKMA GRANITE-GREENSTONE TERRANE / OLONDO GREENSTONE BELT / NORTHERN THOLEIITIC METABASALTS,,,,CC-BY-SA-4.0,official_curated,georoc-archaean,2026-06-1KRR1P_ALDAN_SHIELD_ARCHEAN.csv#row=4,,,,
rec-89bc40f1faa239ad70b5c4e1bb8ac8c53721bab2ac94c0ae2ea923cc7ebcaf96,src-5d6e9489ebf6d85f4a51b0916a61a01a9560320248515dc891e7cbed16a49635,s_8550 [7221],Ni,789,ppm,rock,GEOROC_precompiled_selected_value,,,,57.03,120.72,EPSG:4326,,ALDAN SHIELD - ARCHEAN / OLEKMA GRANITE-GREENSTONE TERRANE / OLONDO GREENSTONE BELT / WESTERN KOMATIITES,,,,CC-BY-SA-4.0,official_curated,georoc-archaean,2026-06-1KRR1P_ALDAN_SHIELD_ARCHEAN.csv#row=5,,,,
rec-d7a20373e6a82a8a03c52918946bbf7cd087b0a198de9e7e0a0c441243d93eb0,src-db9919a11bf812be7887869a73cfc793b311ee83c825779c7132e5d16429fbaf,s_8551 [7221],Ni,1095,ppm,rock,GEOROC_precompiled_selected_value,,,,57.03,120.72,EPSG:4326,,ALDAN SHIELD - ARCHEAN / OLEKMA GRANITE-GREENSTONE TERRANE / OLONDO GREENSTONE BELT / WESTERN KOMATIITES,,,,CC-BY-SA-4.0,official_curated,georoc-archaean,2026-06-1KRR1P_ALDAN_SHIELD_ARCHEAN.csv#row=6,,,,
rec-2e44d08df16d6bae715fd42e7097a2abd435909a5684034620e711982858e6ec,src-e77763a3d76f573e07501458ef68f43e68396a2a230ab26e7ec0758dfab2af15,s_8569 [7221],Ni,1210,ppm,rock,GEOROC_precompiled_selected_value,,,,57.03,120.72,EPSG:4326,,ALDAN SHIELD - ARCHEAN / OLEKMA GRANITE-GREENSTONE TERRANE / OLONDO GREENSTONE BELT / WESTERN KOMATIITES,,,,CC-BY-SA-4.0,official_curated,georoc-archaean,2026-06-1KRR1P_ALDAN_SHIELD_ARCHEAN.csv#row=7,,,,
rec-e411118bc88187621cc350371b391b93cd96bf165f1259b44cbb5495de6ade17,src-1ec8f3b3989f08ff6a1a5f334bf7906b61829102e9863aee77a4a4d4c79ef509,s_8707/2 [7221] / s_07/2 [9427],Ni,518,ppm,rock,GEOROC_precompiled_selected_value,,,,57.03,120.72,EPSG:4326,,ALDAN SHIELD - ARCHEAN / OLEKMA GRANITE-GREENSTONE TERRANE / OLONDO GREENSTONE BELT / EASTERN KOMATIITIC METABASALTS,,,,CC-BY-SA-4.0,official_curated,georoc-archaean,2026-06-1KRR1P_ALDAN_SHIELD_ARCHEAN.csv#row=8,,,,
rec-6f59241802c526d622f14e2327122096515c236f151a2f8d17e3a2d6ef9db531,src-df1ec22949e6ae38acbb318b6fde2df3b69aefe54c38e3f01083f7704319fd16,s_8707/6 [7221] / s_07/6 [9427],Ni,370,ppm,rock,GEOROC_precompiled_selected_value,,,,57.03,120.72,EPSG:4326,,ALDAN SHIELD - ARCHEAN / OLEKMA GRANITE-GREENSTONE TERRANE / OLONDO GREENSTONE BELT / EASTERN KOMATIITIC METABASALTS,,,,CC-BY-SA-4.0,official_curated,georoc-archaean,2026-06-1KRR1P_ALDAN_SHIELD_ARCHEAN.csv#row=9,,,,
rec-fb2e5753b03f78fd60460934e8c24f574d171e6142ffd83f3fe41f44b55e0693,src-25dc92c1fbd1cdd286149e4ff61c97ca9e0e670bb9b2e28d9a4cf4cee8d23346,s_8707/9 [7221] / s_07/9 [9427],Ni,397,ppm,rock,GEOROC_precompiled_selected_value,,,,57.03,120.72,EPSG:4326,,ALDAN SHIELD - ARCHEAN / OLEKMA GRANITE-GREENSTONE TERRANE / OLONDO GREENSTONE BELT / EASTERN KOMATIITIC METABASALTS,,,,CC-BY-SA-4.0,official_curated,georoc-archaean,2026-06-1KRR1P_ALDAN_SHIELD_ARCHEAN.csv#row=10,,,,
rec-3de147d5d88d2794e2e30c4d9786cf3422b19269ea0fbf3aacd4a7109abf0726,src-6e7292555580293603f2700f901e401763d081d06abaaaac4ed3e21178fbe936,s_8707/16 [7221] / s_07/16 [9427],Ni,356,ppm,rock,GEOROC_precompiled_selected_value,,,,57.03,120.72,EPSG:4326,,ALDAN SHIELD - ARCHEAN / OLEKMA GRANITE-GREENSTONE TERRANE / OLONDO GREENSTONE BELT / EASTERN KOMATIITIC METABASALTS,,,,CC-BY-SA-4.0,official_curated,georoc-archaean,2026-06-1KRR1P_ALDAN_SHIELD_ARCHEAN.csv#row=11,,,,
rec-1394c58d44deb0f384add56d74c7a3447281b19bb391a4ae7e625105c9457151,src-b741eab2bdf12bef9dc9db045da1074f729a46e4132526f1d65978ff86e64cf4,s_8715/1 [7221] / s_15/1 [9427],Ni,131,ppm,rock,GEOROC_precompiled_selected_value,,,,57.03,120.72,EPSG:4326,,ALDAN SHIELD - ARCHEAN / OLEKMA GRANITE-GREENSTONE TERRANE / OLONDO GREENSTONE BELT / WESTERN THOLEIITIC METABASALTS AND GABBROIDS,,,,CC-BY-SA-4.0,official_curated,georoc-archaean,2026-06-1KRR1P_ALDAN_SHIELD_ARCHEAN.csv#row=12,,,,
rec-8103c1d5441318445a23103953c5f3315d951c4d82e2032ce67e145b0ec17ff2,src-4253fa5967109f533c8a13d9af045028eb415b8097090e12284f50808cab3967,s_8715/2 [7221] / s_15/2 [9427],Ni,155,ppm,rock,GEOROC_precompiled_selected_value,,,,57.03,120.72,EPSG:4326,,ALDAN SHIELD - ARCHEAN / OLEKMA GRANITE-GREENSTONE TERRANE / OLONDO GREENSTONE BELT / WESTERN THOLEIITIC METABASALTS AND GABBROIDS,,,,CC-BY-SA-4.0,official_curated,georoc-archaean,2026-06-1KRR1P_ALDAN_SHIELD_ARCHEAN.csv#row=13,,,,
rec-7d789b59aee501eb7dbf322b285f6cbb0c27fefc48bca196b8975c11f3785474,src-37ee96de85053d9773cd96d778c36d192b24c6fc7929d90dd7302998a40366eb,s_O-1-1 [26368],Cu,31.1,ppm,rock,GEOROC_precompiled_selected_value,,,,57.2,119.6,EPSG:4326,,ALDAN SHIELD - ARCHEAN / OLEKMA GRANITE-GREENSTONE TERRANE / OLONDO GREENSTONE BELT,,,,CC-BY-SA-4.0,official_curated,georoc-archaean,2026-06-1KRR1P_ALDAN_SHIELD_ARCHEAN.csv#row=172,,,,
rec-6bf1d34900fa2058c758b2a0b14ef8dc4b823af8619db2b2fcabe95e467fee72,src-37ee96de85053d9773cd96d778c36d192b24c6fc7929d90dd7302998a40366eb,s_O-1-1 [26368],Zn,117,ppm,rock,GEOROC_precompiled_selected_value,,,,57.2,119.6,EPSG:4326,,ALDAN SHIELD - ARCHEAN / OLEKMA GRANITE-GREENSTONE TERRANE / OLONDO GREENSTONE BELT,,,,CC-BY-SA-4.0,official_curated,georoc-archaean,2026-06-1KRR1P_ALDAN_SHIELD_ARCHEAN.csv#row=172,,,,
rec-744379712d5e986e1e2ed18c088384066e43c869404fa7cdd0a77f13ef3e6535,src-c55533c09197ce0d1152d94ba0a03e2cf5ae2896368b708e227d96039391f2de,s_O-1-2 [26368],Cu,151,ppm,rock,GEOROC_precompiled_selected_value,,,,57.2,119.6,EPSG:4326,,ALDAN SHIELD - ARCHEAN / OLEKMA GRANITE-GREENSTONE TERRANE / OLONDO GREENSTONE BELT,,,,CC-BY-SA-4.0,official_curated,georoc-archaean,2026-06-1KRR1P_ALDAN_SHIELD_ARCHEAN.csv#row=173,,,,
rec-af9c6e60e442c7027392ea4cc0fd51bd327cd9744128c781ef711c59f8f1b250,src-c55533c09197ce0d1152d94ba0a03e2cf5ae2896368b708e227d96039391f2de,s_O-1-2 [26368],Zn,91.6,ppm,rock,GEOROC_precompiled_selected_value,,,,57.2,119.6,EPSG:4326,,ALDAN SHIELD - ARCHEAN / OLEKMA GRANITE-GREENSTONE TERRANE / OLONDO GREENSTONE BELT,,,,CC-BY-SA-4.0,official_curated,georoc-archaean,2026-06-1KRR1P_ALDAN_SHIELD_ARCHEAN.csv#row=173,,,,
rec-a32e253401e55f32ede2afda73ce92cbc2c09b4d130cdad8321e4293c28ecf8b,src-6c292f28f6c63f882ee35da63e9d01f70a39c26c8360ee48f0d5ed8948b3de4b,s_OL1601 [26368],Cu,147.2,ppm,rock,GEOROC_precompiled_selected_value,,,,57.2,119.6,EPSG:4326,,ALDAN SHIELD - ARCHEAN / OLEKMA GRANITE-GREENSTONE TERRANE / OLONDO GREENSTONE BELT,,,,CC-BY-SA-4.0,official_curated,georoc-archaean,2026-06-1KRR1P_ALDAN_SHIELD_ARCHEAN.csv#row=174,,,,
rec-057442e35f3e19479122254d8a2269ff01503a8335938abe529004740fd2210a,src-6c292f28f6c63f882ee35da63e9d01f70a39c26c8360ee48f0d5ed8948b3de4b,s_OL1601 [26368],Zn,89.04,ppm,rock,GEOROC_precompiled_selected_value,,,,57.2,119.6,EPSG:4326,,ALDAN SHIELD - ARCHEAN / OLEKMA GRANITE-GREENSTONE TERRANE / OLONDO GREENSTONE BELT,,,,CC-BY-SA-4.0,official_curated,georoc-archaean,2026-06-1KRR1P_ALDAN_SHIELD_ARCHEAN.csv#row=174,,,,
rec-9981373bbdb13d9078a3809d7f53d036c49acf0bbd4a1d181c5d96db7f62773b,src-7d3f997abfd5f38f7bdd7b79816d29d5dae5b015155f975fa756e6c3f8bc8dad,s_OL1602 [26368],Cu,51.39,ppm,rock,GEOROC_precompiled_selected_value,,,,57.2,119.6,EPSG:4326,,ALDAN SHIELD - ARCHEAN / OLEKMA GRANITE-GREENSTONE TERRANE / OLONDO GREENSTONE BELT,,,,CC-BY-SA-4.0,official_curated,georoc-archaean,2026-06-1KRR1P_ALDAN_SHIELD_ARCHEAN.csv#row=175,,,,
rec-1d5e1067f3827be5bd06aeb8f6bb1b623c131f9b3031689705561861e3157cf6,src-7d3f997abfd5f38f7bdd7b79816d29d5dae5b015155f975fa756e6c3f8bc8dad,s_OL1602 [26368],Zn,151.4,ppm,rock,GEOROC_precompiled_selected_value,,,,57.2,119.6,EPSG:4326,,ALDAN SHIELD - ARCHEAN / OLEKMA GRANITE-GREENSTONE TERRANE / OLONDO GREENSTONE BELT,,,,CC-BY-SA-4.0,official_curated,georoc-archaean,2026-06-1KRR1P_ALDAN_SHIELD_ARCHEAN.csv#row=175,,,,
rec-fdf0942f07d80eeb611eadd25292c74b8c2eb3fd551689c6c9189083581b0b0e,src-aafe6f49f0c58c243368b322fc47c88a0205e19159839ac7001362f1f9ba5210,s_OL1603 [26368],Cu,11.18,ppm,rock,GEOROC_precompiled_selected_value,,,,57.2,119.6,EPSG:4326,,ALDAN SHIELD - ARCHEAN / OLEKMA GRANITE-GREENSTONE TERRANE / OLONDO GREENSTONE BELT,,,,CC-BY-SA-4.0,official_curated,georoc-archaean,2026-06-1KRR1P_ALDAN_SHIELD_ARCHEAN.csv#row=176,,,,
rec-84dd752c2d60b0879680a8efe8da417127e0aa9fe8f4f056c271ea2f1b5ccdbd,src-aafe6f49f0c58c243368b322fc47c88a0205e19159839ac7001362f1f9ba5210,s_OL1603 [26368],Zn,89.93,ppm,rock,GEOROC_precompiled_selected_value,,,,57.2,119.6,EPSG:4326,,ALDAN SHIELD - ARCHEAN / OLEKMA GRANITE-GREENSTONE TERRANE / OLONDO GREENSTONE BELT,,,,CC-BY-SA-4.0,official_curated,georoc-archaean,2026-06-1KRR1P_ALDAN_SHIELD_ARCHEAN.csv#row=176,,,,
rec-559e2e2d7768e190b4a1c9f9cd652b6b7d728cc97bfb61a66d08332da0bbc5d4,src-d74fc995fad9e44149c4ba8e06b7fbcaf94d2fe37563c44e6316b2c146d198d2,s_OL16100 [26368],Cu,8.16,ppm,rock,GEOROC_precompiled_selected_value,,,,57.2,119.6,EPSG:4326,,ALDAN SHIELD - ARCHEAN / OLEKMA GRANITE-GREENSTONE TERRANE / OLONDO GREENSTONE BELT,,,,CC-BY-SA-4.0,official_curated,georoc-archaean,2026-06-1KRR1P_ALDAN_SHIELD_ARCHEAN.csv#row=177,,,,
rec-10452e41be197269732c4c59291b2d89407b9e19f21d174e05e262a4dcc99a72,src-d74fc995fad9e44149c4ba8e06b7fbcaf94d2fe37563c44e6316b2c146d198d2,s_OL16100 [26368],Zn,100.2,ppm,rock,GEOROC_precompiled_selected_value,,,,57.2,119.6,EPSG:4326,,ALDAN SHIELD - ARCHEAN / OLEKMA GRANITE-GREENSTONE TERRANE / OLONDO GREENSTONE BELT,,,,CC-BY-SA-4.0,official_curated,georoc-archaean,2026-06-1KRR1P_ALDAN_SHIELD_ARCHEAN.csv#row=177,,,,
rec-46234687022649ed35297eb194833be7693ead7f58b573195ac68422fcd8c0f3,src-6aefd743323b695e9b08c447d2557cfdf4a5726763aa450f2c4bcbe8c573a110,s_O-19-2 [26368],Cu,114,ppm,rock,GEOROC_precompiled_selected_value,,,,57.2,119.6,EPSG:4326,,ALDAN SHIELD - ARCHEAN / OLEKMA GRANITE-GREENSTONE TERRANE / OLONDO GREENSTONE BELT,,,,CC-BY-SA-4.0,official_curated,georoc-archaean,2026-06-1KRR1P_ALDAN_SHIELD_ARCHEAN.csv#row=178,,,,
rec-bc8714bde708122fa6f1585c5abf65c18c6b48696b028e18018f09df8ac64b08,src-6aefd743323b695e9b08c447d2557cfdf4a5726763aa450f2c4bcbe8c573a110,s_O-19-2 [26368],Zn,110,ppm,rock,GEOROC_precompiled_selected_value,,,,57.2,119.6,EPSG:4326,,ALDAN SHIELD - ARCHEAN / OLEKMA GRANITE-GREENSTONE TERRANE / OLONDO GREENSTONE BELT,,,,CC-BY-SA-4.0,official_curated,georoc-archaean,2026-06-1KRR1P_ALDAN_SHIELD_ARCHEAN.csv#row=178,,,,
rec-122fe8b06145d7558e79935d84f8ef8bb216d45ff1549a46210f53db3b76a9ba,src-ded12c5a209cad597d79ec918b0004895542770638dfd9c448da4f60e83476af,s_OL1608 [26368],Cu,65.42,ppm,rock,GEOROC_precompiled_selected_value,,,,57.2,119.6,EPSG:4326,,ALDAN SHIELD - ARCHEAN / OLEKMA GRANITE-GREENSTONE TERRANE / OLONDO GREENSTONE BELT,,,,CC-BY-SA-4.0,official_curated,georoc-archaean,2026-06-1KRR1P_ALDAN_SHIELD_ARCHEAN.csv#row=179,,,,
rec-5929ecc9eff1de7bf6d4e2699a2766fb66fed52f665cd9456bcc07f6929211e1,src-ded12c5a209cad597d79ec918b0004895542770638dfd9c448da4f60e83476af,s_OL1608 [26368],Zn,96.9,ppm,rock,GEOROC_precompiled_selected_value,,,,57.2,119.6,EPSG:4326,,ALDAN SHIELD - ARCHEAN / OLEKMA GRANITE-GREENSTONE TERRANE / OLONDO GREENSTONE BELT,,,,CC-BY-SA-4.0,official_curated,georoc-archaean,2026-06-1KRR1P_ALDAN_SHIELD_ARCHEAN.csv#row=179,,,,
rec-fc4bd5472a13dca6d550d3649a6cc0d29c139b8f8bd421f8e014e069862ffd25,src-740c2442d8859be48c6c21ba47e6512c05f3468ec4aa66bb0915befc4dec08b1,s_OL1606 [26368],Cu,22.69,ppm,rock,GEOROC_precompiled_selected_value,,,,57.2,119.6,EPSG:4326,,ALDAN SHIELD - ARCHEAN / OLEKMA GRANITE-GREENSTONE TERRANE / OLONDO GREENSTONE BELT,,,,CC-BY-SA-4.0,official_curated,georoc-archaean,2026-06-1KRR1P_ALDAN_SHIELD_ARCHEAN.csv#row=180,,,,
rec-f3fce768775e94a1f4a0b149c7fe58db5cfef317310ecb335cc9c56a6be0d7db,src-740c2442d8859be48c6c21ba47e6512c05f3468ec4aa66bb0915befc4dec08b1,s_OL1606 [26368],Zn,125.2,ppm,rock,GEOROC_precompiled_selected_value,,,,57.2,119.6,EPSG:4326,,ALDAN SHIELD - ARCHEAN / OLEKMA GRANITE-GREENSTONE TERRANE / OLONDO GREENSTONE BELT,,,,CC-BY-SA-4.0,official_curated,georoc-archaean,2026-06-1KRR1P_ALDAN_SHIELD_ARCHEAN.csv#row=180,,,,
rec-eafb4b5b4cfcc973a52f5582b97b194333d5c7d6875173e99fda9d68d692f0cd,src-afe3cd65570f0e36f814f2162ad027111ea327adca2544f7e55403dffa5478b8,s_O-5 [26368],Cu,40.2,ppm,rock,GEOROC_precompiled_selected_value,,,,57.2,119.6,EPSG:4326,,ALDAN SHIELD - ARCHEAN / OLEKMA GRANITE-GREENSTONE TERRANE / OLONDO GREENSTONE BELT,,,,CC-BY-SA-4.0,official_curated,georoc-archaean,2026-06-1KRR1P_ALDAN_SHIELD_ARCHEAN.csv#row=181,,,,
rec-91b68b102134ca365a41c8852838a53b0fe9dc6f43805cd4f83e20dbf6df0199,src-afe3cd65570f0e36f814f2162ad027111ea327adca2544f7e55403dffa5478b8,s_O-5 [26368],Zn,144,ppm,rock,GEOROC_precompiled_selected_value,,,,57.2,119.6,EPSG:4326,,ALDAN SHIELD - ARCHEAN / OLEKMA GRANITE-GREENSTONE TERRANE / OLONDO GREENSTONE BELT,,,,CC-BY-SA-4.0,official_curated,georoc-archaean,2026-06-1KRR1P_ALDAN_SHIELD_ARCHEAN.csv#row=181,,,,
rec-90e8225fadedb8a5d8b24b4c9496c06dc99edff5124d47ba6ce5a4c2f476a900,src-14e91894c56fda065e7dd06ceac01cf7b9f4eecc759e40d931d0e2dc17ee70fd,s_OL1632 [26368],Cu,160,ppm,rock,GEOROC_precompiled_selected_value,,,,57.2,119.6,EPSG:4326,,ALDAN SHIELD - ARCHEAN / OLEKMA GRANITE-GREENSTONE TERRANE / OLONDO GREENSTONE BELT,,,,CC-BY-SA-4.0,official_curated,georoc-archaean,2026-06-1KRR1P_ALDAN_SHIELD_ARCHEAN.csv#row=182,,,,
rec-ac46e8d435f451d39b951f4113be2a2883b8e11a21a16ec531df090e6cdd84fd,src-14e91894c56fda065e7dd06ceac01cf7b9f4eecc759e40d931d0e2dc17ee70fd,s_OL1632 [26368],Zn,50.3,ppm,rock,GEOROC_precompiled_selected_value,,,,57.2,119.6,EPSG:4326,,ALDAN SHIELD - ARCHEAN / OLEKMA GRANITE-GREENSTONE TERRANE / OLONDO GREENSTONE BELT,,,,CC-BY-SA-4.0,official_curated,georoc-archaean,2026-06-1KRR1P_ALDAN_SHIELD_ARCHEAN.csv#row=182,,,,
rec-1025f5f060f263cae38f25b18ea4bc0ad4f16afd8f04251f5994340e86cc0b9b,src-4ee77786592daf433f2cf939a415cb3a3afc3f9cb08895058a5e4838f005742e,s_OL1607 [26368],Cu,61.38,ppm,rock,GEOROC_precompiled_selected_value,,,,57.2,119.6,EPSG:4326,,ALDAN SHIELD - ARCHEAN / OLEKMA GRANITE-GREENSTONE TERRANE / OLONDO GREENSTONE BELT,,,,CC-BY-SA-4.0,official_curated,georoc-archaean,2026-06-1KRR1P_ALDAN_SHIELD_ARCHEAN.csv#row=183,,,,
rec-222d613a1446bee40936aed6b4f9f222b3fd51667c5ee65bad65882ec70a7f84,src-4ee77786592daf433f2cf939a415cb3a3afc3f9cb08895058a5e4838f005742e,s_OL1607 [26368],Zn,170.2,ppm,rock,GEOROC_precompiled_selected_value,,,,57.2,119.6,EPSG:4326,,ALDAN SHIELD - ARCHEAN / OLEKMA GRANITE-GREENSTONE TERRANE / OLONDO GREENSTONE BELT,,,,CC-BY-SA-4.0,official_curated,georoc-archaean,2026-06-1KRR1P_ALDAN_SHIELD_ARCHEAN.csv#row=183,,,,
rec-17716f9a5eeac851196830b79fb4102025c1ffdea1de4b691fa6a31c59ecc68a,src-891910d8b78b413d2aabfcefd347ba2ebc63c479210d499caa5a6b90bcc9c3c7,s_SELVA01 [20057],As,1.4,ppm,rock,GEOROC_precompiled_selected_value,,,,-6.5,-50,EPSG:4326,,AMAZONIAN CRATON / CARAJAS PROVINCE / CARAJAS TRANSITION ZONE / SELVA GREENSTONE BELT,,,,CC-BY-SA-4.0,official_curated,georoc-archaean,2026-06-1KRR1P_AMAZONIAN_CRATON.csv#row=2,,,,
rec-72faca2d8d9bddcd2053fbfc4849389bda49dceff703a6e551589b265457e5a2,src-54250ab8b7ec372b6a0e7fd5dcc97088fdedf13238225a234e9cca1880ed522d,s_SELVA02 [20057],As,2.6,ppm,rock,GEOROC_precompiled_selected_value,,,,-6.5,-50,EPSG:4326,,AMAZONIAN CRATON / CARAJAS PROVINCE / CARAJAS TRANSITION ZONE / SELVA GREENSTONE BELT,,,,CC-BY-SA-4.0,official_curated,georoc-archaean,2026-06-1KRR1P_AMAZONIAN_CRATON.csv#row=3,,,,
rec-e67d70a2d172fb9513b136be544839f109ee5ea8a0cd79c99b0fe74534c2e1c2,src-6ea505dfb98c72d2dddc73ed207e5e028930d411acde9f8ba1c6126f756e28c8,s_SELVA03 [20057],As,1.2,ppm,rock,GEOROC_precompiled_selected_value,,,,-6.5,-50,EPSG:4326,,AMAZONIAN CRATON / CARAJAS PROVINCE / CARAJAS TRANSITION ZONE / SELVA GREENSTONE BELT,,,,CC-BY-SA-4.0,official_curated,georoc-archaean,2026-06-1KRR1P_AMAZONIAN_CRATON.csv#row=4,,,,
rec-3ccc3d16b8f8f7c28673d769b01c29c0b56731f7f49ce2e75a52b239c433af7b,src-01e1309be80ed4eb315d6d2dc48074f23638dfac925f664a4d324af9ad0e3e6e,s_SELVA04 [20057],As,5.5,ppm,rock,GEOROC_precompiled_selected_value,,,,-6.5,-50,EPSG:4326,,AMAZONIAN CRATON / CARAJAS PROVINCE / CARAJAS TRANSITION ZONE / SELVA GREENSTONE BELT,,,,CC-BY-SA-4.0,official_curated,georoc-archaean,2026-06-1KRR1P_AMAZONIAN_CRATON.csv#row=5,,,,
rec-bc3352cf68a82f34a3eb90e6d104e0f3d0d5d06bf9209e69043dd11167602d6a,src-b48959b33bdd5e6ada5535e4408ad752b27214656a61ffc78ee96054469f2e75,s_SELVA05 [20057],As,0.6,ppm,rock,GEOROC_precompiled_selected_value,,,,-6.5,-50,EPSG:4326,,AMAZONIAN CRATON / CARAJAS PROVINCE / CARAJAS TRANSITION ZONE / SELVA GREENSTONE BELT,,,,CC-BY-SA-4.0,official_curated,georoc-archaean,2026-06-1KRR1P_AMAZONIAN_CRATON.csv#row=6,,,,
rec-efd438d33a8f3fc033f10ad43fbc680c699f49040b2c74b39b7a289e4af6c3c7,src-68aa69556508f86ba3dc05037cfdbfed827f572caac9b69c630eaddddee29ee6,s_SELVA06 [20057],As,0.4,ppm,rock,GEOROC_precompiled_selected_value,,,,-6.5,-50,EPSG:4326,,AMAZONIAN CRATON / CARAJAS PROVINCE / CARAJAS TRANSITION ZONE / SELVA GREENSTONE BELT,,,,CC-BY-SA-4.0,official_curated,georoc-archaean,2026-06-1KRR1P_AMAZONIAN_CRATON.csv#row=7,,,,
rec-3e0b46a8e5b14f9813add2c93dc4d84dd5a73691265aed50b62caee4f2e6074a,src-632d8a4a6115fea090bfff8b9909afb69bc3405b812fccdf62b04c36810951fe,s_SELVA07 [20057],As,1.5,ppm,rock,GEOROC_precompiled_selected_value,,,,-6.5,-50,EPSG:4326,,AMAZONIAN CRATON / CARAJAS PROVINCE / CARAJAS TRANSITION ZONE / SELVA GREENSTONE BELT,,,,CC-BY-SA-4.0,official_curated,georoc-archaean,2026-06-1KRR1P_AMAZONIAN_CRATON.csv#row=8,,,,
rec-492923ba566b0c4de5e3825c9f3c06b17e04a3b3d2942c429b048e05dcd663f4,src-21a816157447da64fe8e01ef18b5bd7ef2486215742ab9cb06fce7ab85827f56,s_SELVA08 [20057],As,4.8,ppm,rock,GEOROC_precompiled_selected_value,,,,-6.5,-50,EPSG:4326,,AMAZONIAN CRATON / CARAJAS PROVINCE / CARAJAS TRANSITION ZONE / SELVA GREENSTONE BELT,,,,CC-BY-SA-4.0,official_curated,georoc-archaean,2026-06-1KRR1P_AMAZONIAN_CRATON.csv#row=9,,,,
rec-d2e4b8ef7576d1cf23ea8e61e6389d472aab87978f443e846c60d71977b178b2,src-f48357c7bf46c9a454241a98e7db966fed7b37e107dc02bf6925ff49ccc8be07,s_SELVA10 [20057],As,0.8,ppm,rock,GEOROC_precompiled_selected_value,,,,-6.5,-50,EPSG:4326,,AMAZONIAN CRATON / CARAJAS PROVINCE / CARAJAS TRANSITION ZONE / SELVA GREENSTONE BELT,,,,CC-BY-SA-4.0,official_curated,georoc-archaean,2026-06-1KRR1P_AMAZONIAN_CRATON.csv#row=10,,,,
rec-48b1fc38827f318ccafb3a471405caa4caf202ff22ab2748daaeedcc5ebfb7ea,src-1fee192cd401cbd0e7d1aeed1ee88292146e2f2c9b6d5dd871756488c07cb5a0,s_SELVA11 [20057],As,2.7,ppm,rock,GEOROC_precompiled_selected_value,,,,-6.5,-50,EPSG:4326,,AMAZONIAN CRATON / CARAJAS PROVINCE / CARAJAS TRANSITION ZONE / SELVA GREENSTONE BELT,,,,CC-BY-SA-4.0,official_curated,georoc-archaean,2026-06-1KRR1P_AMAZONIAN_CRATON.csv#row=11,,,,
rec-9636dc7a13f29ec5feb2cc1372934037bfc1650f229f8249b82540fdffc13dc9,src-48d5ee3d6563bc91fecb95c21d1f9200f53bd1ff4cdd13316fde76fb426bd267,s_SERINGA01 [20057],As,0,ppm,rock,GEOROC_precompiled_selected_value,,,,-6.7,-51,EPSG:4326,,AMAZONIAN CRATON / CARAJAS PROVINCE / RIO MARIA DOMAIN / SERINGA GREENSTONE BELT,,,,CC-BY-SA-4.0,official_curated,georoc-archaean,2026-06-1KRR1P_AMAZONIAN_CRATON.csv#row=12,,,,
rec-78ab48e3bb77b4ff16830bfe64ab0e560fac6e3888e1d9a1149c6cd552e9c715,src-998fcb0384b67bb3f8563d01a65f6d28e68f2fd3701300c4c254cbaec5ccd019,s_SERINGA02 [20057],As,0,ppm,rock,GEOROC_precompiled_selected_value,,,,-6.7,-51,EPSG:4326,,AMAZONIAN CRATON / CARAJAS PROVINCE / RIO MARIA DOMAIN / SERINGA GREENSTONE BELT,,,,CC-BY-SA-4.0,official_curated,georoc-archaean,2026-06-1KRR1P_AMAZONIAN_CRATON.csv#row=13,,,,
rec-3c16ad2e1590d783c6112c2c8138490dedd2a64edc36c03ed3276018b7544aa7,src-bfcdf81a22ca8e9c3e880dc3a65855080f30db67b8c2778810d405524fdb2f91,C-328818,As,2.1,mg/kg,soil,total_or_near_total_<2mm,,,,31.3146,-87.1166,EPSG:4326,,,,,,LicenseRef-USGS-Public-Domain,government,usgs-conus-soil,Appendix_2b_Top5_18Sept2013.txt#row=15,02/18/09,0,0.05,<2 mm
rec-892f9d1e4470378959e8ad3228da1874b261c1405640749aa8037bec197118f4,src-bfcdf81a22ca8e9c3e880dc3a65855080f30db67b8c2778810d405524fdb2f91,C-328818,Cu,5.9,mg/kg,soil,total_or_near_total_<2mm,,,,31.3146,-87.1166,EPSG:4326,,,,,,LicenseRef-USGS-Public-Domain,government,usgs-conus-soil,Appendix_2b_Top5_18Sept2013.txt#row=15,02/18/09,0,0.05,<2 mm
rec-abbc5192b0fb215735fa4a72008cb6e4cbcea485c663a7905f843c48a0409fe1,src-bfcdf81a22ca8e9c3e880dc3a65855080f30db67b8c2778810d405524fdb2f91,C-328818,Ni,3.3,mg/kg,soil,total_or_near_total_<2mm,,,,31.3146,-87.1166,EPSG:4326,,,,,,LicenseRef-USGS-Public-Domain,government,usgs-conus-soil,Appendix_2b_Top5_18Sept2013.txt#row=15,02/18/09,0,0.05,<2 mm
rec-fb7c45816fd1f19d0afd6142c6a9f67e59af19210f4077f0274c603b66224369,src-bfcdf81a22ca8e9c3e880dc3a65855080f30db67b8c2778810d405524fdb2f91,C-328818,Zn,15,mg/kg,soil,total_or_near_total_<2mm,,,,31.3146,-87.1166,EPSG:4326,,,,,,LicenseRef-USGS-Public-Domain,government,usgs-conus-soil,Appendix_2b_Top5_18Sept2013.txt#row=15,02/18/09,0,0.05,<2 mm
rec-fb2745fed602dc0af6263a7da565ad2f6398b8424b298ed92a101500414e582e,src-44891c77717f2b532d597791a7f17a67ea73cfde6a8e325649165350654999ea,C-328804,As,1.9,mg/kg,soil,total_or_near_total_<2mm,,,,33.8523,-86.9041,EPSG:4326,,,,,,LicenseRef-USGS-Public-Domain,government,usgs-conus-soil,Appendix_2b_Top5_18Sept2013.txt#row=16,02/26/09,0,0.05,<2 mm
rec-a9f3f2827628d217bad43fd70487584fdd2934868ee0466148ed8499ce0502e4,src-44891c77717f2b532d597791a7f17a67ea73cfde6a8e325649165350654999ea,C-328804,Cu,5.4,mg/kg,soil,total_or_near_total_<2mm,,,,33.8523,-86.9041,EPSG:4326,,,,,,LicenseRef-USGS-Public-Domain,government,usgs-conus-soil,Appendix_2b_Top5_18Sept2013.txt#row=16,02/26/09,0,0.05,<2 mm
rec-5eb05e8193701c2cc89aa5eba0677e4b44de8fcb9b1b3648c56e9576b6eff560,src-44891c77717f2b532d597791a7f17a67ea73cfde6a8e325649165350654999ea,C-328804,Ni,4.5,mg/kg,soil,total_or_near_total_<2mm,,,,33.8523,-86.9041,EPSG:4326,,,,,,LicenseRef-USGS-Public-Domain,government,usgs-conus-soil,Appendix_2b_Top5_18Sept2013.txt#row=16,02/26/09,0,0.05,<2 mm
rec-7aec2f1a7af374fa8d035ac1d3e93565f9fdf0a507155f5bc9f5da95d72db2d3,src-44891c77717f2b532d597791a7f17a67ea73cfde6a8e325649165350654999ea,C-328804,Zn,18,mg/kg,soil,total_or_near_total_<2mm,,,,33.8523,-86.9041,EPSG:4326,,,,,,LicenseRef-USGS-Public-Domain,government,usgs-conus-soil,Appendix_2b_Top5_18Sept2013.txt#row=16,02/26/09,0,0.05,<2 mm
rec-8f66ad4562074a7b66319c19172e616272d43f908f539ae2e15e2ca9463aee0b,src-54b654e1cfab6bd0b3b131dd01d72df8e2afe3e2819e00410e380c3fcaca7a84,C-328805,As,1.8,mg/kg,soil,total_or_near_total_<2mm,,,,31.2179,-85.8788,EPSG:4326,,,,,,LicenseRef-USGS-Public-Domain,government,usgs-conus-soil,Appendix_2b_Top5_18Sept2013.txt#row=17,02/18/09,0,0.05,<2 mm
rec-d1850f1e443f6f5709a1cfdd9a6be715c22f669148325cc9bbea299f3fff642a,src-54b654e1cfab6bd0b3b131dd01d72df8e2afe3e2819e00410e380c3fcaca7a84,C-328805,Cu,10.1,mg/kg,soil,total_or_near_total_<2mm,,,,31.2179,-85.8788,EPSG:4326,,,,,,LicenseRef-USGS-Public-Domain,government,usgs-conus-soil,Appendix_2b_Top5_18Sept2013.txt#row=17,02/18/09,0,0.05,<2 mm
rec-d5ede810a30db670428f7b6b8ff9a6cea3d884500475a834cb75bede9c08f4ca,src-54b654e1cfab6bd0b3b131dd01d72df8e2afe3e2819e00410e380c3fcaca7a84,C-328805,Ni,4.1,mg/kg,soil,total_or_near_total_<2mm,,,,31.2179,-85.8788,EPSG:4326,,,,,,LicenseRef-USGS-Public-Domain,government,usgs-conus-soil,Appendix_2b_Top5_18Sept2013.txt#row=17,02/18/09,0,0.05,<2 mm
rec-6342ef15447875f44fc9efd3e147e7650b2a4adbb43b32b50398dc423d0d4d02,src-54b654e1cfab6bd0b3b131dd01d72df8e2afe3e2819e00410e380c3fcaca7a84,C-328805,Zn,18,mg/kg,soil,total_or_near_total_<2mm,,,,31.2179,-85.8788,EPSG:4326,,,,,,LicenseRef-USGS-Public-Domain,government,usgs-conus-soil,Appendix_2b_Top5_18Sept2013.txt#row=17,02/18/09,0,0.05,<2 mm
rec-a3c40bd4c285f7cf44d37767a12ba7aeb6d9b87f79166e1360abcaec3d0448a8,src-bbcad940c2648cfd6c1a095d55bf3766134ca38bd3b87170f9c94c33628cd802,C-328864,As,3.4,mg/kg,soil,total_or_near_total_<2mm,,,,33.0992,-86.9976,EPSG:4326,,,,,,LicenseRef-USGS-Public-Domain,government,usgs-conus-soil,Appendix_2b_Top5_18Sept2013.txt#row=18,02/23/09,0,0.05,<2 mm
rec-a6dd69bb5dc8522f6f7f47441be6a2116eda33c4b59d564323d767fc7e57b5fd,src-bbcad940c2648cfd6c1a095d55bf3766134ca38bd3b87170f9c94c33628cd802,C-328864,Cu,14.2,mg/kg,soil,total_or_near_total_<2mm,,,,33.0992,-86.9976,EPSG:4326,,,,,,LicenseRef-USGS-Public-Domain,government,usgs-conus-soil,Appendix_2b_Top5_18Sept2013.txt#row=18,02/23/09,0,0.05,<2 mm
rec-f12eb9579d39881306268cced7a55414d0d7a203911c444474d4eb15bf7f1728,src-bbcad940c2648cfd6c1a095d55bf3766134ca38bd3b87170f9c94c33628cd802,C-328864,Ni,11.4,mg/kg,soil,total_or_near_total_<2mm,,,,33.0992,-86.9976,EPSG:4326,,,,,,LicenseRef-USGS-Public-Domain,government,usgs-conus-soil,Appendix_2b_Top5_18Sept2013.txt#row=18,02/23/09,0,0.05,<2 mm
rec-27d41d1e541a9c89ea97c718b90467f9f93f13000c72717375f4f023fc0d4d2a,src-bbcad940c2648cfd6c1a095d55bf3766134ca38bd3b87170f9c94c33628cd802,C-328864,Zn,32,mg/kg,soil,total_or_near_total_<2mm,,,,33.0992,-86.9976,EPSG:4326,,,,,,LicenseRef-USGS-Public-Domain,government,usgs-conus-soil,Appendix_2b_Top5_18Sept2013.txt#row=18,02/23/09,0,0.05,<2 mm
rec-c872063c71eb2134348550b2a346b17fba66046c007801558cd9ed51af535ba9,src-17fdcb45529f89a7118ea433506f0900dbbb0238cb185c8d41aa0859ce6c67e0,C-328943,As,1.6,mg/kg,soil,total_or_near_total_<2mm,,,,31.3146,-87.1166,EPSG:4326,,,,,,LicenseRef-USGS-Public-Domain,government,usgs-conus-soil,Appendix_3b_Ahorizon_18Sept2013.txt#row=15,02/18/09,0.02,0.3,<2 mm
rec-dd2914161ea66bfc52570508becd23cbfeee42998d3b886cd36e5ed1744e1303,src-17fdcb45529f89a7118ea433506f0900dbbb0238cb185c8d41aa0859ce6c67e0,C-328943,Cu,4.4,mg/kg,soil,total_or_near_total_<2mm,,,,31.3146,-87.1166,EPSG:4326,,,,,,LicenseRef-USGS-Public-Domain,government,usgs-conus-soil,Appendix_3b_Ahorizon_18Sept2013.txt#row=15,02/18/09,0.02,0.3,<2 mm
rec-68e26620ff46f67a979b6a761045b0d76b7e61de6a9c30c4049c32694a6a92a9,src-17fdcb45529f89a7118ea433506f0900dbbb0238cb185c8d41aa0859ce6c67e0,C-328943,Ni,3.2,mg/kg,soil,total_or_near_total_<2mm,,,,31.3146,-87.1166,EPSG:4326,,,,,,LicenseRef-USGS-Public-Domain,government,usgs-conus-soil,Appendix_3b_Ahorizon_18Sept2013.txt#row=15,02/18/09,0.02,0.3,<2 mm
rec-eda5071ece336ae17570b9539e025bfcf718aab3d1fe5df1c21826fd615c2c96,src-17fdcb45529f89a7118ea433506f0900dbbb0238cb185c8d41aa0859ce6c67e0,C-328943,Zn,15,mg/kg,soil,total_or_near_total_<2mm,,,,31.3146,-87.1166,EPSG:4326,,,,,,LicenseRef-USGS-Public-Domain,government,usgs-conus-soil,Appendix_3b_Ahorizon_18Sept2013.txt#row=15,02/18/09,0.02,0.3,<2 mm
rec-22e314292d9e63f1f6aa766e628efa7201879caf2d2d4882aeb32b25e104e7ae,src-b665dde34d351e94c0b530063e7ec7afff1e4623bc6065ffa7efa0cd9efabce3,C-328929,As,1.5,mg/kg,soil,total_or_near_total_<2mm,,,,33.8523,-86.9041,EPSG:4326,,,,,,LicenseRef-USGS-Public-Domain,government,usgs-conus-soil,Appendix_3b_Ahorizon_18Sept2013.txt#row=16,02/26/09,0,0.2,<2 mm
rec-eb36e6a4e3672e9d495cb86d8dbf331302f34f52553dd4243bd300c9e24b0780,src-b665dde34d351e94c0b530063e7ec7afff1e4623bc6065ffa7efa0cd9efabce3,C-328929,Cu,6.1,mg/kg,soil,total_or_near_total_<2mm,,,,33.8523,-86.9041,EPSG:4326,,,,,,LicenseRef-USGS-Public-Domain,government,usgs-conus-soil,Appendix_3b_Ahorizon_18Sept2013.txt#row=16,02/26/09,0,0.2,<2 mm
rec-d5e43e3ac54375a8c6a396f2552e25b50e2ea665bc5532ea7778e36920428521,src-b665dde34d351e94c0b530063e7ec7afff1e4623bc6065ffa7efa0cd9efabce3,C-328929,Ni,4.6,mg/kg,soil,total_or_near_total_<2mm,,,,33.8523,-86.9041,EPSG:4326,,,,,,LicenseRef-USGS-Public-Domain,government,usgs-conus-soil,Appendix_3b_Ahorizon_18Sept2013.txt#row=16,02/26/09,0,0.2,<2 mm
rec-f0b3d08e1686154100c92cbc00b0dc9ede8c4c98680fbae655a2ac82c3755f57,src-b665dde34d351e94c0b530063e7ec7afff1e4623bc6065ffa7efa0cd9efabce3,C-328929,Zn,17,mg/kg,soil,total_or_near_total_<2mm,,,,33.8523,-86.9041,EPSG:4326,,,,,,LicenseRef-USGS-Public-Domain,government,usgs-conus-soil,Appendix_3b_Ahorizon_18Sept2013.txt#row=16,02/26/09,0,0.2,<2 mm
rec-61b6ccc5a8c292960506df44655523748a9f050bc0eff7348e7c89cdeff50578,src-f14ecb53f19290985e37aad8bfa21e4263b115d8b3dae902f9090e7fad98cdc1,C-328930,As,1.2,mg/kg,soil,total_or_near_total_<2mm,,,,31.2179,-85.8788,EPSG:4326,,,,,,LicenseRef-USGS-Public-Domain,government,usgs-conus-soil,Appendix_3b_Ahorizon_18Sept2013.txt#row=17,02/18/09,0,0.2,<2 mm
rec-d607fd0a3674d15e8c69a7b949fa82782c025b9778e25d6a3b961514df9c1a33,src-f14ecb53f19290985e37aad8bfa21e4263b115d8b3dae902f9090e7fad98cdc1,C-328930,Cu,10.9,mg/kg,soil,total_or_near_total_<2mm,,,,31.2179,-85.8788,EPSG:4326,,,,,,LicenseRef-USGS-Public-Domain,government,usgs-conus-soil,Appendix_3b_Ahorizon_18Sept2013.txt#row=17,02/18/09,0,0.2,<2 mm
rec-bd7aa86277373b64e38794d92a48b01bd3b41756676ec8bd71e8fe357738d50e,src-f14ecb53f19290985e37aad8bfa21e4263b115d8b3dae902f9090e7fad98cdc1,C-328930,Ni,4.2,mg/kg,soil,total_or_near_total_<2mm,,,,31.2179,-85.8788,EPSG:4326,,,,,,LicenseRef-USGS-Public-Domain,government,usgs-conus-soil,Appendix_3b_Ahorizon_18Sept2013.txt#row=17,02/18/09,0,0.2,<2 mm
rec-0b21f1a65f236fdb5f327740c91151b187aede207fba5b1ddb8c4abe1a1b6371,src-f14ecb53f19290985e37aad8bfa21e4263b115d8b3dae902f9090e7fad98cdc1,C-328930,Zn,19,mg/kg,soil,total_or_near_total_<2mm,,,,31.2179,-85.8788,EPSG:4326,,,,,,LicenseRef-USGS-Public-Domain,government,usgs-conus-soil,Appendix_3b_Ahorizon_18Sept2013.txt#row=17,02/18/09,0,0.2,<2 mm
rec-836565b860e13c1d5cb13d28168998bf257ed81e2d8947a4898e944c2aedd61c,src-a8d765ce85aaab1203810a3ba99c1ca138a93afbfae0a1f3056fae8a6b4fa1aa,C-329034,As,3.7,mg/kg,soil,total_or_near_total_<2mm,,,,33.0992,-86.9976,EPSG:4326,,,,,,LicenseRef-USGS-Public-Domain,government,usgs-conus-soil,Appendix_3b_Ahorizon_18Sept2013.txt#row=18,02/23/09,0,0.2,<2 mm
rec-ee3a41040929277bb3b35718914f15528fc003ffdab6801abb2af8d132551fd0,src-a8d765ce85aaab1203810a3ba99c1ca138a93afbfae0a1f3056fae8a6b4fa1aa,C-329034,Cu,13.8,mg/kg,soil,total_or_near_total_<2mm,,,,33.0992,-86.9976,EPSG:4326,,,,,,LicenseRef-USGS-Public-Domain,government,usgs-conus-soil,Appendix_3b_Ahorizon_18Sept2013.txt#row=18,02/23/09,0,0.2,<2 mm
rec-28df4f970c251b1837ad3ade412a14879c6b858f2ad2bb61c3c8edc016222e2c,src-a8d765ce85aaab1203810a3ba99c1ca138a93afbfae0a1f3056fae8a6b4fa1aa,C-329034,Ni,11.5,mg/kg,soil,total_or_near_total_<2mm,,,,33.0992,-86.9976,EPSG:4326,,,,,,LicenseRef-USGS-Public-Domain,government,usgs-conus-soil,Appendix_3b_Ahorizon_18Sept2013.txt#row=18,02/23/09,0,0.2,<2 mm
rec-06bbab91af641771a18c926cf929e0f716ecca7e8bfb93ceab281f4f7b9d13de,src-a8d765ce85aaab1203810a3ba99c1ca138a93afbfae0a1f3056fae8a6b4fa1aa,C-329034,Zn,32,mg/kg,soil,total_or_near_total_<2mm,,,,33.0992,-86.9976,EPSG:4326,,,,,,LicenseRef-USGS-Public-Domain,government,usgs-conus-soil,Appendix_3b_Ahorizon_18Sept2013.txt#row=18,02/23/09,0,0.2,<2 mm
rec-e5db2246edcbee29d1669126fb8f344e3a970302cd33236bbe12c111e4971afd,src-1289609d7d7cc9d27d38cb29db2171b292c32ac32c703ddd895d902c57653ba5,C-328965,As,4.8,mg/kg,soil,total_or_near_total_<2mm,,,,31.3146,-87.1166,EPSG:4326,,,,,,LicenseRef-USGS-Public-Domain,government,usgs-conus-soil,Appendix_4b_Chorizon_18Sept2013.txt#row=15,02/18/09,0.5,1,<2 mm
rec-283af9aaeb4cf40d7693aeac36c87e6b2f3360758d17f938f47cdf2572f5dfe7,src-1289609d7d7cc9d27d38cb29db2171b292c32ac32c703ddd895d902c57653ba5,C-328965,Cu,12.3,mg/kg,soil,total_or_near_total_<2mm,,,,31.3146,-87.1166,EPSG:4326,,,,,,LicenseRef-USGS-Public-Domain,government,usgs-conus-soil,Appendix_4b_Chorizon_18Sept2013.txt#row=15,02/18/09,0.5,1,<2 mm
rec-04dc4388f81258a68430b20bb9a1098514fc1bbe5135016eb7a778a4c1b68faf,src-1289609d7d7cc9d27d38cb29db2171b292c32ac32c703ddd895d902c57653ba5,C-328965,Ni,11.4,mg/kg,soil,total_or_near_total_<2mm,,,,31.3146,-87.1166,EPSG:4326,,,,,,LicenseRef-USGS-Public-Domain,government,usgs-conus-soil,Appendix_4b_Chorizon_18Sept2013.txt#row=15,02/18/09,0.5,1,<2 mm
rec-d7985a89dac6ff1dee8ac62a978cc059062675632ad4f22a228f8b0765c6fb02,src-1289609d7d7cc9d27d38cb29db2171b292c32ac32c703ddd895d902c57653ba5,C-328965,Zn,28,mg/kg,soil,total_or_near_total_<2mm,,,,31.3146,-87.1166,EPSG:4326,,,,,,LicenseRef-USGS-Public-Domain,government,usgs-conus-soil,Appendix_4b_Chorizon_18Sept2013.txt#row=15,02/18/09,0.5,1,<2 mm
rec-a0e1803f1731b715e0c9fbd5591e97c026c8ed4438e05e35f0acec4c159059fb,src-ccc1b36f2706eecff4ade1ba3548ec8ca719a1df6c3eecc47c5063584e3ae1e9,C-328951,As,3.5,mg/kg,soil,total_or_near_total_<2mm,,,,33.8523,-86.9041,EPSG:4326,,,,,,LicenseRef-USGS-Public-Domain,government,usgs-conus-soil,Appendix_4b_Chorizon_18Sept2013.txt#row=16,02/26/09,0.6,1,<2 mm
rec-950e408f20acbec1a0b640009e5d88798877357e80ac88ab2ce893d053456ede,src-ccc1b36f2706eecff4ade1ba3548ec8ca719a1df6c3eecc47c5063584e3ae1e9,C-328951,Cu,9.9,mg/kg,soil,total_or_near_total_<2mm,,,,33.8523,-86.9041,EPSG:4326,,,,,,LicenseRef-USGS-Public-Domain,government,usgs-conus-soil,Appendix_4b_Chorizon_18Sept2013.txt#row=16,02/26/09,0.6,1,<2 mm
rec-292133a4d61bd06ace6816f14d2919d5ad5e276536ee3e301ef827d088980796,src-ccc1b36f2706eecff4ade1ba3548ec8ca719a1df6c3eecc47c5063584e3ae1e9,C-328951,Ni,10.7,mg/kg,soil,total_or_near_total_<2mm,,,,33.8523,-86.9041,EPSG:4326,,,,,,LicenseRef-USGS-Public-Domain,government,usgs-conus-soil,Appendix_4b_Chorizon_18Sept2013.txt#row=16,02/26/09,0.6,1,<2 mm
rec-f33b8b906858d737bbaf0819b336cc1790917fa93f874deb49928d6d8ca4f562,src-ccc1b36f2706eecff4ade1ba3548ec8ca719a1df6c3eecc47c5063584e3ae1e9,C-328951,Zn,28,mg/kg,soil,total_or_near_total_<2mm,,,,33.8523,-86.9041,EPSG:4326,,,,,,LicenseRef-USGS-Public-Domain,government,usgs-conus-soil,Appendix_4b_Chorizon_18Sept2013.txt#row=16,02/26/09,0.6,1,<2 mm
rec-1e13b25117424d0fbc405e0776b3719e217673ffe04d98cdff8e65c13eb2d363,src-3726c4f97b6a5e500ea2f44dd1ad279f402a503b06189fa176f1f6e2849829fc,C-328952,As,6.1,mg/kg,soil,total_or_near_total_<2mm,,,,31.2179,-85.8788,EPSG:4326,,,,,,LicenseRef-USGS-Public-Domain,government,usgs-conus-soil,Appendix_4b_Chorizon_18Sept2013.txt#row=17,02/18/09,0.3,1,<2 mm
rec-b5b0e0b88e77b651097a11e83288f9a942222107a48dfd26d363fbb1fbdfdfbb,src-3726c4f97b6a5e500ea2f44dd1ad279f402a503b06189fa176f1f6e2849829fc,C-328952,Cu,12.7,mg/kg,soil,total_or_near_total_<2mm,,,,31.2179,-85.8788,EPSG:4326,,,,,,LicenseRef-USGS-Public-Domain,government,usgs-conus-soil,Appendix_4b_Chorizon_18Sept2013.txt#row=17,02/18/09,0.3,1,<2 mm
rec-0bfbc38e0a9e31559df782425c6fe7d562c91649c93a5ee9978b17694d3d58b5,src-3726c4f97b6a5e500ea2f44dd1ad279f402a503b06189fa176f1f6e2849829fc,C-328952,Ni,16.7,mg/kg,soil,total_or_near_total_<2mm,,,,31.2179,-85.8788,EPSG:4326,,,,,,LicenseRef-USGS-Public-Domain,government,usgs-conus-soil,Appendix_4b_Chorizon_18Sept2013.txt#row=17,02/18/09,0.3,1,<2 mm
rec-a2e8088b3773ea2f002209a533416b81feca30d5e725dfeb1b241732db6374b7,src-3726c4f97b6a5e500ea2f44dd1ad279f402a503b06189fa176f1f6e2849829fc,C-328952,Zn,21,mg/kg,soil,total_or_near_total_<2mm,,,,31.2179,-85.8788,EPSG:4326,,,,,,LicenseRef-USGS-Public-Domain,government,usgs-conus-soil,Appendix_4b_Chorizon_18Sept2013.txt#row=17,02/18/09,0.3,1,<2 mm
rec-c09929fbff872f767bbc1bc8442b340f312cd527766912e37370e0d1fb1bbaa2,src-43164f5a5d458fdc97af224c6916f71f29a345881396ddc74e054b19589a7e25,C-328842,As,2.7,mg/kg,soil,total_or_near_total_<2mm,,,,33.0992,-86.9976,EPSG:4326,,,,,,LicenseRef-USGS-Public-Domain,government,usgs-conus-soil,Appendix_4b_Chorizon_18Sept2013.txt#row=18,02/23/09,0.6,1,<2 mm
rec-b8d97efb876ad5b77ddb68d08f291c4d5dd31061f78a13432ab9cc8d4009366b,src-43164f5a5d458fdc97af224c6916f71f29a345881396ddc74e054b19589a7e25,C-328842,Cu,11.6,mg/kg,soil,total_or_near_total_<2mm,,,,33.0992,-86.9976,EPSG:4326,,,,,,LicenseRef-USGS-Public-Domain,government,usgs-conus-soil,Appendix_4b_Chorizon_18Sept2013.txt#row=18,02/23/09,0.6,1,<2 mm
rec-a984ce0272b0301771a0392b973c736a2a067c17b269f9041da55d462ce71b56,src-43164f5a5d458fdc97af224c6916f71f29a345881396ddc74e054b19589a7e25,C-328842,Ni,14.8,mg/kg,soil,total_or_near_total_<2mm,,,,33.0992,-86.9976,EPSG:4326,,,,,,LicenseRef-USGS-Public-Domain,government,usgs-conus-soil,Appendix_4b_Chorizon_18Sept2013.txt#row=18,02/23/09,0.6,1,<2 mm
rec-d37dbc703c5ac1040d90764dceb8bf01becbb77d70a55c906b092a84085f4c6e,src-43164f5a5d458fdc97af224c6916f71f29a345881396ddc74e054b19589a7e25,C-328842,Zn,43,mg/kg,soil,total_or_near_total_<2mm,,,,33.0992,-86.9976,EPSG:4326,,,,,,LicenseRef-USGS-Public-Domain,government,usgs-conus-soil,Appendix_4b_Chorizon_18Sept2013.txt#row=18,02/23/09,0.6,1,<2 mm
rec-f4b08381d3f51d97a8895869f6ef0a2365c6a5b5719e421c1d8da91e197ac8e3,src-7d02abe56dcc1665bc49c1c5bf751597e2575dbe356dfc2027124679f7b04636,R1461MC51A_00-01 cm,As,21.7,mg/kg,sediment,dry_weight_partial_nitric_acid,,2.0,mg/kg,73.353977,33.527978,EPSG:4326,,,Inductively coupled plasma atomic emission spectroscopy (ICP-OES),Metoden anvendes på analyseløsninger fremstilt ved ekstraksjon med 7 M HNO3 i autoklav i samsvar med Norsk Standard - NS 4770,NGU-Laboratory,CC-BY-4.0,government,norway-marchem,MarChem_Inorganic_Data_20260805T102709Z.csv#row=2,2015,0,0.01,
rec-dccd06f7d486eba6b41c69502ada001d0499bc684f1c0d598f00630c2d521a86,src-7d02abe56dcc1665bc49c1c5bf751597e2575dbe356dfc2027124679f7b04636,R1461MC51A_00-01 cm,Cu,15.2,mg/kg,sediment,dry_weight_partial_nitric_acid,,1.0,mg/kg,73.353977,33.527978,EPSG:4326,,,Inductively coupled plasma atomic emission spectroscopy (ICP-OES),Metoden anvendes på analyseløsninger fremstilt ved ekstraksjon med 7 M HNO3 i autoklav i samsvar med Norsk Standard - NS 4770,NGU-Laboratory,CC-BY-4.0,government,norway-marchem,MarChem_Inorganic_Data_20260805T102709Z.csv#row=2,2015,0,0.01,
rec-ac08ce0a086f1b60a4689e5506710012c78cbf44961fd2a537db4681d44f483f,src-7d02abe56dcc1665bc49c1c5bf751597e2575dbe356dfc2027124679f7b04636,R1461MC51A_00-01 cm,Ni,27.4,mg/kg,sediment,dry_weight_partial_nitric_acid,,1.0,mg/kg,73.353977,33.527978,EPSG:4326,,,Inductively coupled plasma atomic emission spectroscopy (ICP-OES),Metoden anvendes på analyseløsninger fremstilt ved ekstraksjon med 7 M HNO3 i autoklav i samsvar med Norsk Standard - NS 4770,NGU-Laboratory,CC-BY-4.0,government,norway-marchem,MarChem_Inorganic_Data_20260805T102709Z.csv#row=2,2015,0,0.01,
rec-12932de3f77a052987367261a3292d8a1c279e68e3dbdb866027c04b0bc26833,src-7d02abe56dcc1665bc49c1c5bf751597e2575dbe356dfc2027124679f7b04636,R1461MC51A_00-01 cm,Zn,70.4,mg/kg,sediment,dry_weight_partial_nitric_acid,,2.0,mg/kg,73.353977,33.527978,EPSG:4326,,,Inductively coupled plasma atomic emission spectroscopy (ICP-OES),Metoden anvendes på analyseløsninger fremstilt ved ekstraksjon med 7 M HNO3 i autoklav i samsvar med Norsk Standard - NS 4770,NGU-Laboratory,CC-BY-4.0,government,norway-marchem,MarChem_Inorganic_Data_20260805T102709Z.csv#row=2,2015,0,0.01,
rec-24630263c56fcc49a74fe91dad1bb3b2875a00dae4124f202b83cf84880512f7,src-6b71c07f9cb447baea69caaac77f7654081dc26930da57e9914070a766549a83,R1474BC97A_11-12 cm,As,7.1,mg/kg,sediment,dry_weight_partial_nitric_acid,,2.0,mg/kg,73.046997,35.747727,EPSG:4326,,,Inductively coupled plasma atomic emission spectroscopy (ICP-OES),Metoden anvendes på analyseløsninger fremstilt ved ekstraksjon med 7 M HNO3 i autoklav i samsvar med Norsk Standard - NS 4770,NGU-Laboratory,CC-BY-4.0,government,norway-marchem,MarChem_Inorganic_Data_20260805T102709Z.csv#row=39,2015,0.11,0.12,
rec-8ab6e8acd7570499b09ac4a8166cd63aaa3c651bb4c8085ebbb5f9dd4c9ba578,src-6b71c07f9cb447baea69caaac77f7654081dc26930da57e9914070a766549a83,R1474BC97A_11-12 cm,Cu,15.4,mg/kg,sediment,dry_weight_partial_nitric_acid,,1.0,mg/kg,73.046997,35.747727,EPSG:4326,,,Inductively coupled plasma atomic emission spectroscopy (ICP-OES),Metoden anvendes på analyseløsninger fremstilt ved ekstraksjon med 7 M HNO3 i autoklav i samsvar med Norsk Standard - NS 4770,NGU-Laboratory,CC-BY-4.0,government,norway-marchem,MarChem_Inorganic_Data_20260805T102709Z.csv#row=39,2015,0.11,0.12,
rec-0058596898e83bbcfea8b81ff7f6d8f7d08cfbd70b54b1477e44150b6df5c083,src-6b71c07f9cb447baea69caaac77f7654081dc26930da57e9914070a766549a83,R1474BC97A_11-12 cm,Ni,29.3,mg/kg,sediment,dry_weight_partial_nitric_acid,,1.0,mg/kg,73.046997,35.747727,EPSG:4326,,,Inductively coupled plasma atomic emission spectroscopy (ICP-OES),Metoden anvendes på analyseløsninger fremstilt ved ekstraksjon med 7 M HNO3 i autoklav i samsvar med Norsk Standard - NS 4770,NGU-Laboratory,CC-BY-4.0,government,norway-marchem,MarChem_Inorganic_Data_20260805T102709Z.csv#row=39,2015,0.11,0.12,
rec-8a9ecf5805136c5647a1bbb41b1eac36848ca6b8270b9b48dff1df5863ca452c,src-6b71c07f9cb447baea69caaac77f7654081dc26930da57e9914070a766549a83,R1474BC97A_11-12 cm,Zn,66.3,mg/kg,sediment,dry_weight_partial_nitric_acid,,2.0,mg/kg,73.046997,35.747727,EPSG:4326,,,Inductively coupled plasma atomic emission spectroscopy (ICP-OES),Metoden anvendes på analyseløsninger fremstilt ved ekstraksjon med 7 M HNO3 i autoklav i samsvar med Norsk Standard - NS 4770,NGU-Laboratory,CC-BY-4.0,government,norway-marchem,MarChem_Inorganic_Data_20260805T102709Z.csv#row=39,2015,0.11,0.12,
rec-6faabf1fd348a7833b78585925862f6b196b28039f188e9b42f288f5ed5255ae,src-ddbc3a3e2e68d6d9cc5e25cd3ea0beb12952a7e93544a36fadbcde376f3ec69e,R1492MC56A_00-01 cm,As,29.9,mg/kg,sediment,dry_weight_partial_nitric_acid,,2.0,mg/kg,73.5998,36.5767,EPSG:4326,,,Inductively coupled plasma atomic emission spectroscopy (ICP-OES),Metoden anvendes på analyseløsninger fremstilt ved ekstraksjon med 7 M HNO3 i autoklav i samsvar med Norsk Standard - NS 4770,NGU-Laboratory,CC-BY-4.0,government,norway-marchem,MarChem_Inorganic_Data_20260805T102709Z.csv#row=76,2015,0,0.01,
rec-fd7f24d2b542f1b007e6b68aeb0d08e5f377717c20871dd4ad786bbb9c96fe08,src-ddbc3a3e2e68d6d9cc5e25cd3ea0beb12952a7e93544a36fadbcde376f3ec69e,R1492MC56A_00-01 cm,Cu,13.9,mg/kg,sediment,dry_weight_partial_nitric_acid,,1.0,mg/kg,73.5998,36.5767,EPSG:4326,,,Inductively coupled plasma atomic emission spectroscopy (ICP-OES),Metoden anvendes på analyseløsninger fremstilt ved ekstraksjon med 7 M HNO3 i autoklav i samsvar med Norsk Standard - NS 4770,NGU-Laboratory,CC-BY-4.0,government,norway-marchem,MarChem_Inorganic_Data_20260805T102709Z.csv#row=76,2015,0,0.01,
rec-fd864853c07b21c9183bd7adb21e1d96a2395627bf3b6f55390569318b0b5d17,src-ddbc3a3e2e68d6d9cc5e25cd3ea0beb12952a7e93544a36fadbcde376f3ec69e,R1492MC56A_00-01 cm,Ni,22.9,mg/kg,sediment,dry_weight_partial_nitric_acid,,1.0,mg/kg,73.5998,36.5767,EPSG:4326,,,Inductively coupled plasma atomic emission spectroscopy (ICP-OES),Metoden anvendes på analyseløsninger fremstilt ved ekstraksjon med 7 M HNO3 i autoklav i samsvar med Norsk Standard - NS 4770,NGU-Laboratory,CC-BY-4.0,government,norway-marchem,MarChem_Inorganic_Data_20260805T102709Z.csv#row=76,2015,0,0.01,
rec-79447b6cbf74fbc7f98f2a972fa7ef3f54c3bb208fbb57e5f1dae3cef04b210b,src-ddbc3a3e2e68d6d9cc5e25cd3ea0beb12952a7e93544a36fadbcde376f3ec69e,R1492MC56A_00-01 cm,Zn,58.8,mg/kg,sediment,dry_weight_partial_nitric_acid,,2.0,mg/kg,73.5998,36.5767,EPSG:4326,,,Inductively coupled plasma atomic emission spectroscopy (ICP-OES),Metoden anvendes på analyseløsninger fremstilt ved ekstraksjon med 7 M HNO3 i autoklav i samsvar med Norsk Standard - NS 4770,NGU-Laboratory,CC-BY-4.0,government,norway-marchem,MarChem_Inorganic_Data_20260805T102709Z.csv#row=76,2015,0,0.01,
rec-dda0c9fcfbd38e6b027121abb980b1b279d2dd3c7d9048d92cc6adf6e8cd2965,src-1ebb243634fc886c180dc8955fc4deaa5becd9a3910627b74315d3224ae497d8,R1509MC94A_11-12 cm,As,3.9,mg/kg,sediment,dry_weight_partial_nitric_acid,,2.0,mg/kg,65.0408,6.2500,EPSG:4326,,,Inductively coupled plasma atomic emission spectroscopy (ICP-OES),Metoden anvendes på analyseløsninger fremstilt ved ekstraksjon med 7 M HNO3 i autoklav i samsvar med Norsk Standard - NS 4770,NGU-Laboratory,CC-BY-4.0,government,norway-marchem,MarChem_Inorganic_Data_20260805T102709Z.csv#row=113,2015,0.11,0.12,
rec-31c2cbe87dd5978155a033d450ad578066466b24bfb3816b15c856240d559fe9,src-1ebb243634fc886c180dc8955fc4deaa5becd9a3910627b74315d3224ae497d8,R1509MC94A_11-12 cm,Cu,5.7,mg/kg,sediment,dry_weight_partial_nitric_acid,,1.0,mg/kg,65.0408,6.2500,EPSG:4326,,,Inductively coupled plasma atomic emission spectroscopy (ICP-OES),Metoden anvendes på analyseløsninger fremstilt ved ekstraksjon med 7 M HNO3 i autoklav i samsvar med Norsk Standard - NS 4770,NGU-Laboratory,CC-BY-4.0,government,norway-marchem,MarChem_Inorganic_Data_20260805T102709Z.csv#row=113,2015,0.11,0.12,
rec-8604fc061b27ae9d25586a6bf8a5bae0774fe4e95d9cf6ccbda65626d7064b73,src-1ebb243634fc886c180dc8955fc4deaa5becd9a3910627b74315d3224ae497d8,R1509MC94A_11-12 cm,Ni,12.2,mg/kg,sediment,dry_weight_partial_nitric_acid,,1.0,mg/kg,65.0408,6.2500,EPSG:4326,,,Inductively coupled plasma atomic emission spectroscopy (ICP-OES),Metoden anvendes på analyseløsninger fremstilt ved ekstraksjon med 7 M HNO3 i autoklav i samsvar med Norsk Standard - NS 4770,NGU-Laboratory,CC-BY-4.0,government,norway-marchem,MarChem_Inorganic_Data_20260805T102709Z.csv#row=113,2015,0.11,0.12,
rec-ce3ab261803c4b8b828e0952272eb1b845f6d90a314fa9f38e6cf1f88b574e4d,src-1ebb243634fc886c180dc8955fc4deaa5becd9a3910627b74315d3224ae497d8,R1509MC94A_11-12 cm,Zn,27.6,mg/kg,sediment,dry_weight_partial_nitric_acid,,2.0,mg/kg,65.0408,6.2500,EPSG:4326,,,Inductively coupled plasma atomic emission spectroscopy (ICP-OES),Metoden anvendes på analyseløsninger fremstilt ved ekstraksjon med 7 M HNO3 i autoklav i samsvar med Norsk Standard - NS 4770,NGU-Laboratory,CC-BY-4.0,government,norway-marchem,MarChem_Inorganic_Data_20260805T102709Z.csv#row=113,2015,0.11,0.12,
rec-12ec5298282502a075366c69a0e74b5a45115b0fd4c42f8ebb246bda3fa4d82d,src-7c7d3b800d7e1c37d8c92a617af2012d748abdc200cb83779d2077b7b9b8165c,R1521MC96A_32-33 cm,As,3.9,mg/kg,sediment,dry_weight_partial_nitric_acid,,2.0,mg/kg,64.4898,6.1622,EPSG:4326,,,Inductively coupled plasma atomic emission spectroscopy (ICP-OES),Metoden anvendes på analyseløsninger fremstilt ved ekstraksjon med 7 M HNO3 i autoklav i samsvar med Norsk Standard - NS 4770,NGU-Laboratory,CC-BY-4.0,government,norway-marchem,MarChem_Inorganic_Data_20260805T102709Z.csv#row=149,2015,0.32,0.33,
rec-4d1f81d9955060f051ba0f482d71bbc6efa02c950dee8423e7a6b24315e0ee81,src-7c7d3b800d7e1c37d8c92a617af2012d748abdc200cb83779d2077b7b9b8165c,R1521MC96A_32-33 cm,Cu,4.9,mg/kg,sediment,dry_weight_partial_nitric_acid,,1.0,mg/kg,64.4898,6.1622,EPSG:4326,,,Inductively coupled plasma atomic emission spectroscopy (ICP-OES),Metoden anvendes på analyseløsninger fremstilt ved ekstraksjon med 7 M HNO3 i autoklav i samsvar med Norsk Standard - NS 4770,NGU-Laboratory,CC-BY-4.0,government,norway-marchem,MarChem_Inorganic_Data_20260805T102709Z.csv#row=149,2015,0.32,0.33,
rec-9438a9df8d2ddde5ee72dc082c5ae2fc8980a6267c757683a472878d8b77eb5d,src-7c7d3b800d7e1c37d8c92a617af2012d748abdc200cb83779d2077b7b9b8165c,R1521MC96A_32-33 cm,Ni,11.4,mg/kg,sediment,dry_weight_partial_nitric_acid,,1.0,mg/kg,64.4898,6.1622,EPSG:4326,,,Inductively coupled plasma atomic emission spectroscopy (ICP-OES),Metoden anvendes på analyseløsninger fremstilt ved ekstraksjon med 7 M HNO3 i autoklav i samsvar med Norsk Standard - NS 4770,NGU-Laboratory,CC-BY-4.0,government,norway-marchem,MarChem_Inorganic_Data_20260805T102709Z.csv#row=149,2015,0.32,0.33,
rec-b227c47c3bfc7de8d7e86bc95d9b372c575456a4d5eb75eeb4b77272dca8874a,src-7c7d3b800d7e1c37d8c92a617af2012d748abdc200cb83779d2077b7b9b8165c,R1521MC96A_32-33 cm,Zn,26.3,mg/kg,sediment,dry_weight_partial_nitric_acid,,2.0,mg/kg,64.4898,6.1622,EPSG:4326,,,Inductively coupled plasma atomic emission spectroscopy (ICP-OES),Metoden anvendes på analyseløsninger fremstilt ved ekstraksjon med 7 M HNO3 i autoklav i samsvar med Norsk Standard - NS 4770,NGU-Laboratory,CC-BY-4.0,government,norway-marchem,MarChem_Inorganic_Data_20260805T102709Z.csv#row=149,2015,0.32,0.33,
rec-284507efab50ef52b25dc2abda346f39ed4949cf7d96dbcc3426e9bd4d553052,src-27e5f0174a5f9ee4ca3b522594507baabdafef6fc8e7ac9d2046e9925140587b,R1582BC07A_00-01 cm,As,49.7,mg/kg,sediment,dry_weight_partial_nitric_acid,,2.0,mg/kg,78.2520,28.5465,EPSG:4326,,,Inductively coupled plasma atomic emission spectroscopy (ICP-OES),Metoden anvendes på analyseløsninger fremstilt ved ekstraksjon med 7 M HNO3 i autoklav i samsvar med Norsk Standard - NS 4770,NGU-Laboratory,CC-BY-4.0,government,norway-marchem,MarChem_Inorganic_Data_20260805T102709Z.csv#row=213,2016,0,0.01,
rec-138eebb1d482e8322dac1042db9a0801293446a0dce64f94e9e981ebb7c6b24a,src-27e5f0174a5f9ee4ca3b522594507baabdafef6fc8e7ac9d2046e9925140587b,R1582BC07A_00-01 cm,Cu,19.5,mg/kg,sediment,dry_weight_partial_nitric_acid,,1.0,mg/kg,78.2520,28.5465,EPSG:4326,,,Inductively coupled plasma atomic emission spectroscopy (ICP-OES),Metoden anvendes på analyseløsninger fremstilt ved ekstraksjon med 7 M HNO3 i autoklav i samsvar med Norsk Standard - NS 4770,NGU-Laboratory,CC-BY-4.0,government,norway-marchem,MarChem_Inorganic_Data_20260805T102709Z.csv#row=213,2016,0,0.01,
rec-3d914598b94d37829a57498b3e37d4a950cb595f8c4335a12ead3c76ecb8af53,src-27e5f0174a5f9ee4ca3b522594507baabdafef6fc8e7ac9d2046e9925140587b,R1582BC07A_00-01 cm,Ni,49.5,mg/kg,sediment,dry_weight_partial_nitric_acid,,1.0,mg/kg,78.2520,28.5465,EPSG:4326,,,Inductively coupled plasma atomic emission spectroscopy (ICP-OES),Metoden anvendes på analyseløsninger fremstilt ved ekstraksjon med 7 M HNO3 i autoklav i samsvar med Norsk Standard - NS 4770,NGU-Laboratory,CC-BY-4.0,government,norway-marchem,MarChem_Inorganic_Data_20260805T102709Z.csv#row=213,2016,0,0.01,
rec-f6a57f54b69f9da36c8a87e2a3afc2e276a8b346674658d5afcf67830823fedf,src-27e5f0174a5f9ee4ca3b522594507baabdafef6fc8e7ac9d2046e9925140587b,R1582BC07A_00-01 cm,Zn,103.0,mg/kg,sediment,dry_weight_partial_nitric_acid,,2.0,mg/kg,78.2520,28.5465,EPSG:4326,,,Inductively coupled plasma atomic emission spectroscopy (ICP-OES),Metoden anvendes på analyseløsninger fremstilt ved ekstraksjon med 7 M HNO3 i autoklav i samsvar med Norsk Standard - NS 4770,NGU-Laboratory,CC-BY-4.0,government,norway-marchem,MarChem_Inorganic_Data_20260805T102709Z.csv#row=213,2016,0,0.01,
rec-f1b4d26a02d06b251a2a2c70513e9db8402966997da5258787b40da0efba2cd7,src-528c7bf57aa12d15692650a48dbb50e2d51fb7748341c84abd3ebff3a0ddb0b4,R1627BC12A_04-05 cm,As,11.0,mg/kg,sediment,dry_weight_partial_nitric_acid,,2.0,mg/kg,76.0320,26.6947,EPSG:4326,,,Inductively coupled plasma atomic emission spectroscopy (ICP-OES),Metoden anvendes på analyseløsninger fremstilt ved ekstraksjon med 7 M HNO3 i autoklav i samsvar med Norsk Standard - NS 4770,NGU-Laboratory,CC-BY-4.0,government,norway-marchem,MarChem_Inorganic_Data_20260805T102709Z.csv#row=269,2016,0.04,0.05,
rec-60a425d5937b4c7e17289de8e76e2866bb0aaa1ee0dc234b2a0d85b1b566f3f8,src-528c7bf57aa12d15692650a48dbb50e2d51fb7748341c84abd3ebff3a0ddb0b4,R1627BC12A_04-05 cm,Cu,16.8,mg/kg,sediment,dry_weight_partial_nitric_acid,,1.0,mg/kg,76.0320,26.6947,EPSG:4326,,,Inductively coupled plasma atomic emission spectroscopy (ICP-OES),Metoden anvendes på analyseløsninger fremstilt ved ekstraksjon med 7 M HNO3 i autoklav i samsvar med Norsk Standard - NS 4770,NGU-Laboratory,CC-BY-4.0,government,norway-marchem,MarChem_Inorganic_Data_20260805T102709Z.csv#row=269,2016,0.04,0.05,
rec-837e722976dad90e1d74ae107f7a16b7488fa2d1fec0456499a04841875f6da8,src-528c7bf57aa12d15692650a48dbb50e2d51fb7748341c84abd3ebff3a0ddb0b4,R1627BC12A_04-05 cm,Ni,34.7,mg/kg,sediment,dry_weight_partial_nitric_acid,,1.0,mg/kg,76.0320,26.6947,EPSG:4326,,,Inductively coupled plasma atomic emission spectroscopy (ICP-OES),Metoden anvendes på analyseløsninger fremstilt ved ekstraksjon med 7 M HNO3 i autoklav i samsvar med Norsk Standard - NS 4770,NGU-Laboratory,CC-BY-4.0,government,norway-marchem,MarChem_Inorganic_Data_20260805T102709Z.csv#row=269,2016,0.04,0.05,
rec-aa97b95e2ddbd836a7dee7af792dbf6f8a8554e2062cf4834b6e17eb083d270b,src-528c7bf57aa12d15692650a48dbb50e2d51fb7748341c84abd3ebff3a0ddb0b4,R1627BC12A_04-05 cm,Zn,82.5,mg/kg,sediment,dry_weight_partial_nitric_acid,,2.0,mg/kg,76.0320,26.6947,EPSG:4326,,,Inductively coupled plasma atomic emission spectroscopy (ICP-OES),Metoden anvendes på analyseløsninger fremstilt ved ekstraksjon med 7 M HNO3 i autoklav i samsvar med Norsk Standard - NS 4770,NGU-Laboratory,CC-BY-4.0,government,norway-marchem,MarChem_Inorganic_Data_20260805T102709Z.csv#row=269,2016,0.04,0.05,
rec-cfb134fd119ef8675c78c2424e4dee618b3fc8dd7d55ca74cc06e6502de9248c,src-eb74a5cdf58d8f27b9bb8628e15204798b3c70422de6649056fb7f69673f43a6,R1676MC01A_00-01 cm,As,26.0,mg/kg,sediment,dry_weight_partial_nitric_acid,,2.0,mg/kg,76.1165,17.7675,EPSG:4326,,,Inductively coupled plasma atomic emission spectroscopy (ICP-OES),Metoden anvendes på analyseløsninger fremstilt ved ekstraksjon med 7 M HNO3 i autoklav i samsvar med Norsk Standard - NS 4770,NGU-Laboratory,CC-BY-4.0,government,norway-marchem,MarChem_Inorganic_Data_20260805T102709Z.csv#row=399,2017,0,0.01,
rec-11b12e69c2e88774b321a1d99e0a0f02f3194a9b04c155fe06bea5123315efc3,src-eb74a5cdf58d8f27b9bb8628e15204798b3c70422de6649056fb7f69673f43a6,R1676MC01A_00-01 cm,Cu,13.4,mg/kg,sediment,dry_weight_partial_nitric_acid,,1.0,mg/kg,76.1165,17.7675,EPSG:4326,,,Inductively coupled plasma atomic emission spectroscopy (ICP-OES),Metoden anvendes på analyseløsninger fremstilt ved ekstraksjon med 7 M HNO3 i autoklav i samsvar med Norsk Standard - NS 4770,NGU-Laboratory,CC-BY-4.0,government,norway-marchem,MarChem_Inorganic_Data_20260805T102709Z.csv#row=399,2017,0,0.01,
rec-e66ecbe9e857e8deec9214bd4ab90d5937407f6cb43be4a99365698a923a75bd,src-eb74a5cdf58d8f27b9bb8628e15204798b3c70422de6649056fb7f69673f43a6,R1676MC01A_00-01 cm,Ni,25.2,mg/kg,sediment,dry_weight_partial_nitric_acid,,1.0,mg/kg,76.1165,17.7675,EPSG:4326,,,Inductively coupled plasma atomic emission spectroscopy (ICP-OES),Metoden anvendes på analyseløsninger fremstilt ved ekstraksjon med 7 M HNO3 i autoklav i samsvar med Norsk Standard - NS 4770,NGU-Laboratory,CC-BY-4.0,government,norway-marchem,MarChem_Inorganic_Data_20260805T102709Z.csv#row=399,2017,0,0.01,
rec-eef577ca4614d33965ef79a1077c9e108994e5ec28020c96c7a38decb8da3ad0,src-eb74a5cdf58d8f27b9bb8628e15204798b3c70422de6649056fb7f69673f43a6,R1676MC01A_00-01 cm,Zn,62.3,mg/kg,sediment,dry_weight_partial_nitric_acid,,2.0,mg/kg,76.1165,17.7675,EPSG:4326,,,Inductively coupled plasma atomic emission spectroscopy (ICP-OES),Metoden anvendes på analyseløsninger fremstilt ved ekstraksjon med 7 M HNO3 i autoklav i samsvar med Norsk Standard - NS 4770,NGU-Laboratory,CC-BY-4.0,government,norway-marchem,MarChem_Inorganic_Data_20260805T102709Z.csv#row=399,2017,0,0.01,
rec-f0b7b6a7ddce9f7afebc46c98aa965d125b43d61aa074d3ce7cf2f03023b296f,src-27f4775435c98ef5243177580f9fbf63e600b9306ebb91295609feaceb9cbebd,R1676MC01A_16-17 cm,As,9.1,mg/kg,sediment,dry_weight_partial_nitric_acid,,2.0,mg/kg,76.1165,17.7675,EPSG:4326,,,Inductively coupled plasma atomic emission spectroscopy (ICP-OES),Metoden anvendes på analyseløsninger fremstilt ved ekstraksjon med 7 M HNO3 i autoklav i samsvar med Norsk Standard - NS 4770,NGU-Laboratory,CC-BY-4.0,government,norway-marchem,MarChem_Inorganic_Data_20260805T102709Z.csv#row=429,2017,0.16,0.17,
rec-6ab236df71eae9eeb4d4cef3e2fd83f8c17c5e78bb6f10154d12b4fdf968c541,src-27f4775435c98ef5243177580f9fbf63e600b9306ebb91295609feaceb9cbebd,R1676MC01A_16-17 cm,Cu,47.9,mg/kg,sediment,dry_weight_partial_nitric_acid,,1.0,mg/kg,76.1165,17.7675,EPSG:4326,,,Inductively coupled plasma atomic emission spectroscopy (ICP-OES),Metoden anvendes på analyseløsninger fremstilt ved ekstraksjon med 7 M HNO3 i autoklav i samsvar med Norsk Standard - NS 4770,NGU-Laboratory,CC-BY-4.0,government,norway-marchem,MarChem_Inorganic_Data_20260805T102709Z.csv#row=429,2017,0.16,0.17,
rec-944ff00b2b643f2ba908cdc9e79f5ddd071727279e4f6668e47ea5424ad754e2,src-27f4775435c98ef5243177580f9fbf63e600b9306ebb91295609feaceb9cbebd,R1676MC01A_16-17 cm,Ni,29.7,mg/kg,sediment,dry_weight_partial_nitric_acid,,1.0,mg/kg,76.1165,17.7675,EPSG:4326,,,Inductively coupled plasma atomic emission spectroscopy (ICP-OES),Metoden anvendes på analyseløsninger fremstilt ved ekstraksjon med 7 M HNO3 i autoklav i samsvar med Norsk Standard - NS 4770,NGU-Laboratory,CC-BY-4.0,government,norway-marchem,MarChem_Inorganic_Data_20260805T102709Z.csv#row=429,2017,0.16,0.17,
rec-b00f70f00a0fd51466a5f01e056e3c4ef1c70318e1ce0167d6509391bbf6a5e9,src-27f4775435c98ef5243177580f9fbf63e600b9306ebb91295609feaceb9cbebd,R1676MC01A_16-17 cm,Zn,86.0,mg/kg,sediment,dry_weight_partial_nitric_acid,,2.0,mg/kg,76.1165,17.7675,EPSG:4326,,,Inductively coupled plasma atomic emission spectroscopy (ICP-OES),Metoden anvendes på analyseløsninger fremstilt ved ekstraksjon med 7 M HNO3 i autoklav i samsvar med Norsk Standard - NS 4770,NGU-Laboratory,CC-BY-4.0,government,norway-marchem,MarChem_Inorganic_Data_20260805T102709Z.csv#row=429,2017,0.16,0.17,
rec-a66817d7f4581dbee7bd42532d5e4a2f6dee360b6714fc063a1ddd62f3cdc269,src-c02f5bc590f915def16b912e1e7008b3086dbdb6336f233bd3d2c75175c49671,R1709MC04A_24-25 cm,As,9.9,mg/kg,sediment,dry_weight_partial_nitric_acid,,2.0,mg/kg,73.954937,22.993245,EPSG:4326,,,Inductively coupled plasma atomic emission spectroscopy (ICP-OES),Metoden anvendes på analyseløsninger fremstilt ved ekstraksjon med 7 M HNO3 i autoklav i samsvar med Norsk Standard - NS 4770,NGU-Laboratory,CC-BY-4.0,government,norway-marchem,MarChem_Inorganic_Data_20260805T102709Z.csv#row=537,2017,0.24,0.25,
rec-88e1caec9dbb08c4e87efe4f193aaad9e48861cbe7b7433531686ea399cf773a,src-c02f5bc590f915def16b912e1e7008b3086dbdb6336f233bd3d2c75175c49671,R1709MC04A_24-25 cm,Cu,17.7,mg/kg,sediment,dry_weight_partial_nitric_acid,,1.0,mg/kg,73.954937,22.993245,EPSG:4326,,,Inductively coupled plasma atomic emission spectroscopy (ICP-OES),Metoden anvendes på analyseløsninger fremstilt ved ekstraksjon med 7 M HNO3 i autoklav i samsvar med Norsk Standard - NS 4770,NGU-Laboratory,CC-BY-4.0,government,norway-marchem,MarChem_Inorganic_Data_20260805T102709Z.csv#row=537,2017,0.24,0.25,
rec-ed7e15224c3b44f7da8db96115f66581c25121b148715d2492d4b38738d65ffb,src-c02f5bc590f915def16b912e1e7008b3086dbdb6336f233bd3d2c75175c49671,R1709MC04A_24-25 cm,Ni,34.3,mg/kg,sediment,dry_weight_partial_nitric_acid,,1.0,mg/kg,73.954937,22.993245,EPSG:4326,,,Inductively coupled plasma atomic emission spectroscopy (ICP-OES),Metoden anvendes på analyseløsninger fremstilt ved ekstraksjon med 7 M HNO3 i autoklav i samsvar med Norsk Standard - NS 4770,NGU-Laboratory,CC-BY-4.0,government,norway-marchem,MarChem_Inorganic_Data_20260805T102709Z.csv#row=537,2017,0.24,0.25,
rec-bd1abbd3b382bb630a370d59e1f3e36c156f1b44f78f55d935641efa820ea94f,src-c02f5bc590f915def16b912e1e7008b3086dbdb6336f233bd3d2c75175c49671,R1709MC04A_24-25 cm,Zn,85.1,mg/kg,sediment,dry_weight_partial_nitric_acid,,2.0,mg/kg,73.954937,22.993245,EPSG:4326,,,Inductively coupled plasma atomic emission spectroscopy (ICP-OES),Metoden anvendes på analyseløsninger fremstilt ved ekstraksjon med 7 M HNO3 i autoklav i samsvar med Norsk Standard - NS 4770,NGU-Laboratory,CC-BY-4.0,government,norway-marchem,MarChem_Inorganic_Data_20260805T102709Z.csv#row=537,2017,0.24,0.25,
rec-df1ee43a1eddae35b46927c1d80649b722eb33ad3d01581fe42bc5941c78a771,src-6bc8cef54f15ffc70d4ef5188142855623699043e048949553bdbdda2a3db3dd,R1751MC06A_00-01 cm,As,22.3,mg/kg,sediment,dry_weight_partial_nitric_acid,,2.0,mg/kg,73.9687,33.7757,EPSG:4326,,,Inductively coupled plasma atomic emission spectroscopy (ICP-OES),Metoden anvendes på analyseløsninger fremstilt ved ekstraksjon med 7 M HNO3 i autoklav i samsvar med Norsk Standard - NS 4770,NGU-Laboratory,CC-BY-4.0,government,norway-marchem,MarChem_Inorganic_Data_20260805T102709Z.csv#row=547,2017,0,0.01,
rec-61bf5621f3a8c5914b9e607619c3c2e6925ee395993d13251feca194afbb6c33,src-6bc8cef54f15ffc70d4ef5188142855623699043e048949553bdbdda2a3db3dd,R1751MC06A_00-01 cm,Cu,15.7,mg/kg,sediment,dry_weight_partial_nitric_acid,,1.0,mg/kg,73.9687,33.7757,EPSG:4326,,,Inductively coupled plasma atomic emission spectroscopy (ICP-OES),Metoden anvendes på analyseløsninger fremstilt ved ekstraksjon med 7 M HNO3 i autoklav i samsvar med Norsk Standard - NS 4770,NGU-Laboratory,CC-BY-4.0,government,norway-marchem,MarChem_Inorganic_Data_20260805T102709Z.csv#row=547,2017,0,0.01,
rec-d1cf40788929217f6b06209a00638c0f4ea5a928bb6fce01f1230d36d9058d4b,src-6bc8cef54f15ffc70d4ef5188142855623699043e048949553bdbdda2a3db3dd,R1751MC06A_00-01 cm,Ni,29.5,mg/kg,sediment,dry_weight_partial_nitric_acid,,1.0,mg/kg,73.9687,33.7757,EPSG:4326,,,Inductively coupled plasma atomic emission spectroscopy (ICP-OES),Metoden anvendes på analyseløsninger fremstilt ved ekstraksjon med 7 M HNO3 i autoklav i samsvar med Norsk Standard - NS 4770,NGU-Laboratory,CC-BY-4.0,government,norway-marchem,MarChem_Inorganic_Data_20260805T102709Z.csv#row=547,2017,0,0.01,
rec-0d2d1865e48e01ecc6e6a61d7ed4768490e634485d94de6a776a25a27a38706f,src-6bc8cef54f15ffc70d4ef5188142855623699043e048949553bdbdda2a3db3dd,R1751MC06A_00-01 cm,Zn,75.5,mg/kg,sediment,dry_weight_partial_nitric_acid,,2.0,mg/kg,73.9687,33.7757,EPSG:4326,,,Inductively coupled plasma atomic emission spectroscopy (ICP-OES),Metoden anvendes på analyseløsninger fremstilt ved ekstraksjon med 7 M HNO3 i autoklav i samsvar med Norsk Standard - NS 4770,NGU-Laboratory,CC-BY-4.0,government,norway-marchem,MarChem_Inorganic_Data_20260805T102709Z.csv#row=547,2017,0,0.01,
rec-e02a0b26047f5dfe8bc8d468f0a87e1bf1fa6327297108902c062be84a2b9a80,src-9817411ea0515436aaafb069513873eb5f0e4a057b882ab15d0fbdb07f7af071,R1951MC01A_00-01 cm,As,16.1,mg/kg,sediment,dry_weight_partial_nitric_acid,,2.0,mg/kg,74.787690,18.567573,EPSG:4326,,,Inductively coupled plasma atomic emission spectroscopy (ICP-OES),Prøveframstilling følger prosedyre i LABdok_P03: Framstilling av analyseløsninger etter partiell oppslutning i salpetersyre iht. NS-4770.,NGU-Laboratory,CC-BY-4.0,government,norway-marchem,MarChem_Inorganic_Data_20260805T102709Z.csv#row=593,2019,0,0.01,
rec-d09e1f5f3b1dd447d1beffedc55efa89c0a86beecac134d7055460e4f7c3b549,src-9817411ea0515436aaafb069513873eb5f0e4a057b882ab15d0fbdb07f7af071,R1951MC01A_00-01 cm,Cu,11.1,mg/kg,sediment,dry_weight_partial_nitric_acid,,1.0,mg/kg,74.787690,18.567573,EPSG:4326,,,Inductively coupled plasma atomic emission spectroscopy (ICP-OES),Prøveframstilling følger prosedyre i LABdok_P03: Framstilling av analyseløsninger etter partiell oppslutning i salpetersyre iht. NS-4770.,NGU-Laboratory,CC-BY-4.0,government,norway-marchem,MarChem_Inorganic_Data_20260805T102709Z.csv#row=593,2019,0,0.01,
rec-19bd8bf67804c8aac58640ff4845da34d89645c9b1e26bd415be9bcfc07212c7,src-9817411ea0515436aaafb069513873eb5f0e4a057b882ab15d0fbdb07f7af071,R1951MC01A_00-01 cm,Ni,18.9,mg/kg,sediment,dry_weight_partial_nitric_acid,,1.0,mg/kg,74.787690,18.567573,EPSG:4326,,,Inductively coupled plasma atomic emission spectroscopy (ICP-OES),Prøveframstilling følger prosedyre i LABdok_P03: Framstilling av analyseløsninger etter partiell oppslutning i salpetersyre iht. NS-4770.,NGU-Laboratory,CC-BY-4.0,government,norway-marchem,MarChem_Inorganic_Data_20260805T102709Z.csv#row=593,2019,0,0.01,
rec-aee0950f8245b4a6b597f10b7243415612e4b45287ae44c7dce57121d87a6d8c,src-9817411ea0515436aaafb069513873eb5f0e4a057b882ab15d0fbdb07f7af071,R1951MC01A_00-01 cm,Zn,43.2,mg/kg,sediment,dry_weight_partial_nitric_acid,,4.0,mg/kg,74.787690,18.567573,EPSG:4326,,,Inductively coupled plasma atomic emission spectroscopy (ICP-OES),Prøveframstilling følger prosedyre i LABdok_P03: Framstilling av analyseløsninger etter partiell oppslutning i salpetersyre iht. NS-4770.,NGU-Laboratory,CC-BY-4.0,government,norway-marchem,MarChem_Inorganic_Data_20260805T102709Z.csv#row=593,2019,0,0.01,
rec-b084c656b60f6d6e9a75e8b070f4e4aff21be5760d8d08213f7da000457fd632,src-56e19de3927df0cea20197211e0530f9344e9270a33f3764fe3bd7c288b39d44,R2132MC06A_00-01 cm,As,2.7,mg/kg,sediment,dry_weight_partial_nitric_acid,,2.0,mg/kg,63.884697,7.571268,EPSG:4326,,,Inductively coupled plasma atomic emission spectroscopy (ICP-OES),Prøveframstilling følger prosedyre i LABdok_P03: Framstilling av analyseløsninger etter partiell oppslutning i salpetersyre iht. NS-4770.,NGU-Laboratory,CC-BY-4.0,government,norway-marchem,MarChem_Inorganic_Data_20260805T102709Z.csv#row=631,2020,0,0.01,
rec-1efe6d0c83d2d97ad7fd0d55ebbe6895c6711531d69c3bbae544069b9e67ef42,src-56e19de3927df0cea20197211e0530f9344e9270a33f3764fe3bd7c288b39d44,R2132MC06A_00-01 cm,Cu,4.7,mg/kg,sediment,dry_weight_partial_nitric_acid,,1.0,mg/kg,63.884697,7.571268,EPSG:4326,,,Inductively coupled plasma atomic emission spectroscopy (ICP-OES),Prøveframstilling følger prosedyre i LABdok_P03: Framstilling av analyseløsninger etter partiell oppslutning i salpetersyre iht. NS-4770.,NGU-Laboratory,CC-BY-4.0,government,norway-marchem,MarChem_Inorganic_Data_20260805T102709Z.csv#row=631,2020,0,0.01,
rec-053adae60c89dacbcedf934151aa5970075bfc069313487e0f8fbf0b68fdd273,src-56e19de3927df0cea20197211e0530f9344e9270a33f3764fe3bd7c288b39d44,R2132MC06A_00-01 cm,Ni,10.6,mg/kg,sediment,dry_weight_partial_nitric_acid,,1.0,mg/kg,63.884697,7.571268,EPSG:4326,,,Inductively coupled plasma atomic emission spectroscopy (ICP-OES),Prøveframstilling følger prosedyre i LABdok_P03: Framstilling av analyseløsninger etter partiell oppslutning i salpetersyre iht. NS-4770.,NGU-Laboratory,CC-BY-4.0,government,norway-marchem,MarChem_Inorganic_Data_20260805T102709Z.csv#row=631,2020,0,0.01,
rec-9e069c652708e7f9bef49b59d200286e975c257c141b60332cebe6e87218f488,src-56e19de3927df0cea20197211e0530f9344e9270a33f3764fe3bd7c288b39d44,R2132MC06A_00-01 cm,Zn,21.9,mg/kg,sediment,dry_weight_partial_nitric_acid,,4.0,mg/kg,63.884697,7.571268,EPSG:4326,,,Inductively coupled plasma atomic emission spectroscopy (ICP-OES),Prøveframstilling følger prosedyre i LABdok_P03: Framstilling av analyseløsninger etter partiell oppslutning i salpetersyre iht. NS-4770.,NGU-Laboratory,CC-BY-4.0,government,norway-marchem,MarChem_Inorganic_Data_20260805T102709Z.csv#row=631,2020,0,0.01,
rec-48a0083ddb6cceb4b17682861a2f04ae844d19506c7c5594326f23e53f218097,src-06a8dfb89fd68d3189243aefdde68393e99188c55cced8f896676b5f3fe3c530,R2139MC08A_14-15 cm,As,2.0,mg/kg,sediment,dry_weight_partial_nitric_acid,,2.0,mg/kg,64.195273,7.355115,EPSG:4326,,,Inductively coupled plasma atomic emission spectroscopy (ICP-OES),Prøveframstilling følger prosedyre i LABdok_P03: Framstilling av analyseløsninger etter partiell oppslutning i salpetersyre iht. NS-4770.,NGU-Laboratory,CC-BY-4.0,government,norway-marchem,MarChem_Inorganic_Data_20260805T102709Z.csv#row=636,2020,0.14,0.15,
rec-7b1abbc103524772135e8ec60609c6f3ee0668e26a626899d511cf38d46f35c2,src-06a8dfb89fd68d3189243aefdde68393e99188c55cced8f896676b5f3fe3c530,R2139MC08A_14-15 cm,Cu,9.4,mg/kg,sediment,dry_weight_partial_nitric_acid,,1.0,mg/kg,64.195273,7.355115,EPSG:4326,,,Inductively coupled plasma atomic emission spectroscopy (ICP-OES),Prøveframstilling følger prosedyre i LABdok_P03: Framstilling av analyseløsninger etter partiell oppslutning i salpetersyre iht. NS-4770.,NGU-Laboratory,CC-BY-4.0,government,norway-marchem,MarChem_Inorganic_Data_20260805T102709Z.csv#row=636,2020,0.14,0.15,
rec-aaa9f3108922266cfa26ba106dd447012eeb64d9aeb2f208ee1fe3ceaf9fda9c,src-06a8dfb89fd68d3189243aefdde68393e99188c55cced8f896676b5f3fe3c530,R2139MC08A_14-15 cm,Ni,19.3,mg/kg,sediment,dry_weight_partial_nitric_acid,,1.0,mg/kg,64.195273,7.355115,EPSG:4326,,,Inductively coupled plasma atomic emission spectroscopy (ICP-OES),Prøveframstilling følger prosedyre i LABdok_P03: Framstilling av analyseløsninger etter partiell oppslutning i salpetersyre iht. NS-4770.,NGU-Laboratory,CC-BY-4.0,government,norway-marchem,MarChem_Inorganic_Data_20260805T102709Z.csv#row=636,2020,0.14,0.15,
rec-3a558f426e83194e733ff6301b65352f487e29eec54c562f73f812661b4731d3,src-06a8dfb89fd68d3189243aefdde68393e99188c55cced8f896676b5f3fe3c530,R2139MC08A_14-15 cm,Zn,38.2,mg/kg,sediment,dry_weight_partial_nitric_acid,,4.0,mg/kg,64.195273,7.355115,EPSG:4326,,,Inductively coupled plasma atomic emission spectroscopy (ICP-OES),Prøveframstilling følger prosedyre i LABdok_P03: Framstilling av analyseløsninger etter partiell oppslutning i salpetersyre iht. NS-4770.,NGU-Laboratory,CC-BY-4.0,government,norway-marchem,MarChem_Inorganic_Data_20260805T102709Z.csv#row=636,2020,0.14,0.15,
rec-65fd5cafdba1ddaf8d4946fb095575bfeaddfa42c47c77bdb9e2a42935353029,src-8e48f113b13d137e8724d1e055b47f6067f8712ea8e25412b17e1344a400dd5c,R2229MC10A_14-15 cm,As,<2.0,mg/kg,sediment,dry_weight_partial_nitric_acid,,2.0,mg/kg,64.713538,8.220127,EPSG:4326,,,Inductively coupled plasma atomic emission spectroscopy (ICP-OES),Prøveframstilling følger prosedyre i LABdok_P03: Framstilling av analyseløsninger etter partiell oppslutning i salpetersyre iht. NS-4770.,NGU-Laboratory,CC-BY-4.0,government,norway-marchem,MarChem_Inorganic_Data_20260805T102709Z.csv#row=650,2020,0.14,0.15,
rec-4f4b4e189a45ecf5ae95c5dd7cf4c1287f2fd0594a48fe16977b6220195c08aa,src-8e48f113b13d137e8724d1e055b47f6067f8712ea8e25412b17e1344a400dd5c,R2229MC10A_14-15 cm,Cu,8.9,mg/kg,sediment,dry_weight_partial_nitric_acid,,1.0,mg/kg,64.713538,8.220127,EPSG:4326,,,Inductively coupled plasma atomic emission spectroscopy (ICP-OES),Prøveframstilling følger prosedyre i LABdok_P03: Framstilling av analyseløsninger etter partiell oppslutning i salpetersyre iht. NS-4770.,NGU-Laboratory,CC-BY-4.0,government,norway-marchem,MarChem_Inorganic_Data_20260805T102709Z.csv#row=650,2020,0.14,0.15,
rec-7b0277a8dc9069ef63919f305628aa047be1fbb75fbbd25719df96ea74784a8c,src-8e48f113b13d137e8724d1e055b47f6067f8712ea8e25412b17e1344a400dd5c,R2229MC10A_14-15 cm,Ni,21.1,mg/kg,sediment,dry_weight_partial_nitric_acid,,1.0,mg/kg,64.713538,8.220127,EPSG:4326,,,Inductively coupled plasma atomic emission spectroscopy (ICP-OES),Prøveframstilling følger prosedyre i LABdok_P03: Framstilling av analyseløsninger etter partiell oppslutning i salpetersyre iht. NS-4770.,NGU-Laboratory,CC-BY-4.0,government,norway-marchem,MarChem_Inorganic_Data_20260805T102709Z.csv#row=650,2020,0.14,0.15,
rec-3aa0f16b264a543223eae552b4b3e9ca927bc81629f9d39672b15d25a1ad3315,src-8e48f113b13d137e8724d1e055b47f6067f8712ea8e25412b17e1344a400dd5c,R2229MC10A_14-15 cm,Zn,42.0,mg/kg,sediment,dry_weight_partial_nitric_acid,,4.0,mg/kg,64.713538,8.220127,EPSG:4326,,,Inductively coupled plasma atomic emission spectroscopy (ICP-OES),Prøveframstilling følger prosedyre i LABdok_P03: Framstilling av analyseløsninger etter partiell oppslutning i salpetersyre iht. NS-4770.,NGU-Laboratory,CC-BY-4.0,government,norway-marchem,MarChem_Inorganic_Data_20260805T102709Z.csv#row=650,2020,0.14,0.15,
rec-46c105cf67c76541c4211246fc7a808c89b9a0349c128f18e6b1b878decd760d,src-ac3239ab77ffbc880020a20cefff7a0107c36ff5f364b2fb8ebce80eab35437e,R2373MC01A_00-01 cm,As,16.8,mg/kg,sediment,dry_weight_partial_nitric_acid,,2.0,mg/kg,61.136023,5.759125,EPSG:4326,,,Inductively coupled plasma atomic emission spectroscopy (ICP-OES),Prøveframstilling følger prosedyre i LABdok_P03: Framstilling av analyseløsninger etter partiell oppslutning i salpetersyre iht. NS-4770.,NGU-Laboratory,CC-BY-4.0,government,norway-marchem,MarChem_Inorganic_Data_20260805T102709Z.csv#row=739,2021,0,0.01,
rec-d0f25e63fa59a55e7f1c39119c040507c7c53cd540438b5b11196102740673d6,src-ac3239ab77ffbc880020a20cefff7a0107c36ff5f364b2fb8ebce80eab35437e,R2373MC01A_00-01 cm,Cu,42.9,mg/kg,sediment,dry_weight_partial_nitric_acid,,1.0,mg/kg,61.136023,5.759125,EPSG:4326,,,Inductively coupled plasma atomic emission spectroscopy (ICP-OES),Prøveframstilling følger prosedyre i LABdok_P03: Framstilling av analyseløsninger etter partiell oppslutning i salpetersyre iht. NS-4770.,NGU-Laboratory,CC-BY-4.0,government,norway-marchem,MarChem_Inorganic_Data_20260805T102709Z.csv#row=739,2021,0,0.01,
rec-8e9601022630b2a226d1b01fd8596565803dfd899ca39183e274d7a9751da5cc,src-ac3239ab77ffbc880020a20cefff7a0107c36ff5f364b2fb8ebce80eab35437e,R2373MC01A_00-01 cm,Ni,49.3,mg/kg,sediment,dry_weight_partial_nitric_acid,,1.0,mg/kg,61.136023,5.759125,EPSG:4326,,,Inductively coupled plasma atomic emission spectroscopy (ICP-OES),Prøveframstilling følger prosedyre i LABdok_P03: Framstilling av analyseløsninger etter partiell oppslutning i salpetersyre iht. NS-4770.,NGU-Laboratory,CC-BY-4.0,government,norway-marchem,MarChem_Inorganic_Data_20260805T102709Z.csv#row=739,2021,0,0.01,
rec-a80dd9ccdf00fefccdde79c7a2913c4973c37de939657e58e30de64119f4c799,src-ac3239ab77ffbc880020a20cefff7a0107c36ff5f364b2fb8ebce80eab35437e,R2373MC01A_00-01 cm,Zn,146.0,mg/kg,sediment,dry_weight_partial_nitric_acid,,4.0,mg/kg,61.136023,5.759125,EPSG:4326,,,Inductively coupled plasma atomic emission spectroscopy (ICP-OES),Prøveframstilling følger prosedyre i LABdok_P03: Framstilling av analyseløsninger etter partiell oppslutning i salpetersyre iht. NS-4770.,NGU-Laboratory,CC-BY-4.0,government,norway-marchem,MarChem_Inorganic_Data_20260805T102709Z.csv#row=739,2021,0,0.01,
rec-b080ff5b0dc6a1862084bd77f6f47cd5c12c10ac4eddc0f5ebcf27c388cbf348,src-d84deb2cbf11b19df6aae137227cda26a5219f0e19f4bbc2a746ac10e467eb3c,R2373MC01A_04-05 cm,As,13.2,mg/kg,sediment,dry_weight_partial_nitric_acid,,2.0,mg/kg,61.136023,5.759125,EPSG:4326,,,Inductively coupled plasma atomic emission spectroscopy (ICP-OES),Prøveframstilling følger prosedyre i LABdok_P03: Framstilling av analyseløsninger etter partiell oppslutning i salpetersyre iht. NS-4770.,NGU-Laboratory,CC-BY-4.0,government,norway-marchem,MarChem_Inorganic_Data_20260805T102709Z.csv#row=741,2021,0.04,0.05,
rec-274a4f329c5e7b8d44e301b0724818da646c5d5e1829e7f4dce92279b33a1507,src-d84deb2cbf11b19df6aae137227cda26a5219f0e19f4bbc2a746ac10e467eb3c,R2373MC01A_04-05 cm,Cu,44.0,mg/kg,sediment,dry_weight_partial_nitric_acid,,1.0,mg/kg,61.136023,5.759125,EPSG:4326,,,Inductively coupled plasma atomic emission spectroscopy (ICP-OES),Prøveframstilling følger prosedyre i LABdok_P03: Framstilling av analyseløsninger etter partiell oppslutning i salpetersyre iht. NS-4770.,NGU-Laboratory,CC-BY-4.0,government,norway-marchem,MarChem_Inorganic_Data_20260805T102709Z.csv#row=741,2021,0.04,0.05,
rec-cd9c123ae70da11446385e8863e3a81281cb7d67d36fe700520a94d9dd362c87,src-d84deb2cbf11b19df6aae137227cda26a5219f0e19f4bbc2a746ac10e467eb3c,R2373MC01A_04-05 cm,Ni,49.8,mg/kg,sediment,dry_weight_partial_nitric_acid,,1.0,mg/kg,61.136023,5.759125,EPSG:4326,,,Inductively coupled plasma atomic emission spectroscopy (ICP-OES),Prøveframstilling følger prosedyre i LABdok_P03: Framstilling av analyseløsninger etter partiell oppslutning i salpetersyre iht. NS-4770.,NGU-Laboratory,CC-BY-4.0,government,norway-marchem,MarChem_Inorganic_Data_20260805T102709Z.csv#row=741,2021,0.04,0.05,
rec-a30840ab17cd9801a6d62a5818f13f2fb472eed49b0bfd400a000fefa7b2db55,src-d84deb2cbf11b19df6aae137227cda26a5219f0e19f4bbc2a746ac10e467eb3c,R2373MC01A_04-05 cm,Zn,154.0,mg/kg,sediment,dry_weight_partial_nitric_acid,,4.0,mg/kg,61.136023,5.759125,EPSG:4326,,,Inductively coupled plasma atomic emission spectroscopy (ICP-OES),Prøveframstilling følger prosedyre i LABdok_P03: Framstilling av analyseløsninger etter partiell oppslutning i salpetersyre iht. NS-4770.,NGU-Laboratory,CC-BY-4.0,government,norway-marchem,MarChem_Inorganic_Data_20260805T102709Z.csv#row=741,2021,0.04,0.05,
rec-14d37839bc0a3e34bcfb3e40d1b791a4ba7df158547d7dd622160658e822343f,src-a5b5e6b863d4f9f2a369599d1e4b67aea9370bcdf02ee69d248f0f6d4d0cdca2,R2608MC13A_00-01 cm,As,5.2,mg/kg,sediment,dry_weight_partial_nitric_acid,,2.0,mg/kg,64.592550,9.819355,EPSG:4326,,,Inductively coupled plasma atomic emission spectroscopy (ICP-OES),Prøveframstilling følger prosedyre i LABdok_P03: Framstilling av analyseløsninger etter partiell oppslutning i salpetersyre iht. NS-4770.,NGU-Laboratory,CC-BY-4.0,government,norway-marchem,MarChem_Inorganic_Data_20260805T102709Z.csv#row=804,2021,0,0.01,
rec-08ea2f02831bd4a0e3799fe53dde27a6927887d437f21d2230002ece863ffe56,src-a5b5e6b863d4f9f2a369599d1e4b67aea9370bcdf02ee69d248f0f6d4d0cdca2,R2608MC13A_00-01 cm,Cu,10.8,mg/kg,sediment,dry_weight_partial_nitric_acid,,1.0,mg/kg,64.592550,9.819355,EPSG:4326,,,Inductively coupled plasma atomic emission spectroscopy (ICP-OES),Prøveframstilling følger prosedyre i LABdok_P03: Framstilling av analyseløsninger etter partiell oppslutning i salpetersyre iht. NS-4770.,NGU-Laboratory,CC-BY-4.0,government,norway-marchem,MarChem_Inorganic_Data_20260805T102709Z.csv#row=804,2021,0,0.01,
rec-f15d71e495417f950c0baa7b222427da9e0cb22f687531be04c1e4668e138f93,src-a5b5e6b863d4f9f2a369599d1e4b67aea9370bcdf02ee69d248f0f6d4d0cdca2,R2608MC13A_00-01 cm,Ni,21.8,mg/kg,sediment,dry_weight_partial_nitric_acid,,1.0,mg/kg,64.592550,9.819355,EPSG:4326,,,Inductively coupled plasma atomic emission spectroscopy (ICP-OES),Prøveframstilling følger prosedyre i LABdok_P03: Framstilling av analyseløsninger etter partiell oppslutning i salpetersyre iht. NS-4770.,NGU-Laboratory,CC-BY-4.0,government,norway-marchem,MarChem_Inorganic_Data_20260805T102709Z.csv#row=804,2021,0,0.01,
rec-0b390cd82d9f6a7742446ed372abda4574f3e582049a98e40cd4e5667c93096b,src-a5b5e6b863d4f9f2a369599d1e4b67aea9370bcdf02ee69d248f0f6d4d0cdca2,R2608MC13A_00-01 cm,Zn,46.2,mg/kg,sediment,dry_weight_partial_nitric_acid,,4.0,mg/kg,64.592550,9.819355,EPSG:4326,,,Inductively coupled plasma atomic emission spectroscopy (ICP-OES),Prøveframstilling følger prosedyre i LABdok_P03: Framstilling av analyseløsninger etter partiell oppslutning i salpetersyre iht. NS-4770.,NGU-Laboratory,CC-BY-4.0,government,norway-marchem,MarChem_Inorganic_Data_20260805T102709Z.csv#row=804,2021,0,0.01,
rec-a7235280ab618a4e2e58fb8ffebb9166221d25d632040fab772cbb88496cbb25,src-21c2a9455f3fac453a99b5d0198142c8f6c50ea0b4671591c0efa665c9e7d42a,R3120MC10A_00-01 cm,As,17.8,mg/kg,sediment,dry_weight_partial_nitric_acid,,2.0,mg/kg,59.551741,4.275607,EPSG:4326,,,Inductively coupled plasma atomic emission spectroscopy (ICP-OES),Prøveframstilling følger prosedyre i LABdok_P03: Framstilling av analyseløsninger etter partiell oppslutning i salpetersyre iht. NS-4770.,NGU-Laboratory,CC-BY-4.0,government,norway-marchem,MarChem_Inorganic_Data_20260805T102709Z.csv#row=846,2022,0,0.01,
rec-8be62c5a14e9df91763f5c6ccc491ecd22f2e9b48e15acca23413713f442d039,src-21c2a9455f3fac453a99b5d0198142c8f6c50ea0b4671591c0efa665c9e7d42a,R3120MC10A_00-01 cm,Cu,12.5,mg/kg,sediment,dry_weight_partial_nitric_acid,,1.0,mg/kg,59.551741,4.275607,EPSG:4326,,,Inductively coupled plasma atomic emission spectroscopy (ICP-OES),Prøveframstilling følger prosedyre i LABdok_P03: Framstilling av analyseløsninger etter partiell oppslutning i salpetersyre iht. NS-4770.,NGU-Laboratory,CC-BY-4.0,government,norway-marchem,MarChem_Inorganic_Data_20260805T102709Z.csv#row=846,2022,0,0.01,
rec-93acf084c108b4b91fd53214785142f155f40a917c9d1538e5c2261d62f519d3,src-21c2a9455f3fac453a99b5d0198142c8f6c50ea0b4671591c0efa665c9e7d42a,R3120MC10A_00-01 cm,Ni,26.4,mg/kg,sediment,dry_weight_partial_nitric_acid,,1.0,mg/kg,59.551741,4.275607,EPSG:4326,,,Inductively coupled plasma atomic emission spectroscopy (ICP-OES),Prøveframstilling følger prosedyre i LABdok_P03: Framstilling av analyseløsninger etter partiell oppslutning i salpetersyre iht. NS-4770.,NGU-Laboratory,CC-BY-4.0,government,norway-marchem,MarChem_Inorganic_Data_20260805T102709Z.csv#row=846,2022,0,0.01,
rec-693b533bd06d16cd61273b0f68ee17327a45e5521b92a5b46bc4e80dc49b0a19,src-21c2a9455f3fac453a99b5d0198142c8f6c50ea0b4671591c0efa665c9e7d42a,R3120MC10A_00-01 cm,Zn,64.6,mg/kg,sediment,dry_weight_partial_nitric_acid,,4.0,mg/kg,59.551741,4.275607,EPSG:4326,,,Inductively coupled plasma atomic emission spectroscopy (ICP-OES),Prøveframstilling følger prosedyre i LABdok_P03: Framstilling av analyseløsninger etter partiell oppslutning i salpetersyre iht. NS-4770.,NGU-Laboratory,CC-BY-4.0,government,norway-marchem,MarChem_Inorganic_Data_20260805T102709Z.csv#row=846,2022,0,0.01,
rec-48b24fe07592f4f2f44970eaeda2bba3b5510fcfa75b0dcfc9312e94fe7f9d73,src-1a17816d6c7902fc216babcfa48503a8018702d4b0e9a9fe42faaf0a573de774,R3165MC14A_02-03 cm,As,17.2,mg/kg,sediment,dry_weight_partial_nitric_acid,,2.0,mg/kg,58.812880,10.247057,EPSG:4326,,,Inductively coupled plasma atomic emission spectroscopy (ICP-OES),Prøveframstilling følger prosedyre i LABdok_P03: Framstilling av analyseløsninger etter partiell oppslutning i salpetersyre iht. NS-4770.,NGU-Laboratory,CC-BY-4.0,government,norway-marchem,MarChem_Inorganic_Data_20260805T102709Z.csv#row=869,2022,0.02,0.03,
rec-1e42b27718c1cb2b3d9bccdea0881e3efb42a51774a43c9523f33d60160a9bab,src-1a17816d6c7902fc216babcfa48503a8018702d4b0e9a9fe42faaf0a573de774,R3165MC14A_02-03 cm,Cu,17.5,mg/kg,sediment,dry_weight_partial_nitric_acid,,1.0,mg/kg,58.812880,10.247057,EPSG:4326,,,Inductively coupled plasma atomic emission spectroscopy (ICP-OES),Prøveframstilling følger prosedyre i LABdok_P03: Framstilling av analyseløsninger etter partiell oppslutning i salpetersyre iht. NS-4770.,NGU-Laboratory,CC-BY-4.0,government,norway-marchem,MarChem_Inorganic_Data_20260805T102709Z.csv#row=869,2022,0.02,0.03,
rec-907dd8787e21f3b6d5e446fb10ec42cb24361ee572189cdb11feda9f9b1983cf,src-1a17816d6c7902fc216babcfa48503a8018702d4b0e9a9fe42faaf0a573de774,R3165MC14A_02-03 cm,Ni,29.7,mg/kg,sediment,dry_weight_partial_nitric_acid,,1.0,mg/kg,58.812880,10.247057,EPSG:4326,,,Inductively coupled plasma atomic emission spectroscopy (ICP-OES),Prøveframstilling følger prosedyre i LABdok_P03: Framstilling av analyseløsninger etter partiell oppslutning i salpetersyre iht. NS-4770.,NGU-Laboratory,CC-BY-4.0,government,norway-marchem,MarChem_Inorganic_Data_20260805T102709Z.csv#row=869,2022,0.02,0.03,
rec-f4896b29ab24a8c08f2671f4a2741f9a31faa9eca8008efae049f93f51c4e4c5,src-1a17816d6c7902fc216babcfa48503a8018702d4b0e9a9fe42faaf0a573de774,R3165MC14A_02-03 cm,Zn,87.8,mg/kg,sediment,dry_weight_partial_nitric_acid,,4.0,mg/kg,58.812880,10.247057,EPSG:4326,,,Inductively coupled plasma atomic emission spectroscopy (ICP-OES),Prøveframstilling følger prosedyre i LABdok_P03: Framstilling av analyseløsninger etter partiell oppslutning i salpetersyre iht. NS-4770.,NGU-Laboratory,CC-BY-4.0,government,norway-marchem,MarChem_Inorganic_Data_20260805T102709Z.csv#row=869,2022,0.02,0.03,
rec-72643be7412f76a58da26790b487542b18248685edaf456b2200d2d61d51d14d,src-739acda09520e6f7cda272c7a208d6b2a07ab06826a39fe5ffede81a4c1a29eb,R2924MC02A_10-11 cm,As,43.5,mg/kg,sediment,dry_weight_partial_nitric_acid,,2.0,mg/kg,81.409639,26.953759,EPSG:4326,,,Inductively coupled plasma atomic emission spectroscopy (ICP-OES),Prøveframstilling følger prosedyre i LABdok_P03: Framstilling av analyseløsninger etter partiell oppslutning i salpetersyre iht. NS-4770.,NGU-Laboratory,CC-BY-4.0,government,norway-marchem,MarChem_Inorganic_Data_20260805T102709Z.csv#row=908,2022,0.1,0.11,
rec-eb5a8dab3dcd84906ef0f999eb940ea855156cf4be15d1be8606c2bc5671d1c3,src-739acda09520e6f7cda272c7a208d6b2a07ab06826a39fe5ffede81a4c1a29eb,R2924MC02A_10-11 cm,Cu,24.3,mg/kg,sediment,dry_weight_partial_nitric_acid,,1.0,mg/kg,81.409639,26.953759,EPSG:4326,,,Inductively coupled plasma atomic emission spectroscopy (ICP-OES),Prøveframstilling følger prosedyre i LABdok_P03: Framstilling av analyseløsninger etter partiell oppslutning i salpetersyre iht. NS-4770.,NGU-Laboratory,CC-BY-4.0,government,norway-marchem,MarChem_Inorganic_Data_20260805T102709Z.csv#row=908,2022,0.1,0.11,
rec-7806463a5f958e7822e344ffe95cc6136cfc5d2d872a522d5f7c36e4d20b96a6,src-739acda09520e6f7cda272c7a208d6b2a07ab06826a39fe5ffede81a4c1a29eb,R2924MC02A_10-11 cm,Ni,55.4,mg/kg,sediment,dry_weight_partial_nitric_acid,,1.0,mg/kg,81.409639,26.953759,EPSG:4326,,,Inductively coupled plasma atomic emission spectroscopy (ICP-OES),Prøveframstilling følger prosedyre i LABdok_P03: Framstilling av analyseløsninger etter partiell oppslutning i salpetersyre iht. NS-4770.,NGU-Laboratory,CC-BY-4.0,government,norway-marchem,MarChem_Inorganic_Data_20260805T102709Z.csv#row=908,2022,0.1,0.11,
rec-d98bb4c0363eed4127e11e8278af4da34b3b4153bc96030695b9a0b6db488ee1,src-739acda09520e6f7cda272c7a208d6b2a07ab06826a39fe5ffede81a4c1a29eb,R2924MC02A_10-11 cm,Zn,83.5,mg/kg,sediment,dry_weight_partial_nitric_acid,,4.0,mg/kg,81.409639,26.953759,EPSG:4326,,,Inductively coupled plasma atomic emission spectroscopy (ICP-OES),Prøveframstilling følger prosedyre i LABdok_P03: Framstilling av analyseløsninger etter partiell oppslutning i salpetersyre iht. NS-4770.,NGU-Laboratory,CC-BY-4.0,government,norway-marchem,MarChem_Inorganic_Data_20260805T102709Z.csv#row=908,2022,0.1,0.11,
rec-d0e29f1f3803d46ee78b7042982051de5eaea408e8955dac107269a25fd90f4c,src-92349871a565c8be09cc0b9d5b4a8a6eb544c392eb4f38027288a24de37cf0af,R2924MC02A_24-25 cm,As,147.0,mg/kg,sediment,dry_weight_partial_nitric_acid,,2.0,mg/kg,81.409639,26.953759,EPSG:4326,,,Inductively coupled plasma atomic emission spectroscopy (ICP-OES),Prøveframstilling følger prosedyre i LABdok_P03: Framstilling av analyseløsninger etter partiell oppslutning i salpetersyre iht. NS-4770.,NGU-Laboratory,CC-BY-4.0,government,norway-marchem,MarChem_Inorganic_Data_20260805T102709Z.csv#row=910,2022,0.24,0.25,
rec-028f50d3b21b4c4e60e3273b097f3f1945623e9b5137b3580ef0eaa0edc60767,src-92349871a565c8be09cc0b9d5b4a8a6eb544c392eb4f38027288a24de37cf0af,R2924MC02A_24-25 cm,Cu,25.5,mg/kg,sediment,dry_weight_partial_nitric_acid,,1.0,mg/kg,81.409639,26.953759,EPSG:4326,,,Inductively coupled plasma atomic emission spectroscopy (ICP-OES),Prøveframstilling følger prosedyre i LABdok_P03: Framstilling av analyseløsninger etter partiell oppslutning i salpetersyre iht. NS-4770.,NGU-Laboratory,CC-BY-4.0,government,norway-marchem,MarChem_Inorganic_Data_20260805T102709Z.csv#row=910,2022,0.24,0.25,
rec-aa57221c658a332e6fd9865d77d3a6cde2d31da0b782ea56eff259e9da659ed1,src-92349871a565c8be09cc0b9d5b4a8a6eb544c392eb4f38027288a24de37cf0af,R2924MC02A_24-25 cm,Ni,43.9,mg/kg,sediment,dry_weight_partial_nitric_acid,,1.0,mg/kg,81.409639,26.953759,EPSG:4326,,,Inductively coupled plasma atomic emission spectroscopy (ICP-OES),Prøveframstilling følger prosedyre i LABdok_P03: Framstilling av analyseløsninger etter partiell oppslutning i salpetersyre iht. NS-4770.,NGU-Laboratory,CC-BY-4.0,government,norway-marchem,MarChem_Inorganic_Data_20260805T102709Z.csv#row=910,2022,0.24,0.25,
rec-de0ee93028cd1683039d0b1871a71a36873971290311429b02c42249985e6c3c,src-92349871a565c8be09cc0b9d5b4a8a6eb544c392eb4f38027288a24de37cf0af,R2924MC02A_24-25 cm,Zn,80.0,mg/kg,sediment,dry_weight_partial_nitric_acid,,4.0,mg/kg,81.409639,26.953759,EPSG:4326,,,Inductively coupled plasma atomic emission spectroscopy (ICP-OES),Prøveframstilling følger prosedyre i LABdok_P03: Framstilling av analyseløsninger etter partiell oppslutning i salpetersyre iht. NS-4770.,NGU-Laboratory,CC-BY-4.0,government,norway-marchem,MarChem_Inorganic_Data_20260805T102709Z.csv#row=910,2022,0.24,0.25,
rec-a847a37b1c90f97956d7fab8ed75465bb1b58ed9a219780ac16848c566bc5757,src-402ee9cea10eb4bd74878682c2fe8acb69ef0fbba60ef6a726319e9a6ce53930,R3188MC05A_00-01 cm,As,10.9,mg/kg,sediment,dry_weight_partial_nitric_acid,,2.0,mg/kg,59.576102,4.930292,EPSG:4326,,,Inductively coupled plasma atomic emission spectroscopy (ICP-OES),Prøveframstilling følger prosedyre i LABdok_P03: Framstilling av analyseløsninger etter partiell oppslutning i salpetersyre iht. NS-4770.,NGU-Laboratory,CC-BY-4.0,government,norway-marchem,MarChem_Inorganic_Data_20260805T102709Z.csv#row=955,2023,0,0.01,
rec-99fc9b078d1a159c2e492f4863c401fedc86e980a9369e614958165c18765810,src-402ee9cea10eb4bd74878682c2fe8acb69ef0fbba60ef6a726319e9a6ce53930,R3188MC05A_00-01 cm,Cu,13.1,mg/kg,sediment,dry_weight_partial_nitric_acid,,1.0,mg/kg,59.576102,4.930292,EPSG:4326,,,Inductively coupled plasma atomic emission spectroscopy (ICP-OES),Prøveframstilling følger prosedyre i LABdok_P03: Framstilling av analyseløsninger etter partiell oppslutning i salpetersyre iht. NS-4770.,NGU-Laboratory,CC-BY-4.0,government,norway-marchem,MarChem_Inorganic_Data_20260805T102709Z.csv#row=955,2023,0,0.01,
rec-00b1810cb0d76ac56b3ad6084f6c3dfb4f6ca38d9a6df73e6f02da4bb17ed0e7,src-402ee9cea10eb4bd74878682c2fe8acb69ef0fbba60ef6a726319e9a6ce53930,R3188MC05A_00-01 cm,Ni,25.7,mg/kg,sediment,dry_weight_partial_nitric_acid,,1.0,mg/kg,59.576102,4.930292,EPSG:4326,,,Inductively coupled plasma atomic emission spectroscopy (ICP-OES),Prøveframstilling følger prosedyre i LABdok_P03: Framstilling av analyseløsninger etter partiell oppslutning i salpetersyre iht. NS-4770.,NGU-Laboratory,CC-BY-4.0,government,norway-marchem,MarChem_Inorganic_Data_20260805T102709Z.csv#row=955,2023,0,0.01,
rec-9ed380208718fa3ef24ada2c8920b3456894a05b1616c8748288b658934fefb7,src-402ee9cea10eb4bd74878682c2fe8acb69ef0fbba60ef6a726319e9a6ce53930,R3188MC05A_00-01 cm,Zn,69.4,mg/kg,sediment,dry_weight_partial_nitric_acid,,4.0,mg/kg,59.576102,4.930292,EPSG:4326,,,Inductively coupled plasma atomic emission spectroscopy (ICP-OES),Prøveframstilling følger prosedyre i LABdok_P03: Framstilling av analyseløsninger etter partiell oppslutning i salpetersyre iht. NS-4770.,NGU-Laboratory,CC-BY-4.0,government,norway-marchem,MarChem_Inorganic_Data_20260805T102709Z.csv#row=955,2023,0,0.01,
rec-132ee9c50577d7fb1cb8be05355a490731900a7881eee6cacfd9190d709cfe25,src-d3708d25759f4505e28dd056ddcfa7f9f76d92978b19936379ac6c35e6c461a8,R3425MC23A_00-01 cm,As,24.4,mg/kg,sediment,dry_weight_partial_nitric_acid,,2.0,mg/kg,56.732085,5.198095,EPSG:4326,,,Inductively coupled plasma atomic emission spectroscopy (ICP-OES),Prøveframstilling følger prosedyre i LABdok_P03: Framstilling av analyseløsninger etter partiell oppslutning i salpetersyre iht. NS-4770.,NGU-Laboratory,CC-BY-4.0,government,norway-marchem,MarChem_Inorganic_Data_20260805T102709Z.csv#row=996,2024,0,0.01,
rec-7db8cf8baf623ec661ab76a2a1b4ca53e6a1e53ba1287da11388ce9eae6f3c24,src-d3708d25759f4505e28dd056ddcfa7f9f76d92978b19936379ac6c35e6c461a8,R3425MC23A_00-01 cm,Cu,11.7,mg/kg,sediment,dry_weight_partial_nitric_acid,,1.0,mg/kg,56.732085,5.198095,EPSG:4326,,,Inductively coupled plasma atomic emission spectroscopy (ICP-OES),Prøveframstilling følger prosedyre i LABdok_P03: Framstilling av analyseløsninger etter partiell oppslutning i salpetersyre iht. NS-4770.,NGU-Laboratory,CC-BY-4.0,government,norway-marchem,MarChem_Inorganic_Data_20260805T102709Z.csv#row=996,2024,0,0.01,
rec-31616c6d06c177e97b6909c770cccde2fb2d75828d6a72072fd44d9e9039c43c,src-d3708d25759f4505e28dd056ddcfa7f9f76d92978b19936379ac6c35e6c461a8,R3425MC23A_00-01 cm,Ni,25.6,mg/kg,sediment,dry_weight_partial_nitric_acid,,1.0,mg/kg,56.732085,5.198095,EPSG:4326,,,Inductively coupled plasma atomic emission spectroscopy (ICP-OES),Prøveframstilling følger prosedyre i LABdok_P03: Framstilling av analyseløsninger etter partiell oppslutning i salpetersyre iht. NS-4770.,NGU-Laboratory,CC-BY-4.0,government,norway-marchem,MarChem_Inorganic_Data_20260805T102709Z.csv#row=996,2024,0,0.01,
rec-d6b0f90a0de6fc2c6ff6035e7042fd592d8ff92b3e8aa6845254e43227c767b9,src-d3708d25759f4505e28dd056ddcfa7f9f76d92978b19936379ac6c35e6c461a8,R3425MC23A_00-01 cm,Zn,68.4,mg/kg,sediment,dry_weight_partial_nitric_acid,,4.0,mg/kg,56.732085,5.198095,EPSG:4326,,,Inductively coupled plasma atomic emission spectroscopy (ICP-OES),Prøveframstilling følger prosedyre i LABdok_P03: Framstilling av analyseløsninger etter partiell oppslutning i salpetersyre iht. NS-4770.,NGU-Laboratory,CC-BY-4.0,government,norway-marchem,MarChem_Inorganic_Data_20260805T102709Z.csv#row=996,2024,0,0.01,
rec-4b8294b1544ea4e0716e4c9c4bfa247d58ce226b72abf4563f87a3db8bc7cda0,src-88b20d94a008020d885f483e72a2c2a512d12bc2c749a9671054a8d3df6de6c9,R3560MC20A_00-01 cm,As,18.1,mg/kg,sediment,dry_weight_partial_nitric_acid,,2.0,mg/kg,59.364231,4.244871,EPSG:4326,,,Inductively coupled plasma atomic emission spectroscopy (ICP-OES),Prøveframstilling følger prosedyre i LABdok_P03: Framstilling av analyseløsninger etter partiell oppslutning i salpetersyre iht. NS-4770.,NGU-Laboratory,CC-BY-4.0,government,norway-marchem,MarChem_Inorganic_Data_20260805T102709Z.csv#row=1006,2024,0,0.01,
rec-3f79707b88e4ecf9802c5c3804a1c354a85fb5402f2162277a7e101301671838,src-88b20d94a008020d885f483e72a2c2a512d12bc2c749a9671054a8d3df6de6c9,R3560MC20A_00-01 cm,Cu,14.6,mg/kg,sediment,dry_weight_partial_nitric_acid,,1.0,mg/kg,59.364231,4.244871,EPSG:4326,,,Inductively coupled plasma atomic emission spectroscopy (ICP-OES),Prøveframstilling følger prosedyre i LABdok_P03: Framstilling av analyseløsninger etter partiell oppslutning i salpetersyre iht. NS-4770.,NGU-Laboratory,CC-BY-4.0,government,norway-marchem,MarChem_Inorganic_Data_20260805T102709Z.csv#row=1006,2024,0,0.01,
rec-8421983de9353fd3261bbd5baaf9944bb2d8f4dd6f3a916809df65b6696b36ab,src-88b20d94a008020d885f483e72a2c2a512d12bc2c749a9671054a8d3df6de6c9,R3560MC20A_00-01 cm,Ni,29.5,mg/kg,sediment,dry_weight_partial_nitric_acid,,1.0,mg/kg,59.364231,4.244871,EPSG:4326,,,Inductively coupled plasma atomic emission spectroscopy (ICP-OES),Prøveframstilling følger prosedyre i LABdok_P03: Framstilling av analyseløsninger etter partiell oppslutning i salpetersyre iht. NS-4770.,NGU-Laboratory,CC-BY-4.0,government,norway-marchem,MarChem_Inorganic_Data_20260805T102709Z.csv#row=1006,2024,0,0.01,
rec-21c3b92f928b09c15594db40fc6b3fe48b58033107863e716bc71065f3790e4c,src-88b20d94a008020d885f483e72a2c2a512d12bc2c749a9671054a8d3df6de6c9,R3560MC20A_00-01 cm,Zn,74.3,mg/kg,sediment,dry_weight_partial_nitric_acid,,4.0,mg/kg,59.364231,4.244871,EPSG:4326,,,Inductively coupled plasma atomic emission spectroscopy (ICP-OES),Prøveframstilling følger prosedyre i LABdok_P03: Framstilling av analyseløsninger etter partiell oppslutning i salpetersyre iht. NS-4770.,NGU-Laboratory,CC-BY-4.0,government,norway-marchem,MarChem_Inorganic_Data_20260805T102709Z.csv#row=1006,2024,0,0.01,
rec-905697a776222545b74abb0aabbe10b3e86b77cf7e53d630dd8c12c63a016be1,src-c92c09dce33838dc3823f83fbe2f5b177ad4a8cf9836fd92cbfcd0efcf24b207,R3579GR20A_00-01 cm,As,<2.0,mg/kg,sediment,dry_weight_partial_nitric_acid,,2.0,mg/kg,57.141142,4.529466,EPSG:4326,,,Inductively coupled plasma atomic emission spectroscopy (ICP-OES),Prøveframstilling følger prosedyre i LABdok_P03: Framstilling av analyseløsninger etter partiell oppslutning i salpetersyre iht. NS-4770.,NGU-Laboratory,CC-BY-4.0,government,norway-marchem,MarChem_Inorganic_Data_20260805T102709Z.csv#row=1014,2024,0,0.01,
rec-431e31198cbd44c4a8863a6c38060425fd58aa82e879f7f5859d562bd334952d,src-c92c09dce33838dc3823f83fbe2f5b177ad4a8cf9836fd92cbfcd0efcf24b207,R3579GR20A_00-01 cm,Cu,<1.0,mg/kg,sediment,dry_weight_partial_nitric_acid,,1.0,mg/kg,57.141142,4.529466,EPSG:4326,,,Inductively coupled plasma atomic emission spectroscopy (ICP-OES),Prøveframstilling følger prosedyre i LABdok_P03: Framstilling av analyseløsninger etter partiell oppslutning i salpetersyre iht. NS-4770.,NGU-Laboratory,CC-BY-4.0,government,norway-marchem,MarChem_Inorganic_Data_20260805T102709Z.csv#row=1014,2024,0,0.01,
rec-4aa202c7c8f607e2e6b7a94aca0e11658b629f33602e86b4312676d5001dd566,src-c92c09dce33838dc3823f83fbe2f5b177ad4a8cf9836fd92cbfcd0efcf24b207,R3579GR20A_00-01 cm,Ni,1.1,mg/kg,sediment,dry_weight_partial_nitric_acid,,1.0,mg/kg,57.141142,4.529466,EPSG:4326,,,Inductively coupled plasma atomic emission spectroscopy (ICP-OES),Prøveframstilling følger prosedyre i LABdok_P03: Framstilling av analyseløsninger etter partiell oppslutning i salpetersyre iht. NS-4770.,NGU-Laboratory,CC-BY-4.0,government,norway-marchem,MarChem_Inorganic_Data_20260805T102709Z.csv#row=1014,2024,0,0.01,
rec-b7b8becca1c0044f302f0a27dd7ad93bc3a661d32b7f2ebce0ee0d92e9d92787,src-c92c09dce33838dc3823f83fbe2f5b177ad4a8cf9836fd92cbfcd0efcf24b207,R3579GR20A_00-01 cm,Zn,<4.0,mg/kg,sediment,dry_weight_partial_nitric_acid,,4.0,mg/kg,57.141142,4.529466,EPSG:4326,,,Inductively coupled plasma atomic emission spectroscopy (ICP-OES),Prøveframstilling følger prosedyre i LABdok_P03: Framstilling av analyseløsninger etter partiell oppslutning i salpetersyre iht. NS-4770.,NGU-Laboratory,CC-BY-4.0,government,norway-marchem,MarChem_Inorganic_Data_20260805T102709Z.csv#row=1014,2024,0,0.01,
rec-d80d469b69dfcd499ee744655f9a4dd428911c13fe0cb3609a45838d939141ce,src-ff526d77dfccac3818aca4627ceb55b89bab6194c452a5ac9114243934f19c74,R3579GR20A_01-02 cm,As,<2.0,mg/kg,sediment,dry_weight_partial_nitric_acid,,2.0,mg/kg,57.141142,4.529466,EPSG:4326,,,Inductively coupled plasma atomic emission spectroscopy (ICP-OES),Prøveframstilling følger prosedyre i LABdok_P03: Framstilling av analyseløsninger etter partiell oppslutning i salpetersyre iht. NS-4770.,NGU-Laboratory,CC-BY-4.0,government,norway-marchem,MarChem_Inorganic_Data_20260805T102709Z.csv#row=1015,2024,0.01,0.02,
rec-0817210fb1419c4c39557a43603a962696d8fac23990d50966923f27fec8d4d1,src-ff526d77dfccac3818aca4627ceb55b89bab6194c452a5ac9114243934f19c74,R3579GR20A_01-02 cm,Cu,<1.0,mg/kg,sediment,dry_weight_partial_nitric_acid,,1.0,mg/kg,57.141142,4.529466,EPSG:4326,,,Inductively coupled plasma atomic emission spectroscopy (ICP-OES),Prøveframstilling følger prosedyre i LABdok_P03: Framstilling av analyseløsninger etter partiell oppslutning i salpetersyre iht. NS-4770.,NGU-Laboratory,CC-BY-4.0,government,norway-marchem,MarChem_Inorganic_Data_20260805T102709Z.csv#row=1015,2024,0.01,0.02,
rec-0e03dfea8226c944590776d6a003209feb2f1e1f14e1c1e8c6932a33d13e1ee1,src-ff526d77dfccac3818aca4627ceb55b89bab6194c452a5ac9114243934f19c74,R3579GR20A_01-02 cm,Ni,<1.0,mg/kg,sediment,dry_weight_partial_nitric_acid,,1.0,mg/kg,57.141142,4.529466,EPSG:4326,,,Inductively coupled plasma atomic emission spectroscopy (ICP-OES),Prøveframstilling følger prosedyre i LABdok_P03: Framstilling av analyseløsninger etter partiell oppslutning i salpetersyre iht. NS-4770.,NGU-Laboratory,CC-BY-4.0,government,norway-marchem,MarChem_Inorganic_Data_20260805T102709Z.csv#row=1015,2024,0.01,0.02,
rec-eda29bf76edb5f9e2aa9b262c0312480d07d2e0e71a3f12225574d1c68a2695d,src-ff526d77dfccac3818aca4627ceb55b89bab6194c452a5ac9114243934f19c74,R3579GR20A_01-02 cm,Zn,<4.0,mg/kg,sediment,dry_weight_partial_nitric_acid,,4.0,mg/kg,57.141142,4.529466,EPSG:4326,,,Inductively coupled plasma atomic emission spectroscopy (ICP-OES),Prøveframstilling følger prosedyre i LABdok_P03: Framstilling av analyseløsninger etter partiell oppslutning i salpetersyre iht. NS-4770.,NGU-Laboratory,CC-BY-4.0,government,norway-marchem,MarChem_Inorganic_Data_20260805T102709Z.csv#row=1015,2024,0.01,0.02,
rec-49d55d053dd40239861d3721c9c4c618b230650f2abee4c5839557d4c8779cd2,src-8e62894e10a005ee8ade355a6ac875d3e3258a9bd54e4096c242c5ba9af1dd32,R3510MC05A_36-37 cm,As,10.7,mg/kg,sediment,dry_weight_partial_nitric_acid,,2.0,mg/kg,79.629880,29.145813,EPSG:4326,,,Inductively coupled plasma atomic emission spectroscopy (ICP-OES),Prøveframstilling følger prosedyre i LABdok_P03: Framstilling av analyseløsninger etter partiell oppslutning i salpetersyre iht. NS-4770.,NGU-Laboratory,CC-BY-4.0,government,norway-marchem,MarChem_Inorganic_Data_20260805T102709Z.csv#row=1071,2024,0.36,0.37,
rec-2792c76d2c9232ef9f070629123f0bfc1b5df6d82296e505743906c2fe9b5e57,src-8e62894e10a005ee8ade355a6ac875d3e3258a9bd54e4096c242c5ba9af1dd32,R3510MC05A_36-37 cm,Cu,23.8,mg/kg,sediment,dry_weight_partial_nitric_acid,,1.0,mg/kg,79.629880,29.145813,EPSG:4326,,,Inductively coupled plasma atomic emission spectroscopy (ICP-OES),Prøveframstilling følger prosedyre i LABdok_P03: Framstilling av analyseløsninger etter partiell oppslutning i salpetersyre iht. NS-4770.,NGU-Laboratory,CC-BY-4.0,government,norway-marchem,MarChem_Inorganic_Data_20260805T102709Z.csv#row=1071,2024,0.36,0.37,
rec-5b15e2be44e8012ec96d1bdd04538b2b397776fe2ca842f258fc884ba4b270e7,src-8e62894e10a005ee8ade355a6ac875d3e3258a9bd54e4096c242c5ba9af1dd32,R3510MC05A_36-37 cm,Ni,44.5,mg/kg,sediment,dry_weight_partial_nitric_acid,,1.0,mg/kg,79.629880,29.145813,EPSG:4326,,,Inductively coupled plasma atomic emission spectroscopy (ICP-OES),Prøveframstilling følger prosedyre i LABdok_P03: Framstilling av analyseløsninger etter partiell oppslutning i salpetersyre iht. NS-4770.,NGU-Laboratory,CC-BY-4.0,government,norway-marchem,MarChem_Inorganic_Data_20260805T102709Z.csv#row=1071,2024,0.36,0.37,
rec-2d1f984d90d977e64bcbb78c2e649cc8a1cbf11dd5b1aa754237bc9347d5e715,src-8e62894e10a005ee8ade355a6ac875d3e3258a9bd54e4096c242c5ba9af1dd32,R3510MC05A_36-37 cm,Zn,105.0,mg/kg,sediment,dry_weight_partial_nitric_acid,,4.0,mg/kg,79.629880,29.145813,EPSG:4326,,,Inductively coupled plasma atomic emission spectroscopy (ICP-OES),Prøveframstilling følger prosedyre i LABdok_P03: Framstilling av analyseløsninger etter partiell oppslutning i salpetersyre iht. NS-4770.,NGU-Laboratory,CC-BY-4.0,government,norway-marchem,MarChem_Inorganic_Data_20260805T102709Z.csv#row=1071,2024,0.36,0.37,
rec-42ced7d671e1b008dd14ef34a1c4d323e8ab53ef2dc6765ff8d6d64b767013a6,src-e6a862acb7601a868b4ae886e2bd918241cd4e83fb661184ddc075a76a9e5764,GA01|13|14.9m,Ni,2.144948,nmol/kg,water,dissolved_seawater_molar_per_mass,reported,,,41.3829,-13.887604,EPSG:4326,,global_ocean_cruise_track,,dissolved_fraction; contributor-specific protocol,,CC-BY-4.0,official_curated,geotraces-idp2025,IDP2025_seawater_GEOTRACES_IDP2025_Seawater_9ZNEKNrP.txt#row=53,2014-05-24T23:03:50,14.9,14.9,
rec-f3546151aba79c60b52c485d96b047a3a4da13f191dc6f6eb187dc4b42cd172a,src-e6a862acb7601a868b4ae886e2bd918241cd4e83fb661184ddc075a76a9e5764,GA01|13|14.9m,Zn,0.074824,nmol/kg,water,dissolved_seawater_molar_per_mass,reported,,,41.3829,-13.887604,EPSG:4326,,global_ocean_cruise_track,,dissolved_fraction; contributor-specific protocol,,CC-BY-4.0,official_curated,geotraces-idp2025,IDP2025_seawater_GEOTRACES_IDP2025_Seawater_9ZNEKNrP.txt#row=53,2014-05-24T23:03:50,14.9,14.9,
rec-45b11e981edba1076a3dd24d34e7080b136e84ca700e48a4a6450db0a3c145b9,src-f9d1c430914950f7feb6eea8ae80bef9329c45e4338e6a803a4471581bd630cb,GA01|13|59.5m,Ni,2.450863,nmol/kg,water,dissolved_seawater_molar_per_mass,reported,,,41.3829,-13.887604,EPSG:4326,,global_ocean_cruise_track,,dissolved_fraction; contributor-specific protocol,,CC-BY-4.0,official_curated,geotraces-idp2025,IDP2025_seawater_GEOTRACES_IDP2025_Seawater_9ZNEKNrP.txt#row=96,2014-05-24T23:03:50,59.5,59.5,
rec-f6238625cc9e957ee0adc8ee870fbc83f687647341325b52624d5ddf561d8854,src-f9d1c430914950f7feb6eea8ae80bef9329c45e4338e6a803a4471581bd630cb,GA01|13|59.5m,Zn,0.35851,nmol/kg,water,dissolved_seawater_molar_per_mass,reported,,,41.3829,-13.887604,EPSG:4326,,global_ocean_cruise_track,,dissolved_fraction; contributor-specific protocol,,CC-BY-4.0,official_curated,geotraces-idp2025,IDP2025_seawater_GEOTRACES_IDP2025_Seawater_9ZNEKNrP.txt#row=96,2014-05-24T23:03:50,59.5,59.5,
rec-c48ea0c35398ec6e58a223c960360cf7fc47146fdf67877c15519e93e55e8c50,src-0308efc5a1c726887dd5cf7b7cda139312d39cd7e76e3824ee5c36f59952969f,GA01|13|99.1m,Ni,2.629792,nmol/kg,water,dissolved_seawater_molar_per_mass,reported,,,41.3829,-13.887604,EPSG:4326,,global_ocean_cruise_track,,dissolved_fraction; contributor-specific protocol,,CC-BY-4.0,official_curated,geotraces-idp2025,IDP2025_seawater_GEOTRACES_IDP2025_Seawater_9ZNEKNrP.txt#row=125,2014-05-24T23:03:50,99.1,99.1,
rec-ef4d3760a5a1e8e7e257cbd5b5980d13e12de371b61f8ef66a2a72b69d521afc,src-0308efc5a1c726887dd5cf7b7cda139312d39cd7e76e3824ee5c36f59952969f,GA01|13|99.1m,Zn,0.125532,nmol/kg,water,dissolved_seawater_molar_per_mass,reported,,,41.3829,-13.887604,EPSG:4326,,global_ocean_cruise_track,,dissolved_fraction; contributor-specific protocol,,CC-BY-4.0,official_curated,geotraces-idp2025,IDP2025_seawater_GEOTRACES_IDP2025_Seawater_9ZNEKNrP.txt#row=125,2014-05-24T23:03:50,99.1,99.1,
rec-5c73afb2ceb641af63807219c4ecdd2818d25c2156fa8ce2e8c3f1c21bf99532,src-19a0fea2262f316590b2be3dc7fcf4c43a5db56d9466a0954ea43af4e0c8c129,GA01|13|148.9m,Ni,2.739713,nmol/kg,water,dissolved_seawater_molar_per_mass,reported,,,41.3829,-13.887604,EPSG:4326,,global_ocean_cruise_track,,dissolved_fraction; contributor-specific protocol,,CC-BY-4.0,official_curated,geotraces-idp2025,IDP2025_seawater_GEOTRACES_IDP2025_Seawater_9ZNEKNrP.txt#row=144,2014-05-24T23:03:50,148.9,148.9,
rec-5aadc27c996ecf384efee9aa3b1ca48f723308cbc5a0066fb23b2af2c189338e,src-19a0fea2262f316590b2be3dc7fcf4c43a5db56d9466a0954ea43af4e0c8c129,GA01|13|148.9m,Zn,0.195598,nmol/kg,water,dissolved_seawater_molar_per_mass,reported,,,41.3829,-13.887604,EPSG:4326,,global_ocean_cruise_track,,dissolved_fraction; contributor-specific protocol,,CC-BY-4.0,official_curated,geotraces-idp2025,IDP2025_seawater_GEOTRACES_IDP2025_Seawater_9ZNEKNrP.txt#row=144,2014-05-24T23:03:50,148.9,148.9,
rec-adfd4e36f13ba9abbb2fe1cdfe480b15cf8b61c133bb49324b9997c140f579a6,src-eafd88c193834fbd5eefa93f8f9e125c0bcc1ed4f949bf258a63465fe6c0707f,GA01|13|198.5m,Ni,2.719651,nmol/kg,water,dissolved_seawater_molar_per_mass,reported,,,41.3829,-13.887604,EPSG:4326,,global_ocean_cruise_track,,dissolved_fraction; contributor-specific protocol,,CC-BY-4.0,official_curated,geotraces-idp2025,IDP2025_seawater_GEOTRACES_IDP2025_Seawater_9ZNEKNrP.txt#row=154,2014-05-24T23:03:50,198.5,198.5,
rec-195e7eefb01a80f67515f68a0a5a018dcc0dc51bb458c0c1a22c1d6d90efc77f,src-eafd88c193834fbd5eefa93f8f9e125c0bcc1ed4f949bf258a63465fe6c0707f,GA01|13|198.5m,Zn,0.150564,nmol/kg,water,dissolved_seawater_molar_per_mass,reported,,,41.3829,-13.887604,EPSG:4326,,global_ocean_cruise_track,,dissolved_fraction; contributor-specific protocol,,CC-BY-4.0,official_curated,geotraces-idp2025,IDP2025_seawater_GEOTRACES_IDP2025_Seawater_9ZNEKNrP.txt#row=154,2014-05-24T23:03:50,198.5,198.5,
rec-9a214efd09194cd0ef50754288625a31618da75e27f243f8a44e3c989d369b6c,src-1a9edf63e6df7493566739e711be820055fc8765cd0ecee8f9527d438fefc81f,GA01|13|298.1m,Ni,2.804783,nmol/kg,water,dissolved_seawater_molar_per_mass,reported,,,41.3829,-13.887604,EPSG:4326,,global_ocean_cruise_track,,dissolved_fraction; contributor-specific protocol,,CC-BY-4.0,official_curated,geotraces-idp2025,IDP2025_seawater_GEOTRACES_IDP2025_Seawater_9ZNEKNrP.txt#row=168,2014-05-24T23:03:50,298.1,298.1,
rec-e078966252da55a5d3f5e272ea3a014715fd9528fd6ebdaa788c6fa34f5ca0c9,src-1a9edf63e6df7493566739e711be820055fc8765cd0ecee8f9527d438fefc81f,GA01|13|298.1m,Zn,0.372402,nmol/kg,water,dissolved_seawater_molar_per_mass,reported,,,41.3829,-13.887604,EPSG:4326,,global_ocean_cruise_track,,dissolved_fraction; contributor-specific protocol,,CC-BY-4.0,official_curated,geotraces-idp2025,IDP2025_seawater_GEOTRACES_IDP2025_Seawater_9ZNEKNrP.txt#row=168,2014-05-24T23:03:50,298.1,298.1,
rec-fdcc9ccd1fc0bf5a5ebfb21da8dc8cd585460dfa16d045488fe11d4fe77cc11a,src-c884a9aff069d3ea32e145bb4903e69ad635dc7f3712109b6b035d3fc43e9744,GA01|13|495.2m,Ni,3.063481,nmol/kg,water,dissolved_seawater_molar_per_mass,reported,,,41.3829,-13.887604,EPSG:4326,,global_ocean_cruise_track,,dissolved_fraction; contributor-specific protocol,,CC-BY-4.0,official_curated,geotraces-idp2025,IDP2025_seawater_GEOTRACES_IDP2025_Seawater_9ZNEKNrP.txt#row=182,2014-05-24T23:03:50,495.2,495.2,
rec-44a0061e1dd305162c62a113a399112781322600e52947752cf2f6967ddcb7f6,src-c884a9aff069d3ea32e145bb4903e69ad635dc7f3712109b6b035d3fc43e9744,GA01|13|495.2m,Zn,0.838259,nmol/kg,water,dissolved_seawater_molar_per_mass,reported,,,41.3829,-13.887604,EPSG:4326,,global_ocean_cruise_track,,dissolved_fraction; contributor-specific protocol,,CC-BY-4.0,official_curated,geotraces-idp2025,IDP2025_seawater_GEOTRACES_IDP2025_Seawater_9ZNEKNrP.txt#row=182,2014-05-24T23:03:50,495.2,495.2,
rec-e0b47197b5b954a522066151259bdd477ed123af5279cda4e13a20998cf5114d,src-0fe508c3d187b9b901ae8b32e83e97de0e19c42184711e22c194e151c9998d68,GA01|13|594.9m,Ni,3.199645,nmol/kg,water,dissolved_seawater_molar_per_mass,reported,,,41.3829,-13.887604,EPSG:4326,,global_ocean_cruise_track,,dissolved_fraction; contributor-specific protocol,,CC-BY-4.0,official_curated,geotraces-idp2025,IDP2025_seawater_GEOTRACES_IDP2025_Seawater_9ZNEKNrP.txt#row=187,2014-05-24T23:03:50,594.9,594.9,
rec-1677aef1da3744b2efa8c71fe9c4ed8310263e5799dde26469d3d8c2e98e523c,src-0fe508c3d187b9b901ae8b32e83e97de0e19c42184711e22c194e151c9998d68,GA01|13|594.9m,Zn,1.020454,nmol/kg,water,dissolved_seawater_molar_per_mass,reported,,,41.3829,-13.887604,EPSG:4326,,global_ocean_cruise_track,,dissolved_fraction; contributor-specific protocol,,CC-BY-4.0,official_curated,geotraces-idp2025,IDP2025_seawater_GEOTRACES_IDP2025_Seawater_9ZNEKNrP.txt#row=187,2014-05-24T23:03:50,594.9,594.9,
rec-50cbd8d61d5aac5c8ce920290fd976bad7feaa194089740190f407cf17f07b77,src-efdac1490ac8fefbaff24fad2117c584026d116099015bb19dcc2e6506090fe7,GA01|13|790.3m,Ni,3.658931,nmol/kg,water,dissolved_seawater_molar_per_mass,reported,,,41.3829,-13.887604,EPSG:4326,,global_ocean_cruise_track,,dissolved_fraction; contributor-specific protocol,,CC-BY-4.0,official_curated,geotraces-idp2025,IDP2025_seawater_GEOTRACES_IDP2025_Seawater_9ZNEKNrP.txt#row=198,2014-05-24T23:03:50,790.3,790.3,
rec-3038ee1520fee2721c3599446a3d68595c58d3d5514071612d9640814b29f6d6,src-efdac1490ac8fefbaff24fad2117c584026d116099015bb19dcc2e6506090fe7,GA01|13|790.3m,Zn,2.148983,nmol/kg,water,dissolved_seawater_molar_per_mass,reported,,,41.3829,-13.887604,EPSG:4326,,global_ocean_cruise_track,,dissolved_fraction; contributor-specific protocol,,CC-BY-4.0,official_curated,geotraces-idp2025,IDP2025_seawater_GEOTRACES_IDP2025_Seawater_9ZNEKNrP.txt#row=198,2014-05-24T23:03:50,790.3,790.3,
rec-5417ae2f9f9203de308f0261e8cd12aa0cbb7615781473624a8b3c124c74669f,src-3409ddc8e861c5a05da5dc7a9d9a49fe1df9969aebbcb22fca639aaab97e859c,GA01|13|990.2m,Ni,3.836179,nmol/kg,water,dissolved_seawater_molar_per_mass,reported,,,41.3829,-13.887604,EPSG:4326,,global_ocean_cruise_track,,dissolved_fraction; contributor-specific protocol,,CC-BY-4.0,official_curated,geotraces-idp2025,IDP2025_seawater_GEOTRACES_IDP2025_Seawater_9ZNEKNrP.txt#row=208,2014-05-24T23:03:50,990.2,990.2,
rec-11e373b629fa2a302d5ec54bacc543609bc8da05b1929c0adc9cb907de90bee1,src-bc391ab94581021ea1c9f44845fd88947a407b8a93e0c9f945e7a4b59a4cadb5,GA01|13|1187.3m,Ni,3.837632,nmol/kg,water,dissolved_seawater_molar_per_mass,reported,,,41.3829,-13.887604,EPSG:4326,,global_ocean_cruise_track,,dissolved_fraction; contributor-specific protocol,,CC-BY-4.0,official_curated,geotraces-idp2025,IDP2025_seawater_GEOTRACES_IDP2025_Seawater_9ZNEKNrP.txt#row=217,2014-05-24T23:03:50,1187.3,1187.3,
rec-630e71ee90eefbd7d4d5d35f81b28546d23ad1ef50d11c4ff1913f66ff0157e6,src-bc391ab94581021ea1c9f44845fd88947a407b8a93e0c9f945e7a4b59a4cadb5,GA01|13|1187.3m,Zn,1.769945,nmol/kg,water,dissolved_seawater_molar_per_mass,reported,,,41.3829,-13.887604,EPSG:4326,,global_ocean_cruise_track,,dissolved_fraction; contributor-specific protocol,,CC-BY-4.0,official_curated,geotraces-idp2025,IDP2025_seawater_GEOTRACES_IDP2025_Seawater_9ZNEKNrP.txt#row=217,2014-05-24T23:03:50,1187.3,1187.3,
rec-eb81c4049f0688b2b039be893b161c02e4ed95ca04cf77ed61f3d52edc7cd0bd,src-adbcb9a0a34849866a0d6eab5dce136294785f318ae2acc006c623b7e95bb0a4,GA01|13|1975.3m,Ni,3.971616,nmol/kg,water,dissolved_seawater_molar_per_mass,reported,,,41.3829,-13.887604,EPSG:4326,,global_ocean_cruise_track,,dissolved_fraction; contributor-specific protocol,,CC-BY-4.0,official_curated,geotraces-idp2025,IDP2025_seawater_GEOTRACES_IDP2025_Seawater_9ZNEKNrP.txt#row=230,2014-05-24T23:03:50,1975.3,1975.3,
rec-74fa308894407c2a8967d1c4dee26e09ccc1813f607d17c14306b0e4101dd8aa,src-adbcb9a0a34849866a0d6eab5dce136294785f318ae2acc006c623b7e95bb0a4,GA01|13|1975.3m,Zn,1.877942,nmol/kg,water,dissolved_seawater_molar_per_mass,reported,,,41.3829,-13.887604,EPSG:4326,,global_ocean_cruise_track,,dissolved_fraction; contributor-specific protocol,,CC-BY-4.0,official_curated,geotraces-idp2025,IDP2025_seawater_GEOTRACES_IDP2025_Seawater_9ZNEKNrP.txt#row=230,2014-05-24T23:03:50,1975.3,1975.3,
rec-a813d51a5867071a8d4f24ca51d1b376d2e4aa47e6be0a56fcbfb6dee32aaa93,src-b03ab38592fe0a07bfef1a153fd23fcb42cf4403ff5ad6e28e9fcdffb963810a,GA01|13|2466.2m,Ni,4.373907,nmol/kg,water,dissolved_seawater_molar_per_mass,reported,,,41.3829,-13.887604,EPSG:4326,,global_ocean_cruise_track,,dissolved_fraction; contributor-specific protocol,,CC-BY-4.0,official_curated,geotraces-idp2025,IDP2025_seawater_GEOTRACES_IDP2025_Seawater_9ZNEKNrP.txt#row=239,2014-05-24T23:03:50,2466.2,2466.2,
rec-7a46f31127f345e0992f1aeea944507ea833d2e04dc410f09a400c5a4bf88b6c,src-b03ab38592fe0a07bfef1a153fd23fcb42cf4403ff5ad6e28e9fcdffb963810a,GA01|13|2466.2m,Zn,2.016448,nmol/kg,water,dissolved_seawater_molar_per_mass,reported,,,41.3829,-13.887604,EPSG:4326,,global_ocean_cruise_track,,dissolved_fraction; contributor-specific protocol,,CC-BY-4.0,official_curated,geotraces-idp2025,IDP2025_seawater_GEOTRACES_IDP2025_Seawater_9ZNEKNrP.txt#row=239,2014-05-24T23:03:50,2466.2,2466.2,
rec-060b0c9a893245adc315f28b1fa632a53b1b601be45a9f02d218f8bac6694fe2,src-a314834fbf31ba2cc22018f93152e90a2f145fd8ac66fb2379ee75050cd8c3ce,GA01|13|2951.8m,Ni,4.876222,nmol/kg,water,dissolved_seawater_molar_per_mass,reported,,,41.3829,-13.887604,EPSG:4326,,global_ocean_cruise_track,,dissolved_fraction; contributor-specific protocol,,CC-BY-4.0,official_curated,geotraces-idp2025,IDP2025_seawater_GEOTRACES_IDP2025_Seawater_9ZNEKNrP.txt#row=244,2014-05-24T23:03:50,2951.8,2951.8,
rec-9a202a4f3be72c765a4ebc5bd31bf66bb6be7e0025f8de86b332e0d3940253f8,src-a314834fbf31ba2cc22018f93152e90a2f145fd8ac66fb2379ee75050cd8c3ce,GA01|13|2951.8m,Zn,2.611973,nmol/kg,water,dissolved_seawater_molar_per_mass,reported,,,41.3829,-13.887604,EPSG:4326,,global_ocean_cruise_track,,dissolved_fraction; contributor-specific protocol,,CC-BY-4.0,official_curated,geotraces-idp2025,IDP2025_seawater_GEOTRACES_IDP2025_Seawater_9ZNEKNrP.txt#row=244,2014-05-24T23:03:50,2951.8,2951.8,
rec-5461a0a47bd4cca80b93fe37d306d2bcee0d4aedffe199f929c2e6091ac276b6,src-c14202391a63d13adf2e36118c9259e749ba25833d31ce392272e5ab56eebee1,GA01|13|3932.3m,Ni,5.680176,nmol/kg,water,dissolved_seawater_molar_per_mass,reported,,,41.3829,-13.887604,EPSG:4326,,global_ocean_cruise_track,,dissolved_fraction; contributor-specific protocol,,CC-BY-4.0,official_curated,geotraces-idp2025,IDP2025_seawater_GEOTRACES_IDP2025_Seawater_9ZNEKNrP.txt#row=256,2014-05-24T23:03:50,3932.3,3932.3,
rec-5983f5db3c77f80db87d164dda84eab45fbc7010f01405ae12d2595b34b48d21,src-c14202391a63d13adf2e36118c9259e749ba25833d31ce392272e5ab56eebee1,GA01|13|3932.3m,Zn,2.826912,nmol/kg,water,dissolved_seawater_molar_per_mass,reported,,,41.3829,-13.887604,EPSG:4326,,global_ocean_cruise_track,,dissolved_fraction; contributor-specific protocol,,CC-BY-4.0,official_curated,geotraces-idp2025,IDP2025_seawater_GEOTRACES_IDP2025_Seawater_9ZNEKNrP.txt#row=256,2014-05-24T23:03:50,3932.3,3932.3,
rec-6f514118c62f0edacfb4d8258a9347254b951fd03a9aeb6929edbfc56724392e,src-0a8f9fad62e8caf3c4be18854c7d24fb668a06adb539538c0ec5f933571e7b07,GA01|13|4904.1m,Ni,5.461539,nmol/kg,water,dissolved_seawater_molar_per_mass,reported,,,41.3829,-13.887604,EPSG:4326,,global_ocean_cruise_track,,dissolved_fraction; contributor-specific protocol,,CC-BY-4.0,official_curated,geotraces-idp2025,IDP2025_seawater_GEOTRACES_IDP2025_Seawater_9ZNEKNrP.txt#row=269,2014-05-24T23:03:50,4904.1,4904.1,
rec-268eac5af191bb8ab90ca340e3c9c42526c6bde9570923efd1b5e77f5ac15856,src-0a8f9fad62e8caf3c4be18854c7d24fb668a06adb539538c0ec5f933571e7b07,GA01|13|4904.1m,Zn,2.897639,nmol/kg,water,dissolved_seawater_molar_per_mass,reported,,,41.3829,-13.887604,EPSG:4326,,global_ocean_cruise_track,,dissolved_fraction; contributor-specific protocol,,CC-BY-4.0,official_curated,geotraces-idp2025,IDP2025_seawater_GEOTRACES_IDP2025_Seawater_9ZNEKNrP.txt#row=269,2014-05-24T23:03:50,4904.1,4904.1,
rec-7aa4f6ee69c2b94e4202b2a707fe724a0f082fd0b2f8ce2e7f8799529b34c0e9,src-865a635ea63efa2e0e22b2dd5fdafabd03f83a6ba71391ab45addc367167ea0f,GA01|13|5329.9m,Zn,3.654908,nmol/kg,water,dissolved_seawater_molar_per_mass,reported,,,41.3829,-13.887604,EPSG:4326,,global_ocean_cruise_track,,dissolved_fraction; contributor-specific protocol,,CC-BY-4.0,official_curated,geotraces-idp2025,IDP2025_seawater_GEOTRACES_IDP2025_Seawater_9ZNEKNrP.txt#row=282,2014-05-24T23:03:50,5329.9,5329.9,
rec-397df3634c82929c1c1a85911cd1a0f6752923dc2ac00ca91baaca1fcdb4a09b,src-b6e37b3ba60cb48e70a56729443f7d069460a64529f357c20b27c04d4f921205,GA03|Station 10|135.4m,Cu,1.169,nmol/kg,water,dissolved_seawater_molar_per_mass,reported,,,31.749399,-64.171906,EPSG:4326,,global_ocean_cruise_track,,dissolved_fraction; contributor-specific protocol,,CC-BY-4.0,official_curated,geotraces-idp2025,IDP2025_seawater_GEOTRACES_IDP2025_Seawater_9ZNEKNrP.txt#row=6420,2011-11-20T17:06:54,135.4,135.4,
rec-5398106e9c8ece7ce1d228a4e6e79c384efae22c4954948322bb8e51e1968b8b,src-d64355f4f4cfcfa8ec13fe85d897e018717f3a6df0b065561d1957000a81201d,GA03|Station 10|186.1m,Cu,1.187,nmol/kg,water,dissolved_seawater_molar_per_mass,reported,,,31.749399,-64.171906,EPSG:4326,,global_ocean_cruise_track,,dissolved_fraction; contributor-specific protocol,,CC-BY-4.0,official_curated,geotraces-idp2025,IDP2025_seawater_GEOTRACES_IDP2025_Seawater_9ZNEKNrP.txt#row=6428,2011-11-20T17:06:54,186.1,186.1,
rec-433fc0f1a68b863f7ef7c90859309a3e57e88ff3c39138e65d127cf7d432c068,src-2c250258ee3f6be4adfbfa8f5dc5efc3e012fae8038d21ed77fa1607ff71cf16,GA03|Station 10|236.3m,Cu,1.022,nmol/kg,water,dissolved_seawater_molar_per_mass,reported,,,31.749399,-64.171906,EPSG:4326,,global_ocean_cruise_track,,dissolved_fraction; contributor-specific protocol,,CC-BY-4.0,official_curated,geotraces-idp2025,IDP2025_seawater_GEOTRACES_IDP2025_Seawater_9ZNEKNrP.txt#row=6432,2011-11-20T17:06:54,236.3,236.3,
rec-3ed39acd4de518fb59d25b49aea1630f6059155b530d3893012e0817bbe0bd73,src-e206ee42e8802adf6b46027b7bfbd180b7548e7e23ad57b6a7b051085afa6da7,GA03|Station 10|286.6m,Cu,1.241,nmol/kg,water,dissolved_seawater_molar_per_mass,reported,,,31.749399,-64.171906,EPSG:4326,,global_ocean_cruise_track,,dissolved_fraction; contributor-specific protocol,,CC-BY-4.0,official_curated,geotraces-idp2025,IDP2025_seawater_GEOTRACES_IDP2025_Seawater_9ZNEKNrP.txt#row=6437,2011-11-20T17:06:54,286.6,286.6,
rec-c5ecaba62171d5712b9600594467ec75593bb25a9396dffc4ff42d58482f1d12,src-a027bcc7b8991d126b4aec9195ed26bd10a07ce53eba47cf9fc0d41d0f46fa9e,GA03|Station 10|345.7m,Cu,0.864,nmol/kg,water,dissolved_seawater_molar_per_mass,reported,,,31.749399,-64.171906,EPSG:4326,,global_ocean_cruise_track,,dissolved_fraction; contributor-specific protocol,,CC-BY-4.0,official_curated,geotraces-idp2025,IDP2025_seawater_GEOTRACES_IDP2025_Seawater_9ZNEKNrP.txt#row=6440,2011-11-20T17:06:54,345.7,345.7,
rec-0937f40bb39787365112b6590cee2cc9ed0c2b83574a9751780a20a5afd47c2e,src-928312dec869e7bfc1082109ea8176291a2be7c4666505defae7af86b9be287a,GA03|Station 10|420.9m,Cu,0.883,nmol/kg,water,dissolved_seawater_molar_per_mass,reported,,,31.749399,-64.171906,EPSG:4326,,global_ocean_cruise_track,,dissolved_fraction; contributor-specific protocol,,CC-BY-4.0,official_curated,geotraces-idp2025,IDP2025_seawater_GEOTRACES_IDP2025_Seawater_9ZNEKNrP.txt#row=6444,2011-11-20T17:06:54,420.9,420.9,
rec-fc0072d6a393430af6e05c8bd3e4702e6b042138622a8a446dbb20d9a89d8910,src-346d68295b74b824954ac6f197124691ae92fe8677b8dde84cfac8eb21920798,GA03|Station 10|500.8m,Cu,1.106,nmol/kg,water,dissolved_seawater_molar_per_mass,reported,,,31.749399,-64.171906,EPSG:4326,,global_ocean_cruise_track,,dissolved_fraction; contributor-specific protocol,,CC-BY-4.0,official_curated,geotraces-idp2025,IDP2025_seawater_GEOTRACES_IDP2025_Seawater_9ZNEKNrP.txt#row=6449,2011-11-20T17:06:54,500.8,500.8,
rec-5ecea214816e6782398ddcc8df098f7333ca4165118bff300fdd25c33a6214f9,src-a19fa9b8827c440deb7a3f840eaa6c597e3aba392a373ace1e35ec0dd6bd9c85,GA03|Station 10|576.7m,Cu,1.004,nmol/kg,water,dissolved_seawater_molar_per_mass,reported,,,31.749399,-64.171906,EPSG:4326,,global_ocean_cruise_track,,dissolved_fraction; contributor-specific protocol,,CC-BY-4.0,official_curated,geotraces-idp2025,IDP2025_seawater_GEOTRACES_IDP2025_Seawater_9ZNEKNrP.txt#row=6453,2011-11-20T17:06:54,576.7,576.7,
rec-8fe72c876ec0c87c9623d8bcbb39682381dd6ce127f98c2b095dcb08742f9b97,src-4e9f8a3d5607c086876dd5aaecb2e59cbfd0937c4310c6e60760e41ea83ab00c,GA03|Station 10|801.2m,Cu,1.142,nmol/kg,water,dissolved_seawater_molar_per_mass,reported,,,31.749399,-64.171906,EPSG:4326,,global_ocean_cruise_track,,dissolved_fraction; contributor-specific protocol,,CC-BY-4.0,official_curated,geotraces-idp2025,IDP2025_seawater_GEOTRACES_IDP2025_Seawater_9ZNEKNrP.txt#row=6463,2011-11-20T17:06:54,801.2,801.2,
rec-088afba3751d89a2a6ed364ce7f7f007d66df7520193f11fd0f2418104dc0c35,src-fbf42e7832d728178563029df16cb42db2261115f4924abc05433ca6b110aea3,GA03|Station 10|972.2m,Cu,1.299,nmol/kg,water,dissolved_seawater_molar_per_mass,reported,,,31.749399,-64.171906,EPSG:4326,,global_ocean_cruise_track,,dissolved_fraction; contributor-specific protocol,,CC-BY-4.0,official_curated,geotraces-idp2025,IDP2025_seawater_GEOTRACES_IDP2025_Seawater_9ZNEKNrP.txt#row=6470,2011-11-20T17:06:54,972.2,972.2,
rec-c541a7c88e7c23fb428a722f460afda421688ad8cb7be39172c2095a679d1711,src-65333079bee70255a7a4de1e7496c602a55b03cbd6969c76caa834a01c039208,GA03|Station 10|1075.8m,Cu,1.286,nmol/kg,water,dissolved_seawater_molar_per_mass,reported,,,31.749399,-64.171906,EPSG:4326,,global_ocean_cruise_track,,dissolved_fraction; contributor-specific protocol,,CC-BY-4.0,official_curated,geotraces-idp2025,IDP2025_seawater_GEOTRACES_IDP2025_Seawater_9ZNEKNrP.txt#row=6471,2011-11-20T17:06:54,1075.8,1075.8,
rec-5508ee3ce28e0c81aa64c2e0512570f19291018573ea326ae1dcafe4a164bf38,src-7d677c9abd41dbae956b790c8cca4dcc48597be617579af3feacf676c26351e6,GA03|Station 10|1200.5m,Cu,1.246,nmol/kg,water,dissolved_seawater_molar_per_mass,reported,,,31.749399,-64.171906,EPSG:4326,,global_ocean_cruise_track,,dissolved_fraction; contributor-specific protocol,,CC-BY-4.0,official_curated,geotraces-idp2025,IDP2025_seawater_GEOTRACES_IDP2025_Seawater_9ZNEKNrP.txt#row=6474,2011-11-20T17:06:54,1200.5,1200.5,
rec-6c205b12535227229bd5cd3e68254c4845caf7b042a5173f829ec1f1cc2127a8,src-1850ca78b57d37097ab34f268d4708469d1fed73238c8cbbd6c56e58ae85d547,GA03|Station 10|1351.5m,Cu,1.228,nmol/kg,water,dissolved_seawater_molar_per_mass,reported,,,31.749399,-64.171906,EPSG:4326,,global_ocean_cruise_track,,dissolved_fraction; contributor-specific protocol,,CC-BY-4.0,official_curated,geotraces-idp2025,IDP2025_seawater_GEOTRACES_IDP2025_Seawater_9ZNEKNrP.txt#row=6478,2011-11-20T17:06:54,1351.5,1351.5,
rec-7e08c04fb744923b09f61e87c8770ac6d0135eca38bb546a4169161f954c9d80,src-dbebdd8d9a68952e5dfdcd295e25bce51f66a211cda9733f09f36ec9f3ecc837,GA03|Station 10|1500.7m,Cu,1.268,nmol/kg,water,dissolved_seawater_molar_per_mass,reported,,,31.749399,-64.171906,EPSG:4326,,global_ocean_cruise_track,,dissolved_fraction; contributor-specific protocol,,CC-BY-4.0,official_curated,geotraces-idp2025,IDP2025_seawater_GEOTRACES_IDP2025_Seawater_9ZNEKNrP.txt#row=6483,2011-11-20T17:06:54,1500.7,1500.7,
rec-dac983d1e966126d53b542084fe19bbd768212561b93bfdb182ae66c048f4105,src-920bb96a911f8484085b4bfad9a45a1dcf1983249801aa567efb198051978ffb,GA03|Station 10|1650.8m,Cu,1.314,nmol/kg,water,dissolved_seawater_molar_per_mass,reported,,,31.749399,-64.171906,EPSG:4326,,global_ocean_cruise_track,,dissolved_fraction; contributor-specific protocol,,CC-BY-4.0,official_curated,geotraces-idp2025,IDP2025_seawater_GEOTRACES_IDP2025_Seawater_9ZNEKNrP.txt#row=6486,2011-11-20T17:06:54,1650.8,1650.8,
rec-ceca5795ce79bc05f58151c826530415e02d17e26db03087b8c56495089a2a95,src-6c0f36b0e7e07f6e5a9055cf0644dff001cb2d011c6188e7ea154b312a0974d2,GA03|Station 10|1951m,Cu,1.344,nmol/kg,water,dissolved_seawater_molar_per_mass,reported,,,31.749399,-64.171906,EPSG:4326,,global_ocean_cruise_track,,dissolved_fraction; contributor-specific protocol,,CC-BY-4.0,official_curated,geotraces-idp2025,IDP2025_seawater_GEOTRACES_IDP2025_Seawater_9ZNEKNrP.txt#row=6492,2011-11-20T17:06:54,1951,1951,
rec-b66c0ee94ee5fbfc914b019e645c1d792810ed6eeeb57ad9c54e8c60020bc785,src-e7917ad63107ef781cbd66ae9dd126028ae34310b93178616cc20b1db7eed23c,CAN00018|2001-09-25T13:45|0.3|As-Tot,As,0.0005,mg/l,water,freshwater_total_fraction,,,,60.12,-137.97,EPSG:4326,,,Inductively Coupled Plasma (ICP) Method with AsH3 Generation and S2O8 Digestion,GEMStat total operational fraction,,CC-BY-4.0,official_curated,gemstat-open-archive,Arsenic.csv#row=25632,2001-09-25T13:45,0.3,0.3,
rec-14c2096bbe24e7214422a068cde15e03de5683623af109ae8f27c4769d46ba32,src-f96245c6a6c221585883f90d199147ca1628c0e2a7ce920a716cca2de9fe10a2,CAN00018|2001-09-25T13:45|0.3|As-Tot,As,0.0005,mg/l,water,freshwater_total_fraction,,,,60.12,-137.97,EPSG:4326,,,"Determination of total arsenic, antimony and selenium by inductively coupled argon plasma",GEMStat total operational fraction,,CC-BY-4.0,official_curated,gemstat-open-archive,Arsenic.csv#row=25633,2001-09-25T13:45,0.3,0.3,
rec-292526db99b756942bbd8c0f017078be8fdca835aee283d9f64328e5673ec371,src-0ba81d51962254197554d83d70094bd0c2cb4651c0315a8e05eb40930f0b522d,CAN00018|2001-09-25T13:55|1.0|As-Tot,As,0.0001,mg/l,water,freshwater_total_fraction,,,,60.12,-137.97,EPSG:4326,,,Inductively Coupled Plasma (ICP) Method with AsH3 Generation and S2O8 Digestion,GEMStat total operational fraction,,CC-BY-4.0,official_curated,gemstat-open-archive,Arsenic.csv#row=25634,2001-09-25T13:55,1.0,1.0,
rec-5e84da54544f6b9b62c71320b912e48025a9dc62d7c8c29d63c418ea3f43cee4,src-b4504cbe5d6ba675be037f0e057679684670bb3ea02cc117a187a2e38ec7827a,CAN00018|2002-01-16T14:00|0.3|As-Tot,As,0.0005,mg/l,water,freshwater_total_fraction,,,,60.12,-137.97,EPSG:4326,,,Inductively Coupled Plasma (ICP) Method with AsH3 Generation and S2O8 Digestion,GEMStat total operational fraction,,CC-BY-4.0,official_curated,gemstat-open-archive,Arsenic.csv#row=25635,2002-01-16T14:00,0.3,0.3,
rec-71b833a6bf1468e46c50df4bf26162312cc260a13257129e8e9a79ebba05818f,src-3925edda1650eb9d14eb99e01c413c021b39e5b88eb2a405dcb9b11d563fe215,CAN00018|2002-01-16T14:00|0.3|As-Tot,As,0.0005,mg/l,water,freshwater_total_fraction,,,,60.12,-137.97,EPSG:4326,,,"Determination of total arsenic, antimony and selenium by inductively coupled argon plasma",GEMStat total operational fraction,,CC-BY-4.0,official_curated,gemstat-open-archive,Arsenic.csv#row=25636,2002-01-16T14:00,0.3,0.3,
rec-23edc1d52c885bfa8fe15de4c7aa76d1731ef7c183ff543d98b254c5be2ca0d0,src-49bf88bd53659293376e333500f714a4562ecf5a6c9a6fc17295fdfff244384d,CAN00018|2003-04-09T11:00|0.3|As-Tot,As,0.0007,mg/l,water,freshwater_total_fraction,,,,60.12,-137.97,EPSG:4326,,,Inductively-Coupled Plasma Sector Field Mass Spectrometry with Closed Vessel Digestion,GEMStat total operational fraction,,CC-BY-4.0,official_curated,gemstat-open-archive,Arsenic.csv#row=25637,2003-04-09T11:00,0.3,0.3,
rec-e4d2b92ac4d6fe936c7ee0a75cd868bc045d6a47d033cd2202ffe1da834928a4,src-d97941f8b2dbfc48096d26374a0f96263a7ff9811e299e1bc7bbd4a87a8cc1e8,CAN00018|2003-04-09T11:00|0.3|As-Tot,As,0.73,µg/l,water,freshwater_total_fraction,,,,60.12,-137.97,EPSG:4326,,,Total metals with in-bottle digestion and inductively coupled plasma-sector field mass spectrometer,GEMStat total operational fraction,,CC-BY-4.0,official_curated,gemstat-open-archive,Arsenic.csv#row=25638,2003-04-09T11:00,0.3,0.3,
rec-c1dc35a4b785554936c3bb23b6445b66d3fedfa5cb156d563d04e279143f5c2d,src-676d878bd1f558fee1f93d40fa69153aaa3117486485f927aebfcca409fd12d8,CAN00018|2003-05-23T12:50|0.3|As-Tot,As,0.72,µg/l,water,freshwater_total_fraction,,,,60.12,-137.97,EPSG:4326,,,Total metals with in-bottle digestion and inductively coupled plasma-sector field mass spectrometer,GEMStat total operational fraction,,CC-BY-4.0,official_curated,gemstat-open-archive,Arsenic.csv#row=25640,2003-05-23T12:50,0.3,0.3,
rec-98ef687ce1b99c47805bc9512c3522bae45a84ae568ad6d7cd7da666ef43b490,src-f45a9f705a387a10b656582c3655bd29eb9e7688cc6d6722e2735471de7aa031,CAN00018|2003-06-19T13:30|0.3|As-Tot,As,0.9,µg/l,water,freshwater_total_fraction,,,,60.12,-137.97,EPSG:4326,,,Total metals with in-bottle digestion and inductively coupled plasma-sector field mass spectrometer,GEMStat total operational fraction,,CC-BY-4.0,official_curated,gemstat-open-archive,Arsenic.csv#row=25641,2003-06-19T13:30,0.3,0.3,
rec-148ccb7c7373ee9bfc7021a3d78f2c8e4ffc20f3ca2aa52c0549f95f4e130b5f,src-2c1453d7ba03e4eba58e02d8bb6b09d11ea87562c64eebacc13d36ae7455259f,CAN00018|2004-02-25T11:30|0.3|As-Tot,As,0.82,µg/l,water,freshwater_total_fraction,,,,60.12,-137.97,EPSG:4326,,,Total metals with in-bottle digestion and inductively coupled plasma-sector field mass spectrometer,GEMStat total operational fraction,,CC-BY-4.0,official_curated,gemstat-open-archive,Arsenic.csv#row=25644,2004-02-25T11:30,0.3,0.3,
rec-90a5f62b74c15902becba5fde16dd5340a6b8627fda0e8a89d8e296b70b5ae57,src-95e75f86f9607b334741ae47baea062e5377b4e250d068d174f768a142ed5e46,CAN00018|2004-06-04T13:55|0.3|As-Tot,As,0.86,µg/l,water,freshwater_total_fraction,,,,60.12,-137.97,EPSG:4326,,,Total metals with in-bottle digestion and inductively coupled plasma-sector field mass spectrometer,GEMStat total operational fraction,,CC-BY-4.0,official_curated,gemstat-open-archive,Arsenic.csv#row=25645,2004-06-04T13:55,0.3,0.3,
rec-2166a4f7663d420fb02489ae205820ec054393d156d808a9a0784cab71aaba54,src-a1575b63f7542ee7405de4304773940e226d6ea284a83e8c326cc682a8cbdacd,CAN00018|2004-08-18T13:50|0.3|As-Tot,As,1.66,µg/l,water,freshwater_total_fraction,,,,60.12,-137.97,EPSG:4326,,,Total metals with in-bottle digestion and inductively coupled plasma-sector field mass spectrometer,GEMStat total operational fraction,,CC-BY-4.0,official_curated,gemstat-open-archive,Arsenic.csv#row=25647,2004-08-18T13:50,0.3,0.3,
rec-a52ee4b335cece84fc97c82054b50a3d0964a7232635c9c9d38e127bbe44f951,src-b273d4795c356d2fff303419b2454e141c9f9270ce6de22f570319535fcddc50,CAN00021|2003-11-03T11:51|0.3|As-Tot,As,0.01,µg/l,water,freshwater_total_fraction,<,0.01,µg/l,51.21,-117.7,EPSG:4326,,,Total metals with in-bottle digestion and inductively coupled plasma-sector field mass spectrometer,GEMStat total operational fraction,,CC-BY-4.0,official_curated,gemstat-open-archive,Arsenic.csv#row=26008,2003-11-03T11:51,0.3,0.3,
rec-59ae0d96455f41f2fd9407a88e8ad463a86fced2fab35247409d10c1ee1d6260,src-1b91a49c993b0129d6ca7cd3b49881a35ff4516be9575cf53a41349824b7616b,CAN00021|2006-12-11T12:38|0.3|As-Tot,As,0.01,µg/l,water,freshwater_total_fraction,<,0.01,µg/l,51.21,-117.7,EPSG:4326,,,Total metals with in-bottle digestion and inductively coupled plasma-sector field mass spectrometer,GEMStat total operational fraction,,CC-BY-4.0,official_curated,gemstat-open-archive,Arsenic.csv#row=26052,2006-12-11T12:38,0.3,0.3,
rec-69dca43172f30904b599d3c948ba0565377baea3af0b23ffa5289ef0b5360f94,src-3cfad3f8b83318aafff4794294362c55127ac029534a84fc1d0a3f4a4b80785b,CAN00022|2003-03-26T10:50|0.3|As-Sus,As,0.02,µg/l,water,freshwater_suspended_fraction,,,,51.42,-116.44,EPSG:4326,,,Extractable metals with inductively coupled argon plasma-sector field mass spectrometer (ICP-SFMS),GEMStat suspended operational fraction,,CC-BY-4.0,official_curated,gemstat-open-archive,Arsenic.csv#row=26261,2003-03-26T10:50,0.3,0.3,
rec-01c48412cf4affe17aacbb8121b5dbf950f2ff678c4ef79c7e0b736c61b83c6a,src-203de146e6c669d89b93e24b17f9f4808b755fdd962e37203b7d04bf4d9922f4,CAN00022|2003-04-08T09:30|0.3|As-Sus,As,0.01,µg/l,water,freshwater_suspended_fraction,,,,51.42,-116.44,EPSG:4326,,,Extractable metals with inductively coupled argon plasma-sector field mass spectrometer (ICP-SFMS),GEMStat suspended operational fraction,,CC-BY-4.0,official_curated,gemstat-open-archive,Arsenic.csv#row=26263,2003-04-08T09:30,0.3,0.3,
rec-a39e1474a42174d61594c7aede1ff565c52c8920bbd493d599db7e568b3ffc8a,src-3f6e985e3fc5c9c41fc5a75c40dda63b41bed30b3785d2e2dfa4fe89494ec4e1,CAN00023|2000-01-05T12:00|0.3|As-Tot,As,0.0001,mg/l,water,freshwater_total_fraction,<,0.0001,mg/l,49.02,-117.6,EPSG:4326,,,Inductively Coupled Plasma (ICP) Method with AsH3 Generation and S2O8 Digestion,GEMStat total operational fraction,,CC-BY-4.0,official_curated,gemstat-open-archive,Arsenic.csv#row=26598,2000-01-05T12:00,0.3,0.3,
rec-f3596a041632ab3042a2a5895f92571ebe93e7c435c739d46c5cff7ab3112e53,src-151cfa483fe48bb479154731336d9c0ff4199ff79ca978d78522f7580b874f67,CAN00023|2000-01-05T12:00|0.3|As-Tot,As,0.0001,mg/l,water,freshwater_total_fraction,<,0.0001,mg/l,49.02,-117.6,EPSG:4326,,,"Determination of total arsenic, antimony and selenium by inductively coupled argon plasma",GEMStat total operational fraction,,CC-BY-4.0,official_curated,gemstat-open-archive,Arsenic.csv#row=26599,2000-01-05T12:00,0.3,0.3,
rec-0d038be0e34f78bd3a2bb5158cceae13c9d55b34ad45e1c996b777dda5d22f1d,src-e2b31dfe378ef1dfe92310f4f400d0e7b63115ec0a5fae22cc60f54839b90857,CAN00023|2003-03-10T10:15|0.3|As-Sus,As,0.23,µg/l,water,freshwater_suspended_fraction,,,,49.02,-117.6,EPSG:4326,,,Extractable metals with inductively coupled argon plasma-sector field mass spectrometer (ICP-SFMS),GEMStat suspended operational fraction,,CC-BY-4.0,official_curated,gemstat-open-archive,Arsenic.csv#row=26931,2003-03-10T10:15,0.3,0.3,
rec-1aaaa473d985d703019e7c2450ddcee9549a709c3b75d4093e569f418f5efb0f,src-078dd5bc462c510a224ce5a3c63c7e3288876a680f27239c1443d44fb3936c8e,CAN00023|2003-03-18T10:15|0.3|As-Sus,As,0.23,µg/l,water,freshwater_suspended_fraction,,,,49.02,-117.6,EPSG:4326,,,Extractable metals with inductively coupled argon plasma-sector field mass spectrometer (ICP-SFMS),GEMStat suspended operational fraction,,CC-BY-4.0,official_curated,gemstat-open-archive,Arsenic.csv#row=26933,2003-03-18T10:15,0.3,0.3,
rec-0080ccbf9f62c4997175b5be6e224f47238eec3644e91b558ab53fe6cb056a38,src-e87e595b257fd0e242e49a1504d9df245d587f95749f064d94ce1bd46fea1564,CAN00023|2003-03-24T12:30|0.3|As-Sus,As,0.32,µg/l,water,freshwater_suspended_fraction,,,,49.02,-117.6,EPSG:4326,,,Extractable metals with inductively coupled argon plasma-sector field mass spectrometer (ICP-SFMS),GEMStat suspended operational fraction,,CC-BY-4.0,official_curated,gemstat-open-archive,Arsenic.csv#row=26935,2003-03-24T12:30,0.3,0.3,
rec-5036ba2909cf423603fd8eadc73842df56affc804d316c1600e415997de1ae1d,src-ac87e58e62db984fbb0ef1d34c8d6d232112129805686b1a3d93395b5c7cf4b5,CAN00023|2003-03-31T10:30|0.3|As-Sus,As,0.33,µg/l,water,freshwater_suspended_fraction,,,,49.02,-117.6,EPSG:4326,,,Extractable metals with inductively coupled argon plasma-sector field mass spectrometer (ICP-SFMS),GEMStat suspended operational fraction,,CC-BY-4.0,official_curated,gemstat-open-archive,Arsenic.csv#row=26937,2003-03-31T10:30,0.3,0.3,
rec-e542a7cacf1ada5d621bf92ecbde3fab9407ebcb81349ec860584c3dbb39d200,src-a2c812608f02804451a5d70974cc8d62a3c6716ca63ccf6ff15e0c72c018908e,CAN00023|2009-08-03T00:00|0.3|As-Dis,As,0.17,µg/l,water,freshwater_dissolved_fraction,,,,49.02,-117.6,EPSG:4326,,,Dissolved metals with in-bottle digestion using inductively coupled plasma-sector field MS,GEMStat dissolved operational fraction,,CC-BY-4.0,official_curated,gemstat-open-archive,Arsenic.csv#row=27494,2009-08-03T00:00,0.3,0.3,
rec-bc67b8fa4c23a447fc9d408984720ca474beaf9b05a138f4a37ab8a183c4cb3f,src-8d0843ac235c95855ea4bc04de6163b56447ce82b1b4e1c4504ff23a461b615f,CAN00023|2009-08-11T10:05|0.3|As-Dis,As,0.17,µg/l,water,freshwater_dissolved_fraction,,,,49.02,-117.6,EPSG:4326,,,Dissolved metals with in-bottle digestion using inductively coupled plasma-sector field MS,GEMStat dissolved operational fraction,,CC-BY-4.0,official_curated,gemstat-open-archive,Arsenic.csv#row=27496,2009-08-11T10:05,0.3,0.3,
rec-204f857c9522fe6d5696962f80c0cdbac622aa1d1734e1b3ff16668b91826a2f,src-2b2f878e98ce92b40446318c4205224a94dc18109a4dfaf6af0177dc7564f217,CAN00023|2009-08-17T09:30|0.3|As-Dis,As,0.19,µg/l,water,freshwater_dissolved_fraction,,,,49.02,-117.6,EPSG:4326,,,Dissolved metals with in-bottle digestion using inductively coupled plasma-sector field MS,GEMStat dissolved operational fraction,,CC-BY-4.0,official_curated,gemstat-open-archive,Arsenic.csv#row=27498,2009-08-17T09:30,0.3,0.3,
rec-b27f37dbe718fb10554d56fc5a63338a938cb4f5f0ddd05d54d680d096455ccc,src-d8714aeb36c9ebd911f86138865088d13aa49b181f3dac8d76d4b36d03e29ba5,CAN00023|2009-08-25T11:35|0.3|As-Dis,As,0.19,µg/l,water,freshwater_dissolved_fraction,,,,49.02,-117.6,EPSG:4326,,,Dissolved metals with in-bottle digestion using inductively coupled plasma-sector field MS,GEMStat dissolved operational fraction,,CC-BY-4.0,official_curated,gemstat-open-archive,Arsenic.csv#row=27500,2009-08-25T11:35,0.3,0.3,
rec-1654f3d0396902c2c382d7393aef0757bff016c580a6d7dd1aeaefc93cd710d3,src-439403e6df3863aed9845dc67df833d837457a500a47c32a3cef25f3dc4d0c6f,CAN00023|2009-09-01T10:55|0.3|As-Dis,As,0.19,µg/l,water,freshwater_dissolved_fraction,,,,49.02,-117.6,EPSG:4326,,,Dissolved metals with in-bottle digestion using inductively coupled plasma-sector field MS,GEMStat dissolved operational fraction,,CC-BY-4.0,official_curated,gemstat-open-archive,Arsenic.csv#row=27502,2009-09-01T10:55,0.3,0.3,
rec-b06df2480fc633845660eabd6198a037e4934f1a8a2f70c2976b097b6dd54043,src-840a8a329270b6ab9bfbd57067f130fe08315a23a3cc2a631fc9c63fb07d3d6e,CAN00023|2009-09-16T10:10|0.3|As-Dis,As,0.21,µg/l,water,freshwater_dissolved_fraction,,,,49.02,-117.6,EPSG:4326,,,Dissolved metals with in-bottle digestion using inductively coupled plasma-sector field MS,GEMStat dissolved operational fraction,,CC-BY-4.0,official_curated,gemstat-open-archive,Arsenic.csv#row=27505,2009-09-16T10:10,0.3,0.3,
rec-5af9e652a8510b6a17227b9783e84c747e1fe17954b0ce0678c49ed2f42beb3f,src-bd461f7ffb3b23e4c4e81bcc8769ef9694762c0cae06dc727eea2b830a192a5c,CAN00026|2000-01-04T00:00|0.3|As-Dis,As,0.0001,mg/l,water,freshwater_dissolved_fraction,<,0.0001,mg/l,49.18,-115.17,EPSG:4326,,,Inductively Coupled Plasma (ICP) Method with AsH3 Generation and S2O8 Digestion,GEMStat dissolved operational fraction,,CC-BY-4.0,official_curated,gemstat-open-archive,Arsenic.csv#row=28756,2000-01-04T00:00,0.3,0.3,
rec-018bf2e5e23f2f185d1f0232bd0d59bb72351f1b4dc064167a491e46bcdddcb8,src-89bfc9f810c07cfcce4af2445d145bc628ea8270c8d40c873ad624d602f57d24,CAN00026|2000-01-04T00:00|0.3|As-Dis,As,0.0001,mg/l,water,freshwater_dissolved_fraction,<,0.0001,mg/l,49.18,-115.17,EPSG:4326,,,"Determination of dissolved arsenic, antimony and selenium by inductively coupled argon plasma",GEMStat dissolved operational fraction,,CC-BY-4.0,official_curated,gemstat-open-archive,Arsenic.csv#row=28757,2000-01-04T00:00,0.3,0.3,
rec-6eff7f944767a16476be01e52dfcecf3a3b3240da933ed4d06e4da2a483a06a5,src-17f95c9a2d5779f83fc4d3770f48c96ba2819f956dcfffb7d8e0503246541a6b,CAN00026|2000-02-14T08:10|0.3|As-Dis,As,0.0002,mg/l,water,freshwater_dissolved_fraction,,,,49.18,-115.17,EPSG:4326,,,Inductively Coupled Plasma (ICP) Method with AsH3 Generation and S2O8 Digestion,GEMStat dissolved operational fraction,,CC-BY-4.0,official_curated,gemstat-open-archive,Arsenic.csv#row=28766,2000-02-14T08:10,0.3,0.3,
rec-ccadcac82c4a3fdf878259a68b741954332b98edf26968a9a50bcca81c16e918,src-27cafedecc8a64a110ee5a953a7b7b1f990cf0565a25ce6e6a64163ec3e6d1cf,CAN00026|2000-02-14T08:10|0.3|As-Dis,As,0.0002,mg/l,water,freshwater_dissolved_fraction,,,,49.18,-115.17,EPSG:4326,,,"Determination of dissolved arsenic, antimony and selenium by inductively coupled argon plasma",GEMStat dissolved operational fraction,,CC-BY-4.0,official_curated,gemstat-open-archive,Arsenic.csv#row=28767,2000-02-14T08:10,0.3,0.3,
rec-af34255e6e9723de992e93290e00c8fe2ae68e839a64db675c34593c97bdc754,src-0d626f66a3d5a39b73744eae13f6bf112e79fa24e6a3c9f3249c388e01ffed42,CAN00026|2000-04-10T08:20|0.3|As-Dis,As,0.0002,mg/l,water,freshwater_dissolved_fraction,,,,49.18,-115.17,EPSG:4326,,,Inductively Coupled Plasma (ICP) Method with AsH3 Generation and S2O8 Digestion,GEMStat dissolved operational fraction,,CC-BY-4.0,official_curated,gemstat-open-archive,Arsenic.csv#row=28782,2000-04-10T08:20,0.3,0.3,
rec-6b4180e23c3b135624f5a847a1a98b0a9db639eec8490f6431f3404f0b9bc83f,src-00bdcd6c94e611f8919a01ccc49ce3748ec0cdf6c9d0110e019cca9743d725b9,CAN00026|2000-04-10T08:20|0.3|As-Dis,As,0.0002,mg/l,water,freshwater_dissolved_fraction,,,,49.18,-115.17,EPSG:4326,,,"Determination of dissolved arsenic, antimony and selenium by inductively coupled argon plasma",GEMStat dissolved operational fraction,,CC-BY-4.0,official_curated,gemstat-open-archive,Arsenic.csv#row=28783,2000-04-10T08:20,0.3,0.3,
rec-ad813dce7642aa684552484456efc722841e534ac212590ced7e5849d506dda6,src-4fa90b1aeb3ea202b5a4feeff9f1d2319e839374217bd728e160878c67a24968,CAN00026|2000-04-24T08:25|0.3|As-Dis,As,0.0002,mg/l,water,freshwater_dissolved_fraction,,,,49.18,-115.17,EPSG:4326,,,Inductively Coupled Plasma (ICP) Method with AsH3 Generation and S2O8 Digestion,GEMStat dissolved operational fraction,,CC-BY-4.0,official_curated,gemstat-open-archive,Arsenic.csv#row=28786,2000-04-24T08:25,0.3,0.3,
rec-9fe846c40b233c08c4c35698ec484812715e8cd92994fe236dce6ffc17ae058a,src-1a2c9e0602dcfa95a6b9c226bedd1aa03ab4977a4485681a4776cf4cf8975980,CAN00026|2000-04-24T08:25|0.3|As-Dis,As,0.0002,mg/l,water,freshwater_dissolved_fraction,,,,49.18,-115.17,EPSG:4326,,,"Determination of dissolved arsenic, antimony and selenium by inductively coupled argon plasma",GEMStat dissolved operational fraction,,CC-BY-4.0,official_curated,gemstat-open-archive,Arsenic.csv#row=28787,2000-04-24T08:25,0.3,0.3,
rec-33b454764827453eca26323919da46e5dca1e264621aa14067d2d9a92f6fc75d,src-bb2e89cf763a8a917d23cc2efd673d51876aa1afc1fc389a4298175d82a319f5,CAN00055|2003-03-24T13:35|0.3|As-Sus,As,0.5,µg/l,water,freshwater_suspended_fraction,<,0.5,µg/l,53.534,-57.495,EPSG:4326,,,Extractable elements in acid preserved samples are analyzed by ICP-MS.,GEMStat suspended operational fraction,,CC-BY-4.0,official_curated,gemstat-open-archive,Arsenic.csv#row=32040,2003-03-24T13:35,0.3,0.3,
rec-6ad80ce7863f1e2011deae1cf5966497d6742901191f4e5170bc9b153b021d9d,src-e72d40176cdc00abaa8286b99b15ab7daa7df58dbaaf119f9ed74286c5de393a,CAN00055|2003-06-09T15:00|0.3|As-Sus,As,0.3,µg/l,water,freshwater_suspended_fraction,<,0.3,µg/l,53.534,-57.495,EPSG:4326,,,Extractable elements in acid preserved samples are analyzed by ICP-MS.,GEMStat suspended operational fraction,,CC-BY-4.0,official_curated,gemstat-open-archive,Arsenic.csv#row=32041,2003-06-09T15:00,0.3,0.3,
rec-83c41b2876e3980fdea1fc33f79de22f87e551f966766f54bc0a041f0a922aa4,src-90026f2e754d3e2cce5e9e85d42dbf4af5b82a2522d969d04af130f67124a0cc,CAN00067|2003-11-18T16:00|0.3|As-Dis,As,0.01,µg/l,water,freshwater_dissolved_fraction,<,0.01,µg/l,53.6,-102.1167,EPSG:4326,,,Dissolved metals with in-bottle digestion using inductively coupled plasma-sector field MS,GEMStat dissolved operational fraction,,CC-BY-4.0,official_curated,gemstat-open-archive,Arsenic.csv#row=34408,2003-11-18T16:00,0.3,0.3,
rec-d29aaca2aa72a55f0ab0ca5cc79477cc3cf88052d6eaae0f891060af121fe69b,src-b2099248b59b40a82583581481dbc0fc05024966f579cebfea2989f239b615cb,CAN00090|2001-04-30T12:00|0.3|As-Sus,As,0.5,µg/l,water,freshwater_suspended_fraction,<,0.5,µg/l,54.3319,-61.6408,EPSG:4326,,,Extractable elements in acid preserved samples are analyzed by ICP-MS.,GEMStat suspended operational fraction,,CC-BY-4.0,official_curated,gemstat-open-archive,Arsenic.csv#row=35650,2001-04-30T12:00,0.3,0.3,
rec-2d37b3f87b40dc100b9c824bb195b5bfe9c8207e6cd30c7f5c74233574c26f7c,src-e98ec7a9dbf60f85a0861a7c6140f347ebc9a92ddfc1c2547bbd51677b5278da,CAN00090|2001-07-15T14:00|0.3|As-Sus,As,0.5,µg/l,water,freshwater_suspended_fraction,<,0.5,µg/l,54.3319,-61.6408,EPSG:4326,,,Extractable elements in acid preserved samples are analyzed by ICP-MS.,GEMStat suspended operational fraction,,CC-BY-4.0,official_curated,gemstat-open-archive,Arsenic.csv#row=35651,2001-07-15T14:00,0.3,0.3,
rec-57025b5dd52e213076d32e1adce7aee96fe84f97565c7563cb389b1da982f221,src-58a285e1aa30cd335bdb82a95bce9d75ab7cf5b06e5a425b8cf5763b5a4af783,CAN00173|2007-01-24T14:00|0.3|As-Dis,As,0.01,µg/l,water,freshwater_dissolved_fraction,<,0.01,µg/l,51.4433,-116.2117,EPSG:4326,,,Dissolved metals with in-bottle digestion using inductively coupled plasma-sector field MS,GEMStat dissolved operational fraction,,CC-BY-4.0,official_curated,gemstat-open-archive,Arsenic.csv#row=41733,2007-01-24T14:00,0.3,0.3,
rec-3ad9ff06c58646d1bebcbd22585430c9f4639b70f360710c552c13c2ec8f9f27,src-b622c7111f13fb92fe1aa8e0a3bb2afd241d81a67e0b488ee9a07affaf17e4ba,CAN00212|2008-09-17T12:00|0.3|As-Sus,As,0.2,µg/l,water,freshwater_suspended_fraction,,,,45.6272,-65.078,EPSG:4326,,,Extractable elements in acid preserved samples are analyzed by ICP-MS.,GEMStat suspended operational fraction,,CC-BY-4.0,official_curated,gemstat-open-archive,Arsenic.csv#row=49916,2008-09-17T12:00,0.3,0.3,
rec-2f90884f099a353804fb8a5559aa041c20f9f7a0448a73d44c7ce847a3088ad9,src-84e4759ddfd411f9bebf14fdd35f01381d9141c5fa2db454388c4d5fffa49c89,CAN00212|2009-06-03T10:15|0.3|As-Sus,As,0.1,µg/l,water,freshwater_suspended_fraction,,,,45.6272,-65.078,EPSG:4326,,,Extractable elements in acid preserved samples are analyzed by ICP-MS.,GEMStat suspended operational fraction,,CC-BY-4.0,official_curated,gemstat-open-archive,Arsenic.csv#row=49917,2009-06-03T10:15,0.3,0.3,
rec-82feb318d659932d4a6661c5da7bde56ea68536063e653f2de6a4ecc346a518f,src-fab9f8a3a4800fae20f02c8a8781854199c7ce1099a71cb417628e2c617c9284,CAN00212|2009-09-14T09:40|0.3|As-Sus,As,0.1,µg/l,water,freshwater_suspended_fraction,,,,45.6272,-65.078,EPSG:4326,,,Extractable elements in acid preserved samples are analyzed by ICP-MS.,GEMStat suspended operational fraction,,CC-BY-4.0,official_curated,gemstat-open-archive,Arsenic.csv#row=49918,2009-09-14T09:40,0.3,0.3,
rec-11332770a0a068603b20eba0687bb929fd6e5aa41fe8c29a54f53b8e1b2ab959,src-86c1560a263af82cc218fb83503b55728493c507b30e8a2024150e8d85560941,CAN00212|2010-09-13T09:30|0.3|As-Sus,As,0.16,µg/l,water,freshwater_suspended_fraction,,,,45.6272,-65.078,EPSG:4326,,,Extractable metals by inductively coupled plasma-collision/reaction cell-mass spectrometry,GEMStat suspended operational fraction,,CC-BY-4.0,official_curated,gemstat-open-archive,Arsenic.csv#row=49920,2010-09-13T09:30,0.3,0.3,
rec-f7ec6deff749ac5a924b2e5d01eace8c105b6125fc520a0d1643bec26c21892e,src-d5c6eb09ed32c87220faff03d39c9db2ff4d46b6f8b5ed18a3fa99e0e62ad36e,CAN00214|2004-10-26T12:00|0.3|As-Sus,As,0.1,µg/l,water,freshwater_suspended_fraction,,,,49.5967,-57.7333,EPSG:4326,,,Extractable elements in acid preserved samples are analyzed by ICP-MS.,GEMStat suspended operational fraction,,CC-BY-4.0,official_curated,gemstat-open-archive,Arsenic.csv#row=49953,2004-10-26T12:00,0.3,0.3,
rec-ad7bacdc1f5e2863ab4ba8b593a3fa3034949d934aa316212245d892ee03a7ed,src-ef4a3a34080b93ad432dd3b109bf85a2eb4dbe1048b6a5fd5d93a578be3127e6,CAN00214|2008-07-08T12:00|0.3|As-Sus,As,0.2,µg/l,water,freshwater_suspended_fraction,,,,49.5967,-57.7333,EPSG:4326,,,Extractable elements in acid preserved samples are analyzed by ICP-MS.,GEMStat suspended operational fraction,,CC-BY-4.0,official_curated,gemstat-open-archive,Arsenic.csv#row=49956,2008-07-08T12:00,0.3,0.3,
rec-21ed06b4109e5e259944a3dadd1e8be408eb2d98d7c1347606b29be73c774b2f,src-3b5d4d792ddec1937781c7ecb204bfc8634c48ea7d618183fb4b7800c0031178,1,As,14.0,ppm,sediment,river_sediment_<180um_national_geochemical_map,,,,26.1292,127.7603,EPSG:4326,20,0那覇,,,,LicenseRef-GSJ-Government-Standard-Terms-2.0,government,japan-gsj-geochemical-map,samplejoho.csv#row=2;noudo.csv#row=2,,,,<180 µm fine stream sediment
rec-e28eb4bd302489e1caae72d45c0d1194a7fd4d19d9e416e5f09bb830c0a8d1c4,src-3b5d4d792ddec1937781c7ecb204bfc8634c48ea7d618183fb4b7800c0031178,1,Cu,38.419,ppm,sediment,river_sediment_<180um_national_geochemical_map,,,,26.1292,127.7603,EPSG:4326,20,0那覇,,,,LicenseRef-GSJ-Government-Standard-Terms-2.0,government,japan-gsj-geochemical-map,samplejoho.csv#row=2;noudo.csv#row=2,,,,<180 µm fine stream sediment
rec-b5b93e3f23a43723d681de4375907a13bf88ed4d563ba6962eeefba6b48e070f,src-3b5d4d792ddec1937781c7ecb204bfc8634c48ea7d618183fb4b7800c0031178,1,Ni,22.991,ppm,sediment,river_sediment_<180um_national_geochemical_map,,,,26.1292,127.7603,EPSG:4326,20,0那覇,,,,LicenseRef-GSJ-Government-Standard-Terms-2.0,government,japan-gsj-geochemical-map,samplejoho.csv#row=2;noudo.csv#row=2,,,,<180 µm fine stream sediment
rec-00fa4475cd64304171a6e3183dad07955f57805029a4634598341d90b8ae7b0a,src-3b5d4d792ddec1937781c7ecb204bfc8634c48ea7d618183fb4b7800c0031178,1,Zn,179.048,ppm,sediment,river_sediment_<180um_national_geochemical_map,,,,26.1292,127.7603,EPSG:4326,20,0那覇,,,,LicenseRef-GSJ-Government-Standard-Terms-2.0,government,japan-gsj-geochemical-map,samplejoho.csv#row=2;noudo.csv#row=2,,,,<180 µm fine stream sediment
rec-71d0932941ad28f5ede29973302aee8288ec0d5803285d3f028cef2edc07855c,src-34b37892a0259d057de0c412e2806ec9e3df422bf71ae3196c3499f6b146dde5,2,As,11.3,ppm,sediment,river_sediment_<180um_national_geochemical_map,,,,26.1366,127.6876,EPSG:4326,20,0那覇,,,,LicenseRef-GSJ-Government-Standard-Terms-2.0,government,japan-gsj-geochemical-map,samplejoho.csv#row=3;noudo.csv#row=3,,,,<180 µm fine stream sediment
rec-6af7813b6f35930d5b596f9a7753fec3fbe0073c1f94ceb42db8f24ecc75bfb9,src-34b37892a0259d057de0c412e2806ec9e3df422bf71ae3196c3499f6b146dde5,2,Cu,46.571,ppm,sediment,river_sediment_<180um_national_geochemical_map,,,,26.1366,127.6876,EPSG:4326,20,0那覇,,,,LicenseRef-GSJ-Government-Standard-Terms-2.0,government,japan-gsj-geochemical-map,samplejoho.csv#row=3;noudo.csv#row=3,,,,<180 µm fine stream sediment
rec-b27b76c1313569823db14f1ffce183da99525fbc4b495d5dac716bd30ad4f214,src-34b37892a0259d057de0c412e2806ec9e3df422bf71ae3196c3499f6b146dde5,2,Ni,43.744,ppm,sediment,river_sediment_<180um_national_geochemical_map,,,,26.1366,127.6876,EPSG:4326,20,0那覇,,,,LicenseRef-GSJ-Government-Standard-Terms-2.0,government,japan-gsj-geochemical-map,samplejoho.csv#row=3;noudo.csv#row=3,,,,<180 µm fine stream sediment
rec-5e6f85c1e626e9b294afce8be8be8126fa5e879c6b7eb1f37f98baf4640a725d,src-34b37892a0259d057de0c412e2806ec9e3df422bf71ae3196c3499f6b146dde5,2,Zn,188.216,ppm,sediment,river_sediment_<180um_national_geochemical_map,,,,26.1366,127.6876,EPSG:4326,20,0那覇,,,,LicenseRef-GSJ-Government-Standard-Terms-2.0,government,japan-gsj-geochemical-map,samplejoho.csv#row=3;noudo.csv#row=3,,,,<180 µm fine stream sediment
rec-9f29f75db722207a46e14f89c1232ce7533a1cbb42a84234e1a3427742d0d522,src-4104c2a91dda668740bc3d9385a6057718b23621edff6944abe6be82512ffabb,3,As,11.3,ppm,sediment,river_sediment_<180um_national_geochemical_map,,,,26.2014,127.6799,EPSG:4326,20,0那覇,,,,LicenseRef-GSJ-Government-Standard-Terms-2.0,government,japan-gsj-geochemical-map,samplejoho.csv#row=4;noudo.csv#row=4,,,,<180 µm fine stream sediment
rec-d04f593701d8f99b5ac11936f52a05ad80e9a39d8833eb36c4f93f1e2e1642da,src-4104c2a91dda668740bc3d9385a6057718b23621edff6944abe6be82512ffabb,3,Cu,48.938,ppm,sediment,river_sediment_<180um_national_geochemical_map,,,,26.2014,127.6799,EPSG:4326,20,0那覇,,,,LicenseRef-GSJ-Government-Standard-Terms-2.0,government,japan-gsj-geochemical-map,samplejoho.csv#row=4;noudo.csv#row=4,,,,<180 µm fine stream sediment
rec-88bcacc4706b88a8e93cae159020efcf0a46c7a8fcfd638e89e9e2fb4f630484,src-4104c2a91dda668740bc3d9385a6057718b23621edff6944abe6be82512ffabb,3,Ni,36.417,ppm,sediment,river_sediment_<180um_national_geochemical_map,,,,26.2014,127.6799,EPSG:4326,20,0那覇,,,,LicenseRef-GSJ-Government-Standard-Terms-2.0,government,japan-gsj-geochemical-map,samplejoho.csv#row=4;noudo.csv#row=4,,,,<180 µm fine stream sediment
rec-befec849d09912a3a087c50ec3231d003e176cf9dda2304fee2f1b13f359e0b2,src-4104c2a91dda668740bc3d9385a6057718b23621edff6944abe6be82512ffabb,3,Zn,213.480,ppm,sediment,river_sediment_<180um_national_geochemical_map,,,,26.2014,127.6799,EPSG:4326,20,0那覇,,,,LicenseRef-GSJ-Government-Standard-Terms-2.0,government,japan-gsj-geochemical-map,samplejoho.csv#row=4;noudo.csv#row=4,,,,<180 µm fine stream sediment
rec-d88a4290c6ad13ced4a92e2b5d846ff01631a1caa5e2d8c98d9dd7b41cb70b44,src-c4b734c9868782f78909c5ce3d8af1271b6ef624809517762529b81377fa7b11,4,As,10.8,ppm,sediment,river_sediment_<180um_national_geochemical_map,,,,26.2677,127.7281,EPSG:4326,20,0那覇,,,,LicenseRef-GSJ-Government-Standard-Terms-2.0,government,japan-gsj-geochemical-map,samplejoho.csv#row=5;noudo.csv#row=5,,,,<180 µm fine stream sediment
rec-92efb73dcbe3476a671249c7ea3790bbfbe6ecccbd76a8e2aaf8d8abfd52c7f2,src-c4b734c9868782f78909c5ce3d8af1271b6ef624809517762529b81377fa7b11,4,Cu,35.481,ppm,sediment,river_sediment_<180um_national_geochemical_map,,,,26.2677,127.7281,EPSG:4326,20,0那覇,,,,LicenseRef-GSJ-Government-Standard-Terms-2.0,government,japan-gsj-geochemical-map,samplejoho.csv#row=5;noudo.csv#row=5,,,,<180 µm fine stream sediment
rec-8a1e43ea89dd541d7d4536af3365e005113c9bf8f26150921487751836b0250e,src-c4b734c9868782f78909c5ce3d8af1271b6ef624809517762529b81377fa7b11,4,Ni,28.885,ppm,sediment,river_sediment_<180um_national_geochemical_map,,,,26.2677,127.7281,EPSG:4326,20,0那覇,,,,LicenseRef-GSJ-Government-Standard-Terms-2.0,government,japan-gsj-geochemical-map,samplejoho.csv#row=5;noudo.csv#row=5,,,,<180 µm fine stream sediment
rec-43035afa63a94e030d55224cb6670f1acf38a95542db6f8a2855c4070f8f0306,src-c4b734c9868782f78909c5ce3d8af1271b6ef624809517762529b81377fa7b11,4,Zn,169.028,ppm,sediment,river_sediment_<180um_national_geochemical_map,,,,26.2677,127.7281,EPSG:4326,20,0那覇,,,,LicenseRef-GSJ-Government-Standard-Terms-2.0,government,japan-gsj-geochemical-map,samplejoho.csv#row=5;noudo.csv#row=5,,,,<180 µm fine stream sediment
rec-f99a4b26bec0cb594555cadab5f19b96f4eacb2c566d3977fc1876a4e5e32da6,src-414ed6885aaa513e841848cf2c3871693c10e326fc4872c9bbd65960650c71f7,5,As,24.6,ppm,sediment,river_sediment_<180um_national_geochemical_map,,,,26.3626,127.7467,EPSG:4326,20,0那覇,,,,LicenseRef-GSJ-Government-Standard-Terms-2.0,government,japan-gsj-geochemical-map,samplejoho.csv#row=6;noudo.csv#row=6,,,,<180 µm fine stream sediment
rec-9a84b1a74bd5bce5bc4913ec6799f58971dc3d37154c2b22feef2bcb6b5e629b,src-414ed6885aaa513e841848cf2c3871693c10e326fc4872c9bbd65960650c71f7,5,Cu,1522.586,ppm,sediment,river_sediment_<180um_national_geochemical_map,,,,26.3626,127.7467,EPSG:4326,20,0那覇,,,,LicenseRef-GSJ-Government-Standard-Terms-2.0,government,japan-gsj-geochemical-map,samplejoho.csv#row=6;noudo.csv#row=6,,,,<180 µm fine stream sediment
rec-293f49fb3f0df3647b6e3656678a278ef2f1d91f2baa084dc90d5f742c0c1698,src-414ed6885aaa513e841848cf2c3871693c10e326fc4872c9bbd65960650c71f7,5,Ni,36.856,ppm,sediment,river_sediment_<180um_national_geochemical_map,,,,26.3626,127.7467,EPSG:4326,20,0那覇,,,,LicenseRef-GSJ-Government-Standard-Terms-2.0,government,japan-gsj-geochemical-map,samplejoho.csv#row=6;noudo.csv#row=6,,,,<180 µm fine stream sediment
rec-94b65260d748417971363e9b92e584387d0c8638c1626d2cb02fe660cacc43e7,src-414ed6885aaa513e841848cf2c3871693c10e326fc4872c9bbd65960650c71f7,5,Zn,367.473,ppm,sediment,river_sediment_<180um_national_geochemical_map,,,,26.3626,127.7467,EPSG:4326,20,0那覇,,,,LicenseRef-GSJ-Government-Standard-Terms-2.0,government,japan-gsj-geochemical-map,samplejoho.csv#row=6;noudo.csv#row=6,,,,<180 µm fine stream sediment
rec-f06fda59b5ddcb841438e23e6e548aef0a1c22638da208f38a17a67690287f0c,src-e4bffd3fd5db320c6a9d6a4e4c11d2656c82b661f87648f83bf04be577b84786,6,As,19.0,ppm,sediment,river_sediment_<180um_national_geochemical_map,,,,26.3763,127.8692,EPSG:4326,20,0那覇,,,,LicenseRef-GSJ-Government-Standard-Terms-2.0,government,japan-gsj-geochemical-map,samplejoho.csv#row=7;noudo.csv#row=7,,,,<180 µm fine stream sediment
rec-55f6d23a47aee3ae4ab36c1ec04d2284b5f08d58a6f2185fb140f3e8b69617ef,src-e4bffd3fd5db320c6a9d6a4e4c11d2656c82b661f87648f83bf04be577b84786,6,Cu,28.238,ppm,sediment,river_sediment_<180um_national_geochemical_map,,,,26.3763,127.8692,EPSG:4326,20,0那覇,,,,LicenseRef-GSJ-Government-Standard-Terms-2.0,government,japan-gsj-geochemical-map,samplejoho.csv#row=7;noudo.csv#row=7,,,,<180 µm fine stream sediment
rec-a372d090d26fa07a7393d28b341a36806e67ef7cd9e9e2ee7e9e4ce43fd882e8,src-e4bffd3fd5db320c6a9d6a4e4c11d2656c82b661f87648f83bf04be577b84786,6,Ni,27.493,ppm,sediment,river_sediment_<180um_national_geochemical_map,,,,26.3763,127.8692,EPSG:4326,20,0那覇,,,,LicenseRef-GSJ-Government-Standard-Terms-2.0,government,japan-gsj-geochemical-map,samplejoho.csv#row=7;noudo.csv#row=7,,,,<180 µm fine stream sediment
rec-916b30fc2e56880cae80c158ec0feba6d8be29aef9bdeaff815ecd143dacf50c,src-e4bffd3fd5db320c6a9d6a4e4c11d2656c82b661f87648f83bf04be577b84786,6,Zn,116.628,ppm,sediment,river_sediment_<180um_national_geochemical_map,,,,26.3763,127.8692,EPSG:4326,20,0那覇,,,,LicenseRef-GSJ-Government-Standard-Terms-2.0,government,japan-gsj-geochemical-map,samplejoho.csv#row=7;noudo.csv#row=7,,,,<180 µm fine stream sediment
rec-3fadb810767760513529dc95953d408a69d463591374821e25375e7fbbb75bcd,src-2ebfd4485a7c803eccabcc27b7170c6097c0876f61f9cfb666d6a6da51bed09e,7,As,8.9,ppm,sediment,river_sediment_<180um_national_geochemical_map,,,,26.4561,127.9410,EPSG:4326,20,0那覇,,,,LicenseRef-GSJ-Government-Standard-Terms-2.0,government,japan-gsj-geochemical-map,samplejoho.csv#row=8;noudo.csv#row=8,,,,<180 µm fine stream sediment
rec-3b2b021a5c68154b6a18264455af137f1c30b4c8960093cf2a218f8f19a0fb62,src-2ebfd4485a7c803eccabcc27b7170c6097c0876f61f9cfb666d6a6da51bed09e,7,Cu,8.664,ppm,sediment,river_sediment_<180um_national_geochemical_map,,,,26.4561,127.9410,EPSG:4326,20,0那覇,,,,LicenseRef-GSJ-Government-Standard-Terms-2.0,government,japan-gsj-geochemical-map,samplejoho.csv#row=8;noudo.csv#row=8,,,,<180 µm fine stream sediment
rec-e05e77196bc8969ebd4168802d6a983dc491c37a728eb2482ec52b727fbb4103,src-2ebfd4485a7c803eccabcc27b7170c6097c0876f61f9cfb666d6a6da51bed09e,7,Ni,10.049,ppm,sediment,river_sediment_<180um_national_geochemical_map,,,,26.4561,127.9410,EPSG:4326,20,0那覇,,,,LicenseRef-GSJ-Government-Standard-Terms-2.0,government,japan-gsj-geochemical-map,samplejoho.csv#row=8;noudo.csv#row=8,,,,<180 µm fine stream sediment
rec-87c3c4fae6d6df3376237b73d9dc3efb641919fd2533735f9f7222d7756b3823,src-2ebfd4485a7c803eccabcc27b7170c6097c0876f61f9cfb666d6a6da51bed09e,7,Zn,41.966,ppm,sediment,river_sediment_<180um_national_geochemical_map,,,,26.4561,127.9410,EPSG:4326,20,0那覇,,,,LicenseRef-GSJ-Government-Standard-Terms-2.0,government,japan-gsj-geochemical-map,samplejoho.csv#row=8;noudo.csv#row=8,,,,<180 µm fine stream sediment
rec-5f589e9a13c777f6409a66db00e91bc0e09f686b6e539300996050106b9c709c,src-00871dfe4fabf047a330c5547290aa46175edf04c3c65045c864de642a84c11a,8,As,7.0,ppm,sediment,river_sediment_<180um_national_geochemical_map,,,,26.5208,128.0294,EPSG:4326,20,0那覇,,,,LicenseRef-GSJ-Government-Standard-Terms-2.0,government,japan-gsj-geochemical-map,samplejoho.csv#row=9;noudo.csv#row=9,,,,<180 µm fine stream sediment
rec-6a6f54550bb3d73e42717deccd5fa69a238dd662aa0cfcfda201c73d3bec45ad,src-00871dfe4fabf047a330c5547290aa46175edf04c3c65045c864de642a84c11a,8,Cu,15.850,ppm,sediment,river_sediment_<180um_national_geochemical_map,,,,26.5208,128.0294,EPSG:4326,20,0那覇,,,,LicenseRef-GSJ-Government-Standard-Terms-2.0,government,japan-gsj-geochemical-map,samplejoho.csv#row=9;noudo.csv#row=9,,,,<180 µm fine stream sediment
rec-78bb4dc8cd8380cb8f40e013ceef9fddbef14bcc6f570ee72f93123a8870d071,src-00871dfe4fabf047a330c5547290aa46175edf04c3c65045c864de642a84c11a,8,Ni,17.838,ppm,sediment,river_sediment_<180um_national_geochemical_map,,,,26.5208,128.0294,EPSG:4326,20,0那覇,,,,LicenseRef-GSJ-Government-Standard-Terms-2.0,government,japan-gsj-geochemical-map,samplejoho.csv#row=9;noudo.csv#row=9,,,,<180 µm fine stream sediment
rec-f7de318a24a2952e666fa94221fe5159d359b55ff3cbed8a8be427b2a5a3bcfa,src-00871dfe4fabf047a330c5547290aa46175edf04c3c65045c864de642a84c11a,8,Zn,45.195,ppm,sediment,river_sediment_<180um_national_geochemical_map,,,,26.5208,128.0294,EPSG:4326,20,0那覇,,,,LicenseRef-GSJ-Government-Standard-Terms-2.0,government,japan-gsj-geochemical-map,samplejoho.csv#row=9;noudo.csv#row=9,,,,<180 µm fine stream sediment
rec-bdec9cddeba65bd3c99d71ed2f4de8ba2d12c9333b6727543fd098b73f69f261,src-63af9a751146f3e27f008dbb3ac789340dc643c102e57911a72c662f8c624fa5,9,As,9.4,ppm,sediment,river_sediment_<180um_national_geochemical_map,,,,26.5988,127.9518,EPSG:4326,20,0那覇,,,,LicenseRef-GSJ-Government-Standard-Terms-2.0,government,japan-gsj-geochemical-map,samplejoho.csv#row=10;noudo.csv#row=10,,,,<180 µm fine stream sediment
rec-b694056e9b95882888757ad667444cbff14e7de1894d90b3eced2ea7cda2671c,src-63af9a751146f3e27f008dbb3ac789340dc643c102e57911a72c662f8c624fa5,9,Cu,18.620,ppm,sediment,river_sediment_<180um_national_geochemical_map,,,,26.5988,127.9518,EPSG:4326,20,0那覇,,,,LicenseRef-GSJ-Government-Standard-Terms-2.0,government,japan-gsj-geochemical-map,samplejoho.csv#row=10;noudo.csv#row=10,,,,<180 µm fine stream sediment
rec-a6af30b2765cbdd8dd03b4bb321580c7536816d0e5f122eab1473ab1e4b1746f,src-63af9a751146f3e27f008dbb3ac789340dc643c102e57911a72c662f8c624fa5,9,Ni,25.000,ppm,sediment,river_sediment_<180um_national_geochemical_map,,,,26.5988,127.9518,EPSG:4326,20,0那覇,,,,LicenseRef-GSJ-Government-Standard-Terms-2.0,government,japan-gsj-geochemical-map,samplejoho.csv#row=10;noudo.csv#row=10,,,,<180 µm fine stream sediment
rec-550972b738ec8a9af3e22c927f3cda132d30268307a59a6bd15add37bc2682e4,src-63af9a751146f3e27f008dbb3ac789340dc643c102e57911a72c662f8c624fa5,9,Zn,62.770,ppm,sediment,river_sediment_<180um_national_geochemical_map,,,,26.5988,127.9518,EPSG:4326,20,0那覇,,,,LicenseRef-GSJ-Government-Standard-Terms-2.0,government,japan-gsj-geochemical-map,samplejoho.csv#row=10;noudo.csv#row=10,,,,<180 µm fine stream sediment
rec-2c4f094eac996c15fb97d31f5750e250bf86eb525a03ee87f48ebc4d51166a4c,src-95ec4f84c6b06cb3d8439596d60d13be404f2c05f656e648ff8ff841367bb15e,10,As,7.5,ppm,sediment,river_sediment_<180um_national_geochemical_map,,,,26.6596,127.8999,EPSG:4326,20,0那覇,,,,LicenseRef-GSJ-Government-Standard-Terms-2.0,government,japan-gsj-geochemical-map,samplejoho.csv#row=11;noudo.csv#row=11,,,,<180 µm fine stream sediment
rec-11c63610520def84b9ff491bc0d93bac0acdf9774222179606c2a55e59b3611d,src-95ec4f84c6b06cb3d8439596d60d13be404f2c05f656e648ff8ff841367bb15e,10,Cu,27.740,ppm,sediment,river_sediment_<180um_national_geochemical_map,,,,26.6596,127.8999,EPSG:4326,20,0那覇,,,,LicenseRef-GSJ-Government-Standard-Terms-2.0,government,japan-gsj-geochemical-map,samplejoho.csv#row=11;noudo.csv#row=11,,,,<180 µm fine stream sediment
rec-68890ab8d8ec9274e938c96af97b34291e1779f30c457b31e4df3ced91f98d27,src-95ec4f84c6b06cb3d8439596d60d13be404f2c05f656e648ff8ff841367bb15e,10,Ni,31.720,ppm,sediment,river_sediment_<180um_national_geochemical_map,,,,26.6596,127.8999,EPSG:4326,20,0那覇,,,,LicenseRef-GSJ-Government-Standard-Terms-2.0,government,japan-gsj-geochemical-map,samplejoho.csv#row=11;noudo.csv#row=11,,,,<180 µm fine stream sediment
rec-bee2b1b96c1e659247f860559b3821869924c0d7e509b6a01c67e37a0e182663,src-95ec4f84c6b06cb3d8439596d60d13be404f2c05f656e648ff8ff841367bb15e,10,Zn,91.723,ppm,sediment,river_sediment_<180um_national_geochemical_map,,,,26.6596,127.8999,EPSG:4326,20,0那覇,,,,LicenseRef-GSJ-Government-Standard-Terms-2.0,government,japan-gsj-geochemical-map,samplejoho.csv#row=11;noudo.csv#row=11,,,,<180 µm fine stream sediment
rec-f32f359ea24c374a23f98f853541f98b18b45445ec9fcf9dac1b993482d94f3a,src-34d63c2cc28df735588b056e385a2bca0dc6645f900485b638bfaa514efb0182,11,As,10.6,ppm,sediment,river_sediment_<180um_national_geochemical_map,,,,26.6864,127.9752,EPSG:4326,20,0与論島,,,,LicenseRef-GSJ-Government-Standard-Terms-2.0,government,japan-gsj-geochemical-map,samplejoho.csv#row=12;noudo.csv#row=12,,,,<180 µm fine stream sediment
rec-52d7aab5dfb180320a6a3f5ab8b09404da7aedc8f4150096433c110689c638c0,src-34d63c2cc28df735588b056e385a2bca0dc6645f900485b638bfaa514efb0182,11,Cu,35.693,ppm,sediment,river_sediment_<180um_national_geochemical_map,,,,26.6864,127.9752,EPSG:4326,20,0与論島,,,,LicenseRef-GSJ-Government-Standard-Terms-2.0,government,japan-gsj-geochemical-map,samplejoho.csv#row=12;noudo.csv#row=12,,,,<180 µm fine stream sediment
rec-daf0040c57ee273c9cea27046cd5d738955e3d109b56045392994ca41c96353d,src-34d63c2cc28df735588b056e385a2bca0dc6645f900485b638bfaa514efb0182,11,Ni,35.382,ppm,sediment,river_sediment_<180um_national_geochemical_map,,,,26.6864,127.9752,EPSG:4326,20,0与論島,,,,LicenseRef-GSJ-Government-Standard-Terms-2.0,government,japan-gsj-geochemical-map,samplejoho.csv#row=12;noudo.csv#row=12,,,,<180 µm fine stream sediment
rec-459441ac2f68ff014d3c2ac95800bfe70a46c61cf25bd0d4ac1690f90227240b,src-34d63c2cc28df735588b056e385a2bca0dc6645f900485b638bfaa514efb0182,11,Zn,93.738,ppm,sediment,river_sediment_<180um_national_geochemical_map,,,,26.6864,127.9752,EPSG:4326,20,0与論島,,,,LicenseRef-GSJ-Government-Standard-Terms-2.0,government,japan-gsj-geochemical-map,samplejoho.csv#row=12;noudo.csv#row=12,,,,<180 µm fine stream sediment
rec-45aaaf5d4840f0046c8425969c3ed1a334eef58ecc4a4b0eae8fd29e2f3aa033,src-d3c0eb362831e2c9614b088e04eb5f6e1538d499d79c52375e220bb8bc4d006c,12,As,4.5,ppm,sediment,river_sediment_<180um_national_geochemical_map,,,,26.6344,128.0647,EPSG:4326,20,0那覇,,,,LicenseRef-GSJ-Government-Standard-Terms-2.0,government,japan-gsj-geochemical-map,samplejoho.csv#row=13;noudo.csv#row=13,,,,<180 µm fine stream sediment
rec-f998bc65485ea98a376a1a48647db9ab0f5f58b67b066d9b8b893cdcb6d92e91,src-d3c0eb362831e2c9614b088e04eb5f6e1538d499d79c52375e220bb8bc4d006c,12,Cu,20.284,ppm,sediment,river_sediment_<180um_national_geochemical_map,,,,26.6344,128.0647,EPSG:4326,20,0那覇,,,,LicenseRef-GSJ-Government-Standard-Terms-2.0,government,japan-gsj-geochemical-map,samplejoho.csv#row=13;noudo.csv#row=13,,,,<180 µm fine stream sediment
rec-3ab613e70f7fabc998ced2eb42be719d5bd9a6dbf3d4319b830c52e57dd14a0a,src-d3c0eb362831e2c9614b088e04eb5f6e1538d499d79c52375e220bb8bc4d006c,12,Ni,28.273,ppm,sediment,river_sediment_<180um_national_geochemical_map,,,,26.6344,128.0647,EPSG:4326,20,0那覇,,,,LicenseRef-GSJ-Government-Standard-Terms-2.0,government,japan-gsj-geochemical-map,samplejoho.csv#row=13;noudo.csv#row=13,,,,<180 µm fine stream sediment
rec-00c93d28d3c2ad7d035ad74581d1c970d3aad3f674630ba19f82b6cdb203bac0,src-d3c0eb362831e2c9614b088e04eb5f6e1538d499d79c52375e220bb8bc4d006c,12,Zn,62.807,ppm,sediment,river_sediment_<180um_national_geochemical_map,,,,26.6344,128.0647,EPSG:4326,20,0那覇,,,,LicenseRef-GSJ-Government-Standard-Terms-2.0,government,japan-gsj-geochemical-map,samplejoho.csv#row=13;noudo.csv#row=13,,,,<180 µm fine stream sediment
rec-a401738d9f03a42a8ac869956e369e42b441885e5ed9bb4420a46ad621aea485,src-0e05c733f272d431420e373279147fd31c8c25ef84e142f983ab6b1bbad6e3b0,SC-5,As,14.84,mg/kg,soil,deflatable_soil_fraction_total_acid_digest,,,,30.6700,11.7300,EPSG:4326,,PSA LAM (Libya-Algeria-Mali),Agilent 7900 quadrupole ICP-MS; 2.5% HNO3 eluent,HF-HNO3 acid digestion,,CC-BY-4.0,official_curated,pangaea-north-africa-soil,Table_S5.tab#row=115,,,,<20 µm fine silt-clay fraction
rec-aa4780b9baa05c3dc629fa5f3bd0e68fcd7f7bf983bbcf6eeb57efef7c4d4ead,src-0e05c733f272d431420e373279147fd31c8c25ef84e142f983ab6b1bbad6e3b0,SC-5,Cu,49.47,mg/kg,soil,deflatable_soil_fraction_total_acid_digest,,,,30.6700,11.7300,EPSG:4326,,PSA LAM (Libya-Algeria-Mali),Agilent 7900 quadrupole ICP-MS; 2.5% HNO3 eluent,HF-HNO3 acid digestion,,CC-BY-4.0,official_curated,pangaea-north-africa-soil,Table_S5.tab#row=115,,,,<20 µm fine silt-clay fraction
rec-eb03c751ea054a852e349682fa23a4bb7722fdf31179d608a2e68195fb22ba10,src-0e05c733f272d431420e373279147fd31c8c25ef84e142f983ab6b1bbad6e3b0,SC-5,Ni,74.24,mg/kg,soil,deflatable_soil_fraction_total_acid_digest,,,,30.6700,11.7300,EPSG:4326,,PSA LAM (Libya-Algeria-Mali),Agilent 7900 quadrupole ICP-MS; 2.5% HNO3 eluent,HF-HNO3 acid digestion,,CC-BY-4.0,official_curated,pangaea-north-africa-soil,Table_S5.tab#row=115,,,,<20 µm fine silt-clay fraction
rec-66e5109cae539a634ec417ad2eeb218759901746d6dddd0bd752252ecba167e5,src-0e05c733f272d431420e373279147fd31c8c25ef84e142f983ab6b1bbad6e3b0,SC-5,Zn,162.8,mg/kg,soil,deflatable_soil_fraction_total_acid_digest,,,,30.6700,11.7300,EPSG:4326,,PSA LAM (Libya-Algeria-Mali),Agilent 7900 quadrupole ICP-MS; 2.5% HNO3 eluent,HF-HNO3 acid digestion,,CC-BY-4.0,official_curated,pangaea-north-africa-soil,Table_S5.tab#row=115,,,,<20 µm fine silt-clay fraction
rec-a44da2e77de7ed53ee0ec826e6520d4028cae498f5eaa9fbd21f2d07ecadd32e,src-8a9ae8099037da6db634b3676dd754259100ff2ecd671891397cbb6dfcbf2491,SC-7,As,12.87,mg/kg,soil,deflatable_soil_fraction_total_acid_digest,,,,30.6700,11.7300,EPSG:4326,,PSA LAM (Libya-Algeria-Mali),Agilent 7900 quadrupole ICP-MS; 2.5% HNO3 eluent,HF-HNO3 acid digestion,,CC-BY-4.0,official_curated,pangaea-north-africa-soil,Table_S5.tab#row=116,,,,<20 µm fine silt-clay fraction
rec-37696a31a1265b0538d458c22fcf35b1776fa5f7ade6518206ef7f5703f12a0f,src-8a9ae8099037da6db634b3676dd754259100ff2ecd671891397cbb6dfcbf2491,SC-7,Cu,37.91,mg/kg,soil,deflatable_soil_fraction_total_acid_digest,,,,30.6700,11.7300,EPSG:4326,,PSA LAM (Libya-Algeria-Mali),Agilent 7900 quadrupole ICP-MS; 2.5% HNO3 eluent,HF-HNO3 acid digestion,,CC-BY-4.0,official_curated,pangaea-north-africa-soil,Table_S5.tab#row=116,,,,<20 µm fine silt-clay fraction
rec-c2a62a2cf309b67d938f3e9bc7707ae4d30837eb6f1bdb9ef246a514395948a1,src-8a9ae8099037da6db634b3676dd754259100ff2ecd671891397cbb6dfcbf2491,SC-7,Ni,57.24,mg/kg,soil,deflatable_soil_fraction_total_acid_digest,,,,30.6700,11.7300,EPSG:4326,,PSA LAM (Libya-Algeria-Mali),Agilent 7900 quadrupole ICP-MS; 2.5% HNO3 eluent,HF-HNO3 acid digestion,,CC-BY-4.0,official_curated,pangaea-north-africa-soil,Table_S5.tab#row=116,,,,<20 µm fine silt-clay fraction
rec-c9c323b83abad0b270d681a3b7bb17c960e3359cd18e6da3e73312f7beba888f,src-8a9ae8099037da6db634b3676dd754259100ff2ecd671891397cbb6dfcbf2491,SC-7,Zn,131.3,mg/kg,soil,deflatable_soil_fraction_total_acid_digest,,,,30.6700,11.7300,EPSG:4326,,PSA LAM (Libya-Algeria-Mali),Agilent 7900 quadrupole ICP-MS; 2.5% HNO3 eluent,HF-HNO3 acid digestion,,CC-BY-4.0,official_curated,pangaea-north-africa-soil,Table_S5.tab#row=116,,,,<20 µm fine silt-clay fraction
rec-9c851ecb134350f5535ab5ded37e16b17aac9a60f34b8fd94970054b33586fb3,src-b4edd3f7269784683f202921b87ba6f9475734d83cc7c93bf3c09426cd7ec574,SC-8,As,9.67,mg/kg,soil,deflatable_soil_fraction_total_acid_digest,,,,30.6700,11.7300,EPSG:4326,,PSA LAM (Libya-Algeria-Mali),Agilent 7900 quadrupole ICP-MS; 2.5% HNO3 eluent,HF-HNO3 acid digestion,,CC-BY-4.0,official_curated,pangaea-north-africa-soil,Table_S5.tab#row=117,,,,<20 µm fine silt-clay fraction
rec-7366d4ba564bd6529364238d5b1273c63c1c0ad1605c7f09d7342f1b3fe68f32,src-b4edd3f7269784683f202921b87ba6f9475734d83cc7c93bf3c09426cd7ec574,SC-8,Cu,30.51,mg/kg,soil,deflatable_soil_fraction_total_acid_digest,,,,30.6700,11.7300,EPSG:4326,,PSA LAM (Libya-Algeria-Mali),Agilent 7900 quadrupole ICP-MS; 2.5% HNO3 eluent,HF-HNO3 acid digestion,,CC-BY-4.0,official_curated,pangaea-north-africa-soil,Table_S5.tab#row=117,,,,<20 µm fine silt-clay fraction
rec-4595ed66d9402bcd4f794a4f676d457808eb523653afbcf343e0a2ade67b42df,src-b4edd3f7269784683f202921b87ba6f9475734d83cc7c93bf3c09426cd7ec574,SC-8,Ni,46.37,mg/kg,soil,deflatable_soil_fraction_total_acid_digest,,,,30.6700,11.7300,EPSG:4326,,PSA LAM (Libya-Algeria-Mali),Agilent 7900 quadrupole ICP-MS; 2.5% HNO3 eluent,HF-HNO3 acid digestion,,CC-BY-4.0,official_curated,pangaea-north-africa-soil,Table_S5.tab#row=117,,,,<20 µm fine silt-clay fraction
rec-686a02a7ecbe7cccba5469744b109a2e24f98cd74a5613d554d3f713c04c966b,src-b4edd3f7269784683f202921b87ba6f9475734d83cc7c93bf3c09426cd7ec574,SC-8,Zn,103.1,mg/kg,soil,deflatable_soil_fraction_total_acid_digest,,,,30.6700,11.7300,EPSG:4326,,PSA LAM (Libya-Algeria-Mali),Agilent 7900 quadrupole ICP-MS; 2.5% HNO3 eluent,HF-HNO3 acid digestion,,CC-BY-4.0,official_curated,pangaea-north-africa-soil,Table_S5.tab#row=117,,,,<20 µm fine silt-clay fraction
rec-11a1d2d955630535b1b8c7b18b74fef7aed2ad2ba2c295aa70e325a21c62008c,src-67b051ea6d7859c813f7fcdb0df07d3019db2165ffa02fc82c2d98a4d022190e,SC-21,As,10.62,mg/kg,soil,deflatable_soil_fraction_total_acid_digest,,,,27.0100,14.4600,EPSG:4326,,PSA LAM (Libya-Algeria-Mali),Agilent 7900 quadrupole ICP-MS; 2.5% HNO3 eluent,HF-HNO3 acid digestion,,CC-BY-4.0,official_curated,pangaea-north-africa-soil,Table_S5.tab#row=118,,,,<20 µm fine silt-clay fraction
rec-9b6b9c80ca50e7142039b3d62ba08edc88fa70165f12731bca1144685aa1fefb,src-67b051ea6d7859c813f7fcdb0df07d3019db2165ffa02fc82c2d98a4d022190e,SC-21,Cu,30.67,mg/kg,soil,deflatable_soil_fraction_total_acid_digest,,,,27.0100,14.4600,EPSG:4326,,PSA LAM (Libya-Algeria-Mali),Agilent 7900 quadrupole ICP-MS; 2.5% HNO3 eluent,HF-HNO3 acid digestion,,CC-BY-4.0,official_curated,pangaea-north-africa-soil,Table_S5.tab#row=118,,,,<20 µm fine silt-clay fraction
rec-efdb0eea45bc8f14dfa212620a6f0223bb4a876d36dce6c2edd8576e9daece4f,src-67b051ea6d7859c813f7fcdb0df07d3019db2165ffa02fc82c2d98a4d022190e,SC-21,Ni,56.07,mg/kg,soil,deflatable_soil_fraction_total_acid_digest,,,,27.0100,14.4600,EPSG:4326,,PSA LAM (Libya-Algeria-Mali),Agilent 7900 quadrupole ICP-MS; 2.5% HNO3 eluent,HF-HNO3 acid digestion,,CC-BY-4.0,official_curated,pangaea-north-africa-soil,Table_S5.tab#row=118,,,,<20 µm fine silt-clay fraction
rec-9980911b4cffdaf9e3264a489ceac0b900ebec721ec7ab06f177938ab462cc8e,src-67b051ea6d7859c813f7fcdb0df07d3019db2165ffa02fc82c2d98a4d022190e,SC-21,Zn,126.8,mg/kg,soil,deflatable_soil_fraction_total_acid_digest,,,,27.0100,14.4600,EPSG:4326,,PSA LAM (Libya-Algeria-Mali),Agilent 7900 quadrupole ICP-MS; 2.5% HNO3 eluent,HF-HNO3 acid digestion,,CC-BY-4.0,official_curated,pangaea-north-africa-soil,Table_S5.tab#row=118,,,,<20 µm fine silt-clay fraction
rec-f83f07303af04e77fe3174dc9f7ec385dae2f6ce075caec1661fcf97ca41bfae,src-ec2cfbcd1391ae7d824689330387951e4782d7db6433b39ef8d108a9d5973b73,SC-24,As,13.12,mg/kg,soil,deflatable_soil_fraction_total_acid_digest,,,,27.0100,14.4600,EPSG:4326,,PSA LAM (Libya-Algeria-Mali),Agilent 7900 quadrupole ICP-MS; 2.5% HNO3 eluent,HF-HNO3 acid digestion,,CC-BY-4.0,official_curated,pangaea-north-africa-soil,Table_S5.tab#row=119,,,,<20 µm fine silt-clay fraction
rec-9af6f43051e07ef58fccd88e131dcb993df2bb0a52bb89457fbc469737a19e5d,src-ec2cfbcd1391ae7d824689330387951e4782d7db6433b39ef8d108a9d5973b73,SC-24,Cu,27.36,mg/kg,soil,deflatable_soil_fraction_total_acid_digest,,,,27.0100,14.4600,EPSG:4326,,PSA LAM (Libya-Algeria-Mali),Agilent 7900 quadrupole ICP-MS; 2.5% HNO3 eluent,HF-HNO3 acid digestion,,CC-BY-4.0,official_curated,pangaea-north-africa-soil,Table_S5.tab#row=119,,,,<20 µm fine silt-clay fraction
rec-1a17bf77d41241fae3d0ca490f4793dd5f3bcecd1ddcf1f00f36f4130cf79e0e,src-ec2cfbcd1391ae7d824689330387951e4782d7db6433b39ef8d108a9d5973b73,SC-24,Ni,53.22,mg/kg,soil,deflatable_soil_fraction_total_acid_digest,,,,27.0100,14.4600,EPSG:4326,,PSA LAM (Libya-Algeria-Mali),Agilent 7900 quadrupole ICP-MS; 2.5% HNO3 eluent,HF-HNO3 acid digestion,,CC-BY-4.0,official_curated,pangaea-north-africa-soil,Table_S5.tab#row=119,,,,<20 µm fine silt-clay fraction
rec-1d8c12ff15bb7bdda00f36e5366c94bd1c8afc8220aecb738a808139b99706e5,src-ec2cfbcd1391ae7d824689330387951e4782d7db6433b39ef8d108a9d5973b73,SC-24,Zn,100.6,mg/kg,soil,deflatable_soil_fraction_total_acid_digest,,,,27.0100,14.4600,EPSG:4326,,PSA LAM (Libya-Algeria-Mali),Agilent 7900 quadrupole ICP-MS; 2.5% HNO3 eluent,HF-HNO3 acid digestion,,CC-BY-4.0,official_curated,pangaea-north-africa-soil,Table_S5.tab#row=119,,,,<20 µm fine silt-clay fraction
rec-bd539665884fd9340206acc0cec4942ce2b0285ee1707eff72ae1bc8623eecc9,src-80132b3956154c4ea82a02790dee301413c481f7e89a2a7ed1a44a051a78d3d9,SC-105,As,8.84,mg/kg,soil,deflatable_soil_fraction_total_acid_digest,,,,23.9500,5.4700,EPSG:4326,,PSA LAM (Libya-Algeria-Mali),Agilent 7900 quadrupole ICP-MS; 2.5% HNO3 eluent,HF-HNO3 acid digestion,,CC-BY-4.0,official_curated,pangaea-north-africa-soil,Table_S5.tab#row=120,,,,<20 µm fine silt-clay fraction
rec-fff31577d6ee6b080ea38f217c5259b2ed83dd9e11e9d65dd134a1a21a48ee32,src-80132b3956154c4ea82a02790dee301413c481f7e89a2a7ed1a44a051a78d3d9,SC-105,Cu,36.36,mg/kg,soil,deflatable_soil_fraction_total_acid_digest,,,,23.9500,5.4700,EPSG:4326,,PSA LAM (Libya-Algeria-Mali),Agilent 7900 quadrupole ICP-MS; 2.5% HNO3 eluent,HF-HNO3 acid digestion,,CC-BY-4.0,official_curated,pangaea-north-africa-soil,Table_S5.tab#row=120,,,,<20 µm fine silt-clay fraction
rec-979eed37b21e7f2072a7dc531dde427c17441d71d2f3bca62d9d0bfa0b54ef0a,src-80132b3956154c4ea82a02790dee301413c481f7e89a2a7ed1a44a051a78d3d9,SC-105,Ni,48.84,mg/kg,soil,deflatable_soil_fraction_total_acid_digest,,,,23.9500,5.4700,EPSG:4326,,PSA LAM (Libya-Algeria-Mali),Agilent 7900 quadrupole ICP-MS; 2.5% HNO3 eluent,HF-HNO3 acid digestion,,CC-BY-4.0,official_curated,pangaea-north-africa-soil,Table_S5.tab#row=120,,,,<20 µm fine silt-clay fraction
rec-3491f52245b1e473a1bef745713d42ca9b8877db83745d2816c78e2f5418dea8,src-80132b3956154c4ea82a02790dee301413c481f7e89a2a7ed1a44a051a78d3d9,SC-105,Zn,98.2,mg/kg,soil,deflatable_soil_fraction_total_acid_digest,,,,23.9500,5.4700,EPSG:4326,,PSA LAM (Libya-Algeria-Mali),Agilent 7900 quadrupole ICP-MS; 2.5% HNO3 eluent,HF-HNO3 acid digestion,,CC-BY-4.0,official_curated,pangaea-north-africa-soil,Table_S5.tab#row=120,,,,<20 µm fine silt-clay fraction
rec-1d27f55addb231f5edcc8e70d94b1454108d16ca6f650c4805d86b538fd91fd9,src-3f00f0474c8dd277e81e9158a50a1baf09987ab59949a32a2ddae8894f29d546,SC-56,As,11.08,mg/kg,soil,deflatable_soil_fraction_total_acid_digest,,,,17.0200,-3.0800,EPSG:4326,,PSA LAM (Libya-Algeria-Mali),Agilent 7900 quadrupole ICP-MS; 2.5% HNO3 eluent,HF-HNO3 acid digestion,,CC-BY-4.0,official_curated,pangaea-north-africa-soil,Table_S5.tab#row=121,,,,<20 µm fine silt-clay fraction
rec-937bbe5cc8077b3a0f72de78dcf7ed028771d7b682d5e986a0ea6c403ccb9480,src-3f00f0474c8dd277e81e9158a50a1baf09987ab59949a32a2ddae8894f29d546,SC-56,Cu,52.85,mg/kg,soil,deflatable_soil_fraction_total_acid_digest,,,,17.0200,-3.0800,EPSG:4326,,PSA LAM (Libya-Algeria-Mali),Agilent 7900 quadrupole ICP-MS; 2.5% HNO3 eluent,HF-HNO3 acid digestion,,CC-BY-4.0,official_curated,pangaea-north-africa-soil,Table_S5.tab#row=121,,,,<20 µm fine silt-clay fraction
rec-2b36115e374fe9035fe14266d0f84012c1864f9ed40325be4e6666f2334e4bab,src-3f00f0474c8dd277e81e9158a50a1baf09987ab59949a32a2ddae8894f29d546,SC-56,Ni,90.45,mg/kg,soil,deflatable_soil_fraction_total_acid_digest,,,,17.0200,-3.0800,EPSG:4326,,PSA LAM (Libya-Algeria-Mali),Agilent 7900 quadrupole ICP-MS; 2.5% HNO3 eluent,HF-HNO3 acid digestion,,CC-BY-4.0,official_curated,pangaea-north-africa-soil,Table_S5.tab#row=121,,,,<20 µm fine silt-clay fraction
rec-cabef6e5540ade7e8625c58ad92728d04870545aee15126e64a6776729f64ea4,src-3f00f0474c8dd277e81e9158a50a1baf09987ab59949a32a2ddae8894f29d546,SC-56,Zn,170.8,mg/kg,soil,deflatable_soil_fraction_total_acid_digest,,,,17.0200,-3.0800,EPSG:4326,,PSA LAM (Libya-Algeria-Mali),Agilent 7900 quadrupole ICP-MS; 2.5% HNO3 eluent,HF-HNO3 acid digestion,,CC-BY-4.0,official_curated,pangaea-north-africa-soil,Table_S5.tab#row=121,,,,<20 µm fine silt-clay fraction
rec-5794106122e1126675fd45e06588d74b6abaa4d2631afcd2822cf49bca80d2d5,src-1c1bbf3df0dd94f53172eade59007eec2d699c94510eac68af0e067384639a71,SC-71,As,25.47,mg/kg,soil,deflatable_soil_fraction_total_acid_digest,,,,29.3000,1.2200,EPSG:4326,,PSA LAM (Libya-Algeria-Mali),Agilent 7900 quadrupole ICP-MS; 2.5% HNO3 eluent,HF-HNO3 acid digestion,,CC-BY-4.0,official_curated,pangaea-north-africa-soil,Table_S5.tab#row=122,,,,<20 µm fine silt-clay fraction
rec-9208b4f86d88c562e276452d3468df2a3dfe850c812280ff271ff555cb2ce21f,src-1c1bbf3df0dd94f53172eade59007eec2d699c94510eac68af0e067384639a71,SC-71,Cu,65.72,mg/kg,soil,deflatable_soil_fraction_total_acid_digest,,,,29.3000,1.2200,EPSG:4326,,PSA LAM (Libya-Algeria-Mali),Agilent 7900 quadrupole ICP-MS; 2.5% HNO3 eluent,HF-HNO3 acid digestion,,CC-BY-4.0,official_curated,pangaea-north-africa-soil,Table_S5.tab#row=122,,,,<20 µm fine silt-clay fraction
rec-44d1ebedc94bf9c0c28007153781aadad17ee4564ef9fb08a62688a546284ab0,src-1c1bbf3df0dd94f53172eade59007eec2d699c94510eac68af0e067384639a71,SC-71,Ni,88.20,mg/kg,soil,deflatable_soil_fraction_total_acid_digest,,,,29.3000,1.2200,EPSG:4326,,PSA LAM (Libya-Algeria-Mali),Agilent 7900 quadrupole ICP-MS; 2.5% HNO3 eluent,HF-HNO3 acid digestion,,CC-BY-4.0,official_curated,pangaea-north-africa-soil,Table_S5.tab#row=122,,,,<20 µm fine silt-clay fraction
rec-e726df88186b26d40a06be1bf198cd6d14e23eedca918a5fc3b9b7b960da407c,src-1c1bbf3df0dd94f53172eade59007eec2d699c94510eac68af0e067384639a71,SC-71,Zn,185.0,mg/kg,soil,deflatable_soil_fraction_total_acid_digest,,,,29.3000,1.2200,EPSG:4326,,PSA LAM (Libya-Algeria-Mali),Agilent 7900 quadrupole ICP-MS; 2.5% HNO3 eluent,HF-HNO3 acid digestion,,CC-BY-4.0,official_curated,pangaea-north-africa-soil,Table_S5.tab#row=122,,,,<20 µm fine silt-clay fraction
rec-fc5496b1b7f772201919e5c89554a84df0ad663041bd2ea63645f37f132c959b,src-5f50cb916ac54a02fd6aeb8344388d6d94f9b2cfcaf590bdbfc2f037939ea300,SC-72,As,11.33,mg/kg,soil,deflatable_soil_fraction_total_acid_digest,,,,24.2000,0.6700,EPSG:4326,,PSA LAM (Libya-Algeria-Mali),Agilent 7900 quadrupole ICP-MS; 2.5% HNO3 eluent,HF-HNO3 acid digestion,,CC-BY-4.0,official_curated,pangaea-north-africa-soil,Table_S5.tab#row=123,,,,<20 µm fine silt-clay fraction
rec-4af15711aed1c9f88e1215bac3b37fa8d75be35d83d15ebb6bb5c62d98644a49,src-5f50cb916ac54a02fd6aeb8344388d6d94f9b2cfcaf590bdbfc2f037939ea300,SC-72,Cu,42.85,mg/kg,soil,deflatable_soil_fraction_total_acid_digest,,,,24.2000,0.6700,EPSG:4326,,PSA LAM (Libya-Algeria-Mali),Agilent 7900 quadrupole ICP-MS; 2.5% HNO3 eluent,HF-HNO3 acid digestion,,CC-BY-4.0,official_curated,pangaea-north-africa-soil,Table_S5.tab#row=123,,,,<20 µm fine silt-clay fraction
rec-5562403cb1492357160c88c347ee989af421b58c3a09fd18212b45c40f4679ed,src-5f50cb916ac54a02fd6aeb8344388d6d94f9b2cfcaf590bdbfc2f037939ea300,SC-72,Ni,62.35,mg/kg,soil,deflatable_soil_fraction_total_acid_digest,,,,24.2000,0.6700,EPSG:4326,,PSA LAM (Libya-Algeria-Mali),Agilent 7900 quadrupole ICP-MS; 2.5% HNO3 eluent,HF-HNO3 acid digestion,,CC-BY-4.0,official_curated,pangaea-north-africa-soil,Table_S5.tab#row=123,,,,<20 µm fine silt-clay fraction
rec-f141fa2ec2f3865e5a35595f13fc15660f384641df01c2104bfe88c340aca639,src-5f50cb916ac54a02fd6aeb8344388d6d94f9b2cfcaf590bdbfc2f037939ea300,SC-72,Zn,113.9,mg/kg,soil,deflatable_soil_fraction_total_acid_digest,,,,24.2000,0.6700,EPSG:4326,,PSA LAM (Libya-Algeria-Mali),Agilent 7900 quadrupole ICP-MS; 2.5% HNO3 eluent,HF-HNO3 acid digestion,,CC-BY-4.0,official_curated,pangaea-north-africa-soil,Table_S5.tab#row=123,,,,<20 µm fine silt-clay fraction
rec-f497f1dc2256b0b3b6eccd6ad818d648ae7cf379ba8d47aa4d61ef89f31da5d3,src-92665373c1d67d8be016031a99e1515c59f8e0e81621474a01e63ec1f7951dfd,SC-73,As,8.01,mg/kg,soil,deflatable_soil_fraction_total_acid_digest,,,,22.2500,1.1300,EPSG:4326,,PSA LAM (Libya-Algeria-Mali),Agilent 7900 quadrupole ICP-MS; 2.5% HNO3 eluent,HF-HNO3 acid digestion,,CC-BY-4.0,official_curated,pangaea-north-africa-soil,Table_S5.tab#row=124,,,,<20 µm fine silt-clay fraction
rec-753e89678b2f2b531ac04acc3ceb0a5afb2f0c0100382265b7b478374493a430,src-92665373c1d67d8be016031a99e1515c59f8e0e81621474a01e63ec1f7951dfd,SC-73,Cu,44.48,mg/kg,soil,deflatable_soil_fraction_total_acid_digest,,,,22.2500,1.1300,EPSG:4326,,PSA LAM (Libya-Algeria-Mali),Agilent 7900 quadrupole ICP-MS; 2.5% HNO3 eluent,HF-HNO3 acid digestion,,CC-BY-4.0,official_curated,pangaea-north-africa-soil,Table_S5.tab#row=124,,,,<20 µm fine silt-clay fraction
rec-eb69593d9d34547bae29f010f8e6a29be980dbd20256d40d9463a18d18940145,src-92665373c1d67d8be016031a99e1515c59f8e0e81621474a01e63ec1f7951dfd,SC-73,Ni,65.14,mg/kg,soil,deflatable_soil_fraction_total_acid_digest,,,,22.2500,1.1300,EPSG:4326,,PSA LAM (Libya-Algeria-Mali),Agilent 7900 quadrupole ICP-MS; 2.5% HNO3 eluent,HF-HNO3 acid digestion,,CC-BY-4.0,official_curated,pangaea-north-africa-soil,Table_S5.tab#row=124,,,,<20 µm fine silt-clay fraction
rec-04cc1bd71f8f3eceeb4127f2e9f930b48c2c1827b925be832ad5975e11feb3cd,src-92665373c1d67d8be016031a99e1515c59f8e0e81621474a01e63ec1f7951dfd,SC-73,Zn,114.7,mg/kg,soil,deflatable_soil_fraction_total_acid_digest,,,,22.2500,1.1300,EPSG:4326,,PSA LAM (Libya-Algeria-Mali),Agilent 7900 quadrupole ICP-MS; 2.5% HNO3 eluent,HF-HNO3 acid digestion,,CC-BY-4.0,official_curated,pangaea-north-africa-soil,Table_S5.tab#row=124,,,,<20 µm fine silt-clay fraction
rec-2fc44538f7966b251dd8a58416ebf1005d182995c9edd4ee75babf43afc87f39,src-4be7f101f5548762bb2ccbf1f8a9b494bce36f6e6be72e879e43559e7edc31b1,SC-74,As,7.52,mg/kg,soil,deflatable_soil_fraction_total_acid_digest,,,,20.0000,0.9200,EPSG:4326,,PSA LAM (Libya-Algeria-Mali),Agilent 7900 quadrupole ICP-MS; 2.5% HNO3 eluent,HF-HNO3 acid digestion,,CC-BY-4.0,official_curated,pangaea-north-africa-soil,Table_S5.tab#row=125,,,,<20 µm fine silt-clay fraction
rec-07fe9f765c6e61aafa89ea75a9e34775a337ba5960321f5b95ad5df04212ae23,src-4be7f101f5548762bb2ccbf1f8a9b494bce36f6e6be72e879e43559e7edc31b1,SC-74,Cu,56.56,mg/kg,soil,deflatable_soil_fraction_total_acid_digest,,,,20.0000,0.9200,EPSG:4326,,PSA LAM (Libya-Algeria-Mali),Agilent 7900 quadrupole ICP-MS; 2.5% HNO3 eluent,HF-HNO3 acid digestion,,CC-BY-4.0,official_curated,pangaea-north-africa-soil,Table_S5.tab#row=125,,,,<20 µm fine silt-clay fraction
rec-cb3c118259ef45b4aa80cd4bbd7aea54b26eff766b632482e53600b4268fe537,src-4be7f101f5548762bb2ccbf1f8a9b494bce36f6e6be72e879e43559e7edc31b1,SC-74,Ni,72.52,mg/kg,soil,deflatable_soil_fraction_total_acid_digest,,,,20.0000,0.9200,EPSG:4326,,PSA LAM (Libya-Algeria-Mali),Agilent 7900 quadrupole ICP-MS; 2.5% HNO3 eluent,HF-HNO3 acid digestion,,CC-BY-4.0,official_curated,pangaea-north-africa-soil,Table_S5.tab#row=125,,,,<20 µm fine silt-clay fraction
rec-88c26c533d39aa26b9c2f6a522c29398bff72ed9f9d13bf4b5b1e492c108d787,src-4be7f101f5548762bb2ccbf1f8a9b494bce36f6e6be72e879e43559e7edc31b1,SC-74,Zn,157.2,mg/kg,soil,deflatable_soil_fraction_total_acid_digest,,,,20.0000,0.9200,EPSG:4326,,PSA LAM (Libya-Algeria-Mali),Agilent 7900 quadrupole ICP-MS; 2.5% HNO3 eluent,HF-HNO3 acid digestion,,CC-BY-4.0,official_curated,pangaea-north-africa-soil,Table_S5.tab#row=125,,,,<20 µm fine silt-clay fraction
rec-00da0648e02e4464ace459e409b93a951017c59266332780cdfa0ab04beb4b80,src-eb6a513eea2f0b7fd08063d6efa36d303416e6acf4fa161f0cd6ca5c6eb4e1af,SC-75,As,5.92,mg/kg,soil,deflatable_soil_fraction_total_acid_digest,,,,19.8300,0.9200,EPSG:4326,,PSA LAM (Libya-Algeria-Mali),Agilent 7900 quadrupole ICP-MS; 2.5% HNO3 eluent,HF-HNO3 acid digestion,,CC-BY-4.0,official_curated,pangaea-north-africa-soil,Table_S5.tab#row=126,,,,<20 µm fine silt-clay fraction
rec-53a9f1c1d2301b7b81cb24fdf43ea13e03dda1653b44330a89af3ee7078927dc,src-eb6a513eea2f0b7fd08063d6efa36d303416e6acf4fa161f0cd6ca5c6eb4e1af,SC-75,Cu,52.05,mg/kg,soil,deflatable_soil_fraction_total_acid_digest,,,,19.8300,0.9200,EPSG:4326,,PSA LAM (Libya-Algeria-Mali),Agilent 7900 quadrupole ICP-MS; 2.5% HNO3 eluent,HF-HNO3 acid digestion,,CC-BY-4.0,official_curated,pangaea-north-africa-soil,Table_S5.tab#row=126,,,,<20 µm fine silt-clay fraction
rec-599561a93c4acb7d8be92c85ac15e5e87a81a387f7be10aa654186b18ddca294,src-eb6a513eea2f0b7fd08063d6efa36d303416e6acf4fa161f0cd6ca5c6eb4e1af,SC-75,Ni,62.45,mg/kg,soil,deflatable_soil_fraction_total_acid_digest,,,,19.8300,0.9200,EPSG:4326,,PSA LAM (Libya-Algeria-Mali),Agilent 7900 quadrupole ICP-MS; 2.5% HNO3 eluent,HF-HNO3 acid digestion,,CC-BY-4.0,official_curated,pangaea-north-africa-soil,Table_S5.tab#row=126,,,,<20 µm fine silt-clay fraction
rec-767bc32c0dda5f461721eebf12a4fc7355433722453c0e2fa01e33782c786868,src-eb6a513eea2f0b7fd08063d6efa36d303416e6acf4fa161f0cd6ca5c6eb4e1af,SC-75,Zn,137.1,mg/kg,soil,deflatable_soil_fraction_total_acid_digest,,,,19.8300,0.9200,EPSG:4326,,PSA LAM (Libya-Algeria-Mali),Agilent 7900 quadrupole ICP-MS; 2.5% HNO3 eluent,HF-HNO3 acid digestion,,CC-BY-4.0,official_curated,pangaea-north-africa-soil,Table_S5.tab#row=126,,,,<20 µm fine silt-clay fraction
