record_id,source_record_id,sample_id,element_or_analyte,analyte_reported,value,unit,medium,material,measurement_basis,value_qualifier,missing_reason,detection_limit,detection_limit_unit,original_latitude_raw,original_longitude_raw,latitude,longitude,source_crs,coordinate_transform_method,coordinate_uncertainty_m,geologic_unit,analytical_method,method_family,digestion_or_extraction,laboratory,license,source_tier,source_id,dataset_title,dataset_doi,dataset_version,source_file,source_row,source_locator,file_sha256,sampled_at,sample_depth_min_m,sample_depth_max_m,grain_fraction,sample_type_raw,sample_type,sample_type_mapping_status,sample_type_missing_reason,geographic_context_raw,survey_area,map_sheet,cruise_track,lithology_raw,lithology,soil_horizon_raw,soil_horizon,sediment_environment,water_body_type,water_fraction,filtered_state,geologic_unit_raw,geologic_age_raw,tectonic_setting_raw,matched_geologic_unit,geology_map_source,geology_map_version,match_method,match_scale,boundary_distance_m,match_uncertainty,geology_missing_reason,method_scope,method_assignment_basis,preparation,analytical_technique,instrument,quantitation_limit,quantitation_limit_unit,reference_materials,method_source_locator,method_publication_id,method_missing_reason,citation_id_raw,publication_id,publication_doi,citation_text_raw,citation_scope,citation_assignment_basis,upstream_primary_source_id,citation_resolution_status,citation_missing_reason,access_status,research_use_status,license_url,license_scope,attribution_required,redistribution_status,terms_verified_at
rec-3c16ad2e1590d783c6112c2c8138490dedd2a64edc36c03ed3276018b7544aa7,src-bfcdf81a22ca8e9c3e880dc3a65855080f30db67b8c2778810d405524fdb2f91,C-328818,As,As,2.1,mg/kg,soil,soil:top-0-5cm,total concentration in <2 mm soil fraction,,,,,31.3146,-87.1166,31.3146,-87.1166,EPSG:4326,identity; source metadata declares WGS 84,,,hydride-generation atomic absorption spectrometry (HG-AAS),aas,sodium peroxide and sodium hydroxide fusion,,LicenseRef-USGS-Public-Domain,government,usgs-conus-soil,Geochemical and mineralogical data for soils of the conterminous United States,10.3133/ds801,"Data Series 801, 2013 release",Appendix_2b_Top5_18Sept2013.txt,15,Appendix_2b_Top5_18Sept2013.txt#row=15,e831095cba4549a87144804aa1ccb38e07d44550ab91b27390b84fc1dbdbc894,02/18/09,0,0.05,<2 mm,top-0-5cm,soil_topsoil,exact,,,,,,,,top-0-5cm,top_0_5cm,,,,,,,,,,,,,,,not_reported,dataset,registered_dataset_method_by_analyte,,hydride-generation atomic absorption spectrometry (HG-AAS),,,,,Appendix_2b_Top5_18Sept2013.txt#row=15,,,,,,"[""Smith, D.B., Cannon, W.F., Woodruff, L.G., Solano, F., Kilburn, J.E., and Fey, D.L. (2013). Geochemical and mineralogical data for soils of the conterminous United States. U.S. Geological Survey Data Series 801. https://doi.org/10.3133/ds801""]",dataset,dataset_metadata,,resolved,,public_download,permitted_research,https://www.usgs.gov/information-policies-and-instructions/copyrights-and-credits,dataset,false,not_evaluated_for_project_output,2026-08-06T10:05:00Z
rec-892f9d1e4470378959e8ad3228da1874b261c1405640749aa8037bec197118f4,src-bfcdf81a22ca8e9c3e880dc3a65855080f30db67b8c2778810d405524fdb2f91,C-328818,Cu,Cu,5.9,mg/kg,soil,soil:top-0-5cm,near-total concentration in <2 mm soil fraction,,,,,31.3146,-87.1166,31.3146,-87.1166,EPSG:4326,identity; source metadata declares WGS 84,,,inductively coupled plasma-atomic emission spectrometry (ICP-AES),icp_oes,near-total HCl-HNO3-HClO4-HF digestion,,LicenseRef-USGS-Public-Domain,government,usgs-conus-soil,Geochemical and mineralogical data for soils of the conterminous United States,10.3133/ds801,"Data Series 801, 2013 release",Appendix_2b_Top5_18Sept2013.txt,15,Appendix_2b_Top5_18Sept2013.txt#row=15,e831095cba4549a87144804aa1ccb38e07d44550ab91b27390b84fc1dbdbc894,02/18/09,0,0.05,<2 mm,top-0-5cm,soil_topsoil,exact,,,,,,,,top-0-5cm,top_0_5cm,,,,,,,,,,,,,,,not_reported,dataset,registered_dataset_method_by_analyte,,inductively coupled plasma-atomic emission spectrometry (ICP-AES),,,,,Appendix_2b_Top5_18Sept2013.txt#row=15,,,,,,"[""Smith, D.B., Cannon, W.F., Woodruff, L.G., Solano, F., Kilburn, J.E., and Fey, D.L. (2013). Geochemical and mineralogical data for soils of the conterminous United States. U.S. Geological Survey Data Series 801. https://doi.org/10.3133/ds801""]",dataset,dataset_metadata,,resolved,,public_download,permitted_research,https://www.usgs.gov/information-policies-and-instructions/copyrights-and-credits,dataset,false,not_evaluated_for_project_output,2026-08-06T10:05:00Z
rec-abbc5192b0fb215735fa4a72008cb6e4cbcea485c663a7905f843c48a0409fe1,src-bfcdf81a22ca8e9c3e880dc3a65855080f30db67b8c2778810d405524fdb2f91,C-328818,Ni,Ni,3.3,mg/kg,soil,soil:top-0-5cm,near-total concentration in <2 mm soil fraction,,,,,31.3146,-87.1166,31.3146,-87.1166,EPSG:4326,identity; source metadata declares WGS 84,,,inductively coupled plasma-atomic emission spectrometry (ICP-AES),icp_oes,near-total HCl-HNO3-HClO4-HF digestion,,LicenseRef-USGS-Public-Domain,government,usgs-conus-soil,Geochemical and mineralogical data for soils of the conterminous United States,10.3133/ds801,"Data Series 801, 2013 release",Appendix_2b_Top5_18Sept2013.txt,15,Appendix_2b_Top5_18Sept2013.txt#row=15,e831095cba4549a87144804aa1ccb38e07d44550ab91b27390b84fc1dbdbc894,02/18/09,0,0.05,<2 mm,top-0-5cm,soil_topsoil,exact,,,,,,,,top-0-5cm,top_0_5cm,,,,,,,,,,,,,,,not_reported,dataset,registered_dataset_method_by_analyte,,inductively coupled plasma-atomic emission spectrometry (ICP-AES),,,,,Appendix_2b_Top5_18Sept2013.txt#row=15,,,,,,"[""Smith, D.B., Cannon, W.F., Woodruff, L.G., Solano, F., Kilburn, J.E., and Fey, D.L. (2013). Geochemical and mineralogical data for soils of the conterminous United States. U.S. Geological Survey Data Series 801. https://doi.org/10.3133/ds801""]",dataset,dataset_metadata,,resolved,,public_download,permitted_research,https://www.usgs.gov/information-policies-and-instructions/copyrights-and-credits,dataset,false,not_evaluated_for_project_output,2026-08-06T10:05:00Z
rec-fb7c45816fd1f19d0afd6142c6a9f67e59af19210f4077f0274c603b66224369,src-bfcdf81a22ca8e9c3e880dc3a65855080f30db67b8c2778810d405524fdb2f91,C-328818,Zn,Zn,15,mg/kg,soil,soil:top-0-5cm,near-total concentration in <2 mm soil fraction,,,,,31.3146,-87.1166,31.3146,-87.1166,EPSG:4326,identity; source metadata declares WGS 84,,,inductively coupled plasma-atomic emission spectrometry (ICP-AES),icp_oes,near-total HCl-HNO3-HClO4-HF digestion,,LicenseRef-USGS-Public-Domain,government,usgs-conus-soil,Geochemical and mineralogical data for soils of the conterminous United States,10.3133/ds801,"Data Series 801, 2013 release",Appendix_2b_Top5_18Sept2013.txt,15,Appendix_2b_Top5_18Sept2013.txt#row=15,e831095cba4549a87144804aa1ccb38e07d44550ab91b27390b84fc1dbdbc894,02/18/09,0,0.05,<2 mm,top-0-5cm,soil_topsoil,exact,,,,,,,,top-0-5cm,top_0_5cm,,,,,,,,,,,,,,,not_reported,dataset,registered_dataset_method_by_analyte,,inductively coupled plasma-atomic emission spectrometry (ICP-AES),,,,,Appendix_2b_Top5_18Sept2013.txt#row=15,,,,,,"[""Smith, D.B., Cannon, W.F., Woodruff, L.G., Solano, F., Kilburn, J.E., and Fey, D.L. (2013). Geochemical and mineralogical data for soils of the conterminous United States. U.S. Geological Survey Data Series 801. https://doi.org/10.3133/ds801""]",dataset,dataset_metadata,,resolved,,public_download,permitted_research,https://www.usgs.gov/information-policies-and-instructions/copyrights-and-credits,dataset,false,not_evaluated_for_project_output,2026-08-06T10:05:00Z
rec-fb2745fed602dc0af6263a7da565ad2f6398b8424b298ed92a101500414e582e,src-44891c77717f2b532d597791a7f17a67ea73cfde6a8e325649165350654999ea,C-328804,As,As,1.9,mg/kg,soil,soil:top-0-5cm,total concentration in <2 mm soil fraction,,,,,33.8523,-86.9041,33.8523,-86.9041,EPSG:4326,identity; source metadata declares WGS 84,,,hydride-generation atomic absorption spectrometry (HG-AAS),aas,sodium peroxide and sodium hydroxide fusion,,LicenseRef-USGS-Public-Domain,government,usgs-conus-soil,Geochemical and mineralogical data for soils of the conterminous United States,10.3133/ds801,"Data Series 801, 2013 release",Appendix_2b_Top5_18Sept2013.txt,16,Appendix_2b_Top5_18Sept2013.txt#row=16,e831095cba4549a87144804aa1ccb38e07d44550ab91b27390b84fc1dbdbc894,02/26/09,0,0.05,<2 mm,top-0-5cm,soil_topsoil,exact,,,,,,,,top-0-5cm,top_0_5cm,,,,,,,,,,,,,,,not_reported,dataset,registered_dataset_method_by_analyte,,hydride-generation atomic absorption spectrometry (HG-AAS),,,,,Appendix_2b_Top5_18Sept2013.txt#row=16,,,,,,"[""Smith, D.B., Cannon, W.F., Woodruff, L.G., Solano, F., Kilburn, J.E., and Fey, D.L. (2013). Geochemical and mineralogical data for soils of the conterminous United States. U.S. Geological Survey Data Series 801. https://doi.org/10.3133/ds801""]",dataset,dataset_metadata,,resolved,,public_download,permitted_research,https://www.usgs.gov/information-policies-and-instructions/copyrights-and-credits,dataset,false,not_evaluated_for_project_output,2026-08-06T10:05:00Z
rec-a9f3f2827628d217bad43fd70487584fdd2934868ee0466148ed8499ce0502e4,src-44891c77717f2b532d597791a7f17a67ea73cfde6a8e325649165350654999ea,C-328804,Cu,Cu,5.4,mg/kg,soil,soil:top-0-5cm,near-total concentration in <2 mm soil fraction,,,,,33.8523,-86.9041,33.8523,-86.9041,EPSG:4326,identity; source metadata declares WGS 84,,,inductively coupled plasma-atomic emission spectrometry (ICP-AES),icp_oes,near-total HCl-HNO3-HClO4-HF digestion,,LicenseRef-USGS-Public-Domain,government,usgs-conus-soil,Geochemical and mineralogical data for soils of the conterminous United States,10.3133/ds801,"Data Series 801, 2013 release",Appendix_2b_Top5_18Sept2013.txt,16,Appendix_2b_Top5_18Sept2013.txt#row=16,e831095cba4549a87144804aa1ccb38e07d44550ab91b27390b84fc1dbdbc894,02/26/09,0,0.05,<2 mm,top-0-5cm,soil_topsoil,exact,,,,,,,,top-0-5cm,top_0_5cm,,,,,,,,,,,,,,,not_reported,dataset,registered_dataset_method_by_analyte,,inductively coupled plasma-atomic emission spectrometry (ICP-AES),,,,,Appendix_2b_Top5_18Sept2013.txt#row=16,,,,,,"[""Smith, D.B., Cannon, W.F., Woodruff, L.G., Solano, F., Kilburn, J.E., and Fey, D.L. (2013). Geochemical and mineralogical data for soils of the conterminous United States. U.S. Geological Survey Data Series 801. https://doi.org/10.3133/ds801""]",dataset,dataset_metadata,,resolved,,public_download,permitted_research,https://www.usgs.gov/information-policies-and-instructions/copyrights-and-credits,dataset,false,not_evaluated_for_project_output,2026-08-06T10:05:00Z
rec-5eb05e8193701c2cc89aa5eba0677e4b44de8fcb9b1b3648c56e9576b6eff560,src-44891c77717f2b532d597791a7f17a67ea73cfde6a8e325649165350654999ea,C-328804,Ni,Ni,4.5,mg/kg,soil,soil:top-0-5cm,near-total concentration in <2 mm soil fraction,,,,,33.8523,-86.9041,33.8523,-86.9041,EPSG:4326,identity; source metadata declares WGS 84,,,inductively coupled plasma-atomic emission spectrometry (ICP-AES),icp_oes,near-total HCl-HNO3-HClO4-HF digestion,,LicenseRef-USGS-Public-Domain,government,usgs-conus-soil,Geochemical and mineralogical data for soils of the conterminous United States,10.3133/ds801,"Data Series 801, 2013 release",Appendix_2b_Top5_18Sept2013.txt,16,Appendix_2b_Top5_18Sept2013.txt#row=16,e831095cba4549a87144804aa1ccb38e07d44550ab91b27390b84fc1dbdbc894,02/26/09,0,0.05,<2 mm,top-0-5cm,soil_topsoil,exact,,,,,,,,top-0-5cm,top_0_5cm,,,,,,,,,,,,,,,not_reported,dataset,registered_dataset_method_by_analyte,,inductively coupled plasma-atomic emission spectrometry (ICP-AES),,,,,Appendix_2b_Top5_18Sept2013.txt#row=16,,,,,,"[""Smith, D.B., Cannon, W.F., Woodruff, L.G., Solano, F., Kilburn, J.E., and Fey, D.L. (2013). Geochemical and mineralogical data for soils of the conterminous United States. U.S. Geological Survey Data Series 801. https://doi.org/10.3133/ds801""]",dataset,dataset_metadata,,resolved,,public_download,permitted_research,https://www.usgs.gov/information-policies-and-instructions/copyrights-and-credits,dataset,false,not_evaluated_for_project_output,2026-08-06T10:05:00Z
rec-7aec2f1a7af374fa8d035ac1d3e93565f9fdf0a507155f5bc9f5da95d72db2d3,src-44891c77717f2b532d597791a7f17a67ea73cfde6a8e325649165350654999ea,C-328804,Zn,Zn,18,mg/kg,soil,soil:top-0-5cm,near-total concentration in <2 mm soil fraction,,,,,33.8523,-86.9041,33.8523,-86.9041,EPSG:4326,identity; source metadata declares WGS 84,,,inductively coupled plasma-atomic emission spectrometry (ICP-AES),icp_oes,near-total HCl-HNO3-HClO4-HF digestion,,LicenseRef-USGS-Public-Domain,government,usgs-conus-soil,Geochemical and mineralogical data for soils of the conterminous United States,10.3133/ds801,"Data Series 801, 2013 release",Appendix_2b_Top5_18Sept2013.txt,16,Appendix_2b_Top5_18Sept2013.txt#row=16,e831095cba4549a87144804aa1ccb38e07d44550ab91b27390b84fc1dbdbc894,02/26/09,0,0.05,<2 mm,top-0-5cm,soil_topsoil,exact,,,,,,,,top-0-5cm,top_0_5cm,,,,,,,,,,,,,,,not_reported,dataset,registered_dataset_method_by_analyte,,inductively coupled plasma-atomic emission spectrometry (ICP-AES),,,,,Appendix_2b_Top5_18Sept2013.txt#row=16,,,,,,"[""Smith, D.B., Cannon, W.F., Woodruff, L.G., Solano, F., Kilburn, J.E., and Fey, D.L. (2013). Geochemical and mineralogical data for soils of the conterminous United States. U.S. Geological Survey Data Series 801. https://doi.org/10.3133/ds801""]",dataset,dataset_metadata,,resolved,,public_download,permitted_research,https://www.usgs.gov/information-policies-and-instructions/copyrights-and-credits,dataset,false,not_evaluated_for_project_output,2026-08-06T10:05:00Z
rec-8f66ad4562074a7b66319c19172e616272d43f908f539ae2e15e2ca9463aee0b,src-54b654e1cfab6bd0b3b131dd01d72df8e2afe3e2819e00410e380c3fcaca7a84,C-328805,As,As,1.8,mg/kg,soil,soil:top-0-5cm,total concentration in <2 mm soil fraction,,,,,31.2179,-85.8788,31.2179,-85.8788,EPSG:4326,identity; source metadata declares WGS 84,,,hydride-generation atomic absorption spectrometry (HG-AAS),aas,sodium peroxide and sodium hydroxide fusion,,LicenseRef-USGS-Public-Domain,government,usgs-conus-soil,Geochemical and mineralogical data for soils of the conterminous United States,10.3133/ds801,"Data Series 801, 2013 release",Appendix_2b_Top5_18Sept2013.txt,17,Appendix_2b_Top5_18Sept2013.txt#row=17,e831095cba4549a87144804aa1ccb38e07d44550ab91b27390b84fc1dbdbc894,02/18/09,0,0.05,<2 mm,top-0-5cm,soil_topsoil,exact,,,,,,,,top-0-5cm,top_0_5cm,,,,,,,,,,,,,,,not_reported,dataset,registered_dataset_method_by_analyte,,hydride-generation atomic absorption spectrometry (HG-AAS),,,,,Appendix_2b_Top5_18Sept2013.txt#row=17,,,,,,"[""Smith, D.B., Cannon, W.F., Woodruff, L.G., Solano, F., Kilburn, J.E., and Fey, D.L. (2013). Geochemical and mineralogical data for soils of the conterminous United States. U.S. Geological Survey Data Series 801. https://doi.org/10.3133/ds801""]",dataset,dataset_metadata,,resolved,,public_download,permitted_research,https://www.usgs.gov/information-policies-and-instructions/copyrights-and-credits,dataset,false,not_evaluated_for_project_output,2026-08-06T10:05:00Z
rec-d1850f1e443f6f5709a1cfdd9a6be715c22f669148325cc9bbea299f3fff642a,src-54b654e1cfab6bd0b3b131dd01d72df8e2afe3e2819e00410e380c3fcaca7a84,C-328805,Cu,Cu,10.1,mg/kg,soil,soil:top-0-5cm,near-total concentration in <2 mm soil fraction,,,,,31.2179,-85.8788,31.2179,-85.8788,EPSG:4326,identity; source metadata declares WGS 84,,,inductively coupled plasma-atomic emission spectrometry (ICP-AES),icp_oes,near-total HCl-HNO3-HClO4-HF digestion,,LicenseRef-USGS-Public-Domain,government,usgs-conus-soil,Geochemical and mineralogical data for soils of the conterminous United States,10.3133/ds801,"Data Series 801, 2013 release",Appendix_2b_Top5_18Sept2013.txt,17,Appendix_2b_Top5_18Sept2013.txt#row=17,e831095cba4549a87144804aa1ccb38e07d44550ab91b27390b84fc1dbdbc894,02/18/09,0,0.05,<2 mm,top-0-5cm,soil_topsoil,exact,,,,,,,,top-0-5cm,top_0_5cm,,,,,,,,,,,,,,,not_reported,dataset,registered_dataset_method_by_analyte,,inductively coupled plasma-atomic emission spectrometry (ICP-AES),,,,,Appendix_2b_Top5_18Sept2013.txt#row=17,,,,,,"[""Smith, D.B., Cannon, W.F., Woodruff, L.G., Solano, F., Kilburn, J.E., and Fey, D.L. (2013). Geochemical and mineralogical data for soils of the conterminous United States. U.S. Geological Survey Data Series 801. https://doi.org/10.3133/ds801""]",dataset,dataset_metadata,,resolved,,public_download,permitted_research,https://www.usgs.gov/information-policies-and-instructions/copyrights-and-credits,dataset,false,not_evaluated_for_project_output,2026-08-06T10:05:00Z
rec-d5ede810a30db670428f7b6b8ff9a6cea3d884500475a834cb75bede9c08f4ca,src-54b654e1cfab6bd0b3b131dd01d72df8e2afe3e2819e00410e380c3fcaca7a84,C-328805,Ni,Ni,4.1,mg/kg,soil,soil:top-0-5cm,near-total concentration in <2 mm soil fraction,,,,,31.2179,-85.8788,31.2179,-85.8788,EPSG:4326,identity; source metadata declares WGS 84,,,inductively coupled plasma-atomic emission spectrometry (ICP-AES),icp_oes,near-total HCl-HNO3-HClO4-HF digestion,,LicenseRef-USGS-Public-Domain,government,usgs-conus-soil,Geochemical and mineralogical data for soils of the conterminous United States,10.3133/ds801,"Data Series 801, 2013 release",Appendix_2b_Top5_18Sept2013.txt,17,Appendix_2b_Top5_18Sept2013.txt#row=17,e831095cba4549a87144804aa1ccb38e07d44550ab91b27390b84fc1dbdbc894,02/18/09,0,0.05,<2 mm,top-0-5cm,soil_topsoil,exact,,,,,,,,top-0-5cm,top_0_5cm,,,,,,,,,,,,,,,not_reported,dataset,registered_dataset_method_by_analyte,,inductively coupled plasma-atomic emission spectrometry (ICP-AES),,,,,Appendix_2b_Top5_18Sept2013.txt#row=17,,,,,,"[""Smith, D.B., Cannon, W.F., Woodruff, L.G., Solano, F., Kilburn, J.E., and Fey, D.L. (2013). Geochemical and mineralogical data for soils of the conterminous United States. U.S. Geological Survey Data Series 801. https://doi.org/10.3133/ds801""]",dataset,dataset_metadata,,resolved,,public_download,permitted_research,https://www.usgs.gov/information-policies-and-instructions/copyrights-and-credits,dataset,false,not_evaluated_for_project_output,2026-08-06T10:05:00Z
rec-6342ef15447875f44fc9efd3e147e7650b2a4adbb43b32b50398dc423d0d4d02,src-54b654e1cfab6bd0b3b131dd01d72df8e2afe3e2819e00410e380c3fcaca7a84,C-328805,Zn,Zn,18,mg/kg,soil,soil:top-0-5cm,near-total concentration in <2 mm soil fraction,,,,,31.2179,-85.8788,31.2179,-85.8788,EPSG:4326,identity; source metadata declares WGS 84,,,inductively coupled plasma-atomic emission spectrometry (ICP-AES),icp_oes,near-total HCl-HNO3-HClO4-HF digestion,,LicenseRef-USGS-Public-Domain,government,usgs-conus-soil,Geochemical and mineralogical data for soils of the conterminous United States,10.3133/ds801,"Data Series 801, 2013 release",Appendix_2b_Top5_18Sept2013.txt,17,Appendix_2b_Top5_18Sept2013.txt#row=17,e831095cba4549a87144804aa1ccb38e07d44550ab91b27390b84fc1dbdbc894,02/18/09,0,0.05,<2 mm,top-0-5cm,soil_topsoil,exact,,,,,,,,top-0-5cm,top_0_5cm,,,,,,,,,,,,,,,not_reported,dataset,registered_dataset_method_by_analyte,,inductively coupled plasma-atomic emission spectrometry (ICP-AES),,,,,Appendix_2b_Top5_18Sept2013.txt#row=17,,,,,,"[""Smith, D.B., Cannon, W.F., Woodruff, L.G., Solano, F., Kilburn, J.E., and Fey, D.L. (2013). Geochemical and mineralogical data for soils of the conterminous United States. U.S. Geological Survey Data Series 801. https://doi.org/10.3133/ds801""]",dataset,dataset_metadata,,resolved,,public_download,permitted_research,https://www.usgs.gov/information-policies-and-instructions/copyrights-and-credits,dataset,false,not_evaluated_for_project_output,2026-08-06T10:05:00Z
rec-a3c40bd4c285f7cf44d37767a12ba7aeb6d9b87f79166e1360abcaec3d0448a8,src-bbcad940c2648cfd6c1a095d55bf3766134ca38bd3b87170f9c94c33628cd802,C-328864,As,As,3.4,mg/kg,soil,soil:top-0-5cm,total concentration in <2 mm soil fraction,,,,,33.0992,-86.9976,33.0992,-86.9976,EPSG:4326,identity; source metadata declares WGS 84,,,hydride-generation atomic absorption spectrometry (HG-AAS),aas,sodium peroxide and sodium hydroxide fusion,,LicenseRef-USGS-Public-Domain,government,usgs-conus-soil,Geochemical and mineralogical data for soils of the conterminous United States,10.3133/ds801,"Data Series 801, 2013 release",Appendix_2b_Top5_18Sept2013.txt,18,Appendix_2b_Top5_18Sept2013.txt#row=18,e831095cba4549a87144804aa1ccb38e07d44550ab91b27390b84fc1dbdbc894,02/23/09,0,0.05,<2 mm,top-0-5cm,soil_topsoil,exact,,,,,,,,top-0-5cm,top_0_5cm,,,,,,,,,,,,,,,not_reported,dataset,registered_dataset_method_by_analyte,,hydride-generation atomic absorption spectrometry (HG-AAS),,,,,Appendix_2b_Top5_18Sept2013.txt#row=18,,,,,,"[""Smith, D.B., Cannon, W.F., Woodruff, L.G., Solano, F., Kilburn, J.E., and Fey, D.L. (2013). Geochemical and mineralogical data for soils of the conterminous United States. U.S. Geological Survey Data Series 801. https://doi.org/10.3133/ds801""]",dataset,dataset_metadata,,resolved,,public_download,permitted_research,https://www.usgs.gov/information-policies-and-instructions/copyrights-and-credits,dataset,false,not_evaluated_for_project_output,2026-08-06T10:05:00Z
rec-a6dd69bb5dc8522f6f7f47441be6a2116eda33c4b59d564323d767fc7e57b5fd,src-bbcad940c2648cfd6c1a095d55bf3766134ca38bd3b87170f9c94c33628cd802,C-328864,Cu,Cu,14.2,mg/kg,soil,soil:top-0-5cm,near-total concentration in <2 mm soil fraction,,,,,33.0992,-86.9976,33.0992,-86.9976,EPSG:4326,identity; source metadata declares WGS 84,,,inductively coupled plasma-atomic emission spectrometry (ICP-AES),icp_oes,near-total HCl-HNO3-HClO4-HF digestion,,LicenseRef-USGS-Public-Domain,government,usgs-conus-soil,Geochemical and mineralogical data for soils of the conterminous United States,10.3133/ds801,"Data Series 801, 2013 release",Appendix_2b_Top5_18Sept2013.txt,18,Appendix_2b_Top5_18Sept2013.txt#row=18,e831095cba4549a87144804aa1ccb38e07d44550ab91b27390b84fc1dbdbc894,02/23/09,0,0.05,<2 mm,top-0-5cm,soil_topsoil,exact,,,,,,,,top-0-5cm,top_0_5cm,,,,,,,,,,,,,,,not_reported,dataset,registered_dataset_method_by_analyte,,inductively coupled plasma-atomic emission spectrometry (ICP-AES),,,,,Appendix_2b_Top5_18Sept2013.txt#row=18,,,,,,"[""Smith, D.B., Cannon, W.F., Woodruff, L.G., Solano, F., Kilburn, J.E., and Fey, D.L. (2013). Geochemical and mineralogical data for soils of the conterminous United States. U.S. Geological Survey Data Series 801. https://doi.org/10.3133/ds801""]",dataset,dataset_metadata,,resolved,,public_download,permitted_research,https://www.usgs.gov/information-policies-and-instructions/copyrights-and-credits,dataset,false,not_evaluated_for_project_output,2026-08-06T10:05:00Z
rec-f12eb9579d39881306268cced7a55414d0d7a203911c444474d4eb15bf7f1728,src-bbcad940c2648cfd6c1a095d55bf3766134ca38bd3b87170f9c94c33628cd802,C-328864,Ni,Ni,11.4,mg/kg,soil,soil:top-0-5cm,near-total concentration in <2 mm soil fraction,,,,,33.0992,-86.9976,33.0992,-86.9976,EPSG:4326,identity; source metadata declares WGS 84,,,inductively coupled plasma-atomic emission spectrometry (ICP-AES),icp_oes,near-total HCl-HNO3-HClO4-HF digestion,,LicenseRef-USGS-Public-Domain,government,usgs-conus-soil,Geochemical and mineralogical data for soils of the conterminous United States,10.3133/ds801,"Data Series 801, 2013 release",Appendix_2b_Top5_18Sept2013.txt,18,Appendix_2b_Top5_18Sept2013.txt#row=18,e831095cba4549a87144804aa1ccb38e07d44550ab91b27390b84fc1dbdbc894,02/23/09,0,0.05,<2 mm,top-0-5cm,soil_topsoil,exact,,,,,,,,top-0-5cm,top_0_5cm,,,,,,,,,,,,,,,not_reported,dataset,registered_dataset_method_by_analyte,,inductively coupled plasma-atomic emission spectrometry (ICP-AES),,,,,Appendix_2b_Top5_18Sept2013.txt#row=18,,,,,,"[""Smith, D.B., Cannon, W.F., Woodruff, L.G., Solano, F., Kilburn, J.E., and Fey, D.L. (2013). Geochemical and mineralogical data for soils of the conterminous United States. U.S. Geological Survey Data Series 801. https://doi.org/10.3133/ds801""]",dataset,dataset_metadata,,resolved,,public_download,permitted_research,https://www.usgs.gov/information-policies-and-instructions/copyrights-and-credits,dataset,false,not_evaluated_for_project_output,2026-08-06T10:05:00Z
rec-27d41d1e541a9c89ea97c718b90467f9f93f13000c72717375f4f023fc0d4d2a,src-bbcad940c2648cfd6c1a095d55bf3766134ca38bd3b87170f9c94c33628cd802,C-328864,Zn,Zn,32,mg/kg,soil,soil:top-0-5cm,near-total concentration in <2 mm soil fraction,,,,,33.0992,-86.9976,33.0992,-86.9976,EPSG:4326,identity; source metadata declares WGS 84,,,inductively coupled plasma-atomic emission spectrometry (ICP-AES),icp_oes,near-total HCl-HNO3-HClO4-HF digestion,,LicenseRef-USGS-Public-Domain,government,usgs-conus-soil,Geochemical and mineralogical data for soils of the conterminous United States,10.3133/ds801,"Data Series 801, 2013 release",Appendix_2b_Top5_18Sept2013.txt,18,Appendix_2b_Top5_18Sept2013.txt#row=18,e831095cba4549a87144804aa1ccb38e07d44550ab91b27390b84fc1dbdbc894,02/23/09,0,0.05,<2 mm,top-0-5cm,soil_topsoil,exact,,,,,,,,top-0-5cm,top_0_5cm,,,,,,,,,,,,,,,not_reported,dataset,registered_dataset_method_by_analyte,,inductively coupled plasma-atomic emission spectrometry (ICP-AES),,,,,Appendix_2b_Top5_18Sept2013.txt#row=18,,,,,,"[""Smith, D.B., Cannon, W.F., Woodruff, L.G., Solano, F., Kilburn, J.E., and Fey, D.L. (2013). Geochemical and mineralogical data for soils of the conterminous United States. U.S. Geological Survey Data Series 801. https://doi.org/10.3133/ds801""]",dataset,dataset_metadata,,resolved,,public_download,permitted_research,https://www.usgs.gov/information-policies-and-instructions/copyrights-and-credits,dataset,false,not_evaluated_for_project_output,2026-08-06T10:05:00Z
rec-5049f9918a25a0ef2c8aacd7a639b17fa82a9aeb0e59b8f170e21dab9b67bf7f,src-7c9cec975b91ce3de75306cf6cb02f44d9850d1fcc94cb6f7ec4c60a870b278f,C-328777,As,As,3.1,mg/kg,soil,soil:top-0-5cm,total concentration in <2 mm soil fraction,,,,,34.5501,-87.6779,34.5501,-87.6779,EPSG:4326,identity; source metadata declares WGS 84,,,hydride-generation atomic absorption spectrometry (HG-AAS),aas,sodium peroxide and sodium hydroxide fusion,,LicenseRef-USGS-Public-Domain,government,usgs-conus-soil,Geochemical and mineralogical data for soils of the conterminous United States,10.3133/ds801,"Data Series 801, 2013 release",Appendix_2b_Top5_18Sept2013.txt,19,Appendix_2b_Top5_18Sept2013.txt#row=19,e831095cba4549a87144804aa1ccb38e07d44550ab91b27390b84fc1dbdbc894,02/25/09,0,0.05,<2 mm,top-0-5cm,soil_topsoil,exact,,,,,,,,top-0-5cm,top_0_5cm,,,,,,,,,,,,,,,not_reported,dataset,registered_dataset_method_by_analyte,,hydride-generation atomic absorption spectrometry (HG-AAS),,,,,Appendix_2b_Top5_18Sept2013.txt#row=19,,,,,,"[""Smith, D.B., Cannon, W.F., Woodruff, L.G., Solano, F., Kilburn, J.E., and Fey, D.L. (2013). Geochemical and mineralogical data for soils of the conterminous United States. U.S. Geological Survey Data Series 801. https://doi.org/10.3133/ds801""]",dataset,dataset_metadata,,resolved,,public_download,permitted_research,https://www.usgs.gov/information-policies-and-instructions/copyrights-and-credits,dataset,false,not_evaluated_for_project_output,2026-08-06T10:05:00Z
rec-164b7245632987765c08a6ff28157ffeb0a58795b8f80e12a63b2efcaa1cb4ff,src-7c9cec975b91ce3de75306cf6cb02f44d9850d1fcc94cb6f7ec4c60a870b278f,C-328777,Cu,Cu,6.2,mg/kg,soil,soil:top-0-5cm,near-total concentration in <2 mm soil fraction,,,,,34.5501,-87.6779,34.5501,-87.6779,EPSG:4326,identity; source metadata declares WGS 84,,,inductively coupled plasma-atomic emission spectrometry (ICP-AES),icp_oes,near-total HCl-HNO3-HClO4-HF digestion,,LicenseRef-USGS-Public-Domain,government,usgs-conus-soil,Geochemical and mineralogical data for soils of the conterminous United States,10.3133/ds801,"Data Series 801, 2013 release",Appendix_2b_Top5_18Sept2013.txt,19,Appendix_2b_Top5_18Sept2013.txt#row=19,e831095cba4549a87144804aa1ccb38e07d44550ab91b27390b84fc1dbdbc894,02/25/09,0,0.05,<2 mm,top-0-5cm,soil_topsoil,exact,,,,,,,,top-0-5cm,top_0_5cm,,,,,,,,,,,,,,,not_reported,dataset,registered_dataset_method_by_analyte,,inductively coupled plasma-atomic emission spectrometry (ICP-AES),,,,,Appendix_2b_Top5_18Sept2013.txt#row=19,,,,,,"[""Smith, D.B., Cannon, W.F., Woodruff, L.G., Solano, F., Kilburn, J.E., and Fey, D.L. (2013). Geochemical and mineralogical data for soils of the conterminous United States. U.S. Geological Survey Data Series 801. https://doi.org/10.3133/ds801""]",dataset,dataset_metadata,,resolved,,public_download,permitted_research,https://www.usgs.gov/information-policies-and-instructions/copyrights-and-credits,dataset,false,not_evaluated_for_project_output,2026-08-06T10:05:00Z
rec-c37b7027e6c8b28a0b464b68cdc7c545dd3509444f4ba07b46ea10e0364fa918,src-7c9cec975b91ce3de75306cf6cb02f44d9850d1fcc94cb6f7ec4c60a870b278f,C-328777,Ni,Ni,6.7,mg/kg,soil,soil:top-0-5cm,near-total concentration in <2 mm soil fraction,,,,,34.5501,-87.6779,34.5501,-87.6779,EPSG:4326,identity; source metadata declares WGS 84,,,inductively coupled plasma-atomic emission spectrometry (ICP-AES),icp_oes,near-total HCl-HNO3-HClO4-HF digestion,,LicenseRef-USGS-Public-Domain,government,usgs-conus-soil,Geochemical and mineralogical data for soils of the conterminous United States,10.3133/ds801,"Data Series 801, 2013 release",Appendix_2b_Top5_18Sept2013.txt,19,Appendix_2b_Top5_18Sept2013.txt#row=19,e831095cba4549a87144804aa1ccb38e07d44550ab91b27390b84fc1dbdbc894,02/25/09,0,0.05,<2 mm,top-0-5cm,soil_topsoil,exact,,,,,,,,top-0-5cm,top_0_5cm,,,,,,,,,,,,,,,not_reported,dataset,registered_dataset_method_by_analyte,,inductively coupled plasma-atomic emission spectrometry (ICP-AES),,,,,Appendix_2b_Top5_18Sept2013.txt#row=19,,,,,,"[""Smith, D.B., Cannon, W.F., Woodruff, L.G., Solano, F., Kilburn, J.E., and Fey, D.L. (2013). Geochemical and mineralogical data for soils of the conterminous United States. U.S. Geological Survey Data Series 801. https://doi.org/10.3133/ds801""]",dataset,dataset_metadata,,resolved,,public_download,permitted_research,https://www.usgs.gov/information-policies-and-instructions/copyrights-and-credits,dataset,false,not_evaluated_for_project_output,2026-08-06T10:05:00Z
rec-7f2ad742d4742d3a4b084f1e183c14d0bcd4011dbd9028e61f7e9fa75450fcb8,src-7c9cec975b91ce3de75306cf6cb02f44d9850d1fcc94cb6f7ec4c60a870b278f,C-328777,Zn,Zn,36,mg/kg,soil,soil:top-0-5cm,near-total concentration in <2 mm soil fraction,,,,,34.5501,-87.6779,34.5501,-87.6779,EPSG:4326,identity; source metadata declares WGS 84,,,inductively coupled plasma-atomic emission spectrometry (ICP-AES),icp_oes,near-total HCl-HNO3-HClO4-HF digestion,,LicenseRef-USGS-Public-Domain,government,usgs-conus-soil,Geochemical and mineralogical data for soils of the conterminous United States,10.3133/ds801,"Data Series 801, 2013 release",Appendix_2b_Top5_18Sept2013.txt,19,Appendix_2b_Top5_18Sept2013.txt#row=19,e831095cba4549a87144804aa1ccb38e07d44550ab91b27390b84fc1dbdbc894,02/25/09,0,0.05,<2 mm,top-0-5cm,soil_topsoil,exact,,,,,,,,top-0-5cm,top_0_5cm,,,,,,,,,,,,,,,not_reported,dataset,registered_dataset_method_by_analyte,,inductively coupled plasma-atomic emission spectrometry (ICP-AES),,,,,Appendix_2b_Top5_18Sept2013.txt#row=19,,,,,,"[""Smith, D.B., Cannon, W.F., Woodruff, L.G., Solano, F., Kilburn, J.E., and Fey, D.L. (2013). Geochemical and mineralogical data for soils of the conterminous United States. U.S. Geological Survey Data Series 801. https://doi.org/10.3133/ds801""]",dataset,dataset_metadata,,resolved,,public_download,permitted_research,https://www.usgs.gov/information-policies-and-instructions/copyrights-and-credits,dataset,false,not_evaluated_for_project_output,2026-08-06T10:05:00Z
rec-09f85310ea36fee8be537d47154a3425eae8bf3e9a8a994acf2e75d15d9d0fdf,src-e3ce0fe6ca44e3eac1af48b5ddd62d16cea82d143e85bd09a9cb104db5996099,C-328859,As,As,3.9,mg/kg,soil,soil:top-0-5cm,total concentration in <2 mm soil fraction,,,,,34.3577,-87.313,34.3577,-87.313,EPSG:4326,identity; source metadata declares WGS 84,,,hydride-generation atomic absorption spectrometry (HG-AAS),aas,sodium peroxide and sodium hydroxide fusion,,LicenseRef-USGS-Public-Domain,government,usgs-conus-soil,Geochemical and mineralogical data for soils of the conterminous United States,10.3133/ds801,"Data Series 801, 2013 release",Appendix_2b_Top5_18Sept2013.txt,20,Appendix_2b_Top5_18Sept2013.txt#row=20,e831095cba4549a87144804aa1ccb38e07d44550ab91b27390b84fc1dbdbc894,02/26/09,0,0.05,<2 mm,top-0-5cm,soil_topsoil,exact,,,,,,,,top-0-5cm,top_0_5cm,,,,,,,,,,,,,,,not_reported,dataset,registered_dataset_method_by_analyte,,hydride-generation atomic absorption spectrometry (HG-AAS),,,,,Appendix_2b_Top5_18Sept2013.txt#row=20,,,,,,"[""Smith, D.B., Cannon, W.F., Woodruff, L.G., Solano, F., Kilburn, J.E., and Fey, D.L. (2013). Geochemical and mineralogical data for soils of the conterminous United States. U.S. Geological Survey Data Series 801. https://doi.org/10.3133/ds801""]",dataset,dataset_metadata,,resolved,,public_download,permitted_research,https://www.usgs.gov/information-policies-and-instructions/copyrights-and-credits,dataset,false,not_evaluated_for_project_output,2026-08-06T10:05:00Z
rec-8cfb9772cb33641a22b099e456bcd18d2d42172e598aaf76722fec69b74c25b3,src-e3ce0fe6ca44e3eac1af48b5ddd62d16cea82d143e85bd09a9cb104db5996099,C-328859,Cu,Cu,7.5,mg/kg,soil,soil:top-0-5cm,near-total concentration in <2 mm soil fraction,,,,,34.3577,-87.313,34.3577,-87.313,EPSG:4326,identity; source metadata declares WGS 84,,,inductively coupled plasma-atomic emission spectrometry (ICP-AES),icp_oes,near-total HCl-HNO3-HClO4-HF digestion,,LicenseRef-USGS-Public-Domain,government,usgs-conus-soil,Geochemical and mineralogical data for soils of the conterminous United States,10.3133/ds801,"Data Series 801, 2013 release",Appendix_2b_Top5_18Sept2013.txt,20,Appendix_2b_Top5_18Sept2013.txt#row=20,e831095cba4549a87144804aa1ccb38e07d44550ab91b27390b84fc1dbdbc894,02/26/09,0,0.05,<2 mm,top-0-5cm,soil_topsoil,exact,,,,,,,,top-0-5cm,top_0_5cm,,,,,,,,,,,,,,,not_reported,dataset,registered_dataset_method_by_analyte,,inductively coupled plasma-atomic emission spectrometry (ICP-AES),,,,,Appendix_2b_Top5_18Sept2013.txt#row=20,,,,,,"[""Smith, D.B., Cannon, W.F., Woodruff, L.G., Solano, F., Kilburn, J.E., and Fey, D.L. (2013). Geochemical and mineralogical data for soils of the conterminous United States. U.S. Geological Survey Data Series 801. https://doi.org/10.3133/ds801""]",dataset,dataset_metadata,,resolved,,public_download,permitted_research,https://www.usgs.gov/information-policies-and-instructions/copyrights-and-credits,dataset,false,not_evaluated_for_project_output,2026-08-06T10:05:00Z
rec-a4021f128532e8fded75f7b58f34f49f12d4fe21c5b8fdc264d4e5acbc30d436,src-e3ce0fe6ca44e3eac1af48b5ddd62d16cea82d143e85bd09a9cb104db5996099,C-328859,Ni,Ni,7.1,mg/kg,soil,soil:top-0-5cm,near-total concentration in <2 mm soil fraction,,,,,34.3577,-87.313,34.3577,-87.313,EPSG:4326,identity; source metadata declares WGS 84,,,inductively coupled plasma-atomic emission spectrometry (ICP-AES),icp_oes,near-total HCl-HNO3-HClO4-HF digestion,,LicenseRef-USGS-Public-Domain,government,usgs-conus-soil,Geochemical and mineralogical data for soils of the conterminous United States,10.3133/ds801,"Data Series 801, 2013 release",Appendix_2b_Top5_18Sept2013.txt,20,Appendix_2b_Top5_18Sept2013.txt#row=20,e831095cba4549a87144804aa1ccb38e07d44550ab91b27390b84fc1dbdbc894,02/26/09,0,0.05,<2 mm,top-0-5cm,soil_topsoil,exact,,,,,,,,top-0-5cm,top_0_5cm,,,,,,,,,,,,,,,not_reported,dataset,registered_dataset_method_by_analyte,,inductively coupled plasma-atomic emission spectrometry (ICP-AES),,,,,Appendix_2b_Top5_18Sept2013.txt#row=20,,,,,,"[""Smith, D.B., Cannon, W.F., Woodruff, L.G., Solano, F., Kilburn, J.E., and Fey, D.L. (2013). Geochemical and mineralogical data for soils of the conterminous United States. U.S. Geological Survey Data Series 801. https://doi.org/10.3133/ds801""]",dataset,dataset_metadata,,resolved,,public_download,permitted_research,https://www.usgs.gov/information-policies-and-instructions/copyrights-and-credits,dataset,false,not_evaluated_for_project_output,2026-08-06T10:05:00Z
rec-906c39686952fdd93665e800beb3230e05ccdcf287983b73822b8abe3295e408,src-e3ce0fe6ca44e3eac1af48b5ddd62d16cea82d143e85bd09a9cb104db5996099,C-328859,Zn,Zn,24,mg/kg,soil,soil:top-0-5cm,near-total concentration in <2 mm soil fraction,,,,,34.3577,-87.313,34.3577,-87.313,EPSG:4326,identity; source metadata declares WGS 84,,,inductively coupled plasma-atomic emission spectrometry (ICP-AES),icp_oes,near-total HCl-HNO3-HClO4-HF digestion,,LicenseRef-USGS-Public-Domain,government,usgs-conus-soil,Geochemical and mineralogical data for soils of the conterminous United States,10.3133/ds801,"Data Series 801, 2013 release",Appendix_2b_Top5_18Sept2013.txt,20,Appendix_2b_Top5_18Sept2013.txt#row=20,e831095cba4549a87144804aa1ccb38e07d44550ab91b27390b84fc1dbdbc894,02/26/09,0,0.05,<2 mm,top-0-5cm,soil_topsoil,exact,,,,,,,,top-0-5cm,top_0_5cm,,,,,,,,,,,,,,,not_reported,dataset,registered_dataset_method_by_analyte,,inductively coupled plasma-atomic emission spectrometry (ICP-AES),,,,,Appendix_2b_Top5_18Sept2013.txt#row=20,,,,,,"[""Smith, D.B., Cannon, W.F., Woodruff, L.G., Solano, F., Kilburn, J.E., and Fey, D.L. (2013). Geochemical and mineralogical data for soils of the conterminous United States. U.S. Geological Survey Data Series 801. https://doi.org/10.3133/ds801""]",dataset,dataset_metadata,,resolved,,public_download,permitted_research,https://www.usgs.gov/information-policies-and-instructions/copyrights-and-credits,dataset,false,not_evaluated_for_project_output,2026-08-06T10:05:00Z
rec-3911b65eca9923f4d074c5a497f6d39682dcd24307936e10603d8745aeef5f64,src-3ef2e38e4d56c4568400a2237f86983d0af09e67a69faaee03baa7d42b5409e8,C-328793,As,As,3.6,mg/kg,soil,soil:top-0-5cm,total concentration in <2 mm soil fraction,,,,,31.0634,-85.6928,31.0634,-85.6928,EPSG:4326,identity; source metadata declares WGS 84,,,hydride-generation atomic absorption spectrometry (HG-AAS),aas,sodium peroxide and sodium hydroxide fusion,,LicenseRef-USGS-Public-Domain,government,usgs-conus-soil,Geochemical and mineralogical data for soils of the conterminous United States,10.3133/ds801,"Data Series 801, 2013 release",Appendix_2b_Top5_18Sept2013.txt,21,Appendix_2b_Top5_18Sept2013.txt#row=21,e831095cba4549a87144804aa1ccb38e07d44550ab91b27390b84fc1dbdbc894,02/19/09,0,0.05,<2 mm,top-0-5cm,soil_topsoil,exact,,,,,,,,top-0-5cm,top_0_5cm,,,,,,,,,,,,,,,not_reported,dataset,registered_dataset_method_by_analyte,,hydride-generation atomic absorption spectrometry (HG-AAS),,,,,Appendix_2b_Top5_18Sept2013.txt#row=21,,,,,,"[""Smith, D.B., Cannon, W.F., Woodruff, L.G., Solano, F., Kilburn, J.E., and Fey, D.L. (2013). Geochemical and mineralogical data for soils of the conterminous United States. U.S. Geological Survey Data Series 801. https://doi.org/10.3133/ds801""]",dataset,dataset_metadata,,resolved,,public_download,permitted_research,https://www.usgs.gov/information-policies-and-instructions/copyrights-and-credits,dataset,false,not_evaluated_for_project_output,2026-08-06T10:05:00Z
rec-8936fd3b7962da9daaf77fd644c39f4bb6c51525ae6b7296d605cd7e6034920e,src-3ef2e38e4d56c4568400a2237f86983d0af09e67a69faaee03baa7d42b5409e8,C-328793,Cu,Cu,24.5,mg/kg,soil,soil:top-0-5cm,near-total concentration in <2 mm soil fraction,,,,,31.0634,-85.6928,31.0634,-85.6928,EPSG:4326,identity; source metadata declares WGS 84,,,inductively coupled plasma-atomic emission spectrometry (ICP-AES),icp_oes,near-total HCl-HNO3-HClO4-HF digestion,,LicenseRef-USGS-Public-Domain,government,usgs-conus-soil,Geochemical and mineralogical data for soils of the conterminous United States,10.3133/ds801,"Data Series 801, 2013 release",Appendix_2b_Top5_18Sept2013.txt,21,Appendix_2b_Top5_18Sept2013.txt#row=21,e831095cba4549a87144804aa1ccb38e07d44550ab91b27390b84fc1dbdbc894,02/19/09,0,0.05,<2 mm,top-0-5cm,soil_topsoil,exact,,,,,,,,top-0-5cm,top_0_5cm,,,,,,,,,,,,,,,not_reported,dataset,registered_dataset_method_by_analyte,,inductively coupled plasma-atomic emission spectrometry (ICP-AES),,,,,Appendix_2b_Top5_18Sept2013.txt#row=21,,,,,,"[""Smith, D.B., Cannon, W.F., Woodruff, L.G., Solano, F., Kilburn, J.E., and Fey, D.L. (2013). Geochemical and mineralogical data for soils of the conterminous United States. U.S. Geological Survey Data Series 801. https://doi.org/10.3133/ds801""]",dataset,dataset_metadata,,resolved,,public_download,permitted_research,https://www.usgs.gov/information-policies-and-instructions/copyrights-and-credits,dataset,false,not_evaluated_for_project_output,2026-08-06T10:05:00Z
rec-72cfd7d567d22d75091084cbbd61d08db9c9817e4018870b57cb708472760a53,src-3ef2e38e4d56c4568400a2237f86983d0af09e67a69faaee03baa7d42b5409e8,C-328793,Ni,Ni,9.9,mg/kg,soil,soil:top-0-5cm,near-total concentration in <2 mm soil fraction,,,,,31.0634,-85.6928,31.0634,-85.6928,EPSG:4326,identity; source metadata declares WGS 84,,,inductively coupled plasma-atomic emission spectrometry (ICP-AES),icp_oes,near-total HCl-HNO3-HClO4-HF digestion,,LicenseRef-USGS-Public-Domain,government,usgs-conus-soil,Geochemical and mineralogical data for soils of the conterminous United States,10.3133/ds801,"Data Series 801, 2013 release",Appendix_2b_Top5_18Sept2013.txt,21,Appendix_2b_Top5_18Sept2013.txt#row=21,e831095cba4549a87144804aa1ccb38e07d44550ab91b27390b84fc1dbdbc894,02/19/09,0,0.05,<2 mm,top-0-5cm,soil_topsoil,exact,,,,,,,,top-0-5cm,top_0_5cm,,,,,,,,,,,,,,,not_reported,dataset,registered_dataset_method_by_analyte,,inductively coupled plasma-atomic emission spectrometry (ICP-AES),,,,,Appendix_2b_Top5_18Sept2013.txt#row=21,,,,,,"[""Smith, D.B., Cannon, W.F., Woodruff, L.G., Solano, F., Kilburn, J.E., and Fey, D.L. (2013). Geochemical and mineralogical data for soils of the conterminous United States. U.S. Geological Survey Data Series 801. https://doi.org/10.3133/ds801""]",dataset,dataset_metadata,,resolved,,public_download,permitted_research,https://www.usgs.gov/information-policies-and-instructions/copyrights-and-credits,dataset,false,not_evaluated_for_project_output,2026-08-06T10:05:00Z
rec-bdd906d8787067519739ef638eb948aa0853b9b131b167e1690dfc1ba579d6c9,src-3ef2e38e4d56c4568400a2237f86983d0af09e67a69faaee03baa7d42b5409e8,C-328793,Zn,Zn,29,mg/kg,soil,soil:top-0-5cm,near-total concentration in <2 mm soil fraction,,,,,31.0634,-85.6928,31.0634,-85.6928,EPSG:4326,identity; source metadata declares WGS 84,,,inductively coupled plasma-atomic emission spectrometry (ICP-AES),icp_oes,near-total HCl-HNO3-HClO4-HF digestion,,LicenseRef-USGS-Public-Domain,government,usgs-conus-soil,Geochemical and mineralogical data for soils of the conterminous United States,10.3133/ds801,"Data Series 801, 2013 release",Appendix_2b_Top5_18Sept2013.txt,21,Appendix_2b_Top5_18Sept2013.txt#row=21,e831095cba4549a87144804aa1ccb38e07d44550ab91b27390b84fc1dbdbc894,02/19/09,0,0.05,<2 mm,top-0-5cm,soil_topsoil,exact,,,,,,,,top-0-5cm,top_0_5cm,,,,,,,,,,,,,,,not_reported,dataset,registered_dataset_method_by_analyte,,inductively coupled plasma-atomic emission spectrometry (ICP-AES),,,,,Appendix_2b_Top5_18Sept2013.txt#row=21,,,,,,"[""Smith, D.B., Cannon, W.F., Woodruff, L.G., Solano, F., Kilburn, J.E., and Fey, D.L. (2013). Geochemical and mineralogical data for soils of the conterminous United States. U.S. Geological Survey Data Series 801. https://doi.org/10.3133/ds801""]",dataset,dataset_metadata,,resolved,,public_download,permitted_research,https://www.usgs.gov/information-policies-and-instructions/copyrights-and-credits,dataset,false,not_evaluated_for_project_output,2026-08-06T10:05:00Z
rec-1632ab8d4a61b525ad1614754fd6d28699abd2319779f48060f3947b9dce9fd2,src-8584c165c2412a035ec060f6604ff5be4a8dfe53890eb8009ad8f0fda2f50cf2,C-328863,As,As,4.9,mg/kg,soil,soil:top-0-5cm,total concentration in <2 mm soil fraction,,,,,34.2848,-85.6099,34.2848,-85.6099,EPSG:4326,identity; source metadata declares WGS 84,,,hydride-generation atomic absorption spectrometry (HG-AAS),aas,sodium peroxide and sodium hydroxide fusion,,LicenseRef-USGS-Public-Domain,government,usgs-conus-soil,Geochemical and mineralogical data for soils of the conterminous United States,10.3133/ds801,"Data Series 801, 2013 release",Appendix_2b_Top5_18Sept2013.txt,22,Appendix_2b_Top5_18Sept2013.txt#row=22,e831095cba4549a87144804aa1ccb38e07d44550ab91b27390b84fc1dbdbc894,02/24/09,0,0.05,<2 mm,top-0-5cm,soil_topsoil,exact,,,,,,,,top-0-5cm,top_0_5cm,,,,,,,,,,,,,,,not_reported,dataset,registered_dataset_method_by_analyte,,hydride-generation atomic absorption spectrometry (HG-AAS),,,,,Appendix_2b_Top5_18Sept2013.txt#row=22,,,,,,"[""Smith, D.B., Cannon, W.F., Woodruff, L.G., Solano, F., Kilburn, J.E., and Fey, D.L. (2013). Geochemical and mineralogical data for soils of the conterminous United States. U.S. Geological Survey Data Series 801. https://doi.org/10.3133/ds801""]",dataset,dataset_metadata,,resolved,,public_download,permitted_research,https://www.usgs.gov/information-policies-and-instructions/copyrights-and-credits,dataset,false,not_evaluated_for_project_output,2026-08-06T10:05:00Z
rec-a44248df7ddf62dc27fcbaad71693a19ff06e05c86696697de790ce427974333,src-8584c165c2412a035ec060f6604ff5be4a8dfe53890eb8009ad8f0fda2f50cf2,C-328863,Cu,Cu,10.8,mg/kg,soil,soil:top-0-5cm,near-total concentration in <2 mm soil fraction,,,,,34.2848,-85.6099,34.2848,-85.6099,EPSG:4326,identity; source metadata declares WGS 84,,,inductively coupled plasma-atomic emission spectrometry (ICP-AES),icp_oes,near-total HCl-HNO3-HClO4-HF digestion,,LicenseRef-USGS-Public-Domain,government,usgs-conus-soil,Geochemical and mineralogical data for soils of the conterminous United States,10.3133/ds801,"Data Series 801, 2013 release",Appendix_2b_Top5_18Sept2013.txt,22,Appendix_2b_Top5_18Sept2013.txt#row=22,e831095cba4549a87144804aa1ccb38e07d44550ab91b27390b84fc1dbdbc894,02/24/09,0,0.05,<2 mm,top-0-5cm,soil_topsoil,exact,,,,,,,,top-0-5cm,top_0_5cm,,,,,,,,,,,,,,,not_reported,dataset,registered_dataset_method_by_analyte,,inductively coupled plasma-atomic emission spectrometry (ICP-AES),,,,,Appendix_2b_Top5_18Sept2013.txt#row=22,,,,,,"[""Smith, D.B., Cannon, W.F., Woodruff, L.G., Solano, F., Kilburn, J.E., and Fey, D.L. (2013). Geochemical and mineralogical data for soils of the conterminous United States. U.S. Geological Survey Data Series 801. https://doi.org/10.3133/ds801""]",dataset,dataset_metadata,,resolved,,public_download,permitted_research,https://www.usgs.gov/information-policies-and-instructions/copyrights-and-credits,dataset,false,not_evaluated_for_project_output,2026-08-06T10:05:00Z
rec-8e2a57f3697bc661b55ab54315eeecdd794f761a3d5bd297d19ff7e1cb4e55b5,src-8584c165c2412a035ec060f6604ff5be4a8dfe53890eb8009ad8f0fda2f50cf2,C-328863,Ni,Ni,7.1,mg/kg,soil,soil:top-0-5cm,near-total concentration in <2 mm soil fraction,,,,,34.2848,-85.6099,34.2848,-85.6099,EPSG:4326,identity; source metadata declares WGS 84,,,inductively coupled plasma-atomic emission spectrometry (ICP-AES),icp_oes,near-total HCl-HNO3-HClO4-HF digestion,,LicenseRef-USGS-Public-Domain,government,usgs-conus-soil,Geochemical and mineralogical data for soils of the conterminous United States,10.3133/ds801,"Data Series 801, 2013 release",Appendix_2b_Top5_18Sept2013.txt,22,Appendix_2b_Top5_18Sept2013.txt#row=22,e831095cba4549a87144804aa1ccb38e07d44550ab91b27390b84fc1dbdbc894,02/24/09,0,0.05,<2 mm,top-0-5cm,soil_topsoil,exact,,,,,,,,top-0-5cm,top_0_5cm,,,,,,,,,,,,,,,not_reported,dataset,registered_dataset_method_by_analyte,,inductively coupled plasma-atomic emission spectrometry (ICP-AES),,,,,Appendix_2b_Top5_18Sept2013.txt#row=22,,,,,,"[""Smith, D.B., Cannon, W.F., Woodruff, L.G., Solano, F., Kilburn, J.E., and Fey, D.L. (2013). Geochemical and mineralogical data for soils of the conterminous United States. U.S. Geological Survey Data Series 801. https://doi.org/10.3133/ds801""]",dataset,dataset_metadata,,resolved,,public_download,permitted_research,https://www.usgs.gov/information-policies-and-instructions/copyrights-and-credits,dataset,false,not_evaluated_for_project_output,2026-08-06T10:05:00Z
rec-d2a54a7576b75e772572d686674924ae42ab0f93d0374ffc9c844ab5a2d5ade5,src-8584c165c2412a035ec060f6604ff5be4a8dfe53890eb8009ad8f0fda2f50cf2,C-328863,Zn,Zn,50,mg/kg,soil,soil:top-0-5cm,near-total concentration in <2 mm soil fraction,,,,,34.2848,-85.6099,34.2848,-85.6099,EPSG:4326,identity; source metadata declares WGS 84,,,inductively coupled plasma-atomic emission spectrometry (ICP-AES),icp_oes,near-total HCl-HNO3-HClO4-HF digestion,,LicenseRef-USGS-Public-Domain,government,usgs-conus-soil,Geochemical and mineralogical data for soils of the conterminous United States,10.3133/ds801,"Data Series 801, 2013 release",Appendix_2b_Top5_18Sept2013.txt,22,Appendix_2b_Top5_18Sept2013.txt#row=22,e831095cba4549a87144804aa1ccb38e07d44550ab91b27390b84fc1dbdbc894,02/24/09,0,0.05,<2 mm,top-0-5cm,soil_topsoil,exact,,,,,,,,top-0-5cm,top_0_5cm,,,,,,,,,,,,,,,not_reported,dataset,registered_dataset_method_by_analyte,,inductively coupled plasma-atomic emission spectrometry (ICP-AES),,,,,Appendix_2b_Top5_18Sept2013.txt#row=22,,,,,,"[""Smith, D.B., Cannon, W.F., Woodruff, L.G., Solano, F., Kilburn, J.E., and Fey, D.L. (2013). Geochemical and mineralogical data for soils of the conterminous United States. U.S. Geological Survey Data Series 801. https://doi.org/10.3133/ds801""]",dataset,dataset_metadata,,resolved,,public_download,permitted_research,https://www.usgs.gov/information-policies-and-instructions/copyrights-and-credits,dataset,false,not_evaluated_for_project_output,2026-08-06T10:05:00Z
rec-0b4e7e16d277866d0f76d5b154d9a578ec48836e239ae0e9b6e80f9e9e07699a,src-57369ab1adb04d8b7869f6e245db76d38b5de4041d7602301ad9c4826f89354a,C-328685,As,As,<0.6,mg/kg,soil,soil:top-0-5cm,total concentration in <2 mm soil fraction,<,,0.6,mg/kg,30.4575,-85.9549,30.4575,-85.9549,EPSG:4326,identity; source metadata declares WGS 84,,,hydride-generation atomic absorption spectrometry (HG-AAS),aas,sodium peroxide and sodium hydroxide fusion,,LicenseRef-USGS-Public-Domain,government,usgs-conus-soil,Geochemical and mineralogical data for soils of the conterminous United States,10.3133/ds801,"Data Series 801, 2013 release",Appendix_2b_Top5_18Sept2013.txt,798,Appendix_2b_Top5_18Sept2013.txt#row=798,e831095cba4549a87144804aa1ccb38e07d44550ab91b27390b84fc1dbdbc894,02/16/09,0,0.05,<2 mm,top-0-5cm,soil_topsoil,exact,,,,,,,,top-0-5cm,top_0_5cm,,,,,,,,,,,,,,,not_reported,dataset,registered_dataset_method_by_analyte,,hydride-generation atomic absorption spectrometry (HG-AAS),,,,,Appendix_2b_Top5_18Sept2013.txt#row=798,,,,,,"[""Smith, D.B., Cannon, W.F., Woodruff, L.G., Solano, F., Kilburn, J.E., and Fey, D.L. (2013). Geochemical and mineralogical data for soils of the conterminous United States. U.S. Geological Survey Data Series 801. https://doi.org/10.3133/ds801""]",dataset,dataset_metadata,,resolved,,public_download,permitted_research,https://www.usgs.gov/information-policies-and-instructions/copyrights-and-credits,dataset,false,not_evaluated_for_project_output,2026-08-06T10:05:00Z
rec-f96d17de9db6b367814dc64ec160247fef00fe75cd37655402e37325f9978634,src-57369ab1adb04d8b7869f6e245db76d38b5de4041d7602301ad9c4826f89354a,C-328685,Cu,Cu,1.8,mg/kg,soil,soil:top-0-5cm,near-total concentration in <2 mm soil fraction,,,,,30.4575,-85.9549,30.4575,-85.9549,EPSG:4326,identity; source metadata declares WGS 84,,,inductively coupled plasma-atomic emission spectrometry (ICP-AES),icp_oes,near-total HCl-HNO3-HClO4-HF digestion,,LicenseRef-USGS-Public-Domain,government,usgs-conus-soil,Geochemical and mineralogical data for soils of the conterminous United States,10.3133/ds801,"Data Series 801, 2013 release",Appendix_2b_Top5_18Sept2013.txt,798,Appendix_2b_Top5_18Sept2013.txt#row=798,e831095cba4549a87144804aa1ccb38e07d44550ab91b27390b84fc1dbdbc894,02/16/09,0,0.05,<2 mm,top-0-5cm,soil_topsoil,exact,,,,,,,,top-0-5cm,top_0_5cm,,,,,,,,,,,,,,,not_reported,dataset,registered_dataset_method_by_analyte,,inductively coupled plasma-atomic emission spectrometry (ICP-AES),,,,,Appendix_2b_Top5_18Sept2013.txt#row=798,,,,,,"[""Smith, D.B., Cannon, W.F., Woodruff, L.G., Solano, F., Kilburn, J.E., and Fey, D.L. (2013). Geochemical and mineralogical data for soils of the conterminous United States. U.S. Geological Survey Data Series 801. https://doi.org/10.3133/ds801""]",dataset,dataset_metadata,,resolved,,public_download,permitted_research,https://www.usgs.gov/information-policies-and-instructions/copyrights-and-credits,dataset,false,not_evaluated_for_project_output,2026-08-06T10:05:00Z
rec-1197c3bbf556cabad31a9d976c3f8ff1966b2eecf825cb13520560948777a820,src-57369ab1adb04d8b7869f6e245db76d38b5de4041d7602301ad9c4826f89354a,C-328685,Ni,Ni,1.1,mg/kg,soil,soil:top-0-5cm,near-total concentration in <2 mm soil fraction,,,,,30.4575,-85.9549,30.4575,-85.9549,EPSG:4326,identity; source metadata declares WGS 84,,,inductively coupled plasma-atomic emission spectrometry (ICP-AES),icp_oes,near-total HCl-HNO3-HClO4-HF digestion,,LicenseRef-USGS-Public-Domain,government,usgs-conus-soil,Geochemical and mineralogical data for soils of the conterminous United States,10.3133/ds801,"Data Series 801, 2013 release",Appendix_2b_Top5_18Sept2013.txt,798,Appendix_2b_Top5_18Sept2013.txt#row=798,e831095cba4549a87144804aa1ccb38e07d44550ab91b27390b84fc1dbdbc894,02/16/09,0,0.05,<2 mm,top-0-5cm,soil_topsoil,exact,,,,,,,,top-0-5cm,top_0_5cm,,,,,,,,,,,,,,,not_reported,dataset,registered_dataset_method_by_analyte,,inductively coupled plasma-atomic emission spectrometry (ICP-AES),,,,,Appendix_2b_Top5_18Sept2013.txt#row=798,,,,,,"[""Smith, D.B., Cannon, W.F., Woodruff, L.G., Solano, F., Kilburn, J.E., and Fey, D.L. (2013). Geochemical and mineralogical data for soils of the conterminous United States. U.S. Geological Survey Data Series 801. https://doi.org/10.3133/ds801""]",dataset,dataset_metadata,,resolved,,public_download,permitted_research,https://www.usgs.gov/information-policies-and-instructions/copyrights-and-credits,dataset,false,not_evaluated_for_project_output,2026-08-06T10:05:00Z
rec-ea8eb881bc0a1f0566f6db68efb42e0c42ea379ae230be6cb841865a2f88b57e,src-57369ab1adb04d8b7869f6e245db76d38b5de4041d7602301ad9c4826f89354a,C-328685,Zn,Zn,5,mg/kg,soil,soil:top-0-5cm,near-total concentration in <2 mm soil fraction,,,,,30.4575,-85.9549,30.4575,-85.9549,EPSG:4326,identity; source metadata declares WGS 84,,,inductively coupled plasma-atomic emission spectrometry (ICP-AES),icp_oes,near-total HCl-HNO3-HClO4-HF digestion,,LicenseRef-USGS-Public-Domain,government,usgs-conus-soil,Geochemical and mineralogical data for soils of the conterminous United States,10.3133/ds801,"Data Series 801, 2013 release",Appendix_2b_Top5_18Sept2013.txt,798,Appendix_2b_Top5_18Sept2013.txt#row=798,e831095cba4549a87144804aa1ccb38e07d44550ab91b27390b84fc1dbdbc894,02/16/09,0,0.05,<2 mm,top-0-5cm,soil_topsoil,exact,,,,,,,,top-0-5cm,top_0_5cm,,,,,,,,,,,,,,,not_reported,dataset,registered_dataset_method_by_analyte,,inductively coupled plasma-atomic emission spectrometry (ICP-AES),,,,,Appendix_2b_Top5_18Sept2013.txt#row=798,,,,,,"[""Smith, D.B., Cannon, W.F., Woodruff, L.G., Solano, F., Kilburn, J.E., and Fey, D.L. (2013). Geochemical and mineralogical data for soils of the conterminous United States. U.S. Geological Survey Data Series 801. https://doi.org/10.3133/ds801""]",dataset,dataset_metadata,,resolved,,public_download,permitted_research,https://www.usgs.gov/information-policies-and-instructions/copyrights-and-credits,dataset,false,not_evaluated_for_project_output,2026-08-06T10:05:00Z
rec-c872063c71eb2134348550b2a346b17fba66046c007801558cd9ed51af535ba9,src-17fdcb45529f89a7118ea433506f0900dbbb0238cb185c8d41aa0859ce6c67e0,C-328943,As,As,1.6,mg/kg,soil,soil:a-horizon,total concentration in <2 mm soil fraction,,,,,31.3146,-87.1166,31.3146,-87.1166,EPSG:4326,identity; source metadata declares WGS 84,,,hydride-generation atomic absorption spectrometry (HG-AAS),aas,sodium peroxide and sodium hydroxide fusion,,LicenseRef-USGS-Public-Domain,government,usgs-conus-soil,Geochemical and mineralogical data for soils of the conterminous United States,10.3133/ds801,"Data Series 801, 2013 release",Appendix_3b_Ahorizon_18Sept2013.txt,15,Appendix_3b_Ahorizon_18Sept2013.txt#row=15,462821c1164b5b4c27905a3ea62a22fa3f6172da09125d8f80ec5b2f6a69a202,02/18/09,0.02,0.3,<2 mm,a-horizon,soil_a_horizon,exact,,,,,,,,a-horizon,A,,,,,,,,,,,,,,,not_reported,dataset,registered_dataset_method_by_analyte,,hydride-generation atomic absorption spectrometry (HG-AAS),,,,,Appendix_3b_Ahorizon_18Sept2013.txt#row=15,,,,,,"[""Smith, D.B., Cannon, W.F., Woodruff, L.G., Solano, F., Kilburn, J.E., and Fey, D.L. (2013). Geochemical and mineralogical data for soils of the conterminous United States. U.S. Geological Survey Data Series 801. https://doi.org/10.3133/ds801""]",dataset,dataset_metadata,,resolved,,public_download,permitted_research,https://www.usgs.gov/information-policies-and-instructions/copyrights-and-credits,dataset,false,not_evaluated_for_project_output,2026-08-06T10:05:00Z
rec-dd2914161ea66bfc52570508becd23cbfeee42998d3b886cd36e5ed1744e1303,src-17fdcb45529f89a7118ea433506f0900dbbb0238cb185c8d41aa0859ce6c67e0,C-328943,Cu,Cu,4.4,mg/kg,soil,soil:a-horizon,near-total concentration in <2 mm soil fraction,,,,,31.3146,-87.1166,31.3146,-87.1166,EPSG:4326,identity; source metadata declares WGS 84,,,inductively coupled plasma-atomic emission spectrometry (ICP-AES),icp_oes,near-total HCl-HNO3-HClO4-HF digestion,,LicenseRef-USGS-Public-Domain,government,usgs-conus-soil,Geochemical and mineralogical data for soils of the conterminous United States,10.3133/ds801,"Data Series 801, 2013 release",Appendix_3b_Ahorizon_18Sept2013.txt,15,Appendix_3b_Ahorizon_18Sept2013.txt#row=15,462821c1164b5b4c27905a3ea62a22fa3f6172da09125d8f80ec5b2f6a69a202,02/18/09,0.02,0.3,<2 mm,a-horizon,soil_a_horizon,exact,,,,,,,,a-horizon,A,,,,,,,,,,,,,,,not_reported,dataset,registered_dataset_method_by_analyte,,inductively coupled plasma-atomic emission spectrometry (ICP-AES),,,,,Appendix_3b_Ahorizon_18Sept2013.txt#row=15,,,,,,"[""Smith, D.B., Cannon, W.F., Woodruff, L.G., Solano, F., Kilburn, J.E., and Fey, D.L. (2013). Geochemical and mineralogical data for soils of the conterminous United States. U.S. Geological Survey Data Series 801. https://doi.org/10.3133/ds801""]",dataset,dataset_metadata,,resolved,,public_download,permitted_research,https://www.usgs.gov/information-policies-and-instructions/copyrights-and-credits,dataset,false,not_evaluated_for_project_output,2026-08-06T10:05:00Z
rec-68e26620ff46f67a979b6a761045b0d76b7e61de6a9c30c4049c32694a6a92a9,src-17fdcb45529f89a7118ea433506f0900dbbb0238cb185c8d41aa0859ce6c67e0,C-328943,Ni,Ni,3.2,mg/kg,soil,soil:a-horizon,near-total concentration in <2 mm soil fraction,,,,,31.3146,-87.1166,31.3146,-87.1166,EPSG:4326,identity; source metadata declares WGS 84,,,inductively coupled plasma-atomic emission spectrometry (ICP-AES),icp_oes,near-total HCl-HNO3-HClO4-HF digestion,,LicenseRef-USGS-Public-Domain,government,usgs-conus-soil,Geochemical and mineralogical data for soils of the conterminous United States,10.3133/ds801,"Data Series 801, 2013 release",Appendix_3b_Ahorizon_18Sept2013.txt,15,Appendix_3b_Ahorizon_18Sept2013.txt#row=15,462821c1164b5b4c27905a3ea62a22fa3f6172da09125d8f80ec5b2f6a69a202,02/18/09,0.02,0.3,<2 mm,a-horizon,soil_a_horizon,exact,,,,,,,,a-horizon,A,,,,,,,,,,,,,,,not_reported,dataset,registered_dataset_method_by_analyte,,inductively coupled plasma-atomic emission spectrometry (ICP-AES),,,,,Appendix_3b_Ahorizon_18Sept2013.txt#row=15,,,,,,"[""Smith, D.B., Cannon, W.F., Woodruff, L.G., Solano, F., Kilburn, J.E., and Fey, D.L. (2013). Geochemical and mineralogical data for soils of the conterminous United States. U.S. Geological Survey Data Series 801. https://doi.org/10.3133/ds801""]",dataset,dataset_metadata,,resolved,,public_download,permitted_research,https://www.usgs.gov/information-policies-and-instructions/copyrights-and-credits,dataset,false,not_evaluated_for_project_output,2026-08-06T10:05:00Z
rec-eda5071ece336ae17570b9539e025bfcf718aab3d1fe5df1c21826fd615c2c96,src-17fdcb45529f89a7118ea433506f0900dbbb0238cb185c8d41aa0859ce6c67e0,C-328943,Zn,Zn,15,mg/kg,soil,soil:a-horizon,near-total concentration in <2 mm soil fraction,,,,,31.3146,-87.1166,31.3146,-87.1166,EPSG:4326,identity; source metadata declares WGS 84,,,inductively coupled plasma-atomic emission spectrometry (ICP-AES),icp_oes,near-total HCl-HNO3-HClO4-HF digestion,,LicenseRef-USGS-Public-Domain,government,usgs-conus-soil,Geochemical and mineralogical data for soils of the conterminous United States,10.3133/ds801,"Data Series 801, 2013 release",Appendix_3b_Ahorizon_18Sept2013.txt,15,Appendix_3b_Ahorizon_18Sept2013.txt#row=15,462821c1164b5b4c27905a3ea62a22fa3f6172da09125d8f80ec5b2f6a69a202,02/18/09,0.02,0.3,<2 mm,a-horizon,soil_a_horizon,exact,,,,,,,,a-horizon,A,,,,,,,,,,,,,,,not_reported,dataset,registered_dataset_method_by_analyte,,inductively coupled plasma-atomic emission spectrometry (ICP-AES),,,,,Appendix_3b_Ahorizon_18Sept2013.txt#row=15,,,,,,"[""Smith, D.B., Cannon, W.F., Woodruff, L.G., Solano, F., Kilburn, J.E., and Fey, D.L. (2013). Geochemical and mineralogical data for soils of the conterminous United States. U.S. Geological Survey Data Series 801. https://doi.org/10.3133/ds801""]",dataset,dataset_metadata,,resolved,,public_download,permitted_research,https://www.usgs.gov/information-policies-and-instructions/copyrights-and-credits,dataset,false,not_evaluated_for_project_output,2026-08-06T10:05:00Z
rec-22e314292d9e63f1f6aa766e628efa7201879caf2d2d4882aeb32b25e104e7ae,src-b665dde34d351e94c0b530063e7ec7afff1e4623bc6065ffa7efa0cd9efabce3,C-328929,As,As,1.5,mg/kg,soil,soil:a-horizon,total concentration in <2 mm soil fraction,,,,,33.8523,-86.9041,33.8523,-86.9041,EPSG:4326,identity; source metadata declares WGS 84,,,hydride-generation atomic absorption spectrometry (HG-AAS),aas,sodium peroxide and sodium hydroxide fusion,,LicenseRef-USGS-Public-Domain,government,usgs-conus-soil,Geochemical and mineralogical data for soils of the conterminous United States,10.3133/ds801,"Data Series 801, 2013 release",Appendix_3b_Ahorizon_18Sept2013.txt,16,Appendix_3b_Ahorizon_18Sept2013.txt#row=16,462821c1164b5b4c27905a3ea62a22fa3f6172da09125d8f80ec5b2f6a69a202,02/26/09,0,0.2,<2 mm,a-horizon,soil_a_horizon,exact,,,,,,,,a-horizon,A,,,,,,,,,,,,,,,not_reported,dataset,registered_dataset_method_by_analyte,,hydride-generation atomic absorption spectrometry (HG-AAS),,,,,Appendix_3b_Ahorizon_18Sept2013.txt#row=16,,,,,,"[""Smith, D.B., Cannon, W.F., Woodruff, L.G., Solano, F., Kilburn, J.E., and Fey, D.L. (2013). Geochemical and mineralogical data for soils of the conterminous United States. U.S. Geological Survey Data Series 801. https://doi.org/10.3133/ds801""]",dataset,dataset_metadata,,resolved,,public_download,permitted_research,https://www.usgs.gov/information-policies-and-instructions/copyrights-and-credits,dataset,false,not_evaluated_for_project_output,2026-08-06T10:05:00Z
rec-eb36e6a4e3672e9d495cb86d8dbf331302f34f52553dd4243bd300c9e24b0780,src-b665dde34d351e94c0b530063e7ec7afff1e4623bc6065ffa7efa0cd9efabce3,C-328929,Cu,Cu,6.1,mg/kg,soil,soil:a-horizon,near-total concentration in <2 mm soil fraction,,,,,33.8523,-86.9041,33.8523,-86.9041,EPSG:4326,identity; source metadata declares WGS 84,,,inductively coupled plasma-atomic emission spectrometry (ICP-AES),icp_oes,near-total HCl-HNO3-HClO4-HF digestion,,LicenseRef-USGS-Public-Domain,government,usgs-conus-soil,Geochemical and mineralogical data for soils of the conterminous United States,10.3133/ds801,"Data Series 801, 2013 release",Appendix_3b_Ahorizon_18Sept2013.txt,16,Appendix_3b_Ahorizon_18Sept2013.txt#row=16,462821c1164b5b4c27905a3ea62a22fa3f6172da09125d8f80ec5b2f6a69a202,02/26/09,0,0.2,<2 mm,a-horizon,soil_a_horizon,exact,,,,,,,,a-horizon,A,,,,,,,,,,,,,,,not_reported,dataset,registered_dataset_method_by_analyte,,inductively coupled plasma-atomic emission spectrometry (ICP-AES),,,,,Appendix_3b_Ahorizon_18Sept2013.txt#row=16,,,,,,"[""Smith, D.B., Cannon, W.F., Woodruff, L.G., Solano, F., Kilburn, J.E., and Fey, D.L. (2013). Geochemical and mineralogical data for soils of the conterminous United States. U.S. Geological Survey Data Series 801. https://doi.org/10.3133/ds801""]",dataset,dataset_metadata,,resolved,,public_download,permitted_research,https://www.usgs.gov/information-policies-and-instructions/copyrights-and-credits,dataset,false,not_evaluated_for_project_output,2026-08-06T10:05:00Z
rec-d5e43e3ac54375a8c6a396f2552e25b50e2ea665bc5532ea7778e36920428521,src-b665dde34d351e94c0b530063e7ec7afff1e4623bc6065ffa7efa0cd9efabce3,C-328929,Ni,Ni,4.6,mg/kg,soil,soil:a-horizon,near-total concentration in <2 mm soil fraction,,,,,33.8523,-86.9041,33.8523,-86.9041,EPSG:4326,identity; source metadata declares WGS 84,,,inductively coupled plasma-atomic emission spectrometry (ICP-AES),icp_oes,near-total HCl-HNO3-HClO4-HF digestion,,LicenseRef-USGS-Public-Domain,government,usgs-conus-soil,Geochemical and mineralogical data for soils of the conterminous United States,10.3133/ds801,"Data Series 801, 2013 release",Appendix_3b_Ahorizon_18Sept2013.txt,16,Appendix_3b_Ahorizon_18Sept2013.txt#row=16,462821c1164b5b4c27905a3ea62a22fa3f6172da09125d8f80ec5b2f6a69a202,02/26/09,0,0.2,<2 mm,a-horizon,soil_a_horizon,exact,,,,,,,,a-horizon,A,,,,,,,,,,,,,,,not_reported,dataset,registered_dataset_method_by_analyte,,inductively coupled plasma-atomic emission spectrometry (ICP-AES),,,,,Appendix_3b_Ahorizon_18Sept2013.txt#row=16,,,,,,"[""Smith, D.B., Cannon, W.F., Woodruff, L.G., Solano, F., Kilburn, J.E., and Fey, D.L. (2013). Geochemical and mineralogical data for soils of the conterminous United States. U.S. Geological Survey Data Series 801. https://doi.org/10.3133/ds801""]",dataset,dataset_metadata,,resolved,,public_download,permitted_research,https://www.usgs.gov/information-policies-and-instructions/copyrights-and-credits,dataset,false,not_evaluated_for_project_output,2026-08-06T10:05:00Z
rec-f0b3d08e1686154100c92cbc00b0dc9ede8c4c98680fbae655a2ac82c3755f57,src-b665dde34d351e94c0b530063e7ec7afff1e4623bc6065ffa7efa0cd9efabce3,C-328929,Zn,Zn,17,mg/kg,soil,soil:a-horizon,near-total concentration in <2 mm soil fraction,,,,,33.8523,-86.9041,33.8523,-86.9041,EPSG:4326,identity; source metadata declares WGS 84,,,inductively coupled plasma-atomic emission spectrometry (ICP-AES),icp_oes,near-total HCl-HNO3-HClO4-HF digestion,,LicenseRef-USGS-Public-Domain,government,usgs-conus-soil,Geochemical and mineralogical data for soils of the conterminous United States,10.3133/ds801,"Data Series 801, 2013 release",Appendix_3b_Ahorizon_18Sept2013.txt,16,Appendix_3b_Ahorizon_18Sept2013.txt#row=16,462821c1164b5b4c27905a3ea62a22fa3f6172da09125d8f80ec5b2f6a69a202,02/26/09,0,0.2,<2 mm,a-horizon,soil_a_horizon,exact,,,,,,,,a-horizon,A,,,,,,,,,,,,,,,not_reported,dataset,registered_dataset_method_by_analyte,,inductively coupled plasma-atomic emission spectrometry (ICP-AES),,,,,Appendix_3b_Ahorizon_18Sept2013.txt#row=16,,,,,,"[""Smith, D.B., Cannon, W.F., Woodruff, L.G., Solano, F., Kilburn, J.E., and Fey, D.L. (2013). Geochemical and mineralogical data for soils of the conterminous United States. U.S. Geological Survey Data Series 801. https://doi.org/10.3133/ds801""]",dataset,dataset_metadata,,resolved,,public_download,permitted_research,https://www.usgs.gov/information-policies-and-instructions/copyrights-and-credits,dataset,false,not_evaluated_for_project_output,2026-08-06T10:05:00Z
rec-61b6ccc5a8c292960506df44655523748a9f050bc0eff7348e7c89cdeff50578,src-f14ecb53f19290985e37aad8bfa21e4263b115d8b3dae902f9090e7fad98cdc1,C-328930,As,As,1.2,mg/kg,soil,soil:a-horizon,total concentration in <2 mm soil fraction,,,,,31.2179,-85.8788,31.2179,-85.8788,EPSG:4326,identity; source metadata declares WGS 84,,,hydride-generation atomic absorption spectrometry (HG-AAS),aas,sodium peroxide and sodium hydroxide fusion,,LicenseRef-USGS-Public-Domain,government,usgs-conus-soil,Geochemical and mineralogical data for soils of the conterminous United States,10.3133/ds801,"Data Series 801, 2013 release",Appendix_3b_Ahorizon_18Sept2013.txt,17,Appendix_3b_Ahorizon_18Sept2013.txt#row=17,462821c1164b5b4c27905a3ea62a22fa3f6172da09125d8f80ec5b2f6a69a202,02/18/09,0,0.2,<2 mm,a-horizon,soil_a_horizon,exact,,,,,,,,a-horizon,A,,,,,,,,,,,,,,,not_reported,dataset,registered_dataset_method_by_analyte,,hydride-generation atomic absorption spectrometry (HG-AAS),,,,,Appendix_3b_Ahorizon_18Sept2013.txt#row=17,,,,,,"[""Smith, D.B., Cannon, W.F., Woodruff, L.G., Solano, F., Kilburn, J.E., and Fey, D.L. (2013). Geochemical and mineralogical data for soils of the conterminous United States. U.S. Geological Survey Data Series 801. https://doi.org/10.3133/ds801""]",dataset,dataset_metadata,,resolved,,public_download,permitted_research,https://www.usgs.gov/information-policies-and-instructions/copyrights-and-credits,dataset,false,not_evaluated_for_project_output,2026-08-06T10:05:00Z
rec-d607fd0a3674d15e8c69a7b949fa82782c025b9778e25d6a3b961514df9c1a33,src-f14ecb53f19290985e37aad8bfa21e4263b115d8b3dae902f9090e7fad98cdc1,C-328930,Cu,Cu,10.9,mg/kg,soil,soil:a-horizon,near-total concentration in <2 mm soil fraction,,,,,31.2179,-85.8788,31.2179,-85.8788,EPSG:4326,identity; source metadata declares WGS 84,,,inductively coupled plasma-atomic emission spectrometry (ICP-AES),icp_oes,near-total HCl-HNO3-HClO4-HF digestion,,LicenseRef-USGS-Public-Domain,government,usgs-conus-soil,Geochemical and mineralogical data for soils of the conterminous United States,10.3133/ds801,"Data Series 801, 2013 release",Appendix_3b_Ahorizon_18Sept2013.txt,17,Appendix_3b_Ahorizon_18Sept2013.txt#row=17,462821c1164b5b4c27905a3ea62a22fa3f6172da09125d8f80ec5b2f6a69a202,02/18/09,0,0.2,<2 mm,a-horizon,soil_a_horizon,exact,,,,,,,,a-horizon,A,,,,,,,,,,,,,,,not_reported,dataset,registered_dataset_method_by_analyte,,inductively coupled plasma-atomic emission spectrometry (ICP-AES),,,,,Appendix_3b_Ahorizon_18Sept2013.txt#row=17,,,,,,"[""Smith, D.B., Cannon, W.F., Woodruff, L.G., Solano, F., Kilburn, J.E., and Fey, D.L. (2013). Geochemical and mineralogical data for soils of the conterminous United States. U.S. Geological Survey Data Series 801. https://doi.org/10.3133/ds801""]",dataset,dataset_metadata,,resolved,,public_download,permitted_research,https://www.usgs.gov/information-policies-and-instructions/copyrights-and-credits,dataset,false,not_evaluated_for_project_output,2026-08-06T10:05:00Z
rec-bd7aa86277373b64e38794d92a48b01bd3b41756676ec8bd71e8fe357738d50e,src-f14ecb53f19290985e37aad8bfa21e4263b115d8b3dae902f9090e7fad98cdc1,C-328930,Ni,Ni,4.2,mg/kg,soil,soil:a-horizon,near-total concentration in <2 mm soil fraction,,,,,31.2179,-85.8788,31.2179,-85.8788,EPSG:4326,identity; source metadata declares WGS 84,,,inductively coupled plasma-atomic emission spectrometry (ICP-AES),icp_oes,near-total HCl-HNO3-HClO4-HF digestion,,LicenseRef-USGS-Public-Domain,government,usgs-conus-soil,Geochemical and mineralogical data for soils of the conterminous United States,10.3133/ds801,"Data Series 801, 2013 release",Appendix_3b_Ahorizon_18Sept2013.txt,17,Appendix_3b_Ahorizon_18Sept2013.txt#row=17,462821c1164b5b4c27905a3ea62a22fa3f6172da09125d8f80ec5b2f6a69a202,02/18/09,0,0.2,<2 mm,a-horizon,soil_a_horizon,exact,,,,,,,,a-horizon,A,,,,,,,,,,,,,,,not_reported,dataset,registered_dataset_method_by_analyte,,inductively coupled plasma-atomic emission spectrometry (ICP-AES),,,,,Appendix_3b_Ahorizon_18Sept2013.txt#row=17,,,,,,"[""Smith, D.B., Cannon, W.F., Woodruff, L.G., Solano, F., Kilburn, J.E., and Fey, D.L. (2013). Geochemical and mineralogical data for soils of the conterminous United States. U.S. Geological Survey Data Series 801. https://doi.org/10.3133/ds801""]",dataset,dataset_metadata,,resolved,,public_download,permitted_research,https://www.usgs.gov/information-policies-and-instructions/copyrights-and-credits,dataset,false,not_evaluated_for_project_output,2026-08-06T10:05:00Z
rec-0b21f1a65f236fdb5f327740c91151b187aede207fba5b1ddb8c4abe1a1b6371,src-f14ecb53f19290985e37aad8bfa21e4263b115d8b3dae902f9090e7fad98cdc1,C-328930,Zn,Zn,19,mg/kg,soil,soil:a-horizon,near-total concentration in <2 mm soil fraction,,,,,31.2179,-85.8788,31.2179,-85.8788,EPSG:4326,identity; source metadata declares WGS 84,,,inductively coupled plasma-atomic emission spectrometry (ICP-AES),icp_oes,near-total HCl-HNO3-HClO4-HF digestion,,LicenseRef-USGS-Public-Domain,government,usgs-conus-soil,Geochemical and mineralogical data for soils of the conterminous United States,10.3133/ds801,"Data Series 801, 2013 release",Appendix_3b_Ahorizon_18Sept2013.txt,17,Appendix_3b_Ahorizon_18Sept2013.txt#row=17,462821c1164b5b4c27905a3ea62a22fa3f6172da09125d8f80ec5b2f6a69a202,02/18/09,0,0.2,<2 mm,a-horizon,soil_a_horizon,exact,,,,,,,,a-horizon,A,,,,,,,,,,,,,,,not_reported,dataset,registered_dataset_method_by_analyte,,inductively coupled plasma-atomic emission spectrometry (ICP-AES),,,,,Appendix_3b_Ahorizon_18Sept2013.txt#row=17,,,,,,"[""Smith, D.B., Cannon, W.F., Woodruff, L.G., Solano, F., Kilburn, J.E., and Fey, D.L. (2013). Geochemical and mineralogical data for soils of the conterminous United States. U.S. Geological Survey Data Series 801. https://doi.org/10.3133/ds801""]",dataset,dataset_metadata,,resolved,,public_download,permitted_research,https://www.usgs.gov/information-policies-and-instructions/copyrights-and-credits,dataset,false,not_evaluated_for_project_output,2026-08-06T10:05:00Z
rec-836565b860e13c1d5cb13d28168998bf257ed81e2d8947a4898e944c2aedd61c,src-a8d765ce85aaab1203810a3ba99c1ca138a93afbfae0a1f3056fae8a6b4fa1aa,C-329034,As,As,3.7,mg/kg,soil,soil:a-horizon,total concentration in <2 mm soil fraction,,,,,33.0992,-86.9976,33.0992,-86.9976,EPSG:4326,identity; source metadata declares WGS 84,,,hydride-generation atomic absorption spectrometry (HG-AAS),aas,sodium peroxide and sodium hydroxide fusion,,LicenseRef-USGS-Public-Domain,government,usgs-conus-soil,Geochemical and mineralogical data for soils of the conterminous United States,10.3133/ds801,"Data Series 801, 2013 release",Appendix_3b_Ahorizon_18Sept2013.txt,18,Appendix_3b_Ahorizon_18Sept2013.txt#row=18,462821c1164b5b4c27905a3ea62a22fa3f6172da09125d8f80ec5b2f6a69a202,02/23/09,0,0.2,<2 mm,a-horizon,soil_a_horizon,exact,,,,,,,,a-horizon,A,,,,,,,,,,,,,,,not_reported,dataset,registered_dataset_method_by_analyte,,hydride-generation atomic absorption spectrometry (HG-AAS),,,,,Appendix_3b_Ahorizon_18Sept2013.txt#row=18,,,,,,"[""Smith, D.B., Cannon, W.F., Woodruff, L.G., Solano, F., Kilburn, J.E., and Fey, D.L. (2013). Geochemical and mineralogical data for soils of the conterminous United States. U.S. Geological Survey Data Series 801. https://doi.org/10.3133/ds801""]",dataset,dataset_metadata,,resolved,,public_download,permitted_research,https://www.usgs.gov/information-policies-and-instructions/copyrights-and-credits,dataset,false,not_evaluated_for_project_output,2026-08-06T10:05:00Z
rec-ee3a41040929277bb3b35718914f15528fc003ffdab6801abb2af8d132551fd0,src-a8d765ce85aaab1203810a3ba99c1ca138a93afbfae0a1f3056fae8a6b4fa1aa,C-329034,Cu,Cu,13.8,mg/kg,soil,soil:a-horizon,near-total concentration in <2 mm soil fraction,,,,,33.0992,-86.9976,33.0992,-86.9976,EPSG:4326,identity; source metadata declares WGS 84,,,inductively coupled plasma-atomic emission spectrometry (ICP-AES),icp_oes,near-total HCl-HNO3-HClO4-HF digestion,,LicenseRef-USGS-Public-Domain,government,usgs-conus-soil,Geochemical and mineralogical data for soils of the conterminous United States,10.3133/ds801,"Data Series 801, 2013 release",Appendix_3b_Ahorizon_18Sept2013.txt,18,Appendix_3b_Ahorizon_18Sept2013.txt#row=18,462821c1164b5b4c27905a3ea62a22fa3f6172da09125d8f80ec5b2f6a69a202,02/23/09,0,0.2,<2 mm,a-horizon,soil_a_horizon,exact,,,,,,,,a-horizon,A,,,,,,,,,,,,,,,not_reported,dataset,registered_dataset_method_by_analyte,,inductively coupled plasma-atomic emission spectrometry (ICP-AES),,,,,Appendix_3b_Ahorizon_18Sept2013.txt#row=18,,,,,,"[""Smith, D.B., Cannon, W.F., Woodruff, L.G., Solano, F., Kilburn, J.E., and Fey, D.L. (2013). Geochemical and mineralogical data for soils of the conterminous United States. U.S. Geological Survey Data Series 801. https://doi.org/10.3133/ds801""]",dataset,dataset_metadata,,resolved,,public_download,permitted_research,https://www.usgs.gov/information-policies-and-instructions/copyrights-and-credits,dataset,false,not_evaluated_for_project_output,2026-08-06T10:05:00Z
rec-28df4f970c251b1837ad3ade412a14879c6b858f2ad2bb61c3c8edc016222e2c,src-a8d765ce85aaab1203810a3ba99c1ca138a93afbfae0a1f3056fae8a6b4fa1aa,C-329034,Ni,Ni,11.5,mg/kg,soil,soil:a-horizon,near-total concentration in <2 mm soil fraction,,,,,33.0992,-86.9976,33.0992,-86.9976,EPSG:4326,identity; source metadata declares WGS 84,,,inductively coupled plasma-atomic emission spectrometry (ICP-AES),icp_oes,near-total HCl-HNO3-HClO4-HF digestion,,LicenseRef-USGS-Public-Domain,government,usgs-conus-soil,Geochemical and mineralogical data for soils of the conterminous United States,10.3133/ds801,"Data Series 801, 2013 release",Appendix_3b_Ahorizon_18Sept2013.txt,18,Appendix_3b_Ahorizon_18Sept2013.txt#row=18,462821c1164b5b4c27905a3ea62a22fa3f6172da09125d8f80ec5b2f6a69a202,02/23/09,0,0.2,<2 mm,a-horizon,soil_a_horizon,exact,,,,,,,,a-horizon,A,,,,,,,,,,,,,,,not_reported,dataset,registered_dataset_method_by_analyte,,inductively coupled plasma-atomic emission spectrometry (ICP-AES),,,,,Appendix_3b_Ahorizon_18Sept2013.txt#row=18,,,,,,"[""Smith, D.B., Cannon, W.F., Woodruff, L.G., Solano, F., Kilburn, J.E., and Fey, D.L. (2013). Geochemical and mineralogical data for soils of the conterminous United States. U.S. Geological Survey Data Series 801. https://doi.org/10.3133/ds801""]",dataset,dataset_metadata,,resolved,,public_download,permitted_research,https://www.usgs.gov/information-policies-and-instructions/copyrights-and-credits,dataset,false,not_evaluated_for_project_output,2026-08-06T10:05:00Z
rec-06bbab91af641771a18c926cf929e0f716ecca7e8bfb93ceab281f4f7b9d13de,src-a8d765ce85aaab1203810a3ba99c1ca138a93afbfae0a1f3056fae8a6b4fa1aa,C-329034,Zn,Zn,32,mg/kg,soil,soil:a-horizon,near-total concentration in <2 mm soil fraction,,,,,33.0992,-86.9976,33.0992,-86.9976,EPSG:4326,identity; source metadata declares WGS 84,,,inductively coupled plasma-atomic emission spectrometry (ICP-AES),icp_oes,near-total HCl-HNO3-HClO4-HF digestion,,LicenseRef-USGS-Public-Domain,government,usgs-conus-soil,Geochemical and mineralogical data for soils of the conterminous United States,10.3133/ds801,"Data Series 801, 2013 release",Appendix_3b_Ahorizon_18Sept2013.txt,18,Appendix_3b_Ahorizon_18Sept2013.txt#row=18,462821c1164b5b4c27905a3ea62a22fa3f6172da09125d8f80ec5b2f6a69a202,02/23/09,0,0.2,<2 mm,a-horizon,soil_a_horizon,exact,,,,,,,,a-horizon,A,,,,,,,,,,,,,,,not_reported,dataset,registered_dataset_method_by_analyte,,inductively coupled plasma-atomic emission spectrometry (ICP-AES),,,,,Appendix_3b_Ahorizon_18Sept2013.txt#row=18,,,,,,"[""Smith, D.B., Cannon, W.F., Woodruff, L.G., Solano, F., Kilburn, J.E., and Fey, D.L. (2013). Geochemical and mineralogical data for soils of the conterminous United States. U.S. Geological Survey Data Series 801. https://doi.org/10.3133/ds801""]",dataset,dataset_metadata,,resolved,,public_download,permitted_research,https://www.usgs.gov/information-policies-and-instructions/copyrights-and-credits,dataset,false,not_evaluated_for_project_output,2026-08-06T10:05:00Z
rec-7699afa07ffad6556cbfb728e9353bfc0cbbec2273a0d11088b475c7855c455d,src-88bcc59f0bc59a12bdc10e01e508aa601fffd82ee6cf97afd43c6a665516c970,C-328968,As,As,2.7,mg/kg,soil,soil:a-horizon,total concentration in <2 mm soil fraction,,,,,34.5501,-87.6779,34.5501,-87.6779,EPSG:4326,identity; source metadata declares WGS 84,,,hydride-generation atomic absorption spectrometry (HG-AAS),aas,sodium peroxide and sodium hydroxide fusion,,LicenseRef-USGS-Public-Domain,government,usgs-conus-soil,Geochemical and mineralogical data for soils of the conterminous United States,10.3133/ds801,"Data Series 801, 2013 release",Appendix_3b_Ahorizon_18Sept2013.txt,19,Appendix_3b_Ahorizon_18Sept2013.txt#row=19,462821c1164b5b4c27905a3ea62a22fa3f6172da09125d8f80ec5b2f6a69a202,02/25/09,0,0.05,<2 mm,a-horizon,soil_a_horizon,exact,,,,,,,,a-horizon,A,,,,,,,,,,,,,,,not_reported,dataset,registered_dataset_method_by_analyte,,hydride-generation atomic absorption spectrometry (HG-AAS),,,,,Appendix_3b_Ahorizon_18Sept2013.txt#row=19,,,,,,"[""Smith, D.B., Cannon, W.F., Woodruff, L.G., Solano, F., Kilburn, J.E., and Fey, D.L. (2013). Geochemical and mineralogical data for soils of the conterminous United States. U.S. Geological Survey Data Series 801. https://doi.org/10.3133/ds801""]",dataset,dataset_metadata,,resolved,,public_download,permitted_research,https://www.usgs.gov/information-policies-and-instructions/copyrights-and-credits,dataset,false,not_evaluated_for_project_output,2026-08-06T10:05:00Z
rec-a8673cf2a71a64a5d1a83f3ec5a0319ff94ba6ff46224c37266ec91d281b25db,src-88bcc59f0bc59a12bdc10e01e508aa601fffd82ee6cf97afd43c6a665516c970,C-328968,Cu,Cu,5.2,mg/kg,soil,soil:a-horizon,near-total concentration in <2 mm soil fraction,,,,,34.5501,-87.6779,34.5501,-87.6779,EPSG:4326,identity; source metadata declares WGS 84,,,inductively coupled plasma-atomic emission spectrometry (ICP-AES),icp_oes,near-total HCl-HNO3-HClO4-HF digestion,,LicenseRef-USGS-Public-Domain,government,usgs-conus-soil,Geochemical and mineralogical data for soils of the conterminous United States,10.3133/ds801,"Data Series 801, 2013 release",Appendix_3b_Ahorizon_18Sept2013.txt,19,Appendix_3b_Ahorizon_18Sept2013.txt#row=19,462821c1164b5b4c27905a3ea62a22fa3f6172da09125d8f80ec5b2f6a69a202,02/25/09,0,0.05,<2 mm,a-horizon,soil_a_horizon,exact,,,,,,,,a-horizon,A,,,,,,,,,,,,,,,not_reported,dataset,registered_dataset_method_by_analyte,,inductively coupled plasma-atomic emission spectrometry (ICP-AES),,,,,Appendix_3b_Ahorizon_18Sept2013.txt#row=19,,,,,,"[""Smith, D.B., Cannon, W.F., Woodruff, L.G., Solano, F., Kilburn, J.E., and Fey, D.L. (2013). Geochemical and mineralogical data for soils of the conterminous United States. U.S. Geological Survey Data Series 801. https://doi.org/10.3133/ds801""]",dataset,dataset_metadata,,resolved,,public_download,permitted_research,https://www.usgs.gov/information-policies-and-instructions/copyrights-and-credits,dataset,false,not_evaluated_for_project_output,2026-08-06T10:05:00Z
rec-d2b2c8baa08c3db260d21dc9ef88b84bfbf02ff6224b1897ceb7076d3c9156cd,src-88bcc59f0bc59a12bdc10e01e508aa601fffd82ee6cf97afd43c6a665516c970,C-328968,Ni,Ni,6.9,mg/kg,soil,soil:a-horizon,near-total concentration in <2 mm soil fraction,,,,,34.5501,-87.6779,34.5501,-87.6779,EPSG:4326,identity; source metadata declares WGS 84,,,inductively coupled plasma-atomic emission spectrometry (ICP-AES),icp_oes,near-total HCl-HNO3-HClO4-HF digestion,,LicenseRef-USGS-Public-Domain,government,usgs-conus-soil,Geochemical and mineralogical data for soils of the conterminous United States,10.3133/ds801,"Data Series 801, 2013 release",Appendix_3b_Ahorizon_18Sept2013.txt,19,Appendix_3b_Ahorizon_18Sept2013.txt#row=19,462821c1164b5b4c27905a3ea62a22fa3f6172da09125d8f80ec5b2f6a69a202,02/25/09,0,0.05,<2 mm,a-horizon,soil_a_horizon,exact,,,,,,,,a-horizon,A,,,,,,,,,,,,,,,not_reported,dataset,registered_dataset_method_by_analyte,,inductively coupled plasma-atomic emission spectrometry (ICP-AES),,,,,Appendix_3b_Ahorizon_18Sept2013.txt#row=19,,,,,,"[""Smith, D.B., Cannon, W.F., Woodruff, L.G., Solano, F., Kilburn, J.E., and Fey, D.L. (2013). Geochemical and mineralogical data for soils of the conterminous United States. U.S. Geological Survey Data Series 801. https://doi.org/10.3133/ds801""]",dataset,dataset_metadata,,resolved,,public_download,permitted_research,https://www.usgs.gov/information-policies-and-instructions/copyrights-and-credits,dataset,false,not_evaluated_for_project_output,2026-08-06T10:05:00Z
rec-694ce93126c3628a4b37c9216a56c82cf4cdb3d9cdb63f4cac28f1542260a2ed,src-88bcc59f0bc59a12bdc10e01e508aa601fffd82ee6cf97afd43c6a665516c970,C-328968,Zn,Zn,32,mg/kg,soil,soil:a-horizon,near-total concentration in <2 mm soil fraction,,,,,34.5501,-87.6779,34.5501,-87.6779,EPSG:4326,identity; source metadata declares WGS 84,,,inductively coupled plasma-atomic emission spectrometry (ICP-AES),icp_oes,near-total HCl-HNO3-HClO4-HF digestion,,LicenseRef-USGS-Public-Domain,government,usgs-conus-soil,Geochemical and mineralogical data for soils of the conterminous United States,10.3133/ds801,"Data Series 801, 2013 release",Appendix_3b_Ahorizon_18Sept2013.txt,19,Appendix_3b_Ahorizon_18Sept2013.txt#row=19,462821c1164b5b4c27905a3ea62a22fa3f6172da09125d8f80ec5b2f6a69a202,02/25/09,0,0.05,<2 mm,a-horizon,soil_a_horizon,exact,,,,,,,,a-horizon,A,,,,,,,,,,,,,,,not_reported,dataset,registered_dataset_method_by_analyte,,inductively coupled plasma-atomic emission spectrometry (ICP-AES),,,,,Appendix_3b_Ahorizon_18Sept2013.txt#row=19,,,,,,"[""Smith, D.B., Cannon, W.F., Woodruff, L.G., Solano, F., Kilburn, J.E., and Fey, D.L. (2013). Geochemical and mineralogical data for soils of the conterminous United States. U.S. Geological Survey Data Series 801. https://doi.org/10.3133/ds801""]",dataset,dataset_metadata,,resolved,,public_download,permitted_research,https://www.usgs.gov/information-policies-and-instructions/copyrights-and-credits,dataset,false,not_evaluated_for_project_output,2026-08-06T10:05:00Z
rec-6cf53b069a45b4494d4c35f1dd9d32763154249e8493ed823344f7eceb8d7074,src-9c901316598999c90968699acdf9c64de777c91707b3d8c4d545a06577058217,C-329029,As,As,4.3,mg/kg,soil,soil:a-horizon,total concentration in <2 mm soil fraction,,,,,34.3577,-87.313,34.3577,-87.313,EPSG:4326,identity; source metadata declares WGS 84,,,hydride-generation atomic absorption spectrometry (HG-AAS),aas,sodium peroxide and sodium hydroxide fusion,,LicenseRef-USGS-Public-Domain,government,usgs-conus-soil,Geochemical and mineralogical data for soils of the conterminous United States,10.3133/ds801,"Data Series 801, 2013 release",Appendix_3b_Ahorizon_18Sept2013.txt,20,Appendix_3b_Ahorizon_18Sept2013.txt#row=20,462821c1164b5b4c27905a3ea62a22fa3f6172da09125d8f80ec5b2f6a69a202,02/26/09,0,0.1,<2 mm,a-horizon,soil_a_horizon,exact,,,,,,,,a-horizon,A,,,,,,,,,,,,,,,not_reported,dataset,registered_dataset_method_by_analyte,,hydride-generation atomic absorption spectrometry (HG-AAS),,,,,Appendix_3b_Ahorizon_18Sept2013.txt#row=20,,,,,,"[""Smith, D.B., Cannon, W.F., Woodruff, L.G., Solano, F., Kilburn, J.E., and Fey, D.L. (2013). Geochemical and mineralogical data for soils of the conterminous United States. U.S. Geological Survey Data Series 801. https://doi.org/10.3133/ds801""]",dataset,dataset_metadata,,resolved,,public_download,permitted_research,https://www.usgs.gov/information-policies-and-instructions/copyrights-and-credits,dataset,false,not_evaluated_for_project_output,2026-08-06T10:05:00Z
rec-fb69bdabdb44720eb22b9a5f6c22f334e812a3b93e64fefafd0712a5fe29142f,src-9c901316598999c90968699acdf9c64de777c91707b3d8c4d545a06577058217,C-329029,Cu,Cu,8.4,mg/kg,soil,soil:a-horizon,near-total concentration in <2 mm soil fraction,,,,,34.3577,-87.313,34.3577,-87.313,EPSG:4326,identity; source metadata declares WGS 84,,,inductively coupled plasma-atomic emission spectrometry (ICP-AES),icp_oes,near-total HCl-HNO3-HClO4-HF digestion,,LicenseRef-USGS-Public-Domain,government,usgs-conus-soil,Geochemical and mineralogical data for soils of the conterminous United States,10.3133/ds801,"Data Series 801, 2013 release",Appendix_3b_Ahorizon_18Sept2013.txt,20,Appendix_3b_Ahorizon_18Sept2013.txt#row=20,462821c1164b5b4c27905a3ea62a22fa3f6172da09125d8f80ec5b2f6a69a202,02/26/09,0,0.1,<2 mm,a-horizon,soil_a_horizon,exact,,,,,,,,a-horizon,A,,,,,,,,,,,,,,,not_reported,dataset,registered_dataset_method_by_analyte,,inductively coupled plasma-atomic emission spectrometry (ICP-AES),,,,,Appendix_3b_Ahorizon_18Sept2013.txt#row=20,,,,,,"[""Smith, D.B., Cannon, W.F., Woodruff, L.G., Solano, F., Kilburn, J.E., and Fey, D.L. (2013). Geochemical and mineralogical data for soils of the conterminous United States. U.S. Geological Survey Data Series 801. https://doi.org/10.3133/ds801""]",dataset,dataset_metadata,,resolved,,public_download,permitted_research,https://www.usgs.gov/information-policies-and-instructions/copyrights-and-credits,dataset,false,not_evaluated_for_project_output,2026-08-06T10:05:00Z
rec-d2f783f194729b8b78ef4d376fe162224f571e817249612c512759b99f2da2ee,src-9c901316598999c90968699acdf9c64de777c91707b3d8c4d545a06577058217,C-329029,Ni,Ni,8.4,mg/kg,soil,soil:a-horizon,near-total concentration in <2 mm soil fraction,,,,,34.3577,-87.313,34.3577,-87.313,EPSG:4326,identity; source metadata declares WGS 84,,,inductively coupled plasma-atomic emission spectrometry (ICP-AES),icp_oes,near-total HCl-HNO3-HClO4-HF digestion,,LicenseRef-USGS-Public-Domain,government,usgs-conus-soil,Geochemical and mineralogical data for soils of the conterminous United States,10.3133/ds801,"Data Series 801, 2013 release",Appendix_3b_Ahorizon_18Sept2013.txt,20,Appendix_3b_Ahorizon_18Sept2013.txt#row=20,462821c1164b5b4c27905a3ea62a22fa3f6172da09125d8f80ec5b2f6a69a202,02/26/09,0,0.1,<2 mm,a-horizon,soil_a_horizon,exact,,,,,,,,a-horizon,A,,,,,,,,,,,,,,,not_reported,dataset,registered_dataset_method_by_analyte,,inductively coupled plasma-atomic emission spectrometry (ICP-AES),,,,,Appendix_3b_Ahorizon_18Sept2013.txt#row=20,,,,,,"[""Smith, D.B., Cannon, W.F., Woodruff, L.G., Solano, F., Kilburn, J.E., and Fey, D.L. (2013). Geochemical and mineralogical data for soils of the conterminous United States. U.S. Geological Survey Data Series 801. https://doi.org/10.3133/ds801""]",dataset,dataset_metadata,,resolved,,public_download,permitted_research,https://www.usgs.gov/information-policies-and-instructions/copyrights-and-credits,dataset,false,not_evaluated_for_project_output,2026-08-06T10:05:00Z
rec-c7558c09b931afcc1b6e91b5cb363174ee957b34b6896daedec3d621c078f3c5,src-9c901316598999c90968699acdf9c64de777c91707b3d8c4d545a06577058217,C-329029,Zn,Zn,28,mg/kg,soil,soil:a-horizon,near-total concentration in <2 mm soil fraction,,,,,34.3577,-87.313,34.3577,-87.313,EPSG:4326,identity; source metadata declares WGS 84,,,inductively coupled plasma-atomic emission spectrometry (ICP-AES),icp_oes,near-total HCl-HNO3-HClO4-HF digestion,,LicenseRef-USGS-Public-Domain,government,usgs-conus-soil,Geochemical and mineralogical data for soils of the conterminous United States,10.3133/ds801,"Data Series 801, 2013 release",Appendix_3b_Ahorizon_18Sept2013.txt,20,Appendix_3b_Ahorizon_18Sept2013.txt#row=20,462821c1164b5b4c27905a3ea62a22fa3f6172da09125d8f80ec5b2f6a69a202,02/26/09,0,0.1,<2 mm,a-horizon,soil_a_horizon,exact,,,,,,,,a-horizon,A,,,,,,,,,,,,,,,not_reported,dataset,registered_dataset_method_by_analyte,,inductively coupled plasma-atomic emission spectrometry (ICP-AES),,,,,Appendix_3b_Ahorizon_18Sept2013.txt#row=20,,,,,,"[""Smith, D.B., Cannon, W.F., Woodruff, L.G., Solano, F., Kilburn, J.E., and Fey, D.L. (2013). Geochemical and mineralogical data for soils of the conterminous United States. U.S. Geological Survey Data Series 801. https://doi.org/10.3133/ds801""]",dataset,dataset_metadata,,resolved,,public_download,permitted_research,https://www.usgs.gov/information-policies-and-instructions/copyrights-and-credits,dataset,false,not_evaluated_for_project_output,2026-08-06T10:05:00Z
rec-6dc17e75ee29f79b7ad7ed940d3f12b141f38f1d341ffb9ade8dccaf462b0101,src-e907e26d34426dd79d20fae7ce37efbeb45afe587dfb934d74d5a549971b6e42,C-328984,As,As,2.7,mg/kg,soil,soil:a-horizon,total concentration in <2 mm soil fraction,,,,,31.0634,-85.6928,31.0634,-85.6928,EPSG:4326,identity; source metadata declares WGS 84,,,hydride-generation atomic absorption spectrometry (HG-AAS),aas,sodium peroxide and sodium hydroxide fusion,,LicenseRef-USGS-Public-Domain,government,usgs-conus-soil,Geochemical and mineralogical data for soils of the conterminous United States,10.3133/ds801,"Data Series 801, 2013 release",Appendix_3b_Ahorizon_18Sept2013.txt,21,Appendix_3b_Ahorizon_18Sept2013.txt#row=21,462821c1164b5b4c27905a3ea62a22fa3f6172da09125d8f80ec5b2f6a69a202,02/19/09,0,0.25,<2 mm,a-horizon,soil_a_horizon,exact,,,,,,,,a-horizon,A,,,,,,,,,,,,,,,not_reported,dataset,registered_dataset_method_by_analyte,,hydride-generation atomic absorption spectrometry (HG-AAS),,,,,Appendix_3b_Ahorizon_18Sept2013.txt#row=21,,,,,,"[""Smith, D.B., Cannon, W.F., Woodruff, L.G., Solano, F., Kilburn, J.E., and Fey, D.L. (2013). Geochemical and mineralogical data for soils of the conterminous United States. U.S. Geological Survey Data Series 801. https://doi.org/10.3133/ds801""]",dataset,dataset_metadata,,resolved,,public_download,permitted_research,https://www.usgs.gov/information-policies-and-instructions/copyrights-and-credits,dataset,false,not_evaluated_for_project_output,2026-08-06T10:05:00Z
rec-c71d27263b137395589ec408bef659b4a1b07d5652eedf3cd670dd5d093f81b8,src-e907e26d34426dd79d20fae7ce37efbeb45afe587dfb934d74d5a549971b6e42,C-328984,Cu,Cu,15.1,mg/kg,soil,soil:a-horizon,near-total concentration in <2 mm soil fraction,,,,,31.0634,-85.6928,31.0634,-85.6928,EPSG:4326,identity; source metadata declares WGS 84,,,inductively coupled plasma-atomic emission spectrometry (ICP-AES),icp_oes,near-total HCl-HNO3-HClO4-HF digestion,,LicenseRef-USGS-Public-Domain,government,usgs-conus-soil,Geochemical and mineralogical data for soils of the conterminous United States,10.3133/ds801,"Data Series 801, 2013 release",Appendix_3b_Ahorizon_18Sept2013.txt,21,Appendix_3b_Ahorizon_18Sept2013.txt#row=21,462821c1164b5b4c27905a3ea62a22fa3f6172da09125d8f80ec5b2f6a69a202,02/19/09,0,0.25,<2 mm,a-horizon,soil_a_horizon,exact,,,,,,,,a-horizon,A,,,,,,,,,,,,,,,not_reported,dataset,registered_dataset_method_by_analyte,,inductively coupled plasma-atomic emission spectrometry (ICP-AES),,,,,Appendix_3b_Ahorizon_18Sept2013.txt#row=21,,,,,,"[""Smith, D.B., Cannon, W.F., Woodruff, L.G., Solano, F., Kilburn, J.E., and Fey, D.L. (2013). Geochemical and mineralogical data for soils of the conterminous United States. U.S. Geological Survey Data Series 801. https://doi.org/10.3133/ds801""]",dataset,dataset_metadata,,resolved,,public_download,permitted_research,https://www.usgs.gov/information-policies-and-instructions/copyrights-and-credits,dataset,false,not_evaluated_for_project_output,2026-08-06T10:05:00Z
rec-ecab4f2f52c3c54ba850c3460f4f5e380bcc74c8432c0288f183a93165abcbd7,src-e907e26d34426dd79d20fae7ce37efbeb45afe587dfb934d74d5a549971b6e42,C-328984,Ni,Ni,7.7,mg/kg,soil,soil:a-horizon,near-total concentration in <2 mm soil fraction,,,,,31.0634,-85.6928,31.0634,-85.6928,EPSG:4326,identity; source metadata declares WGS 84,,,inductively coupled plasma-atomic emission spectrometry (ICP-AES),icp_oes,near-total HCl-HNO3-HClO4-HF digestion,,LicenseRef-USGS-Public-Domain,government,usgs-conus-soil,Geochemical and mineralogical data for soils of the conterminous United States,10.3133/ds801,"Data Series 801, 2013 release",Appendix_3b_Ahorizon_18Sept2013.txt,21,Appendix_3b_Ahorizon_18Sept2013.txt#row=21,462821c1164b5b4c27905a3ea62a22fa3f6172da09125d8f80ec5b2f6a69a202,02/19/09,0,0.25,<2 mm,a-horizon,soil_a_horizon,exact,,,,,,,,a-horizon,A,,,,,,,,,,,,,,,not_reported,dataset,registered_dataset_method_by_analyte,,inductively coupled plasma-atomic emission spectrometry (ICP-AES),,,,,Appendix_3b_Ahorizon_18Sept2013.txt#row=21,,,,,,"[""Smith, D.B., Cannon, W.F., Woodruff, L.G., Solano, F., Kilburn, J.E., and Fey, D.L. (2013). Geochemical and mineralogical data for soils of the conterminous United States. U.S. Geological Survey Data Series 801. https://doi.org/10.3133/ds801""]",dataset,dataset_metadata,,resolved,,public_download,permitted_research,https://www.usgs.gov/information-policies-and-instructions/copyrights-and-credits,dataset,false,not_evaluated_for_project_output,2026-08-06T10:05:00Z
rec-0f21d071c6b6e04c2f2868308890b24fa9cef801df345b9b1757dc566b1fee6b,src-e907e26d34426dd79d20fae7ce37efbeb45afe587dfb934d74d5a549971b6e42,C-328984,Zn,Zn,26,mg/kg,soil,soil:a-horizon,near-total concentration in <2 mm soil fraction,,,,,31.0634,-85.6928,31.0634,-85.6928,EPSG:4326,identity; source metadata declares WGS 84,,,inductively coupled plasma-atomic emission spectrometry (ICP-AES),icp_oes,near-total HCl-HNO3-HClO4-HF digestion,,LicenseRef-USGS-Public-Domain,government,usgs-conus-soil,Geochemical and mineralogical data for soils of the conterminous United States,10.3133/ds801,"Data Series 801, 2013 release",Appendix_3b_Ahorizon_18Sept2013.txt,21,Appendix_3b_Ahorizon_18Sept2013.txt#row=21,462821c1164b5b4c27905a3ea62a22fa3f6172da09125d8f80ec5b2f6a69a202,02/19/09,0,0.25,<2 mm,a-horizon,soil_a_horizon,exact,,,,,,,,a-horizon,A,,,,,,,,,,,,,,,not_reported,dataset,registered_dataset_method_by_analyte,,inductively coupled plasma-atomic emission spectrometry (ICP-AES),,,,,Appendix_3b_Ahorizon_18Sept2013.txt#row=21,,,,,,"[""Smith, D.B., Cannon, W.F., Woodruff, L.G., Solano, F., Kilburn, J.E., and Fey, D.L. (2013). Geochemical and mineralogical data for soils of the conterminous United States. U.S. Geological Survey Data Series 801. https://doi.org/10.3133/ds801""]",dataset,dataset_metadata,,resolved,,public_download,permitted_research,https://www.usgs.gov/information-policies-and-instructions/copyrights-and-credits,dataset,false,not_evaluated_for_project_output,2026-08-06T10:05:00Z
rec-6617e8dd202911e1e6f22544f94f2f502f06dbad39731238b236a51f5ce1aee1,src-dac35e3948427a659f600681e3363fdc89b5925bbf43c7af2bd36a89d582415a,C-329033,As,As,3.7,mg/kg,soil,soil:a-horizon,total concentration in <2 mm soil fraction,,,,,34.2848,-85.6099,34.2848,-85.6099,EPSG:4326,identity; source metadata declares WGS 84,,,hydride-generation atomic absorption spectrometry (HG-AAS),aas,sodium peroxide and sodium hydroxide fusion,,LicenseRef-USGS-Public-Domain,government,usgs-conus-soil,Geochemical and mineralogical data for soils of the conterminous United States,10.3133/ds801,"Data Series 801, 2013 release",Appendix_3b_Ahorizon_18Sept2013.txt,22,Appendix_3b_Ahorizon_18Sept2013.txt#row=22,462821c1164b5b4c27905a3ea62a22fa3f6172da09125d8f80ec5b2f6a69a202,02/24/09,0,0.3,<2 mm,a-horizon,soil_a_horizon,exact,,,,,,,,a-horizon,A,,,,,,,,,,,,,,,not_reported,dataset,registered_dataset_method_by_analyte,,hydride-generation atomic absorption spectrometry (HG-AAS),,,,,Appendix_3b_Ahorizon_18Sept2013.txt#row=22,,,,,,"[""Smith, D.B., Cannon, W.F., Woodruff, L.G., Solano, F., Kilburn, J.E., and Fey, D.L. (2013). Geochemical and mineralogical data for soils of the conterminous United States. U.S. Geological Survey Data Series 801. https://doi.org/10.3133/ds801""]",dataset,dataset_metadata,,resolved,,public_download,permitted_research,https://www.usgs.gov/information-policies-and-instructions/copyrights-and-credits,dataset,false,not_evaluated_for_project_output,2026-08-06T10:05:00Z
rec-8f330ce6668ca08fd577e025f4465ac58e4622c18791f6de8cf8048875df31ea,src-dac35e3948427a659f600681e3363fdc89b5925bbf43c7af2bd36a89d582415a,C-329033,Cu,Cu,10.1,mg/kg,soil,soil:a-horizon,near-total concentration in <2 mm soil fraction,,,,,34.2848,-85.6099,34.2848,-85.6099,EPSG:4326,identity; source metadata declares WGS 84,,,inductively coupled plasma-atomic emission spectrometry (ICP-AES),icp_oes,near-total HCl-HNO3-HClO4-HF digestion,,LicenseRef-USGS-Public-Domain,government,usgs-conus-soil,Geochemical and mineralogical data for soils of the conterminous United States,10.3133/ds801,"Data Series 801, 2013 release",Appendix_3b_Ahorizon_18Sept2013.txt,22,Appendix_3b_Ahorizon_18Sept2013.txt#row=22,462821c1164b5b4c27905a3ea62a22fa3f6172da09125d8f80ec5b2f6a69a202,02/24/09,0,0.3,<2 mm,a-horizon,soil_a_horizon,exact,,,,,,,,a-horizon,A,,,,,,,,,,,,,,,not_reported,dataset,registered_dataset_method_by_analyte,,inductively coupled plasma-atomic emission spectrometry (ICP-AES),,,,,Appendix_3b_Ahorizon_18Sept2013.txt#row=22,,,,,,"[""Smith, D.B., Cannon, W.F., Woodruff, L.G., Solano, F., Kilburn, J.E., and Fey, D.L. (2013). Geochemical and mineralogical data for soils of the conterminous United States. U.S. Geological Survey Data Series 801. https://doi.org/10.3133/ds801""]",dataset,dataset_metadata,,resolved,,public_download,permitted_research,https://www.usgs.gov/information-policies-and-instructions/copyrights-and-credits,dataset,false,not_evaluated_for_project_output,2026-08-06T10:05:00Z
rec-b9c2f2f4bc4828f3afd9b7c830f6f24784ff1c7fc6cf30b02369e74b4a545411,src-dac35e3948427a659f600681e3363fdc89b5925bbf43c7af2bd36a89d582415a,C-329033,Ni,Ni,7,mg/kg,soil,soil:a-horizon,near-total concentration in <2 mm soil fraction,,,,,34.2848,-85.6099,34.2848,-85.6099,EPSG:4326,identity; source metadata declares WGS 84,,,inductively coupled plasma-atomic emission spectrometry (ICP-AES),icp_oes,near-total HCl-HNO3-HClO4-HF digestion,,LicenseRef-USGS-Public-Domain,government,usgs-conus-soil,Geochemical and mineralogical data for soils of the conterminous United States,10.3133/ds801,"Data Series 801, 2013 release",Appendix_3b_Ahorizon_18Sept2013.txt,22,Appendix_3b_Ahorizon_18Sept2013.txt#row=22,462821c1164b5b4c27905a3ea62a22fa3f6172da09125d8f80ec5b2f6a69a202,02/24/09,0,0.3,<2 mm,a-horizon,soil_a_horizon,exact,,,,,,,,a-horizon,A,,,,,,,,,,,,,,,not_reported,dataset,registered_dataset_method_by_analyte,,inductively coupled plasma-atomic emission spectrometry (ICP-AES),,,,,Appendix_3b_Ahorizon_18Sept2013.txt#row=22,,,,,,"[""Smith, D.B., Cannon, W.F., Woodruff, L.G., Solano, F., Kilburn, J.E., and Fey, D.L. (2013). Geochemical and mineralogical data for soils of the conterminous United States. U.S. Geological Survey Data Series 801. https://doi.org/10.3133/ds801""]",dataset,dataset_metadata,,resolved,,public_download,permitted_research,https://www.usgs.gov/information-policies-and-instructions/copyrights-and-credits,dataset,false,not_evaluated_for_project_output,2026-08-06T10:05:00Z
rec-ad96c09d672225d5afbd94fb86b562b590463c39efc522bfcaf06ceb0bb29c80,src-dac35e3948427a659f600681e3363fdc89b5925bbf43c7af2bd36a89d582415a,C-329033,Zn,Zn,48,mg/kg,soil,soil:a-horizon,near-total concentration in <2 mm soil fraction,,,,,34.2848,-85.6099,34.2848,-85.6099,EPSG:4326,identity; source metadata declares WGS 84,,,inductively coupled plasma-atomic emission spectrometry (ICP-AES),icp_oes,near-total HCl-HNO3-HClO4-HF digestion,,LicenseRef-USGS-Public-Domain,government,usgs-conus-soil,Geochemical and mineralogical data for soils of the conterminous United States,10.3133/ds801,"Data Series 801, 2013 release",Appendix_3b_Ahorizon_18Sept2013.txt,22,Appendix_3b_Ahorizon_18Sept2013.txt#row=22,462821c1164b5b4c27905a3ea62a22fa3f6172da09125d8f80ec5b2f6a69a202,02/24/09,0,0.3,<2 mm,a-horizon,soil_a_horizon,exact,,,,,,,,a-horizon,A,,,,,,,,,,,,,,,not_reported,dataset,registered_dataset_method_by_analyte,,inductively coupled plasma-atomic emission spectrometry (ICP-AES),,,,,Appendix_3b_Ahorizon_18Sept2013.txt#row=22,,,,,,"[""Smith, D.B., Cannon, W.F., Woodruff, L.G., Solano, F., Kilburn, J.E., and Fey, D.L. (2013). Geochemical and mineralogical data for soils of the conterminous United States. U.S. Geological Survey Data Series 801. https://doi.org/10.3133/ds801""]",dataset,dataset_metadata,,resolved,,public_download,permitted_research,https://www.usgs.gov/information-policies-and-instructions/copyrights-and-credits,dataset,false,not_evaluated_for_project_output,2026-08-06T10:05:00Z
rec-31482722d5901db7b97b5f38c74c2c87532505f6e0f6d143be885dc99728d31f,src-b840413b25d8387f97ac101680f07aa64c12a7be27ed8e294e2b410a2b4cb1ae,C-328941,As,As,<0.6,mg/kg,soil,soil:a-horizon,total concentration in <2 mm soil fraction,<,,0.6,mg/kg,30.8919,-88.0869,30.8919,-88.0869,EPSG:4326,identity; source metadata declares WGS 84,,,hydride-generation atomic absorption spectrometry (HG-AAS),aas,sodium peroxide and sodium hydroxide fusion,,LicenseRef-USGS-Public-Domain,government,usgs-conus-soil,Geochemical and mineralogical data for soils of the conterminous United States,10.3133/ds801,"Data Series 801, 2013 release",Appendix_3b_Ahorizon_18Sept2013.txt,35,Appendix_3b_Ahorizon_18Sept2013.txt#row=35,462821c1164b5b4c27905a3ea62a22fa3f6172da09125d8f80ec5b2f6a69a202,02/17/09,0,0.15,<2 mm,a-horizon,soil_a_horizon,exact,,,,,,,,a-horizon,A,,,,,,,,,,,,,,,not_reported,dataset,registered_dataset_method_by_analyte,,hydride-generation atomic absorption spectrometry (HG-AAS),,,,,Appendix_3b_Ahorizon_18Sept2013.txt#row=35,,,,,,"[""Smith, D.B., Cannon, W.F., Woodruff, L.G., Solano, F., Kilburn, J.E., and Fey, D.L. (2013). Geochemical and mineralogical data for soils of the conterminous United States. U.S. Geological Survey Data Series 801. https://doi.org/10.3133/ds801""]",dataset,dataset_metadata,,resolved,,public_download,permitted_research,https://www.usgs.gov/information-policies-and-instructions/copyrights-and-credits,dataset,false,not_evaluated_for_project_output,2026-08-06T10:05:00Z
rec-c0a76fe8970696c40a9b0dc8a36c018e0cccbccdc720e421d18b2c02123da5c9,src-b840413b25d8387f97ac101680f07aa64c12a7be27ed8e294e2b410a2b4cb1ae,C-328941,Cu,Cu,2.2,mg/kg,soil,soil:a-horizon,near-total concentration in <2 mm soil fraction,,,,,30.8919,-88.0869,30.8919,-88.0869,EPSG:4326,identity; source metadata declares WGS 84,,,inductively coupled plasma-atomic emission spectrometry (ICP-AES),icp_oes,near-total HCl-HNO3-HClO4-HF digestion,,LicenseRef-USGS-Public-Domain,government,usgs-conus-soil,Geochemical and mineralogical data for soils of the conterminous United States,10.3133/ds801,"Data Series 801, 2013 release",Appendix_3b_Ahorizon_18Sept2013.txt,35,Appendix_3b_Ahorizon_18Sept2013.txt#row=35,462821c1164b5b4c27905a3ea62a22fa3f6172da09125d8f80ec5b2f6a69a202,02/17/09,0,0.15,<2 mm,a-horizon,soil_a_horizon,exact,,,,,,,,a-horizon,A,,,,,,,,,,,,,,,not_reported,dataset,registered_dataset_method_by_analyte,,inductively coupled plasma-atomic emission spectrometry (ICP-AES),,,,,Appendix_3b_Ahorizon_18Sept2013.txt#row=35,,,,,,"[""Smith, D.B., Cannon, W.F., Woodruff, L.G., Solano, F., Kilburn, J.E., and Fey, D.L. (2013). Geochemical and mineralogical data for soils of the conterminous United States. U.S. Geological Survey Data Series 801. https://doi.org/10.3133/ds801""]",dataset,dataset_metadata,,resolved,,public_download,permitted_research,https://www.usgs.gov/information-policies-and-instructions/copyrights-and-credits,dataset,false,not_evaluated_for_project_output,2026-08-06T10:05:00Z
rec-266450c5e84e57816bf9e526bd2545913ce1b9c14ac4c7e65c2065c14e892e34,src-b840413b25d8387f97ac101680f07aa64c12a7be27ed8e294e2b410a2b4cb1ae,C-328941,Ni,Ni,1.9,mg/kg,soil,soil:a-horizon,near-total concentration in <2 mm soil fraction,,,,,30.8919,-88.0869,30.8919,-88.0869,EPSG:4326,identity; source metadata declares WGS 84,,,inductively coupled plasma-atomic emission spectrometry (ICP-AES),icp_oes,near-total HCl-HNO3-HClO4-HF digestion,,LicenseRef-USGS-Public-Domain,government,usgs-conus-soil,Geochemical and mineralogical data for soils of the conterminous United States,10.3133/ds801,"Data Series 801, 2013 release",Appendix_3b_Ahorizon_18Sept2013.txt,35,Appendix_3b_Ahorizon_18Sept2013.txt#row=35,462821c1164b5b4c27905a3ea62a22fa3f6172da09125d8f80ec5b2f6a69a202,02/17/09,0,0.15,<2 mm,a-horizon,soil_a_horizon,exact,,,,,,,,a-horizon,A,,,,,,,,,,,,,,,not_reported,dataset,registered_dataset_method_by_analyte,,inductively coupled plasma-atomic emission spectrometry (ICP-AES),,,,,Appendix_3b_Ahorizon_18Sept2013.txt#row=35,,,,,,"[""Smith, D.B., Cannon, W.F., Woodruff, L.G., Solano, F., Kilburn, J.E., and Fey, D.L. (2013). Geochemical and mineralogical data for soils of the conterminous United States. U.S. Geological Survey Data Series 801. https://doi.org/10.3133/ds801""]",dataset,dataset_metadata,,resolved,,public_download,permitted_research,https://www.usgs.gov/information-policies-and-instructions/copyrights-and-credits,dataset,false,not_evaluated_for_project_output,2026-08-06T10:05:00Z
rec-403d66f7d2ae827eaec5ac9fe3983715f781b39e6b2d5531ec52142dbbf43f06,src-b840413b25d8387f97ac101680f07aa64c12a7be27ed8e294e2b410a2b4cb1ae,C-328941,Zn,Zn,4,mg/kg,soil,soil:a-horizon,near-total concentration in <2 mm soil fraction,,,,,30.8919,-88.0869,30.8919,-88.0869,EPSG:4326,identity; source metadata declares WGS 84,,,inductively coupled plasma-atomic emission spectrometry (ICP-AES),icp_oes,near-total HCl-HNO3-HClO4-HF digestion,,LicenseRef-USGS-Public-Domain,government,usgs-conus-soil,Geochemical and mineralogical data for soils of the conterminous United States,10.3133/ds801,"Data Series 801, 2013 release",Appendix_3b_Ahorizon_18Sept2013.txt,35,Appendix_3b_Ahorizon_18Sept2013.txt#row=35,462821c1164b5b4c27905a3ea62a22fa3f6172da09125d8f80ec5b2f6a69a202,02/17/09,0,0.15,<2 mm,a-horizon,soil_a_horizon,exact,,,,,,,,a-horizon,A,,,,,,,,,,,,,,,not_reported,dataset,registered_dataset_method_by_analyte,,inductively coupled plasma-atomic emission spectrometry (ICP-AES),,,,,Appendix_3b_Ahorizon_18Sept2013.txt#row=35,,,,,,"[""Smith, D.B., Cannon, W.F., Woodruff, L.G., Solano, F., Kilburn, J.E., and Fey, D.L. (2013). Geochemical and mineralogical data for soils of the conterminous United States. U.S. Geological Survey Data Series 801. https://doi.org/10.3133/ds801""]",dataset,dataset_metadata,,resolved,,public_download,permitted_research,https://www.usgs.gov/information-policies-and-instructions/copyrights-and-credits,dataset,false,not_evaluated_for_project_output,2026-08-06T10:05:00Z
rec-e5db2246edcbee29d1669126fb8f344e3a970302cd33236bbe12c111e4971afd,src-1289609d7d7cc9d27d38cb29db2171b292c32ac32c703ddd895d902c57653ba5,C-328965,As,As,4.8,mg/kg,soil,soil:c-horizon,total concentration in <2 mm soil fraction,,,,,31.3146,-87.1166,31.3146,-87.1166,EPSG:4326,identity; source metadata declares WGS 84,,,hydride-generation atomic absorption spectrometry (HG-AAS),aas,sodium peroxide and sodium hydroxide fusion,,LicenseRef-USGS-Public-Domain,government,usgs-conus-soil,Geochemical and mineralogical data for soils of the conterminous United States,10.3133/ds801,"Data Series 801, 2013 release",Appendix_4b_Chorizon_18Sept2013.txt,15,Appendix_4b_Chorizon_18Sept2013.txt#row=15,4aa8080f81f690587f762300bada16e33e376eea0003243d5333b47c78b4c90c,02/18/09,0.5,1,<2 mm,c-horizon,soil_c_horizon,exact,,,,,,,,c-horizon,C,,,,,,,,,,,,,,,not_reported,dataset,registered_dataset_method_by_analyte,,hydride-generation atomic absorption spectrometry (HG-AAS),,,,,Appendix_4b_Chorizon_18Sept2013.txt#row=15,,,,,,"[""Smith, D.B., Cannon, W.F., Woodruff, L.G., Solano, F., Kilburn, J.E., and Fey, D.L. (2013). Geochemical and mineralogical data for soils of the conterminous United States. U.S. Geological Survey Data Series 801. https://doi.org/10.3133/ds801""]",dataset,dataset_metadata,,resolved,,public_download,permitted_research,https://www.usgs.gov/information-policies-and-instructions/copyrights-and-credits,dataset,false,not_evaluated_for_project_output,2026-08-06T10:05:00Z
rec-283af9aaeb4cf40d7693aeac36c87e6b2f3360758d17f938f47cdf2572f5dfe7,src-1289609d7d7cc9d27d38cb29db2171b292c32ac32c703ddd895d902c57653ba5,C-328965,Cu,Cu,12.3,mg/kg,soil,soil:c-horizon,near-total concentration in <2 mm soil fraction,,,,,31.3146,-87.1166,31.3146,-87.1166,EPSG:4326,identity; source metadata declares WGS 84,,,inductively coupled plasma-atomic emission spectrometry (ICP-AES),icp_oes,near-total HCl-HNO3-HClO4-HF digestion,,LicenseRef-USGS-Public-Domain,government,usgs-conus-soil,Geochemical and mineralogical data for soils of the conterminous United States,10.3133/ds801,"Data Series 801, 2013 release",Appendix_4b_Chorizon_18Sept2013.txt,15,Appendix_4b_Chorizon_18Sept2013.txt#row=15,4aa8080f81f690587f762300bada16e33e376eea0003243d5333b47c78b4c90c,02/18/09,0.5,1,<2 mm,c-horizon,soil_c_horizon,exact,,,,,,,,c-horizon,C,,,,,,,,,,,,,,,not_reported,dataset,registered_dataset_method_by_analyte,,inductively coupled plasma-atomic emission spectrometry (ICP-AES),,,,,Appendix_4b_Chorizon_18Sept2013.txt#row=15,,,,,,"[""Smith, D.B., Cannon, W.F., Woodruff, L.G., Solano, F., Kilburn, J.E., and Fey, D.L. (2013). Geochemical and mineralogical data for soils of the conterminous United States. U.S. Geological Survey Data Series 801. https://doi.org/10.3133/ds801""]",dataset,dataset_metadata,,resolved,,public_download,permitted_research,https://www.usgs.gov/information-policies-and-instructions/copyrights-and-credits,dataset,false,not_evaluated_for_project_output,2026-08-06T10:05:00Z
rec-04dc4388f81258a68430b20bb9a1098514fc1bbe5135016eb7a778a4c1b68faf,src-1289609d7d7cc9d27d38cb29db2171b292c32ac32c703ddd895d902c57653ba5,C-328965,Ni,Ni,11.4,mg/kg,soil,soil:c-horizon,near-total concentration in <2 mm soil fraction,,,,,31.3146,-87.1166,31.3146,-87.1166,EPSG:4326,identity; source metadata declares WGS 84,,,inductively coupled plasma-atomic emission spectrometry (ICP-AES),icp_oes,near-total HCl-HNO3-HClO4-HF digestion,,LicenseRef-USGS-Public-Domain,government,usgs-conus-soil,Geochemical and mineralogical data for soils of the conterminous United States,10.3133/ds801,"Data Series 801, 2013 release",Appendix_4b_Chorizon_18Sept2013.txt,15,Appendix_4b_Chorizon_18Sept2013.txt#row=15,4aa8080f81f690587f762300bada16e33e376eea0003243d5333b47c78b4c90c,02/18/09,0.5,1,<2 mm,c-horizon,soil_c_horizon,exact,,,,,,,,c-horizon,C,,,,,,,,,,,,,,,not_reported,dataset,registered_dataset_method_by_analyte,,inductively coupled plasma-atomic emission spectrometry (ICP-AES),,,,,Appendix_4b_Chorizon_18Sept2013.txt#row=15,,,,,,"[""Smith, D.B., Cannon, W.F., Woodruff, L.G., Solano, F., Kilburn, J.E., and Fey, D.L. (2013). Geochemical and mineralogical data for soils of the conterminous United States. U.S. Geological Survey Data Series 801. https://doi.org/10.3133/ds801""]",dataset,dataset_metadata,,resolved,,public_download,permitted_research,https://www.usgs.gov/information-policies-and-instructions/copyrights-and-credits,dataset,false,not_evaluated_for_project_output,2026-08-06T10:05:00Z
rec-d7985a89dac6ff1dee8ac62a978cc059062675632ad4f22a228f8b0765c6fb02,src-1289609d7d7cc9d27d38cb29db2171b292c32ac32c703ddd895d902c57653ba5,C-328965,Zn,Zn,28,mg/kg,soil,soil:c-horizon,near-total concentration in <2 mm soil fraction,,,,,31.3146,-87.1166,31.3146,-87.1166,EPSG:4326,identity; source metadata declares WGS 84,,,inductively coupled plasma-atomic emission spectrometry (ICP-AES),icp_oes,near-total HCl-HNO3-HClO4-HF digestion,,LicenseRef-USGS-Public-Domain,government,usgs-conus-soil,Geochemical and mineralogical data for soils of the conterminous United States,10.3133/ds801,"Data Series 801, 2013 release",Appendix_4b_Chorizon_18Sept2013.txt,15,Appendix_4b_Chorizon_18Sept2013.txt#row=15,4aa8080f81f690587f762300bada16e33e376eea0003243d5333b47c78b4c90c,02/18/09,0.5,1,<2 mm,c-horizon,soil_c_horizon,exact,,,,,,,,c-horizon,C,,,,,,,,,,,,,,,not_reported,dataset,registered_dataset_method_by_analyte,,inductively coupled plasma-atomic emission spectrometry (ICP-AES),,,,,Appendix_4b_Chorizon_18Sept2013.txt#row=15,,,,,,"[""Smith, D.B., Cannon, W.F., Woodruff, L.G., Solano, F., Kilburn, J.E., and Fey, D.L. (2013). Geochemical and mineralogical data for soils of the conterminous United States. U.S. Geological Survey Data Series 801. https://doi.org/10.3133/ds801""]",dataset,dataset_metadata,,resolved,,public_download,permitted_research,https://www.usgs.gov/information-policies-and-instructions/copyrights-and-credits,dataset,false,not_evaluated_for_project_output,2026-08-06T10:05:00Z
rec-a0e1803f1731b715e0c9fbd5591e97c026c8ed4438e05e35f0acec4c159059fb,src-ccc1b36f2706eecff4ade1ba3548ec8ca719a1df6c3eecc47c5063584e3ae1e9,C-328951,As,As,3.5,mg/kg,soil,soil:c-horizon,total concentration in <2 mm soil fraction,,,,,33.8523,-86.9041,33.8523,-86.9041,EPSG:4326,identity; source metadata declares WGS 84,,,hydride-generation atomic absorption spectrometry (HG-AAS),aas,sodium peroxide and sodium hydroxide fusion,,LicenseRef-USGS-Public-Domain,government,usgs-conus-soil,Geochemical and mineralogical data for soils of the conterminous United States,10.3133/ds801,"Data Series 801, 2013 release",Appendix_4b_Chorizon_18Sept2013.txt,16,Appendix_4b_Chorizon_18Sept2013.txt#row=16,4aa8080f81f690587f762300bada16e33e376eea0003243d5333b47c78b4c90c,02/26/09,0.6,1,<2 mm,c-horizon,soil_c_horizon,exact,,,,,,,,c-horizon,C,,,,,,,,,,,,,,,not_reported,dataset,registered_dataset_method_by_analyte,,hydride-generation atomic absorption spectrometry (HG-AAS),,,,,Appendix_4b_Chorizon_18Sept2013.txt#row=16,,,,,,"[""Smith, D.B., Cannon, W.F., Woodruff, L.G., Solano, F., Kilburn, J.E., and Fey, D.L. (2013). Geochemical and mineralogical data for soils of the conterminous United States. U.S. Geological Survey Data Series 801. https://doi.org/10.3133/ds801""]",dataset,dataset_metadata,,resolved,,public_download,permitted_research,https://www.usgs.gov/information-policies-and-instructions/copyrights-and-credits,dataset,false,not_evaluated_for_project_output,2026-08-06T10:05:00Z
rec-950e408f20acbec1a0b640009e5d88798877357e80ac88ab2ce893d053456ede,src-ccc1b36f2706eecff4ade1ba3548ec8ca719a1df6c3eecc47c5063584e3ae1e9,C-328951,Cu,Cu,9.9,mg/kg,soil,soil:c-horizon,near-total concentration in <2 mm soil fraction,,,,,33.8523,-86.9041,33.8523,-86.9041,EPSG:4326,identity; source metadata declares WGS 84,,,inductively coupled plasma-atomic emission spectrometry (ICP-AES),icp_oes,near-total HCl-HNO3-HClO4-HF digestion,,LicenseRef-USGS-Public-Domain,government,usgs-conus-soil,Geochemical and mineralogical data for soils of the conterminous United States,10.3133/ds801,"Data Series 801, 2013 release",Appendix_4b_Chorizon_18Sept2013.txt,16,Appendix_4b_Chorizon_18Sept2013.txt#row=16,4aa8080f81f690587f762300bada16e33e376eea0003243d5333b47c78b4c90c,02/26/09,0.6,1,<2 mm,c-horizon,soil_c_horizon,exact,,,,,,,,c-horizon,C,,,,,,,,,,,,,,,not_reported,dataset,registered_dataset_method_by_analyte,,inductively coupled plasma-atomic emission spectrometry (ICP-AES),,,,,Appendix_4b_Chorizon_18Sept2013.txt#row=16,,,,,,"[""Smith, D.B., Cannon, W.F., Woodruff, L.G., Solano, F., Kilburn, J.E., and Fey, D.L. (2013). Geochemical and mineralogical data for soils of the conterminous United States. U.S. Geological Survey Data Series 801. https://doi.org/10.3133/ds801""]",dataset,dataset_metadata,,resolved,,public_download,permitted_research,https://www.usgs.gov/information-policies-and-instructions/copyrights-and-credits,dataset,false,not_evaluated_for_project_output,2026-08-06T10:05:00Z
rec-292133a4d61bd06ace6816f14d2919d5ad5e276536ee3e301ef827d088980796,src-ccc1b36f2706eecff4ade1ba3548ec8ca719a1df6c3eecc47c5063584e3ae1e9,C-328951,Ni,Ni,10.7,mg/kg,soil,soil:c-horizon,near-total concentration in <2 mm soil fraction,,,,,33.8523,-86.9041,33.8523,-86.9041,EPSG:4326,identity; source metadata declares WGS 84,,,inductively coupled plasma-atomic emission spectrometry (ICP-AES),icp_oes,near-total HCl-HNO3-HClO4-HF digestion,,LicenseRef-USGS-Public-Domain,government,usgs-conus-soil,Geochemical and mineralogical data for soils of the conterminous United States,10.3133/ds801,"Data Series 801, 2013 release",Appendix_4b_Chorizon_18Sept2013.txt,16,Appendix_4b_Chorizon_18Sept2013.txt#row=16,4aa8080f81f690587f762300bada16e33e376eea0003243d5333b47c78b4c90c,02/26/09,0.6,1,<2 mm,c-horizon,soil_c_horizon,exact,,,,,,,,c-horizon,C,,,,,,,,,,,,,,,not_reported,dataset,registered_dataset_method_by_analyte,,inductively coupled plasma-atomic emission spectrometry (ICP-AES),,,,,Appendix_4b_Chorizon_18Sept2013.txt#row=16,,,,,,"[""Smith, D.B., Cannon, W.F., Woodruff, L.G., Solano, F., Kilburn, J.E., and Fey, D.L. (2013). Geochemical and mineralogical data for soils of the conterminous United States. U.S. Geological Survey Data Series 801. https://doi.org/10.3133/ds801""]",dataset,dataset_metadata,,resolved,,public_download,permitted_research,https://www.usgs.gov/information-policies-and-instructions/copyrights-and-credits,dataset,false,not_evaluated_for_project_output,2026-08-06T10:05:00Z
rec-f33b8b906858d737bbaf0819b336cc1790917fa93f874deb49928d6d8ca4f562,src-ccc1b36f2706eecff4ade1ba3548ec8ca719a1df6c3eecc47c5063584e3ae1e9,C-328951,Zn,Zn,28,mg/kg,soil,soil:c-horizon,near-total concentration in <2 mm soil fraction,,,,,33.8523,-86.9041,33.8523,-86.9041,EPSG:4326,identity; source metadata declares WGS 84,,,inductively coupled plasma-atomic emission spectrometry (ICP-AES),icp_oes,near-total HCl-HNO3-HClO4-HF digestion,,LicenseRef-USGS-Public-Domain,government,usgs-conus-soil,Geochemical and mineralogical data for soils of the conterminous United States,10.3133/ds801,"Data Series 801, 2013 release",Appendix_4b_Chorizon_18Sept2013.txt,16,Appendix_4b_Chorizon_18Sept2013.txt#row=16,4aa8080f81f690587f762300bada16e33e376eea0003243d5333b47c78b4c90c,02/26/09,0.6,1,<2 mm,c-horizon,soil_c_horizon,exact,,,,,,,,c-horizon,C,,,,,,,,,,,,,,,not_reported,dataset,registered_dataset_method_by_analyte,,inductively coupled plasma-atomic emission spectrometry (ICP-AES),,,,,Appendix_4b_Chorizon_18Sept2013.txt#row=16,,,,,,"[""Smith, D.B., Cannon, W.F., Woodruff, L.G., Solano, F., Kilburn, J.E., and Fey, D.L. (2013). Geochemical and mineralogical data for soils of the conterminous United States. U.S. Geological Survey Data Series 801. https://doi.org/10.3133/ds801""]",dataset,dataset_metadata,,resolved,,public_download,permitted_research,https://www.usgs.gov/information-policies-and-instructions/copyrights-and-credits,dataset,false,not_evaluated_for_project_output,2026-08-06T10:05:00Z
rec-1e13b25117424d0fbc405e0776b3719e217673ffe04d98cdff8e65c13eb2d363,src-3726c4f97b6a5e500ea2f44dd1ad279f402a503b06189fa176f1f6e2849829fc,C-328952,As,As,6.1,mg/kg,soil,soil:c-horizon,total concentration in <2 mm soil fraction,,,,,31.2179,-85.8788,31.2179,-85.8788,EPSG:4326,identity; source metadata declares WGS 84,,,hydride-generation atomic absorption spectrometry (HG-AAS),aas,sodium peroxide and sodium hydroxide fusion,,LicenseRef-USGS-Public-Domain,government,usgs-conus-soil,Geochemical and mineralogical data for soils of the conterminous United States,10.3133/ds801,"Data Series 801, 2013 release",Appendix_4b_Chorizon_18Sept2013.txt,17,Appendix_4b_Chorizon_18Sept2013.txt#row=17,4aa8080f81f690587f762300bada16e33e376eea0003243d5333b47c78b4c90c,02/18/09,0.3,1,<2 mm,c-horizon,soil_c_horizon,exact,,,,,,,,c-horizon,C,,,,,,,,,,,,,,,not_reported,dataset,registered_dataset_method_by_analyte,,hydride-generation atomic absorption spectrometry (HG-AAS),,,,,Appendix_4b_Chorizon_18Sept2013.txt#row=17,,,,,,"[""Smith, D.B., Cannon, W.F., Woodruff, L.G., Solano, F., Kilburn, J.E., and Fey, D.L. (2013). Geochemical and mineralogical data for soils of the conterminous United States. U.S. Geological Survey Data Series 801. https://doi.org/10.3133/ds801""]",dataset,dataset_metadata,,resolved,,public_download,permitted_research,https://www.usgs.gov/information-policies-and-instructions/copyrights-and-credits,dataset,false,not_evaluated_for_project_output,2026-08-06T10:05:00Z
rec-b5b0e0b88e77b651097a11e83288f9a942222107a48dfd26d363fbb1fbdfdfbb,src-3726c4f97b6a5e500ea2f44dd1ad279f402a503b06189fa176f1f6e2849829fc,C-328952,Cu,Cu,12.7,mg/kg,soil,soil:c-horizon,near-total concentration in <2 mm soil fraction,,,,,31.2179,-85.8788,31.2179,-85.8788,EPSG:4326,identity; source metadata declares WGS 84,,,inductively coupled plasma-atomic emission spectrometry (ICP-AES),icp_oes,near-total HCl-HNO3-HClO4-HF digestion,,LicenseRef-USGS-Public-Domain,government,usgs-conus-soil,Geochemical and mineralogical data for soils of the conterminous United States,10.3133/ds801,"Data Series 801, 2013 release",Appendix_4b_Chorizon_18Sept2013.txt,17,Appendix_4b_Chorizon_18Sept2013.txt#row=17,4aa8080f81f690587f762300bada16e33e376eea0003243d5333b47c78b4c90c,02/18/09,0.3,1,<2 mm,c-horizon,soil_c_horizon,exact,,,,,,,,c-horizon,C,,,,,,,,,,,,,,,not_reported,dataset,registered_dataset_method_by_analyte,,inductively coupled plasma-atomic emission spectrometry (ICP-AES),,,,,Appendix_4b_Chorizon_18Sept2013.txt#row=17,,,,,,"[""Smith, D.B., Cannon, W.F., Woodruff, L.G., Solano, F., Kilburn, J.E., and Fey, D.L. (2013). Geochemical and mineralogical data for soils of the conterminous United States. U.S. Geological Survey Data Series 801. https://doi.org/10.3133/ds801""]",dataset,dataset_metadata,,resolved,,public_download,permitted_research,https://www.usgs.gov/information-policies-and-instructions/copyrights-and-credits,dataset,false,not_evaluated_for_project_output,2026-08-06T10:05:00Z
rec-0bfbc38e0a9e31559df782425c6fe7d562c91649c93a5ee9978b17694d3d58b5,src-3726c4f97b6a5e500ea2f44dd1ad279f402a503b06189fa176f1f6e2849829fc,C-328952,Ni,Ni,16.7,mg/kg,soil,soil:c-horizon,near-total concentration in <2 mm soil fraction,,,,,31.2179,-85.8788,31.2179,-85.8788,EPSG:4326,identity; source metadata declares WGS 84,,,inductively coupled plasma-atomic emission spectrometry (ICP-AES),icp_oes,near-total HCl-HNO3-HClO4-HF digestion,,LicenseRef-USGS-Public-Domain,government,usgs-conus-soil,Geochemical and mineralogical data for soils of the conterminous United States,10.3133/ds801,"Data Series 801, 2013 release",Appendix_4b_Chorizon_18Sept2013.txt,17,Appendix_4b_Chorizon_18Sept2013.txt#row=17,4aa8080f81f690587f762300bada16e33e376eea0003243d5333b47c78b4c90c,02/18/09,0.3,1,<2 mm,c-horizon,soil_c_horizon,exact,,,,,,,,c-horizon,C,,,,,,,,,,,,,,,not_reported,dataset,registered_dataset_method_by_analyte,,inductively coupled plasma-atomic emission spectrometry (ICP-AES),,,,,Appendix_4b_Chorizon_18Sept2013.txt#row=17,,,,,,"[""Smith, D.B., Cannon, W.F., Woodruff, L.G., Solano, F., Kilburn, J.E., and Fey, D.L. (2013). Geochemical and mineralogical data for soils of the conterminous United States. U.S. Geological Survey Data Series 801. https://doi.org/10.3133/ds801""]",dataset,dataset_metadata,,resolved,,public_download,permitted_research,https://www.usgs.gov/information-policies-and-instructions/copyrights-and-credits,dataset,false,not_evaluated_for_project_output,2026-08-06T10:05:00Z
rec-a2e8088b3773ea2f002209a533416b81feca30d5e725dfeb1b241732db6374b7,src-3726c4f97b6a5e500ea2f44dd1ad279f402a503b06189fa176f1f6e2849829fc,C-328952,Zn,Zn,21,mg/kg,soil,soil:c-horizon,near-total concentration in <2 mm soil fraction,,,,,31.2179,-85.8788,31.2179,-85.8788,EPSG:4326,identity; source metadata declares WGS 84,,,inductively coupled plasma-atomic emission spectrometry (ICP-AES),icp_oes,near-total HCl-HNO3-HClO4-HF digestion,,LicenseRef-USGS-Public-Domain,government,usgs-conus-soil,Geochemical and mineralogical data for soils of the conterminous United States,10.3133/ds801,"Data Series 801, 2013 release",Appendix_4b_Chorizon_18Sept2013.txt,17,Appendix_4b_Chorizon_18Sept2013.txt#row=17,4aa8080f81f690587f762300bada16e33e376eea0003243d5333b47c78b4c90c,02/18/09,0.3,1,<2 mm,c-horizon,soil_c_horizon,exact,,,,,,,,c-horizon,C,,,,,,,,,,,,,,,not_reported,dataset,registered_dataset_method_by_analyte,,inductively coupled plasma-atomic emission spectrometry (ICP-AES),,,,,Appendix_4b_Chorizon_18Sept2013.txt#row=17,,,,,,"[""Smith, D.B., Cannon, W.F., Woodruff, L.G., Solano, F., Kilburn, J.E., and Fey, D.L. (2013). Geochemical and mineralogical data for soils of the conterminous United States. U.S. Geological Survey Data Series 801. https://doi.org/10.3133/ds801""]",dataset,dataset_metadata,,resolved,,public_download,permitted_research,https://www.usgs.gov/information-policies-and-instructions/copyrights-and-credits,dataset,false,not_evaluated_for_project_output,2026-08-06T10:05:00Z
rec-c09929fbff872f767bbc1bc8442b340f312cd527766912e37370e0d1fb1bbaa2,src-43164f5a5d458fdc97af224c6916f71f29a345881396ddc74e054b19589a7e25,C-328842,As,As,2.7,mg/kg,soil,soil:c-horizon,total concentration in <2 mm soil fraction,,,,,33.0992,-86.9976,33.0992,-86.9976,EPSG:4326,identity; source metadata declares WGS 84,,,hydride-generation atomic absorption spectrometry (HG-AAS),aas,sodium peroxide and sodium hydroxide fusion,,LicenseRef-USGS-Public-Domain,government,usgs-conus-soil,Geochemical and mineralogical data for soils of the conterminous United States,10.3133/ds801,"Data Series 801, 2013 release",Appendix_4b_Chorizon_18Sept2013.txt,18,Appendix_4b_Chorizon_18Sept2013.txt#row=18,4aa8080f81f690587f762300bada16e33e376eea0003243d5333b47c78b4c90c,02/23/09,0.6,1,<2 mm,c-horizon,soil_c_horizon,exact,,,,,,,,c-horizon,C,,,,,,,,,,,,,,,not_reported,dataset,registered_dataset_method_by_analyte,,hydride-generation atomic absorption spectrometry (HG-AAS),,,,,Appendix_4b_Chorizon_18Sept2013.txt#row=18,,,,,,"[""Smith, D.B., Cannon, W.F., Woodruff, L.G., Solano, F., Kilburn, J.E., and Fey, D.L. (2013). Geochemical and mineralogical data for soils of the conterminous United States. U.S. Geological Survey Data Series 801. https://doi.org/10.3133/ds801""]",dataset,dataset_metadata,,resolved,,public_download,permitted_research,https://www.usgs.gov/information-policies-and-instructions/copyrights-and-credits,dataset,false,not_evaluated_for_project_output,2026-08-06T10:05:00Z
rec-b8d97efb876ad5b77ddb68d08f291c4d5dd31061f78a13432ab9cc8d4009366b,src-43164f5a5d458fdc97af224c6916f71f29a345881396ddc74e054b19589a7e25,C-328842,Cu,Cu,11.6,mg/kg,soil,soil:c-horizon,near-total concentration in <2 mm soil fraction,,,,,33.0992,-86.9976,33.0992,-86.9976,EPSG:4326,identity; source metadata declares WGS 84,,,inductively coupled plasma-atomic emission spectrometry (ICP-AES),icp_oes,near-total HCl-HNO3-HClO4-HF digestion,,LicenseRef-USGS-Public-Domain,government,usgs-conus-soil,Geochemical and mineralogical data for soils of the conterminous United States,10.3133/ds801,"Data Series 801, 2013 release",Appendix_4b_Chorizon_18Sept2013.txt,18,Appendix_4b_Chorizon_18Sept2013.txt#row=18,4aa8080f81f690587f762300bada16e33e376eea0003243d5333b47c78b4c90c,02/23/09,0.6,1,<2 mm,c-horizon,soil_c_horizon,exact,,,,,,,,c-horizon,C,,,,,,,,,,,,,,,not_reported,dataset,registered_dataset_method_by_analyte,,inductively coupled plasma-atomic emission spectrometry (ICP-AES),,,,,Appendix_4b_Chorizon_18Sept2013.txt#row=18,,,,,,"[""Smith, D.B., Cannon, W.F., Woodruff, L.G., Solano, F., Kilburn, J.E., and Fey, D.L. (2013). Geochemical and mineralogical data for soils of the conterminous United States. U.S. Geological Survey Data Series 801. https://doi.org/10.3133/ds801""]",dataset,dataset_metadata,,resolved,,public_download,permitted_research,https://www.usgs.gov/information-policies-and-instructions/copyrights-and-credits,dataset,false,not_evaluated_for_project_output,2026-08-06T10:05:00Z
rec-a984ce0272b0301771a0392b973c736a2a067c17b269f9041da55d462ce71b56,src-43164f5a5d458fdc97af224c6916f71f29a345881396ddc74e054b19589a7e25,C-328842,Ni,Ni,14.8,mg/kg,soil,soil:c-horizon,near-total concentration in <2 mm soil fraction,,,,,33.0992,-86.9976,33.0992,-86.9976,EPSG:4326,identity; source metadata declares WGS 84,,,inductively coupled plasma-atomic emission spectrometry (ICP-AES),icp_oes,near-total HCl-HNO3-HClO4-HF digestion,,LicenseRef-USGS-Public-Domain,government,usgs-conus-soil,Geochemical and mineralogical data for soils of the conterminous United States,10.3133/ds801,"Data Series 801, 2013 release",Appendix_4b_Chorizon_18Sept2013.txt,18,Appendix_4b_Chorizon_18Sept2013.txt#row=18,4aa8080f81f690587f762300bada16e33e376eea0003243d5333b47c78b4c90c,02/23/09,0.6,1,<2 mm,c-horizon,soil_c_horizon,exact,,,,,,,,c-horizon,C,,,,,,,,,,,,,,,not_reported,dataset,registered_dataset_method_by_analyte,,inductively coupled plasma-atomic emission spectrometry (ICP-AES),,,,,Appendix_4b_Chorizon_18Sept2013.txt#row=18,,,,,,"[""Smith, D.B., Cannon, W.F., Woodruff, L.G., Solano, F., Kilburn, J.E., and Fey, D.L. (2013). Geochemical and mineralogical data for soils of the conterminous United States. U.S. Geological Survey Data Series 801. https://doi.org/10.3133/ds801""]",dataset,dataset_metadata,,resolved,,public_download,permitted_research,https://www.usgs.gov/information-policies-and-instructions/copyrights-and-credits,dataset,false,not_evaluated_for_project_output,2026-08-06T10:05:00Z
rec-d37dbc703c5ac1040d90764dceb8bf01becbb77d70a55c906b092a84085f4c6e,src-43164f5a5d458fdc97af224c6916f71f29a345881396ddc74e054b19589a7e25,C-328842,Zn,Zn,43,mg/kg,soil,soil:c-horizon,near-total concentration in <2 mm soil fraction,,,,,33.0992,-86.9976,33.0992,-86.9976,EPSG:4326,identity; source metadata declares WGS 84,,,inductively coupled plasma-atomic emission spectrometry (ICP-AES),icp_oes,near-total HCl-HNO3-HClO4-HF digestion,,LicenseRef-USGS-Public-Domain,government,usgs-conus-soil,Geochemical and mineralogical data for soils of the conterminous United States,10.3133/ds801,"Data Series 801, 2013 release",Appendix_4b_Chorizon_18Sept2013.txt,18,Appendix_4b_Chorizon_18Sept2013.txt#row=18,4aa8080f81f690587f762300bada16e33e376eea0003243d5333b47c78b4c90c,02/23/09,0.6,1,<2 mm,c-horizon,soil_c_horizon,exact,,,,,,,,c-horizon,C,,,,,,,,,,,,,,,not_reported,dataset,registered_dataset_method_by_analyte,,inductively coupled plasma-atomic emission spectrometry (ICP-AES),,,,,Appendix_4b_Chorizon_18Sept2013.txt#row=18,,,,,,"[""Smith, D.B., Cannon, W.F., Woodruff, L.G., Solano, F., Kilburn, J.E., and Fey, D.L. (2013). Geochemical and mineralogical data for soils of the conterminous United States. U.S. Geological Survey Data Series 801. https://doi.org/10.3133/ds801""]",dataset,dataset_metadata,,resolved,,public_download,permitted_research,https://www.usgs.gov/information-policies-and-instructions/copyrights-and-credits,dataset,false,not_evaluated_for_project_output,2026-08-06T10:05:00Z
rec-d84ca7b4039c7bf49d963bdf6d03c0166a281d1c3fc6ee12b484635aacc819ab,src-ac36dcbdec0c653f89dc4911e4b7e91f4f2db10700e0c01557e60e599df0a41d,C-328880,As,As,7.3,mg/kg,soil,soil:c-horizon,total concentration in <2 mm soil fraction,,,,,34.5501,-87.6779,34.5501,-87.6779,EPSG:4326,identity; source metadata declares WGS 84,,,hydride-generation atomic absorption spectrometry (HG-AAS),aas,sodium peroxide and sodium hydroxide fusion,,LicenseRef-USGS-Public-Domain,government,usgs-conus-soil,Geochemical and mineralogical data for soils of the conterminous United States,10.3133/ds801,"Data Series 801, 2013 release",Appendix_4b_Chorizon_18Sept2013.txt,19,Appendix_4b_Chorizon_18Sept2013.txt#row=19,4aa8080f81f690587f762300bada16e33e376eea0003243d5333b47c78b4c90c,02/25/09,0.6,0.7,<2 mm,c-horizon,soil_c_horizon,exact,,,,,,,,c-horizon,C,,,,,,,,,,,,,,,not_reported,dataset,registered_dataset_method_by_analyte,,hydride-generation atomic absorption spectrometry (HG-AAS),,,,,Appendix_4b_Chorizon_18Sept2013.txt#row=19,,,,,,"[""Smith, D.B., Cannon, W.F., Woodruff, L.G., Solano, F., Kilburn, J.E., and Fey, D.L. (2013). Geochemical and mineralogical data for soils of the conterminous United States. U.S. Geological Survey Data Series 801. https://doi.org/10.3133/ds801""]",dataset,dataset_metadata,,resolved,,public_download,permitted_research,https://www.usgs.gov/information-policies-and-instructions/copyrights-and-credits,dataset,false,not_evaluated_for_project_output,2026-08-06T10:05:00Z
rec-dca8d36c1947bca0ecae573a12debf15fd59350cac2016efffdc2324de0987d1,src-ac36dcbdec0c653f89dc4911e4b7e91f4f2db10700e0c01557e60e599df0a41d,C-328880,Cu,Cu,15.9,mg/kg,soil,soil:c-horizon,near-total concentration in <2 mm soil fraction,,,,,34.5501,-87.6779,34.5501,-87.6779,EPSG:4326,identity; source metadata declares WGS 84,,,inductively coupled plasma-atomic emission spectrometry (ICP-AES),icp_oes,near-total HCl-HNO3-HClO4-HF digestion,,LicenseRef-USGS-Public-Domain,government,usgs-conus-soil,Geochemical and mineralogical data for soils of the conterminous United States,10.3133/ds801,"Data Series 801, 2013 release",Appendix_4b_Chorizon_18Sept2013.txt,19,Appendix_4b_Chorizon_18Sept2013.txt#row=19,4aa8080f81f690587f762300bada16e33e376eea0003243d5333b47c78b4c90c,02/25/09,0.6,0.7,<2 mm,c-horizon,soil_c_horizon,exact,,,,,,,,c-horizon,C,,,,,,,,,,,,,,,not_reported,dataset,registered_dataset_method_by_analyte,,inductively coupled plasma-atomic emission spectrometry (ICP-AES),,,,,Appendix_4b_Chorizon_18Sept2013.txt#row=19,,,,,,"[""Smith, D.B., Cannon, W.F., Woodruff, L.G., Solano, F., Kilburn, J.E., and Fey, D.L. (2013). Geochemical and mineralogical data for soils of the conterminous United States. U.S. Geological Survey Data Series 801. https://doi.org/10.3133/ds801""]",dataset,dataset_metadata,,resolved,,public_download,permitted_research,https://www.usgs.gov/information-policies-and-instructions/copyrights-and-credits,dataset,false,not_evaluated_for_project_output,2026-08-06T10:05:00Z
rec-89cf0e96bde73fb5bd1e3bb45540a6b5dfd9e8d752e711600eb7b1fea219a004,src-ac36dcbdec0c653f89dc4911e4b7e91f4f2db10700e0c01557e60e599df0a41d,C-328880,Ni,Ni,22.6,mg/kg,soil,soil:c-horizon,near-total concentration in <2 mm soil fraction,,,,,34.5501,-87.6779,34.5501,-87.6779,EPSG:4326,identity; source metadata declares WGS 84,,,inductively coupled plasma-atomic emission spectrometry (ICP-AES),icp_oes,near-total HCl-HNO3-HClO4-HF digestion,,LicenseRef-USGS-Public-Domain,government,usgs-conus-soil,Geochemical and mineralogical data for soils of the conterminous United States,10.3133/ds801,"Data Series 801, 2013 release",Appendix_4b_Chorizon_18Sept2013.txt,19,Appendix_4b_Chorizon_18Sept2013.txt#row=19,4aa8080f81f690587f762300bada16e33e376eea0003243d5333b47c78b4c90c,02/25/09,0.6,0.7,<2 mm,c-horizon,soil_c_horizon,exact,,,,,,,,c-horizon,C,,,,,,,,,,,,,,,not_reported,dataset,registered_dataset_method_by_analyte,,inductively coupled plasma-atomic emission spectrometry (ICP-AES),,,,,Appendix_4b_Chorizon_18Sept2013.txt#row=19,,,,,,"[""Smith, D.B., Cannon, W.F., Woodruff, L.G., Solano, F., Kilburn, J.E., and Fey, D.L. (2013). Geochemical and mineralogical data for soils of the conterminous United States. U.S. Geological Survey Data Series 801. https://doi.org/10.3133/ds801""]",dataset,dataset_metadata,,resolved,,public_download,permitted_research,https://www.usgs.gov/information-policies-and-instructions/copyrights-and-credits,dataset,false,not_evaluated_for_project_output,2026-08-06T10:05:00Z
rec-9782d13776ec65dc80e83c0cc1034b56aea4bc6e51c525a266cb766f61665e27,src-ac36dcbdec0c653f89dc4911e4b7e91f4f2db10700e0c01557e60e599df0a41d,C-328880,Zn,Zn,69,mg/kg,soil,soil:c-horizon,near-total concentration in <2 mm soil fraction,,,,,34.5501,-87.6779,34.5501,-87.6779,EPSG:4326,identity; source metadata declares WGS 84,,,inductively coupled plasma-atomic emission spectrometry (ICP-AES),icp_oes,near-total HCl-HNO3-HClO4-HF digestion,,LicenseRef-USGS-Public-Domain,government,usgs-conus-soil,Geochemical and mineralogical data for soils of the conterminous United States,10.3133/ds801,"Data Series 801, 2013 release",Appendix_4b_Chorizon_18Sept2013.txt,19,Appendix_4b_Chorizon_18Sept2013.txt#row=19,4aa8080f81f690587f762300bada16e33e376eea0003243d5333b47c78b4c90c,02/25/09,0.6,0.7,<2 mm,c-horizon,soil_c_horizon,exact,,,,,,,,c-horizon,C,,,,,,,,,,,,,,,not_reported,dataset,registered_dataset_method_by_analyte,,inductively coupled plasma-atomic emission spectrometry (ICP-AES),,,,,Appendix_4b_Chorizon_18Sept2013.txt#row=19,,,,,,"[""Smith, D.B., Cannon, W.F., Woodruff, L.G., Solano, F., Kilburn, J.E., and Fey, D.L. (2013). Geochemical and mineralogical data for soils of the conterminous United States. U.S. Geological Survey Data Series 801. https://doi.org/10.3133/ds801""]",dataset,dataset_metadata,,resolved,,public_download,permitted_research,https://www.usgs.gov/information-policies-and-instructions/copyrights-and-credits,dataset,false,not_evaluated_for_project_output,2026-08-06T10:05:00Z
rec-bd2454bea50dd997f227e3672720b8442ce73dfdc0d3e66648c51cf4ddba04f6,src-7010904c4d0abdb15bbb637bb605badd1f57f017f70076e32719c24848234748,C-328837,As,As,5,mg/kg,soil,soil:c-horizon,total concentration in <2 mm soil fraction,,,,,34.3577,-87.313,34.3577,-87.313,EPSG:4326,identity; source metadata declares WGS 84,,,hydride-generation atomic absorption spectrometry (HG-AAS),aas,sodium peroxide and sodium hydroxide fusion,,LicenseRef-USGS-Public-Domain,government,usgs-conus-soil,Geochemical and mineralogical data for soils of the conterminous United States,10.3133/ds801,"Data Series 801, 2013 release",Appendix_4b_Chorizon_18Sept2013.txt,20,Appendix_4b_Chorizon_18Sept2013.txt#row=20,4aa8080f81f690587f762300bada16e33e376eea0003243d5333b47c78b4c90c,02/26/09,0.6,1,<2 mm,c-horizon,soil_c_horizon,exact,,,,,,,,c-horizon,C,,,,,,,,,,,,,,,not_reported,dataset,registered_dataset_method_by_analyte,,hydride-generation atomic absorption spectrometry (HG-AAS),,,,,Appendix_4b_Chorizon_18Sept2013.txt#row=20,,,,,,"[""Smith, D.B., Cannon, W.F., Woodruff, L.G., Solano, F., Kilburn, J.E., and Fey, D.L. (2013). Geochemical and mineralogical data for soils of the conterminous United States. U.S. Geological Survey Data Series 801. https://doi.org/10.3133/ds801""]",dataset,dataset_metadata,,resolved,,public_download,permitted_research,https://www.usgs.gov/information-policies-and-instructions/copyrights-and-credits,dataset,false,not_evaluated_for_project_output,2026-08-06T10:05:00Z
rec-c7c1f0e34863fe5f5bdbd79eb41b60c1c086dcb89776dbf2b5b4f80e5e23f3d6,src-7010904c4d0abdb15bbb637bb605badd1f57f017f70076e32719c24848234748,C-328837,Cu,Cu,8.4,mg/kg,soil,soil:c-horizon,near-total concentration in <2 mm soil fraction,,,,,34.3577,-87.313,34.3577,-87.313,EPSG:4326,identity; source metadata declares WGS 84,,,inductively coupled plasma-atomic emission spectrometry (ICP-AES),icp_oes,near-total HCl-HNO3-HClO4-HF digestion,,LicenseRef-USGS-Public-Domain,government,usgs-conus-soil,Geochemical and mineralogical data for soils of the conterminous United States,10.3133/ds801,"Data Series 801, 2013 release",Appendix_4b_Chorizon_18Sept2013.txt,20,Appendix_4b_Chorizon_18Sept2013.txt#row=20,4aa8080f81f690587f762300bada16e33e376eea0003243d5333b47c78b4c90c,02/26/09,0.6,1,<2 mm,c-horizon,soil_c_horizon,exact,,,,,,,,c-horizon,C,,,,,,,,,,,,,,,not_reported,dataset,registered_dataset_method_by_analyte,,inductively coupled plasma-atomic emission spectrometry (ICP-AES),,,,,Appendix_4b_Chorizon_18Sept2013.txt#row=20,,,,,,"[""Smith, D.B., Cannon, W.F., Woodruff, L.G., Solano, F., Kilburn, J.E., and Fey, D.L. (2013). Geochemical and mineralogical data for soils of the conterminous United States. U.S. Geological Survey Data Series 801. https://doi.org/10.3133/ds801""]",dataset,dataset_metadata,,resolved,,public_download,permitted_research,https://www.usgs.gov/information-policies-and-instructions/copyrights-and-credits,dataset,false,not_evaluated_for_project_output,2026-08-06T10:05:00Z
rec-d9fc85100e632e250353fb9d31e224e4b9305a5a96ecfa50409122b159f05d29,src-7010904c4d0abdb15bbb637bb605badd1f57f017f70076e32719c24848234748,C-328837,Ni,Ni,12.2,mg/kg,soil,soil:c-horizon,near-total concentration in <2 mm soil fraction,,,,,34.3577,-87.313,34.3577,-87.313,EPSG:4326,identity; source metadata declares WGS 84,,,inductively coupled plasma-atomic emission spectrometry (ICP-AES),icp_oes,near-total HCl-HNO3-HClO4-HF digestion,,LicenseRef-USGS-Public-Domain,government,usgs-conus-soil,Geochemical and mineralogical data for soils of the conterminous United States,10.3133/ds801,"Data Series 801, 2013 release",Appendix_4b_Chorizon_18Sept2013.txt,20,Appendix_4b_Chorizon_18Sept2013.txt#row=20,4aa8080f81f690587f762300bada16e33e376eea0003243d5333b47c78b4c90c,02/26/09,0.6,1,<2 mm,c-horizon,soil_c_horizon,exact,,,,,,,,c-horizon,C,,,,,,,,,,,,,,,not_reported,dataset,registered_dataset_method_by_analyte,,inductively coupled plasma-atomic emission spectrometry (ICP-AES),,,,,Appendix_4b_Chorizon_18Sept2013.txt#row=20,,,,,,"[""Smith, D.B., Cannon, W.F., Woodruff, L.G., Solano, F., Kilburn, J.E., and Fey, D.L. (2013). Geochemical and mineralogical data for soils of the conterminous United States. U.S. Geological Survey Data Series 801. https://doi.org/10.3133/ds801""]",dataset,dataset_metadata,,resolved,,public_download,permitted_research,https://www.usgs.gov/information-policies-and-instructions/copyrights-and-credits,dataset,false,not_evaluated_for_project_output,2026-08-06T10:05:00Z
rec-9641e32173057f2811a1a33956f6aacf57cfdfec081c624e06d9f691c98296bc,src-7010904c4d0abdb15bbb637bb605badd1f57f017f70076e32719c24848234748,C-328837,Zn,Zn,31,mg/kg,soil,soil:c-horizon,near-total concentration in <2 mm soil fraction,,,,,34.3577,-87.313,34.3577,-87.313,EPSG:4326,identity; source metadata declares WGS 84,,,inductively coupled plasma-atomic emission spectrometry (ICP-AES),icp_oes,near-total HCl-HNO3-HClO4-HF digestion,,LicenseRef-USGS-Public-Domain,government,usgs-conus-soil,Geochemical and mineralogical data for soils of the conterminous United States,10.3133/ds801,"Data Series 801, 2013 release",Appendix_4b_Chorizon_18Sept2013.txt,20,Appendix_4b_Chorizon_18Sept2013.txt#row=20,4aa8080f81f690587f762300bada16e33e376eea0003243d5333b47c78b4c90c,02/26/09,0.6,1,<2 mm,c-horizon,soil_c_horizon,exact,,,,,,,,c-horizon,C,,,,,,,,,,,,,,,not_reported,dataset,registered_dataset_method_by_analyte,,inductively coupled plasma-atomic emission spectrometry (ICP-AES),,,,,Appendix_4b_Chorizon_18Sept2013.txt#row=20,,,,,,"[""Smith, D.B., Cannon, W.F., Woodruff, L.G., Solano, F., Kilburn, J.E., and Fey, D.L. (2013). Geochemical and mineralogical data for soils of the conterminous United States. U.S. Geological Survey Data Series 801. https://doi.org/10.3133/ds801""]",dataset,dataset_metadata,,resolved,,public_download,permitted_research,https://www.usgs.gov/information-policies-and-instructions/copyrights-and-credits,dataset,false,not_evaluated_for_project_output,2026-08-06T10:05:00Z
rec-f23ec71fbd57b917cb6701229ee8968b07b17cbb1e8f5f0386cb099160e79c4b,src-9779b379704fb6f56dfb95c56ece28d86ac7aa58a7879e2aa284ccf8550af3e7,C-328896,As,As,6.5,mg/kg,soil,soil:c-horizon,total concentration in <2 mm soil fraction,,,,,31.0634,-85.6928,31.0634,-85.6928,EPSG:4326,identity; source metadata declares WGS 84,,,hydride-generation atomic absorption spectrometry (HG-AAS),aas,sodium peroxide and sodium hydroxide fusion,,LicenseRef-USGS-Public-Domain,government,usgs-conus-soil,Geochemical and mineralogical data for soils of the conterminous United States,10.3133/ds801,"Data Series 801, 2013 release",Appendix_4b_Chorizon_18Sept2013.txt,21,Appendix_4b_Chorizon_18Sept2013.txt#row=21,4aa8080f81f690587f762300bada16e33e376eea0003243d5333b47c78b4c90c,02/19/09,0.25,1,<2 mm,c-horizon,soil_c_horizon,exact,,,,,,,,c-horizon,C,,,,,,,,,,,,,,,not_reported,dataset,registered_dataset_method_by_analyte,,hydride-generation atomic absorption spectrometry (HG-AAS),,,,,Appendix_4b_Chorizon_18Sept2013.txt#row=21,,,,,,"[""Smith, D.B., Cannon, W.F., Woodruff, L.G., Solano, F., Kilburn, J.E., and Fey, D.L. (2013). Geochemical and mineralogical data for soils of the conterminous United States. U.S. Geological Survey Data Series 801. https://doi.org/10.3133/ds801""]",dataset,dataset_metadata,,resolved,,public_download,permitted_research,https://www.usgs.gov/information-policies-and-instructions/copyrights-and-credits,dataset,false,not_evaluated_for_project_output,2026-08-06T10:05:00Z
rec-d4d3d4df713b3ae0e2143986c9d9cdbe6f8318a2bf02d30b3aed554ba080f004,src-9779b379704fb6f56dfb95c56ece28d86ac7aa58a7879e2aa284ccf8550af3e7,C-328896,Cu,Cu,16,mg/kg,soil,soil:c-horizon,near-total concentration in <2 mm soil fraction,,,,,31.0634,-85.6928,31.0634,-85.6928,EPSG:4326,identity; source metadata declares WGS 84,,,inductively coupled plasma-atomic emission spectrometry (ICP-AES),icp_oes,near-total HCl-HNO3-HClO4-HF digestion,,LicenseRef-USGS-Public-Domain,government,usgs-conus-soil,Geochemical and mineralogical data for soils of the conterminous United States,10.3133/ds801,"Data Series 801, 2013 release",Appendix_4b_Chorizon_18Sept2013.txt,21,Appendix_4b_Chorizon_18Sept2013.txt#row=21,4aa8080f81f690587f762300bada16e33e376eea0003243d5333b47c78b4c90c,02/19/09,0.25,1,<2 mm,c-horizon,soil_c_horizon,exact,,,,,,,,c-horizon,C,,,,,,,,,,,,,,,not_reported,dataset,registered_dataset_method_by_analyte,,inductively coupled plasma-atomic emission spectrometry (ICP-AES),,,,,Appendix_4b_Chorizon_18Sept2013.txt#row=21,,,,,,"[""Smith, D.B., Cannon, W.F., Woodruff, L.G., Solano, F., Kilburn, J.E., and Fey, D.L. (2013). Geochemical and mineralogical data for soils of the conterminous United States. U.S. Geological Survey Data Series 801. https://doi.org/10.3133/ds801""]",dataset,dataset_metadata,,resolved,,public_download,permitted_research,https://www.usgs.gov/information-policies-and-instructions/copyrights-and-credits,dataset,false,not_evaluated_for_project_output,2026-08-06T10:05:00Z
rec-54429fd1d9075e3a8a257937b51efcccf389f1fe2e263509078badce50b48683,src-9779b379704fb6f56dfb95c56ece28d86ac7aa58a7879e2aa284ccf8550af3e7,C-328896,Ni,Ni,20.3,mg/kg,soil,soil:c-horizon,near-total concentration in <2 mm soil fraction,,,,,31.0634,-85.6928,31.0634,-85.6928,EPSG:4326,identity; source metadata declares WGS 84,,,inductively coupled plasma-atomic emission spectrometry (ICP-AES),icp_oes,near-total HCl-HNO3-HClO4-HF digestion,,LicenseRef-USGS-Public-Domain,government,usgs-conus-soil,Geochemical and mineralogical data for soils of the conterminous United States,10.3133/ds801,"Data Series 801, 2013 release",Appendix_4b_Chorizon_18Sept2013.txt,21,Appendix_4b_Chorizon_18Sept2013.txt#row=21,4aa8080f81f690587f762300bada16e33e376eea0003243d5333b47c78b4c90c,02/19/09,0.25,1,<2 mm,c-horizon,soil_c_horizon,exact,,,,,,,,c-horizon,C,,,,,,,,,,,,,,,not_reported,dataset,registered_dataset_method_by_analyte,,inductively coupled plasma-atomic emission spectrometry (ICP-AES),,,,,Appendix_4b_Chorizon_18Sept2013.txt#row=21,,,,,,"[""Smith, D.B., Cannon, W.F., Woodruff, L.G., Solano, F., Kilburn, J.E., and Fey, D.L. (2013). Geochemical and mineralogical data for soils of the conterminous United States. U.S. Geological Survey Data Series 801. https://doi.org/10.3133/ds801""]",dataset,dataset_metadata,,resolved,,public_download,permitted_research,https://www.usgs.gov/information-policies-and-instructions/copyrights-and-credits,dataset,false,not_evaluated_for_project_output,2026-08-06T10:05:00Z
rec-eb082f79a63f70ed42ebd05f917cad8fc66f73168f749699d7b786143ac8b3d1,src-9779b379704fb6f56dfb95c56ece28d86ac7aa58a7879e2aa284ccf8550af3e7,C-328896,Zn,Zn,22,mg/kg,soil,soil:c-horizon,near-total concentration in <2 mm soil fraction,,,,,31.0634,-85.6928,31.0634,-85.6928,EPSG:4326,identity; source metadata declares WGS 84,,,inductively coupled plasma-atomic emission spectrometry (ICP-AES),icp_oes,near-total HCl-HNO3-HClO4-HF digestion,,LicenseRef-USGS-Public-Domain,government,usgs-conus-soil,Geochemical and mineralogical data for soils of the conterminous United States,10.3133/ds801,"Data Series 801, 2013 release",Appendix_4b_Chorizon_18Sept2013.txt,21,Appendix_4b_Chorizon_18Sept2013.txt#row=21,4aa8080f81f690587f762300bada16e33e376eea0003243d5333b47c78b4c90c,02/19/09,0.25,1,<2 mm,c-horizon,soil_c_horizon,exact,,,,,,,,c-horizon,C,,,,,,,,,,,,,,,not_reported,dataset,registered_dataset_method_by_analyte,,inductively coupled plasma-atomic emission spectrometry (ICP-AES),,,,,Appendix_4b_Chorizon_18Sept2013.txt#row=21,,,,,,"[""Smith, D.B., Cannon, W.F., Woodruff, L.G., Solano, F., Kilburn, J.E., and Fey, D.L. (2013). Geochemical and mineralogical data for soils of the conterminous United States. U.S. Geological Survey Data Series 801. https://doi.org/10.3133/ds801""]",dataset,dataset_metadata,,resolved,,public_download,permitted_research,https://www.usgs.gov/information-policies-and-instructions/copyrights-and-credits,dataset,false,not_evaluated_for_project_output,2026-08-06T10:05:00Z
rec-105a8f8a0e6af935e6c712ee6cdf75998f073a9e5b4c22ddd91315fc18096d57,src-8778dc8168090673edc8f3738e7c24485e4ddf62210bad3443aad20a1d23504b,C-328841,As,As,2.8,mg/kg,soil,soil:c-horizon,total concentration in <2 mm soil fraction,,,,,34.2848,-85.6099,34.2848,-85.6099,EPSG:4326,identity; source metadata declares WGS 84,,,hydride-generation atomic absorption spectrometry (HG-AAS),aas,sodium peroxide and sodium hydroxide fusion,,LicenseRef-USGS-Public-Domain,government,usgs-conus-soil,Geochemical and mineralogical data for soils of the conterminous United States,10.3133/ds801,"Data Series 801, 2013 release",Appendix_4b_Chorizon_18Sept2013.txt,22,Appendix_4b_Chorizon_18Sept2013.txt#row=22,4aa8080f81f690587f762300bada16e33e376eea0003243d5333b47c78b4c90c,02/24/09,0.5,1,<2 mm,c-horizon,soil_c_horizon,exact,,,,,,,,c-horizon,C,,,,,,,,,,,,,,,not_reported,dataset,registered_dataset_method_by_analyte,,hydride-generation atomic absorption spectrometry (HG-AAS),,,,,Appendix_4b_Chorizon_18Sept2013.txt#row=22,,,,,,"[""Smith, D.B., Cannon, W.F., Woodruff, L.G., Solano, F., Kilburn, J.E., and Fey, D.L. (2013). Geochemical and mineralogical data for soils of the conterminous United States. U.S. Geological Survey Data Series 801. https://doi.org/10.3133/ds801""]",dataset,dataset_metadata,,resolved,,public_download,permitted_research,https://www.usgs.gov/information-policies-and-instructions/copyrights-and-credits,dataset,false,not_evaluated_for_project_output,2026-08-06T10:05:00Z
rec-0d2a49efe9074719e96452f707e5dab6b76b070ae3dbec994b531bb7c69585aa,src-8778dc8168090673edc8f3738e7c24485e4ddf62210bad3443aad20a1d23504b,C-328841,Cu,Cu,8.2,mg/kg,soil,soil:c-horizon,near-total concentration in <2 mm soil fraction,,,,,34.2848,-85.6099,34.2848,-85.6099,EPSG:4326,identity; source metadata declares WGS 84,,,inductively coupled plasma-atomic emission spectrometry (ICP-AES),icp_oes,near-total HCl-HNO3-HClO4-HF digestion,,LicenseRef-USGS-Public-Domain,government,usgs-conus-soil,Geochemical and mineralogical data for soils of the conterminous United States,10.3133/ds801,"Data Series 801, 2013 release",Appendix_4b_Chorizon_18Sept2013.txt,22,Appendix_4b_Chorizon_18Sept2013.txt#row=22,4aa8080f81f690587f762300bada16e33e376eea0003243d5333b47c78b4c90c,02/24/09,0.5,1,<2 mm,c-horizon,soil_c_horizon,exact,,,,,,,,c-horizon,C,,,,,,,,,,,,,,,not_reported,dataset,registered_dataset_method_by_analyte,,inductively coupled plasma-atomic emission spectrometry (ICP-AES),,,,,Appendix_4b_Chorizon_18Sept2013.txt#row=22,,,,,,"[""Smith, D.B., Cannon, W.F., Woodruff, L.G., Solano, F., Kilburn, J.E., and Fey, D.L. (2013). Geochemical and mineralogical data for soils of the conterminous United States. U.S. Geological Survey Data Series 801. https://doi.org/10.3133/ds801""]",dataset,dataset_metadata,,resolved,,public_download,permitted_research,https://www.usgs.gov/information-policies-and-instructions/copyrights-and-credits,dataset,false,not_evaluated_for_project_output,2026-08-06T10:05:00Z
rec-f3275f30c3da3823379296f725ed3263450e888d94c6fd7a7c7b990b9ccd89d2,src-8778dc8168090673edc8f3738e7c24485e4ddf62210bad3443aad20a1d23504b,C-328841,Ni,Ni,6.8,mg/kg,soil,soil:c-horizon,near-total concentration in <2 mm soil fraction,,,,,34.2848,-85.6099,34.2848,-85.6099,EPSG:4326,identity; source metadata declares WGS 84,,,inductively coupled plasma-atomic emission spectrometry (ICP-AES),icp_oes,near-total HCl-HNO3-HClO4-HF digestion,,LicenseRef-USGS-Public-Domain,government,usgs-conus-soil,Geochemical and mineralogical data for soils of the conterminous United States,10.3133/ds801,"Data Series 801, 2013 release",Appendix_4b_Chorizon_18Sept2013.txt,22,Appendix_4b_Chorizon_18Sept2013.txt#row=22,4aa8080f81f690587f762300bada16e33e376eea0003243d5333b47c78b4c90c,02/24/09,0.5,1,<2 mm,c-horizon,soil_c_horizon,exact,,,,,,,,c-horizon,C,,,,,,,,,,,,,,,not_reported,dataset,registered_dataset_method_by_analyte,,inductively coupled plasma-atomic emission spectrometry (ICP-AES),,,,,Appendix_4b_Chorizon_18Sept2013.txt#row=22,,,,,,"[""Smith, D.B., Cannon, W.F., Woodruff, L.G., Solano, F., Kilburn, J.E., and Fey, D.L. (2013). Geochemical and mineralogical data for soils of the conterminous United States. U.S. Geological Survey Data Series 801. https://doi.org/10.3133/ds801""]",dataset,dataset_metadata,,resolved,,public_download,permitted_research,https://www.usgs.gov/information-policies-and-instructions/copyrights-and-credits,dataset,false,not_evaluated_for_project_output,2026-08-06T10:05:00Z
rec-e4f767b9c90149cd0ec99806e00c6944d8884e06f004e510311ead9683cac62a,src-8778dc8168090673edc8f3738e7c24485e4ddf62210bad3443aad20a1d23504b,C-328841,Zn,Zn,28,mg/kg,soil,soil:c-horizon,near-total concentration in <2 mm soil fraction,,,,,34.2848,-85.6099,34.2848,-85.6099,EPSG:4326,identity; source metadata declares WGS 84,,,inductively coupled plasma-atomic emission spectrometry (ICP-AES),icp_oes,near-total HCl-HNO3-HClO4-HF digestion,,LicenseRef-USGS-Public-Domain,government,usgs-conus-soil,Geochemical and mineralogical data for soils of the conterminous United States,10.3133/ds801,"Data Series 801, 2013 release",Appendix_4b_Chorizon_18Sept2013.txt,22,Appendix_4b_Chorizon_18Sept2013.txt#row=22,4aa8080f81f690587f762300bada16e33e376eea0003243d5333b47c78b4c90c,02/24/09,0.5,1,<2 mm,c-horizon,soil_c_horizon,exact,,,,,,,,c-horizon,C,,,,,,,,,,,,,,,not_reported,dataset,registered_dataset_method_by_analyte,,inductively coupled plasma-atomic emission spectrometry (ICP-AES),,,,,Appendix_4b_Chorizon_18Sept2013.txt#row=22,,,,,,"[""Smith, D.B., Cannon, W.F., Woodruff, L.G., Solano, F., Kilburn, J.E., and Fey, D.L. (2013). Geochemical and mineralogical data for soils of the conterminous United States. U.S. Geological Survey Data Series 801. https://doi.org/10.3133/ds801""]",dataset,dataset_metadata,,resolved,,public_download,permitted_research,https://www.usgs.gov/information-policies-and-instructions/copyrights-and-credits,dataset,false,not_evaluated_for_project_output,2026-08-06T10:05:00Z
rec-935ac34f1da54b05b53a8da24e278a721b816ac354c67cbf9c56aa13319a894c,src-6805531dde3b9fcaf3e7f1ece4f6435e4e8642ab72674590aa0b3243041c4714,C-328963,As,As,<0.6,mg/kg,soil,soil:c-horizon,total concentration in <2 mm soil fraction,<,,0.6,mg/kg,30.8919,-88.0869,30.8919,-88.0869,EPSG:4326,identity; source metadata declares WGS 84,,,hydride-generation atomic absorption spectrometry (HG-AAS),aas,sodium peroxide and sodium hydroxide fusion,,LicenseRef-USGS-Public-Domain,government,usgs-conus-soil,Geochemical and mineralogical data for soils of the conterminous United States,10.3133/ds801,"Data Series 801, 2013 release",Appendix_4b_Chorizon_18Sept2013.txt,35,Appendix_4b_Chorizon_18Sept2013.txt#row=35,4aa8080f81f690587f762300bada16e33e376eea0003243d5333b47c78b4c90c,02/17/09,0.85,1,<2 mm,c-horizon,soil_c_horizon,exact,,,,,,,,c-horizon,C,,,,,,,,,,,,,,,not_reported,dataset,registered_dataset_method_by_analyte,,hydride-generation atomic absorption spectrometry (HG-AAS),,,,,Appendix_4b_Chorizon_18Sept2013.txt#row=35,,,,,,"[""Smith, D.B., Cannon, W.F., Woodruff, L.G., Solano, F., Kilburn, J.E., and Fey, D.L. (2013). Geochemical and mineralogical data for soils of the conterminous United States. U.S. Geological Survey Data Series 801. https://doi.org/10.3133/ds801""]",dataset,dataset_metadata,,resolved,,public_download,permitted_research,https://www.usgs.gov/information-policies-and-instructions/copyrights-and-credits,dataset,false,not_evaluated_for_project_output,2026-08-06T10:05:00Z
rec-1f8d8d2ed37c7a6ea4635fbd7adbaa33a86d40133188defe0bfd04e93e52840b,src-6805531dde3b9fcaf3e7f1ece4f6435e4e8642ab72674590aa0b3243041c4714,C-328963,Cu,Cu,1.8,mg/kg,soil,soil:c-horizon,near-total concentration in <2 mm soil fraction,,,,,30.8919,-88.0869,30.8919,-88.0869,EPSG:4326,identity; source metadata declares WGS 84,,,inductively coupled plasma-atomic emission spectrometry (ICP-AES),icp_oes,near-total HCl-HNO3-HClO4-HF digestion,,LicenseRef-USGS-Public-Domain,government,usgs-conus-soil,Geochemical and mineralogical data for soils of the conterminous United States,10.3133/ds801,"Data Series 801, 2013 release",Appendix_4b_Chorizon_18Sept2013.txt,35,Appendix_4b_Chorizon_18Sept2013.txt#row=35,4aa8080f81f690587f762300bada16e33e376eea0003243d5333b47c78b4c90c,02/17/09,0.85,1,<2 mm,c-horizon,soil_c_horizon,exact,,,,,,,,c-horizon,C,,,,,,,,,,,,,,,not_reported,dataset,registered_dataset_method_by_analyte,,inductively coupled plasma-atomic emission spectrometry (ICP-AES),,,,,Appendix_4b_Chorizon_18Sept2013.txt#row=35,,,,,,"[""Smith, D.B., Cannon, W.F., Woodruff, L.G., Solano, F., Kilburn, J.E., and Fey, D.L. (2013). Geochemical and mineralogical data for soils of the conterminous United States. U.S. Geological Survey Data Series 801. https://doi.org/10.3133/ds801""]",dataset,dataset_metadata,,resolved,,public_download,permitted_research,https://www.usgs.gov/information-policies-and-instructions/copyrights-and-credits,dataset,false,not_evaluated_for_project_output,2026-08-06T10:05:00Z
rec-842bd6c020a491d2a17a38bc20df4b53966b308cc8bfc7f49884158c4735d069,src-6805531dde3b9fcaf3e7f1ece4f6435e4e8642ab72674590aa0b3243041c4714,C-328963,Ni,Ni,2.3,mg/kg,soil,soil:c-horizon,near-total concentration in <2 mm soil fraction,,,,,30.8919,-88.0869,30.8919,-88.0869,EPSG:4326,identity; source metadata declares WGS 84,,,inductively coupled plasma-atomic emission spectrometry (ICP-AES),icp_oes,near-total HCl-HNO3-HClO4-HF digestion,,LicenseRef-USGS-Public-Domain,government,usgs-conus-soil,Geochemical and mineralogical data for soils of the conterminous United States,10.3133/ds801,"Data Series 801, 2013 release",Appendix_4b_Chorizon_18Sept2013.txt,35,Appendix_4b_Chorizon_18Sept2013.txt#row=35,4aa8080f81f690587f762300bada16e33e376eea0003243d5333b47c78b4c90c,02/17/09,0.85,1,<2 mm,c-horizon,soil_c_horizon,exact,,,,,,,,c-horizon,C,,,,,,,,,,,,,,,not_reported,dataset,registered_dataset_method_by_analyte,,inductively coupled plasma-atomic emission spectrometry (ICP-AES),,,,,Appendix_4b_Chorizon_18Sept2013.txt#row=35,,,,,,"[""Smith, D.B., Cannon, W.F., Woodruff, L.G., Solano, F., Kilburn, J.E., and Fey, D.L. (2013). Geochemical and mineralogical data for soils of the conterminous United States. U.S. Geological Survey Data Series 801. https://doi.org/10.3133/ds801""]",dataset,dataset_metadata,,resolved,,public_download,permitted_research,https://www.usgs.gov/information-policies-and-instructions/copyrights-and-credits,dataset,false,not_evaluated_for_project_output,2026-08-06T10:05:00Z
rec-2e15d81f012cb6f543619091eae2d804830d472f1b275ac1f5f5b839e988dc21,src-6805531dde3b9fcaf3e7f1ece4f6435e4e8642ab72674590aa0b3243041c4714,C-328963,Zn,Zn,7,mg/kg,soil,soil:c-horizon,near-total concentration in <2 mm soil fraction,,,,,30.8919,-88.0869,30.8919,-88.0869,EPSG:4326,identity; source metadata declares WGS 84,,,inductively coupled plasma-atomic emission spectrometry (ICP-AES),icp_oes,near-total HCl-HNO3-HClO4-HF digestion,,LicenseRef-USGS-Public-Domain,government,usgs-conus-soil,Geochemical and mineralogical data for soils of the conterminous United States,10.3133/ds801,"Data Series 801, 2013 release",Appendix_4b_Chorizon_18Sept2013.txt,35,Appendix_4b_Chorizon_18Sept2013.txt#row=35,4aa8080f81f690587f762300bada16e33e376eea0003243d5333b47c78b4c90c,02/17/09,0.85,1,<2 mm,c-horizon,soil_c_horizon,exact,,,,,,,,c-horizon,C,,,,,,,,,,,,,,,not_reported,dataset,registered_dataset_method_by_analyte,,inductively coupled plasma-atomic emission spectrometry (ICP-AES),,,,,Appendix_4b_Chorizon_18Sept2013.txt#row=35,,,,,,"[""Smith, D.B., Cannon, W.F., Woodruff, L.G., Solano, F., Kilburn, J.E., and Fey, D.L. (2013). Geochemical and mineralogical data for soils of the conterminous United States. U.S. Geological Survey Data Series 801. https://doi.org/10.3133/ds801""]",dataset,dataset_metadata,,resolved,,public_download,permitted_research,https://www.usgs.gov/information-policies-and-instructions/copyrights-and-credits,dataset,false,not_evaluated_for_project_output,2026-08-06T10:05:00Z
