record_id,source_record_id,sample_id,element_or_analyte,analyte_reported,value,unit,medium,material,measurement_basis,value_qualifier,missing_reason,detection_limit,detection_limit_unit,original_latitude_raw,original_longitude_raw,latitude,longitude,source_crs,coordinate_transform_method,coordinate_uncertainty_m,geologic_unit,analytical_method,method_family,digestion_or_extraction,laboratory,license,source_tier,source_id,dataset_title,dataset_doi,dataset_version,source_file,source_row,source_locator,official_source_url,file_sha256,sampled_at,sample_depth_min_m,sample_depth_max_m,grain_fraction,coordinate_evidence_scope,coordinate_policy_id,coordinate_latitude_field,coordinate_longitude_field,sample_type_raw,sample_type,sample_type_mapping_status,sample_type_missing_reason,geographic_context_raw,survey_area,map_sheet,cruise_track,lithology_raw,lithology,soil_horizon_raw,soil_horizon,sediment_environment,water_body_type,water_fraction,filtered_state,geologic_unit_raw,geologic_age_raw,tectonic_setting_raw,matched_geologic_unit,geology_map_source,geology_map_version,match_method,match_scale,boundary_distance_m,match_uncertainty,geology_missing_reason,method_scope,method_assignment_basis,preparation,analytical_technique,instrument,quantitation_limit,quantitation_limit_unit,reference_materials,method_source_locator,method_publication_id,method_missing_reason,citation_id_raw,publication_id,publication_doi,citation_text_raw,citation_scope,citation_assignment_basis,upstream_primary_source_id,citation_resolution_status,citation_missing_reason,access_status,research_use_status,license_url,license_scope,attribution_required,redistribution_status,terms_verified_at
rec-1954125fa0fa765e593d4d0e9062439de7b2c95d28f9129bcb560282d2162c57,src-db5deae4033b7f796490a6016b91d3d29a95c8244616be9603d623663e12c41e,EKD2-2,Cr,Cr,30.668500000000002,ppm,rock,,whole_rock_bulk_trace_element,,,,,35.764099999999999,99.420500000000004,,,,,,,ICPMS,,,"Wuhan Samplesolution Analytical Technology Co., Ltd., Wuhan, China",CC-BY-SA-4.0,official_curated,earthchem-dehailonggang-rock,"The bulk-rock composition of the Dehailonggang volcanic-plutonic complex of the East Kunlun Orogen, northern Tibet Plateau",10.60520/IEDA/113338,EarthChem Library dataset 3338 version 1.0 (2024),3338-1_Bulk-rockmajorandtraceelementcomposition.xlsx,7,3338-1_Bulk-rockmajorandtraceelementcomposition.xlsx#sheet3-row=7,https://ecl.earthchem.org/view.php?id=3338,ccdc26ee169919144f7d1c8726eb8075c99b4d9cba30d249906f79c045a12ca7,,,,,,,,,whole rock,rock_whole_rock,exact,,"Dehailonggang complex, East Kunlun Orogen","Dehailonggang complex, East Kunlun Orogen",,,granodiorite,,,,,,,,,,,,,,,,,,not_reported,dataset_parameter,workbook_method_code_to_parameter_join,,ICPMS,Agilent 7700e,,,,3338-1_Bulk-rockmajorandtraceelementcomposition.xlsx#sheet4-row=30,,,,,,"[""Zou, Bowen (2024): The bulk-rock composition of the Dehailonggang volcanic-plutonic complex of the East Kunlun Orogen, northern Tibet Plateau. EarthChem Library. https://doi.org/10.60520/IEDA/113338""]",dataset,dataset_metadata,,resolved,,public_download,permitted_research,https://creativecommons.org/licenses/by-sa/4.0/,dataset,true,not_evaluated_for_project_output,2026-08-15T07:00:00Z
rec-a76b5d9942c71aee573dace57203aa82ebd90ae717511efce1dc287a04c830e1,src-db5deae4033b7f796490a6016b91d3d29a95c8244616be9603d623663e12c41e,EKD2-2,Cu,Cu,12.61923,ppm,rock,,whole_rock_bulk_trace_element,,,,,35.764099999999999,99.420500000000004,,,,,,,ICPMS,,,"Wuhan Samplesolution Analytical Technology Co., Ltd., Wuhan, China",CC-BY-SA-4.0,official_curated,earthchem-dehailonggang-rock,"The bulk-rock composition of the Dehailonggang volcanic-plutonic complex of the East Kunlun Orogen, northern Tibet Plateau",10.60520/IEDA/113338,EarthChem Library dataset 3338 version 1.0 (2024),3338-1_Bulk-rockmajorandtraceelementcomposition.xlsx,7,3338-1_Bulk-rockmajorandtraceelementcomposition.xlsx#sheet3-row=7,https://ecl.earthchem.org/view.php?id=3338,ccdc26ee169919144f7d1c8726eb8075c99b4d9cba30d249906f79c045a12ca7,,,,,,,,,whole rock,rock_whole_rock,exact,,"Dehailonggang complex, East Kunlun Orogen","Dehailonggang complex, East Kunlun Orogen",,,granodiorite,,,,,,,,,,,,,,,,,,not_reported,dataset_parameter,workbook_method_code_to_parameter_join,,ICPMS,Agilent 7700e,,,,3338-1_Bulk-rockmajorandtraceelementcomposition.xlsx#sheet4-row=36,,,,,,"[""Zou, Bowen (2024): The bulk-rock composition of the Dehailonggang volcanic-plutonic complex of the East Kunlun Orogen, northern Tibet Plateau. EarthChem Library. https://doi.org/10.60520/IEDA/113338""]",dataset,dataset_metadata,,resolved,,public_download,permitted_research,https://creativecommons.org/licenses/by-sa/4.0/,dataset,true,not_evaluated_for_project_output,2026-08-15T07:00:00Z
rec-10d3a12abed39d100b233f9d76bb77c1c8b73769cea64e479f1e2503fcd4146d,src-db5deae4033b7f796490a6016b91d3d29a95c8244616be9603d623663e12c41e,EKD2-2,Ni,Ni,5.665,ppm,rock,,whole_rock_bulk_trace_element,,,,,35.764099999999999,99.420500000000004,,,,,,,ICPMS,,,"Wuhan Samplesolution Analytical Technology Co., Ltd., Wuhan, China",CC-BY-SA-4.0,official_curated,earthchem-dehailonggang-rock,"The bulk-rock composition of the Dehailonggang volcanic-plutonic complex of the East Kunlun Orogen, northern Tibet Plateau",10.60520/IEDA/113338,EarthChem Library dataset 3338 version 1.0 (2024),3338-1_Bulk-rockmajorandtraceelementcomposition.xlsx,7,3338-1_Bulk-rockmajorandtraceelementcomposition.xlsx#sheet3-row=7,https://ecl.earthchem.org/view.php?id=3338,ccdc26ee169919144f7d1c8726eb8075c99b4d9cba30d249906f79c045a12ca7,,,,,,,,,whole rock,rock_whole_rock,exact,,"Dehailonggang complex, East Kunlun Orogen","Dehailonggang complex, East Kunlun Orogen",,,granodiorite,,,,,,,,,,,,,,,,,,not_reported,dataset_parameter,workbook_method_code_to_parameter_join,,ICPMS,Agilent 7700e,,,,3338-1_Bulk-rockmajorandtraceelementcomposition.xlsx#sheet4-row=31,,,,,,"[""Zou, Bowen (2024): The bulk-rock composition of the Dehailonggang volcanic-plutonic complex of the East Kunlun Orogen, northern Tibet Plateau. EarthChem Library. https://doi.org/10.60520/IEDA/113338""]",dataset,dataset_metadata,,resolved,,public_download,permitted_research,https://creativecommons.org/licenses/by-sa/4.0/,dataset,true,not_evaluated_for_project_output,2026-08-15T07:00:00Z
rec-79bd5102507bcdd94f5332f88cdbd160f2b89da05856af7e50808f9dbe8f3836,src-db5deae4033b7f796490a6016b91d3d29a95c8244616be9603d623663e12c41e,EKD2-2,Pb,Pb,32.615764999999996,ppm,rock,,whole_rock_bulk_trace_element,,,,,35.764099999999999,99.420500000000004,,,,,,,ICPMS,,,"Wuhan Samplesolution Analytical Technology Co., Ltd., Wuhan, China",CC-BY-SA-4.0,official_curated,earthchem-dehailonggang-rock,"The bulk-rock composition of the Dehailonggang volcanic-plutonic complex of the East Kunlun Orogen, northern Tibet Plateau",10.60520/IEDA/113338,EarthChem Library dataset 3338 version 1.0 (2024),3338-1_Bulk-rockmajorandtraceelementcomposition.xlsx,7,3338-1_Bulk-rockmajorandtraceelementcomposition.xlsx#sheet3-row=7,https://ecl.earthchem.org/view.php?id=3338,ccdc26ee169919144f7d1c8726eb8075c99b4d9cba30d249906f79c045a12ca7,,,,,,,,,whole rock,rock_whole_rock,exact,,"Dehailonggang complex, East Kunlun Orogen","Dehailonggang complex, East Kunlun Orogen",,,granodiorite,,,,,,,,,,,,,,,,,,not_reported,dataset_parameter,workbook_method_code_to_parameter_join,,ICPMS,Agilent 7700e,,,,3338-1_Bulk-rockmajorandtraceelementcomposition.xlsx#sheet4-row=21,,,,,,"[""Zou, Bowen (2024): The bulk-rock composition of the Dehailonggang volcanic-plutonic complex of the East Kunlun Orogen, northern Tibet Plateau. EarthChem Library. https://doi.org/10.60520/IEDA/113338""]",dataset,dataset_metadata,,resolved,,public_download,permitted_research,https://creativecommons.org/licenses/by-sa/4.0/,dataset,true,not_evaluated_for_project_output,2026-08-15T07:00:00Z
rec-c8b66e42595260020ddeec06130b5f0cf173f5b1205426700ac443dc06cdcca1,src-db5deae4033b7f796490a6016b91d3d29a95c8244616be9603d623663e12c41e,EKD2-2,Zn,Zn,62.499499999999998,ppm,rock,,whole_rock_bulk_trace_element,,,,,35.764099999999999,99.420500000000004,,,,,,,ICPMS,,,"Wuhan Samplesolution Analytical Technology Co., Ltd., Wuhan, China",CC-BY-SA-4.0,official_curated,earthchem-dehailonggang-rock,"The bulk-rock composition of the Dehailonggang volcanic-plutonic complex of the East Kunlun Orogen, northern Tibet Plateau",10.60520/IEDA/113338,EarthChem Library dataset 3338 version 1.0 (2024),3338-1_Bulk-rockmajorandtraceelementcomposition.xlsx,7,3338-1_Bulk-rockmajorandtraceelementcomposition.xlsx#sheet3-row=7,https://ecl.earthchem.org/view.php?id=3338,ccdc26ee169919144f7d1c8726eb8075c99b4d9cba30d249906f79c045a12ca7,,,,,,,,,whole rock,rock_whole_rock,exact,,"Dehailonggang complex, East Kunlun Orogen","Dehailonggang complex, East Kunlun Orogen",,,granodiorite,,,,,,,,,,,,,,,,,,not_reported,dataset_parameter,workbook_method_code_to_parameter_join,,ICPMS,Agilent 7700e,,,,3338-1_Bulk-rockmajorandtraceelementcomposition.xlsx#sheet4-row=35,,,,,,"[""Zou, Bowen (2024): The bulk-rock composition of the Dehailonggang volcanic-plutonic complex of the East Kunlun Orogen, northern Tibet Plateau. EarthChem Library. https://doi.org/10.60520/IEDA/113338""]",dataset,dataset_metadata,,resolved,,public_download,permitted_research,https://creativecommons.org/licenses/by-sa/4.0/,dataset,true,not_evaluated_for_project_output,2026-08-15T07:00:00Z
rec-543eb7950429a50611a8c4a853b1b9c9a7f0ec410262a76c0813835e934c982b,src-1a1c0a67e7c62b2ba629261e09f34b2c22fd500aedf2e82f16c4924fa3229267,EKD3,Cr,Cr,42.798999999999999,ppm,rock,,whole_rock_bulk_trace_element,,,,,35.764099999999999,99.420500000000004,,,,,,,ICPMS,,,"Wuhan Samplesolution Analytical Technology Co., Ltd., Wuhan, China",CC-BY-SA-4.0,official_curated,earthchem-dehailonggang-rock,"The bulk-rock composition of the Dehailonggang volcanic-plutonic complex of the East Kunlun Orogen, northern Tibet Plateau",10.60520/IEDA/113338,EarthChem Library dataset 3338 version 1.0 (2024),3338-1_Bulk-rockmajorandtraceelementcomposition.xlsx,8,3338-1_Bulk-rockmajorandtraceelementcomposition.xlsx#sheet3-row=8,https://ecl.earthchem.org/view.php?id=3338,ccdc26ee169919144f7d1c8726eb8075c99b4d9cba30d249906f79c045a12ca7,,,,,,,,,whole rock,rock_whole_rock,exact,,"Dehailonggang complex, East Kunlun Orogen","Dehailonggang complex, East Kunlun Orogen",,,granodiorite,,,,,,,,,,,,,,,,,,not_reported,dataset_parameter,workbook_method_code_to_parameter_join,,ICPMS,Agilent 7700e,,,,3338-1_Bulk-rockmajorandtraceelementcomposition.xlsx#sheet4-row=30,,,,,,"[""Zou, Bowen (2024): The bulk-rock composition of the Dehailonggang volcanic-plutonic complex of the East Kunlun Orogen, northern Tibet Plateau. EarthChem Library. https://doi.org/10.60520/IEDA/113338""]",dataset,dataset_metadata,,resolved,,public_download,permitted_research,https://creativecommons.org/licenses/by-sa/4.0/,dataset,true,not_evaluated_for_project_output,2026-08-15T07:00:00Z
rec-8732e2e887b00e8bf7b9e5103cd8784ae901064a78b5fbed9e72e217e9800d16,src-1a1c0a67e7c62b2ba629261e09f34b2c22fd500aedf2e82f16c4924fa3229267,EKD3,Cu,Cu,9.0441000000000003,ppm,rock,,whole_rock_bulk_trace_element,,,,,35.764099999999999,99.420500000000004,,,,,,,ICPMS,,,"Wuhan Samplesolution Analytical Technology Co., Ltd., Wuhan, China",CC-BY-SA-4.0,official_curated,earthchem-dehailonggang-rock,"The bulk-rock composition of the Dehailonggang volcanic-plutonic complex of the East Kunlun Orogen, northern Tibet Plateau",10.60520/IEDA/113338,EarthChem Library dataset 3338 version 1.0 (2024),3338-1_Bulk-rockmajorandtraceelementcomposition.xlsx,8,3338-1_Bulk-rockmajorandtraceelementcomposition.xlsx#sheet3-row=8,https://ecl.earthchem.org/view.php?id=3338,ccdc26ee169919144f7d1c8726eb8075c99b4d9cba30d249906f79c045a12ca7,,,,,,,,,whole rock,rock_whole_rock,exact,,"Dehailonggang complex, East Kunlun Orogen","Dehailonggang complex, East Kunlun Orogen",,,granodiorite,,,,,,,,,,,,,,,,,,not_reported,dataset_parameter,workbook_method_code_to_parameter_join,,ICPMS,Agilent 7700e,,,,3338-1_Bulk-rockmajorandtraceelementcomposition.xlsx#sheet4-row=36,,,,,,"[""Zou, Bowen (2024): The bulk-rock composition of the Dehailonggang volcanic-plutonic complex of the East Kunlun Orogen, northern Tibet Plateau. EarthChem Library. https://doi.org/10.60520/IEDA/113338""]",dataset,dataset_metadata,,resolved,,public_download,permitted_research,https://creativecommons.org/licenses/by-sa/4.0/,dataset,true,not_evaluated_for_project_output,2026-08-15T07:00:00Z
rec-d81732204748fc3c687caf1ca122c02f5f7f42f71abc75d0ed2b8dbcb405304d,src-1a1c0a67e7c62b2ba629261e09f34b2c22fd500aedf2e82f16c4924fa3229267,EKD3,Ni,Ni,5.5190000000000001,ppm,rock,,whole_rock_bulk_trace_element,,,,,35.764099999999999,99.420500000000004,,,,,,,ICPMS,,,"Wuhan Samplesolution Analytical Technology Co., Ltd., Wuhan, China",CC-BY-SA-4.0,official_curated,earthchem-dehailonggang-rock,"The bulk-rock composition of the Dehailonggang volcanic-plutonic complex of the East Kunlun Orogen, northern Tibet Plateau",10.60520/IEDA/113338,EarthChem Library dataset 3338 version 1.0 (2024),3338-1_Bulk-rockmajorandtraceelementcomposition.xlsx,8,3338-1_Bulk-rockmajorandtraceelementcomposition.xlsx#sheet3-row=8,https://ecl.earthchem.org/view.php?id=3338,ccdc26ee169919144f7d1c8726eb8075c99b4d9cba30d249906f79c045a12ca7,,,,,,,,,whole rock,rock_whole_rock,exact,,"Dehailonggang complex, East Kunlun Orogen","Dehailonggang complex, East Kunlun Orogen",,,granodiorite,,,,,,,,,,,,,,,,,,not_reported,dataset_parameter,workbook_method_code_to_parameter_join,,ICPMS,Agilent 7700e,,,,3338-1_Bulk-rockmajorandtraceelementcomposition.xlsx#sheet4-row=31,,,,,,"[""Zou, Bowen (2024): The bulk-rock composition of the Dehailonggang volcanic-plutonic complex of the East Kunlun Orogen, northern Tibet Plateau. EarthChem Library. https://doi.org/10.60520/IEDA/113338""]",dataset,dataset_metadata,,resolved,,public_download,permitted_research,https://creativecommons.org/licenses/by-sa/4.0/,dataset,true,not_evaluated_for_project_output,2026-08-15T07:00:00Z
rec-8726b3a3847e0bacd54e7de894c43f0b2954cd0671ce2669fa516c437542abb6,src-1a1c0a67e7c62b2ba629261e09f34b2c22fd500aedf2e82f16c4924fa3229267,EKD3,Pb,Pb,29.016715000000001,ppm,rock,,whole_rock_bulk_trace_element,,,,,35.764099999999999,99.420500000000004,,,,,,,ICPMS,,,"Wuhan Samplesolution Analytical Technology Co., Ltd., Wuhan, China",CC-BY-SA-4.0,official_curated,earthchem-dehailonggang-rock,"The bulk-rock composition of the Dehailonggang volcanic-plutonic complex of the East Kunlun Orogen, northern Tibet Plateau",10.60520/IEDA/113338,EarthChem Library dataset 3338 version 1.0 (2024),3338-1_Bulk-rockmajorandtraceelementcomposition.xlsx,8,3338-1_Bulk-rockmajorandtraceelementcomposition.xlsx#sheet3-row=8,https://ecl.earthchem.org/view.php?id=3338,ccdc26ee169919144f7d1c8726eb8075c99b4d9cba30d249906f79c045a12ca7,,,,,,,,,whole rock,rock_whole_rock,exact,,"Dehailonggang complex, East Kunlun Orogen","Dehailonggang complex, East Kunlun Orogen",,,granodiorite,,,,,,,,,,,,,,,,,,not_reported,dataset_parameter,workbook_method_code_to_parameter_join,,ICPMS,Agilent 7700e,,,,3338-1_Bulk-rockmajorandtraceelementcomposition.xlsx#sheet4-row=21,,,,,,"[""Zou, Bowen (2024): The bulk-rock composition of the Dehailonggang volcanic-plutonic complex of the East Kunlun Orogen, northern Tibet Plateau. EarthChem Library. https://doi.org/10.60520/IEDA/113338""]",dataset,dataset_metadata,,resolved,,public_download,permitted_research,https://creativecommons.org/licenses/by-sa/4.0/,dataset,true,not_evaluated_for_project_output,2026-08-15T07:00:00Z
rec-78be1f8475e6daedc36937093b89e13cf75e51d26f089651add8d431aa738a0a,src-1a1c0a67e7c62b2ba629261e09f34b2c22fd500aedf2e82f16c4924fa3229267,EKD3,Zn,Zn,61.313500000000005,ppm,rock,,whole_rock_bulk_trace_element,,,,,35.764099999999999,99.420500000000004,,,,,,,ICPMS,,,"Wuhan Samplesolution Analytical Technology Co., Ltd., Wuhan, China",CC-BY-SA-4.0,official_curated,earthchem-dehailonggang-rock,"The bulk-rock composition of the Dehailonggang volcanic-plutonic complex of the East Kunlun Orogen, northern Tibet Plateau",10.60520/IEDA/113338,EarthChem Library dataset 3338 version 1.0 (2024),3338-1_Bulk-rockmajorandtraceelementcomposition.xlsx,8,3338-1_Bulk-rockmajorandtraceelementcomposition.xlsx#sheet3-row=8,https://ecl.earthchem.org/view.php?id=3338,ccdc26ee169919144f7d1c8726eb8075c99b4d9cba30d249906f79c045a12ca7,,,,,,,,,whole rock,rock_whole_rock,exact,,"Dehailonggang complex, East Kunlun Orogen","Dehailonggang complex, East Kunlun Orogen",,,granodiorite,,,,,,,,,,,,,,,,,,not_reported,dataset_parameter,workbook_method_code_to_parameter_join,,ICPMS,Agilent 7700e,,,,3338-1_Bulk-rockmajorandtraceelementcomposition.xlsx#sheet4-row=35,,,,,,"[""Zou, Bowen (2024): The bulk-rock composition of the Dehailonggang volcanic-plutonic complex of the East Kunlun Orogen, northern Tibet Plateau. EarthChem Library. https://doi.org/10.60520/IEDA/113338""]",dataset,dataset_metadata,,resolved,,public_download,permitted_research,https://creativecommons.org/licenses/by-sa/4.0/,dataset,true,not_evaluated_for_project_output,2026-08-15T07:00:00Z
rec-709084f4486e548258bd91d62f4064018e5eafe2129e4405c63f27551bc375da,src-6e9b6dc3f13316a256ddd37e920925d89e59a1e9b7088333d2dffb3a3603cc85,DHLG0-1,Cr,Cr,6.3500389139088238,ppm,rock,,whole_rock_bulk_trace_element,,,,,35.764099999999999,99.420500000000004,,,,,,,ICPMS,,,"Wuhan Samplesolution Analytical Technology Co., Ltd., Wuhan, China",CC-BY-SA-4.0,official_curated,earthchem-dehailonggang-rock,"The bulk-rock composition of the Dehailonggang volcanic-plutonic complex of the East Kunlun Orogen, northern Tibet Plateau",10.60520/IEDA/113338,EarthChem Library dataset 3338 version 1.0 (2024),3338-1_Bulk-rockmajorandtraceelementcomposition.xlsx,9,3338-1_Bulk-rockmajorandtraceelementcomposition.xlsx#sheet3-row=9,https://ecl.earthchem.org/view.php?id=3338,ccdc26ee169919144f7d1c8726eb8075c99b4d9cba30d249906f79c045a12ca7,,,,,,,,,whole rock,rock_whole_rock,exact,,"Dehailonggang complex, East Kunlun Orogen","Dehailonggang complex, East Kunlun Orogen",,,tonalite,,,,,,,,,,,,,,,,,,not_reported,dataset_parameter,workbook_method_code_to_parameter_join,,ICPMS,Agilent 7700e,,,,3338-1_Bulk-rockmajorandtraceelementcomposition.xlsx#sheet4-row=30,,,,,,"[""Zou, Bowen (2024): The bulk-rock composition of the Dehailonggang volcanic-plutonic complex of the East Kunlun Orogen, northern Tibet Plateau. EarthChem Library. https://doi.org/10.60520/IEDA/113338""]",dataset,dataset_metadata,,resolved,,public_download,permitted_research,https://creativecommons.org/licenses/by-sa/4.0/,dataset,true,not_evaluated_for_project_output,2026-08-15T07:00:00Z
rec-0f86f167813278c8d3674d2d48242978dc6025b1be5a8fa8d220444c0a60a46d,src-6e9b6dc3f13316a256ddd37e920925d89e59a1e9b7088333d2dffb3a3603cc85,DHLG0-1,Cu,Cu,2.1334103022527491,ppm,rock,,whole_rock_bulk_trace_element,,,,,35.764099999999999,99.420500000000004,,,,,,,ICPMS,,,"Wuhan Samplesolution Analytical Technology Co., Ltd., Wuhan, China",CC-BY-SA-4.0,official_curated,earthchem-dehailonggang-rock,"The bulk-rock composition of the Dehailonggang volcanic-plutonic complex of the East Kunlun Orogen, northern Tibet Plateau",10.60520/IEDA/113338,EarthChem Library dataset 3338 version 1.0 (2024),3338-1_Bulk-rockmajorandtraceelementcomposition.xlsx,9,3338-1_Bulk-rockmajorandtraceelementcomposition.xlsx#sheet3-row=9,https://ecl.earthchem.org/view.php?id=3338,ccdc26ee169919144f7d1c8726eb8075c99b4d9cba30d249906f79c045a12ca7,,,,,,,,,whole rock,rock_whole_rock,exact,,"Dehailonggang complex, East Kunlun Orogen","Dehailonggang complex, East Kunlun Orogen",,,tonalite,,,,,,,,,,,,,,,,,,not_reported,dataset_parameter,workbook_method_code_to_parameter_join,,ICPMS,Agilent 7700e,,,,3338-1_Bulk-rockmajorandtraceelementcomposition.xlsx#sheet4-row=36,,,,,,"[""Zou, Bowen (2024): The bulk-rock composition of the Dehailonggang volcanic-plutonic complex of the East Kunlun Orogen, northern Tibet Plateau. EarthChem Library. https://doi.org/10.60520/IEDA/113338""]",dataset,dataset_metadata,,resolved,,public_download,permitted_research,https://creativecommons.org/licenses/by-sa/4.0/,dataset,true,not_evaluated_for_project_output,2026-08-15T07:00:00Z
rec-0b34616d9ead528cb2d07c31b012f3f1d0183a488ccefedf1591fa7b3be8afe3,src-6e9b6dc3f13316a256ddd37e920925d89e59a1e9b7088333d2dffb3a3603cc85,DHLG0-1,Ni,Ni,5.0574937003167779,ppm,rock,,whole_rock_bulk_trace_element,,,,,35.764099999999999,99.420500000000004,,,,,,,ICPMS,,,"Wuhan Samplesolution Analytical Technology Co., Ltd., Wuhan, China",CC-BY-SA-4.0,official_curated,earthchem-dehailonggang-rock,"The bulk-rock composition of the Dehailonggang volcanic-plutonic complex of the East Kunlun Orogen, northern Tibet Plateau",10.60520/IEDA/113338,EarthChem Library dataset 3338 version 1.0 (2024),3338-1_Bulk-rockmajorandtraceelementcomposition.xlsx,9,3338-1_Bulk-rockmajorandtraceelementcomposition.xlsx#sheet3-row=9,https://ecl.earthchem.org/view.php?id=3338,ccdc26ee169919144f7d1c8726eb8075c99b4d9cba30d249906f79c045a12ca7,,,,,,,,,whole rock,rock_whole_rock,exact,,"Dehailonggang complex, East Kunlun Orogen","Dehailonggang complex, East Kunlun Orogen",,,tonalite,,,,,,,,,,,,,,,,,,not_reported,dataset_parameter,workbook_method_code_to_parameter_join,,ICPMS,Agilent 7700e,,,,3338-1_Bulk-rockmajorandtraceelementcomposition.xlsx#sheet4-row=31,,,,,,"[""Zou, Bowen (2024): The bulk-rock composition of the Dehailonggang volcanic-plutonic complex of the East Kunlun Orogen, northern Tibet Plateau. EarthChem Library. https://doi.org/10.60520/IEDA/113338""]",dataset,dataset_metadata,,resolved,,public_download,permitted_research,https://creativecommons.org/licenses/by-sa/4.0/,dataset,true,not_evaluated_for_project_output,2026-08-15T07:00:00Z
rec-5ff907538824945b391ea0d6ae881a0805948017409b3cc66bf7b72e0e386cb5,src-6e9b6dc3f13316a256ddd37e920925d89e59a1e9b7088333d2dffb3a3603cc85,DHLG0-1,Pb,Pb,11.156507252629805,ppm,rock,,whole_rock_bulk_trace_element,,,,,35.764099999999999,99.420500000000004,,,,,,,ICPMS,,,"Wuhan Samplesolution Analytical Technology Co., Ltd., Wuhan, China",CC-BY-SA-4.0,official_curated,earthchem-dehailonggang-rock,"The bulk-rock composition of the Dehailonggang volcanic-plutonic complex of the East Kunlun Orogen, northern Tibet Plateau",10.60520/IEDA/113338,EarthChem Library dataset 3338 version 1.0 (2024),3338-1_Bulk-rockmajorandtraceelementcomposition.xlsx,9,3338-1_Bulk-rockmajorandtraceelementcomposition.xlsx#sheet3-row=9,https://ecl.earthchem.org/view.php?id=3338,ccdc26ee169919144f7d1c8726eb8075c99b4d9cba30d249906f79c045a12ca7,,,,,,,,,whole rock,rock_whole_rock,exact,,"Dehailonggang complex, East Kunlun Orogen","Dehailonggang complex, East Kunlun Orogen",,,tonalite,,,,,,,,,,,,,,,,,,not_reported,dataset_parameter,workbook_method_code_to_parameter_join,,ICPMS,Agilent 7700e,,,,3338-1_Bulk-rockmajorandtraceelementcomposition.xlsx#sheet4-row=21,,,,,,"[""Zou, Bowen (2024): The bulk-rock composition of the Dehailonggang volcanic-plutonic complex of the East Kunlun Orogen, northern Tibet Plateau. EarthChem Library. https://doi.org/10.60520/IEDA/113338""]",dataset,dataset_metadata,,resolved,,public_download,permitted_research,https://creativecommons.org/licenses/by-sa/4.0/,dataset,true,not_evaluated_for_project_output,2026-08-15T07:00:00Z
rec-6dfdc8fb846ff33d7d01d86d3991bae94c22f83a33e8809904a04182d338de13,src-6e9b6dc3f13316a256ddd37e920925d89e59a1e9b7088333d2dffb3a3603cc85,DHLG0-1,Zn,Zn,34.489041787356292,ppm,rock,,whole_rock_bulk_trace_element,,,,,35.764099999999999,99.420500000000004,,,,,,,ICPMS,,,"Wuhan Samplesolution Analytical Technology Co., Ltd., Wuhan, China",CC-BY-SA-4.0,official_curated,earthchem-dehailonggang-rock,"The bulk-rock composition of the Dehailonggang volcanic-plutonic complex of the East Kunlun Orogen, northern Tibet Plateau",10.60520/IEDA/113338,EarthChem Library dataset 3338 version 1.0 (2024),3338-1_Bulk-rockmajorandtraceelementcomposition.xlsx,9,3338-1_Bulk-rockmajorandtraceelementcomposition.xlsx#sheet3-row=9,https://ecl.earthchem.org/view.php?id=3338,ccdc26ee169919144f7d1c8726eb8075c99b4d9cba30d249906f79c045a12ca7,,,,,,,,,whole rock,rock_whole_rock,exact,,"Dehailonggang complex, East Kunlun Orogen","Dehailonggang complex, East Kunlun Orogen",,,tonalite,,,,,,,,,,,,,,,,,,not_reported,dataset_parameter,workbook_method_code_to_parameter_join,,ICPMS,Agilent 7700e,,,,3338-1_Bulk-rockmajorandtraceelementcomposition.xlsx#sheet4-row=35,,,,,,"[""Zou, Bowen (2024): The bulk-rock composition of the Dehailonggang volcanic-plutonic complex of the East Kunlun Orogen, northern Tibet Plateau. EarthChem Library. https://doi.org/10.60520/IEDA/113338""]",dataset,dataset_metadata,,resolved,,public_download,permitted_research,https://creativecommons.org/licenses/by-sa/4.0/,dataset,true,not_evaluated_for_project_output,2026-08-15T07:00:00Z
rec-17038f7a3a6ac704f4529caf3f85e3c435dab78bf4ebe285ad5fde9178353346,src-5de3d6d7295ad03c3a70a1bc4a11829b27dfcdbb259a103605604e3347fa3674,EKD2-4,Cr,Cr,45.468499999999999,ppm,rock,,whole_rock_bulk_trace_element,,,,,35.764099999999999,99.420500000000004,,,,,,,ICPMS,,,"Wuhan Samplesolution Analytical Technology Co., Ltd., Wuhan, China",CC-BY-SA-4.0,official_curated,earthchem-dehailonggang-rock,"The bulk-rock composition of the Dehailonggang volcanic-plutonic complex of the East Kunlun Orogen, northern Tibet Plateau",10.60520/IEDA/113338,EarthChem Library dataset 3338 version 1.0 (2024),3338-1_Bulk-rockmajorandtraceelementcomposition.xlsx,10,3338-1_Bulk-rockmajorandtraceelementcomposition.xlsx#sheet3-row=10,https://ecl.earthchem.org/view.php?id=3338,ccdc26ee169919144f7d1c8726eb8075c99b4d9cba30d249906f79c045a12ca7,,,,,,,,,whole rock,rock_whole_rock,exact,,"Dehailonggang complex, East Kunlun Orogen","Dehailonggang complex, East Kunlun Orogen",,,tonalite,,,,,,,,,,,,,,,,,,not_reported,dataset_parameter,workbook_method_code_to_parameter_join,,ICPMS,Agilent 7700e,,,,3338-1_Bulk-rockmajorandtraceelementcomposition.xlsx#sheet4-row=30,,,,,,"[""Zou, Bowen (2024): The bulk-rock composition of the Dehailonggang volcanic-plutonic complex of the East Kunlun Orogen, northern Tibet Plateau. EarthChem Library. https://doi.org/10.60520/IEDA/113338""]",dataset,dataset_metadata,,resolved,,public_download,permitted_research,https://creativecommons.org/licenses/by-sa/4.0/,dataset,true,not_evaluated_for_project_output,2026-08-15T07:00:00Z
rec-6ae29eed826afac0728a0f9ddd02108ba87e3b3087012ae0ffa314228aea98be,src-5de3d6d7295ad03c3a70a1bc4a11829b27dfcdbb259a103605604e3347fa3674,EKD2-4,Cu,Cu,4.77867,ppm,rock,,whole_rock_bulk_trace_element,,,,,35.764099999999999,99.420500000000004,,,,,,,ICPMS,,,"Wuhan Samplesolution Analytical Technology Co., Ltd., Wuhan, China",CC-BY-SA-4.0,official_curated,earthchem-dehailonggang-rock,"The bulk-rock composition of the Dehailonggang volcanic-plutonic complex of the East Kunlun Orogen, northern Tibet Plateau",10.60520/IEDA/113338,EarthChem Library dataset 3338 version 1.0 (2024),3338-1_Bulk-rockmajorandtraceelementcomposition.xlsx,10,3338-1_Bulk-rockmajorandtraceelementcomposition.xlsx#sheet3-row=10,https://ecl.earthchem.org/view.php?id=3338,ccdc26ee169919144f7d1c8726eb8075c99b4d9cba30d249906f79c045a12ca7,,,,,,,,,whole rock,rock_whole_rock,exact,,"Dehailonggang complex, East Kunlun Orogen","Dehailonggang complex, East Kunlun Orogen",,,tonalite,,,,,,,,,,,,,,,,,,not_reported,dataset_parameter,workbook_method_code_to_parameter_join,,ICPMS,Agilent 7700e,,,,3338-1_Bulk-rockmajorandtraceelementcomposition.xlsx#sheet4-row=36,,,,,,"[""Zou, Bowen (2024): The bulk-rock composition of the Dehailonggang volcanic-plutonic complex of the East Kunlun Orogen, northern Tibet Plateau. EarthChem Library. https://doi.org/10.60520/IEDA/113338""]",dataset,dataset_metadata,,resolved,,public_download,permitted_research,https://creativecommons.org/licenses/by-sa/4.0/,dataset,true,not_evaluated_for_project_output,2026-08-15T07:00:00Z
rec-81ae991553cf3627fc9f928f10977e3e11b6878af2aa15c2585e4aea6b5a26e4,src-5de3d6d7295ad03c3a70a1bc4a11829b27dfcdbb259a103605604e3347fa3674,EKD2-4,Ni,Ni,2.0655000000000001,ppm,rock,,whole_rock_bulk_trace_element,,,,,35.764099999999999,99.420500000000004,,,,,,,ICPMS,,,"Wuhan Samplesolution Analytical Technology Co., Ltd., Wuhan, China",CC-BY-SA-4.0,official_curated,earthchem-dehailonggang-rock,"The bulk-rock composition of the Dehailonggang volcanic-plutonic complex of the East Kunlun Orogen, northern Tibet Plateau",10.60520/IEDA/113338,EarthChem Library dataset 3338 version 1.0 (2024),3338-1_Bulk-rockmajorandtraceelementcomposition.xlsx,10,3338-1_Bulk-rockmajorandtraceelementcomposition.xlsx#sheet3-row=10,https://ecl.earthchem.org/view.php?id=3338,ccdc26ee169919144f7d1c8726eb8075c99b4d9cba30d249906f79c045a12ca7,,,,,,,,,whole rock,rock_whole_rock,exact,,"Dehailonggang complex, East Kunlun Orogen","Dehailonggang complex, East Kunlun Orogen",,,tonalite,,,,,,,,,,,,,,,,,,not_reported,dataset_parameter,workbook_method_code_to_parameter_join,,ICPMS,Agilent 7700e,,,,3338-1_Bulk-rockmajorandtraceelementcomposition.xlsx#sheet4-row=31,,,,,,"[""Zou, Bowen (2024): The bulk-rock composition of the Dehailonggang volcanic-plutonic complex of the East Kunlun Orogen, northern Tibet Plateau. EarthChem Library. https://doi.org/10.60520/IEDA/113338""]",dataset,dataset_metadata,,resolved,,public_download,permitted_research,https://creativecommons.org/licenses/by-sa/4.0/,dataset,true,not_evaluated_for_project_output,2026-08-15T07:00:00Z
rec-5cec1d8241d705e313f553c25f773b53beb5f38dfd0fa188aa0c6ffb54efc6d1,src-5de3d6d7295ad03c3a70a1bc4a11829b27dfcdbb259a103605604e3347fa3674,EKD2-4,Pb,Pb,15.63289,ppm,rock,,whole_rock_bulk_trace_element,,,,,35.764099999999999,99.420500000000004,,,,,,,ICPMS,,,"Wuhan Samplesolution Analytical Technology Co., Ltd., Wuhan, China",CC-BY-SA-4.0,official_curated,earthchem-dehailonggang-rock,"The bulk-rock composition of the Dehailonggang volcanic-plutonic complex of the East Kunlun Orogen, northern Tibet Plateau",10.60520/IEDA/113338,EarthChem Library dataset 3338 version 1.0 (2024),3338-1_Bulk-rockmajorandtraceelementcomposition.xlsx,10,3338-1_Bulk-rockmajorandtraceelementcomposition.xlsx#sheet3-row=10,https://ecl.earthchem.org/view.php?id=3338,ccdc26ee169919144f7d1c8726eb8075c99b4d9cba30d249906f79c045a12ca7,,,,,,,,,whole rock,rock_whole_rock,exact,,"Dehailonggang complex, East Kunlun Orogen","Dehailonggang complex, East Kunlun Orogen",,,tonalite,,,,,,,,,,,,,,,,,,not_reported,dataset_parameter,workbook_method_code_to_parameter_join,,ICPMS,Agilent 7700e,,,,3338-1_Bulk-rockmajorandtraceelementcomposition.xlsx#sheet4-row=21,,,,,,"[""Zou, Bowen (2024): The bulk-rock composition of the Dehailonggang volcanic-plutonic complex of the East Kunlun Orogen, northern Tibet Plateau. EarthChem Library. https://doi.org/10.60520/IEDA/113338""]",dataset,dataset_metadata,,resolved,,public_download,permitted_research,https://creativecommons.org/licenses/by-sa/4.0/,dataset,true,not_evaluated_for_project_output,2026-08-15T07:00:00Z
rec-bb9ac96b2bd5af8784f90fe9837e73d0b608caac2af13c6485c9666a87de3d55,src-5de3d6d7295ad03c3a70a1bc4a11829b27dfcdbb259a103605604e3347fa3674,EKD2-4,Zn,Zn,27.971,ppm,rock,,whole_rock_bulk_trace_element,,,,,35.764099999999999,99.420500000000004,,,,,,,ICPMS,,,"Wuhan Samplesolution Analytical Technology Co., Ltd., Wuhan, China",CC-BY-SA-4.0,official_curated,earthchem-dehailonggang-rock,"The bulk-rock composition of the Dehailonggang volcanic-plutonic complex of the East Kunlun Orogen, northern Tibet Plateau",10.60520/IEDA/113338,EarthChem Library dataset 3338 version 1.0 (2024),3338-1_Bulk-rockmajorandtraceelementcomposition.xlsx,10,3338-1_Bulk-rockmajorandtraceelementcomposition.xlsx#sheet3-row=10,https://ecl.earthchem.org/view.php?id=3338,ccdc26ee169919144f7d1c8726eb8075c99b4d9cba30d249906f79c045a12ca7,,,,,,,,,whole rock,rock_whole_rock,exact,,"Dehailonggang complex, East Kunlun Orogen","Dehailonggang complex, East Kunlun Orogen",,,tonalite,,,,,,,,,,,,,,,,,,not_reported,dataset_parameter,workbook_method_code_to_parameter_join,,ICPMS,Agilent 7700e,,,,3338-1_Bulk-rockmajorandtraceelementcomposition.xlsx#sheet4-row=35,,,,,,"[""Zou, Bowen (2024): The bulk-rock composition of the Dehailonggang volcanic-plutonic complex of the East Kunlun Orogen, northern Tibet Plateau. EarthChem Library. https://doi.org/10.60520/IEDA/113338""]",dataset,dataset_metadata,,resolved,,public_download,permitted_research,https://creativecommons.org/licenses/by-sa/4.0/,dataset,true,not_evaluated_for_project_output,2026-08-15T07:00:00Z
rec-7a334ca64bbacf26fd9c8210f5aeaddeedb801b5aa183aa029c4aa551f4ed4c9,src-663baf27bf913dde46114f05c779730cb1d43cc459eb5e0f664855902ee40e23,JW-4,Cr,Cr,16.26685612567751,ppm,rock,,whole_rock_bulk_trace_element,,,,,35.764099999999999,99.420500000000004,,,,,,,ICPMS,,,"Wuhan Samplesolution Analytical Technology Co., Ltd., Wuhan, China",CC-BY-SA-4.0,official_curated,earthchem-dehailonggang-rock,"The bulk-rock composition of the Dehailonggang volcanic-plutonic complex of the East Kunlun Orogen, northern Tibet Plateau",10.60520/IEDA/113338,EarthChem Library dataset 3338 version 1.0 (2024),3338-1_Bulk-rockmajorandtraceelementcomposition.xlsx,11,3338-1_Bulk-rockmajorandtraceelementcomposition.xlsx#sheet3-row=11,https://ecl.earthchem.org/view.php?id=3338,ccdc26ee169919144f7d1c8726eb8075c99b4d9cba30d249906f79c045a12ca7,,,,,,,,,whole rock,rock_whole_rock,exact,,"Dehailonggang complex, East Kunlun Orogen","Dehailonggang complex, East Kunlun Orogen",,,tonalite,,,,,,,,,,,,,,,,,,not_reported,dataset_parameter,workbook_method_code_to_parameter_join,,ICPMS,Agilent 7700e,,,,3338-1_Bulk-rockmajorandtraceelementcomposition.xlsx#sheet4-row=30,,,,,,"[""Zou, Bowen (2024): The bulk-rock composition of the Dehailonggang volcanic-plutonic complex of the East Kunlun Orogen, northern Tibet Plateau. EarthChem Library. https://doi.org/10.60520/IEDA/113338""]",dataset,dataset_metadata,,resolved,,public_download,permitted_research,https://creativecommons.org/licenses/by-sa/4.0/,dataset,true,not_evaluated_for_project_output,2026-08-15T07:00:00Z
rec-042fa693774bd81c6da596bf56414036c0309de3489e04bbdb4eca5ee3fe3716,src-663baf27bf913dde46114f05c779730cb1d43cc459eb5e0f664855902ee40e23,JW-4,Cu,Cu,1.8427774893222797,ppm,rock,,whole_rock_bulk_trace_element,,,,,35.764099999999999,99.420500000000004,,,,,,,ICPMS,,,"Wuhan Samplesolution Analytical Technology Co., Ltd., Wuhan, China",CC-BY-SA-4.0,official_curated,earthchem-dehailonggang-rock,"The bulk-rock composition of the Dehailonggang volcanic-plutonic complex of the East Kunlun Orogen, northern Tibet Plateau",10.60520/IEDA/113338,EarthChem Library dataset 3338 version 1.0 (2024),3338-1_Bulk-rockmajorandtraceelementcomposition.xlsx,11,3338-1_Bulk-rockmajorandtraceelementcomposition.xlsx#sheet3-row=11,https://ecl.earthchem.org/view.php?id=3338,ccdc26ee169919144f7d1c8726eb8075c99b4d9cba30d249906f79c045a12ca7,,,,,,,,,whole rock,rock_whole_rock,exact,,"Dehailonggang complex, East Kunlun Orogen","Dehailonggang complex, East Kunlun Orogen",,,tonalite,,,,,,,,,,,,,,,,,,not_reported,dataset_parameter,workbook_method_code_to_parameter_join,,ICPMS,Agilent 7700e,,,,3338-1_Bulk-rockmajorandtraceelementcomposition.xlsx#sheet4-row=36,,,,,,"[""Zou, Bowen (2024): The bulk-rock composition of the Dehailonggang volcanic-plutonic complex of the East Kunlun Orogen, northern Tibet Plateau. EarthChem Library. https://doi.org/10.60520/IEDA/113338""]",dataset,dataset_metadata,,resolved,,public_download,permitted_research,https://creativecommons.org/licenses/by-sa/4.0/,dataset,true,not_evaluated_for_project_output,2026-08-15T07:00:00Z
rec-8df1979155574ae5d88bdd2f591e81a7c7c6971db98498c8d5d53b9c6f2bf468,src-663baf27bf913dde46114f05c779730cb1d43cc459eb5e0f664855902ee40e23,JW-4,Ni,Ni,3.6860421720906302,ppm,rock,,whole_rock_bulk_trace_element,,,,,35.764099999999999,99.420500000000004,,,,,,,ICPMS,,,"Wuhan Samplesolution Analytical Technology Co., Ltd., Wuhan, China",CC-BY-SA-4.0,official_curated,earthchem-dehailonggang-rock,"The bulk-rock composition of the Dehailonggang volcanic-plutonic complex of the East Kunlun Orogen, northern Tibet Plateau",10.60520/IEDA/113338,EarthChem Library dataset 3338 version 1.0 (2024),3338-1_Bulk-rockmajorandtraceelementcomposition.xlsx,11,3338-1_Bulk-rockmajorandtraceelementcomposition.xlsx#sheet3-row=11,https://ecl.earthchem.org/view.php?id=3338,ccdc26ee169919144f7d1c8726eb8075c99b4d9cba30d249906f79c045a12ca7,,,,,,,,,whole rock,rock_whole_rock,exact,,"Dehailonggang complex, East Kunlun Orogen","Dehailonggang complex, East Kunlun Orogen",,,tonalite,,,,,,,,,,,,,,,,,,not_reported,dataset_parameter,workbook_method_code_to_parameter_join,,ICPMS,Agilent 7700e,,,,3338-1_Bulk-rockmajorandtraceelementcomposition.xlsx#sheet4-row=31,,,,,,"[""Zou, Bowen (2024): The bulk-rock composition of the Dehailonggang volcanic-plutonic complex of the East Kunlun Orogen, northern Tibet Plateau. EarthChem Library. https://doi.org/10.60520/IEDA/113338""]",dataset,dataset_metadata,,resolved,,public_download,permitted_research,https://creativecommons.org/licenses/by-sa/4.0/,dataset,true,not_evaluated_for_project_output,2026-08-15T07:00:00Z
rec-ab1660f846e4945ff2d141c4fb60e542c248a27cb9717550b26b982489bd93fc,src-663baf27bf913dde46114f05c779730cb1d43cc459eb5e0f664855902ee40e23,JW-4,Pb,Pb,13.292337767699886,ppm,rock,,whole_rock_bulk_trace_element,,,,,35.764099999999999,99.420500000000004,,,,,,,ICPMS,,,"Wuhan Samplesolution Analytical Technology Co., Ltd., Wuhan, China",CC-BY-SA-4.0,official_curated,earthchem-dehailonggang-rock,"The bulk-rock composition of the Dehailonggang volcanic-plutonic complex of the East Kunlun Orogen, northern Tibet Plateau",10.60520/IEDA/113338,EarthChem Library dataset 3338 version 1.0 (2024),3338-1_Bulk-rockmajorandtraceelementcomposition.xlsx,11,3338-1_Bulk-rockmajorandtraceelementcomposition.xlsx#sheet3-row=11,https://ecl.earthchem.org/view.php?id=3338,ccdc26ee169919144f7d1c8726eb8075c99b4d9cba30d249906f79c045a12ca7,,,,,,,,,whole rock,rock_whole_rock,exact,,"Dehailonggang complex, East Kunlun Orogen","Dehailonggang complex, East Kunlun Orogen",,,tonalite,,,,,,,,,,,,,,,,,,not_reported,dataset_parameter,workbook_method_code_to_parameter_join,,ICPMS,Agilent 7700e,,,,3338-1_Bulk-rockmajorandtraceelementcomposition.xlsx#sheet4-row=21,,,,,,"[""Zou, Bowen (2024): The bulk-rock composition of the Dehailonggang volcanic-plutonic complex of the East Kunlun Orogen, northern Tibet Plateau. EarthChem Library. https://doi.org/10.60520/IEDA/113338""]",dataset,dataset_metadata,,resolved,,public_download,permitted_research,https://creativecommons.org/licenses/by-sa/4.0/,dataset,true,not_evaluated_for_project_output,2026-08-15T07:00:00Z
rec-55a7031b446aa63ed6be9b1045a3fa27ca2bd9d1ee969c9b956dda104ce6d34e,src-663baf27bf913dde46114f05c779730cb1d43cc459eb5e0f664855902ee40e23,JW-4,Zn,Zn,54.318424855012069,ppm,rock,,whole_rock_bulk_trace_element,,,,,35.764099999999999,99.420500000000004,,,,,,,ICPMS,,,"Wuhan Samplesolution Analytical Technology Co., Ltd., Wuhan, China",CC-BY-SA-4.0,official_curated,earthchem-dehailonggang-rock,"The bulk-rock composition of the Dehailonggang volcanic-plutonic complex of the East Kunlun Orogen, northern Tibet Plateau",10.60520/IEDA/113338,EarthChem Library dataset 3338 version 1.0 (2024),3338-1_Bulk-rockmajorandtraceelementcomposition.xlsx,11,3338-1_Bulk-rockmajorandtraceelementcomposition.xlsx#sheet3-row=11,https://ecl.earthchem.org/view.php?id=3338,ccdc26ee169919144f7d1c8726eb8075c99b4d9cba30d249906f79c045a12ca7,,,,,,,,,whole rock,rock_whole_rock,exact,,"Dehailonggang complex, East Kunlun Orogen","Dehailonggang complex, East Kunlun Orogen",,,tonalite,,,,,,,,,,,,,,,,,,not_reported,dataset_parameter,workbook_method_code_to_parameter_join,,ICPMS,Agilent 7700e,,,,3338-1_Bulk-rockmajorandtraceelementcomposition.xlsx#sheet4-row=35,,,,,,"[""Zou, Bowen (2024): The bulk-rock composition of the Dehailonggang volcanic-plutonic complex of the East Kunlun Orogen, northern Tibet Plateau. EarthChem Library. https://doi.org/10.60520/IEDA/113338""]",dataset,dataset_metadata,,resolved,,public_download,permitted_research,https://creativecommons.org/licenses/by-sa/4.0/,dataset,true,not_evaluated_for_project_output,2026-08-15T07:00:00Z
rec-eef4263dead02b940575b09dc9ce1fe27f11955547d5c2cfcfdc0a799ad7e700,src-4853faa4e1a9c9d914d3907ac6cf5f517052877d216294e935074a52fc0df454,JW-9,Cr,Cr,16.952012198379204,ppm,rock,,whole_rock_bulk_trace_element,,,,,35.764099999999999,99.420500000000004,,,,,,,ICPMS,,,"Wuhan Samplesolution Analytical Technology Co., Ltd., Wuhan, China",CC-BY-SA-4.0,official_curated,earthchem-dehailonggang-rock,"The bulk-rock composition of the Dehailonggang volcanic-plutonic complex of the East Kunlun Orogen, northern Tibet Plateau",10.60520/IEDA/113338,EarthChem Library dataset 3338 version 1.0 (2024),3338-1_Bulk-rockmajorandtraceelementcomposition.xlsx,12,3338-1_Bulk-rockmajorandtraceelementcomposition.xlsx#sheet3-row=12,https://ecl.earthchem.org/view.php?id=3338,ccdc26ee169919144f7d1c8726eb8075c99b4d9cba30d249906f79c045a12ca7,,,,,,,,,whole rock,rock_whole_rock,exact,,"Dehailonggang complex, East Kunlun Orogen","Dehailonggang complex, East Kunlun Orogen",,,tonalite,,,,,,,,,,,,,,,,,,not_reported,dataset_parameter,workbook_method_code_to_parameter_join,,ICPMS,Agilent 7700e,,,,3338-1_Bulk-rockmajorandtraceelementcomposition.xlsx#sheet4-row=30,,,,,,"[""Zou, Bowen (2024): The bulk-rock composition of the Dehailonggang volcanic-plutonic complex of the East Kunlun Orogen, northern Tibet Plateau. EarthChem Library. https://doi.org/10.60520/IEDA/113338""]",dataset,dataset_metadata,,resolved,,public_download,permitted_research,https://creativecommons.org/licenses/by-sa/4.0/,dataset,true,not_evaluated_for_project_output,2026-08-15T07:00:00Z
rec-e5982971318f8b372f2969c4020f1d272af25b1e42e21a45c29440d1f1cbd348,src-4853faa4e1a9c9d914d3907ac6cf5f517052877d216294e935074a52fc0df454,JW-9,Cu,Cu,1.2636700614884442,ppm,rock,,whole_rock_bulk_trace_element,,,,,35.764099999999999,99.420500000000004,,,,,,,ICPMS,,,"Wuhan Samplesolution Analytical Technology Co., Ltd., Wuhan, China",CC-BY-SA-4.0,official_curated,earthchem-dehailonggang-rock,"The bulk-rock composition of the Dehailonggang volcanic-plutonic complex of the East Kunlun Orogen, northern Tibet Plateau",10.60520/IEDA/113338,EarthChem Library dataset 3338 version 1.0 (2024),3338-1_Bulk-rockmajorandtraceelementcomposition.xlsx,12,3338-1_Bulk-rockmajorandtraceelementcomposition.xlsx#sheet3-row=12,https://ecl.earthchem.org/view.php?id=3338,ccdc26ee169919144f7d1c8726eb8075c99b4d9cba30d249906f79c045a12ca7,,,,,,,,,whole rock,rock_whole_rock,exact,,"Dehailonggang complex, East Kunlun Orogen","Dehailonggang complex, East Kunlun Orogen",,,tonalite,,,,,,,,,,,,,,,,,,not_reported,dataset_parameter,workbook_method_code_to_parameter_join,,ICPMS,Agilent 7700e,,,,3338-1_Bulk-rockmajorandtraceelementcomposition.xlsx#sheet4-row=36,,,,,,"[""Zou, Bowen (2024): The bulk-rock composition of the Dehailonggang volcanic-plutonic complex of the East Kunlun Orogen, northern Tibet Plateau. EarthChem Library. https://doi.org/10.60520/IEDA/113338""]",dataset,dataset_metadata,,resolved,,public_download,permitted_research,https://creativecommons.org/licenses/by-sa/4.0/,dataset,true,not_evaluated_for_project_output,2026-08-15T07:00:00Z
rec-8e5dca53affdfefef5760957564b5e373099ff1d3566fc095cba0a5fb502ea2e,src-4853faa4e1a9c9d914d3907ac6cf5f517052877d216294e935074a52fc0df454,JW-9,Ni,Ni,3.3181332285400522,ppm,rock,,whole_rock_bulk_trace_element,,,,,35.764099999999999,99.420500000000004,,,,,,,ICPMS,,,"Wuhan Samplesolution Analytical Technology Co., Ltd., Wuhan, China",CC-BY-SA-4.0,official_curated,earthchem-dehailonggang-rock,"The bulk-rock composition of the Dehailonggang volcanic-plutonic complex of the East Kunlun Orogen, northern Tibet Plateau",10.60520/IEDA/113338,EarthChem Library dataset 3338 version 1.0 (2024),3338-1_Bulk-rockmajorandtraceelementcomposition.xlsx,12,3338-1_Bulk-rockmajorandtraceelementcomposition.xlsx#sheet3-row=12,https://ecl.earthchem.org/view.php?id=3338,ccdc26ee169919144f7d1c8726eb8075c99b4d9cba30d249906f79c045a12ca7,,,,,,,,,whole rock,rock_whole_rock,exact,,"Dehailonggang complex, East Kunlun Orogen","Dehailonggang complex, East Kunlun Orogen",,,tonalite,,,,,,,,,,,,,,,,,,not_reported,dataset_parameter,workbook_method_code_to_parameter_join,,ICPMS,Agilent 7700e,,,,3338-1_Bulk-rockmajorandtraceelementcomposition.xlsx#sheet4-row=31,,,,,,"[""Zou, Bowen (2024): The bulk-rock composition of the Dehailonggang volcanic-plutonic complex of the East Kunlun Orogen, northern Tibet Plateau. EarthChem Library. https://doi.org/10.60520/IEDA/113338""]",dataset,dataset_metadata,,resolved,,public_download,permitted_research,https://creativecommons.org/licenses/by-sa/4.0/,dataset,true,not_evaluated_for_project_output,2026-08-15T07:00:00Z
rec-b3b83c7f134bce24b8fb659b76548cf130e1cb3b3627b8ad50954e7dda8e5bd3,src-4853faa4e1a9c9d914d3907ac6cf5f517052877d216294e935074a52fc0df454,JW-9,Pb,Pb,16.168797289814918,ppm,rock,,whole_rock_bulk_trace_element,,,,,35.764099999999999,99.420500000000004,,,,,,,ICPMS,,,"Wuhan Samplesolution Analytical Technology Co., Ltd., Wuhan, China",CC-BY-SA-4.0,official_curated,earthchem-dehailonggang-rock,"The bulk-rock composition of the Dehailonggang volcanic-plutonic complex of the East Kunlun Orogen, northern Tibet Plateau",10.60520/IEDA/113338,EarthChem Library dataset 3338 version 1.0 (2024),3338-1_Bulk-rockmajorandtraceelementcomposition.xlsx,12,3338-1_Bulk-rockmajorandtraceelementcomposition.xlsx#sheet3-row=12,https://ecl.earthchem.org/view.php?id=3338,ccdc26ee169919144f7d1c8726eb8075c99b4d9cba30d249906f79c045a12ca7,,,,,,,,,whole rock,rock_whole_rock,exact,,"Dehailonggang complex, East Kunlun Orogen","Dehailonggang complex, East Kunlun Orogen",,,tonalite,,,,,,,,,,,,,,,,,,not_reported,dataset_parameter,workbook_method_code_to_parameter_join,,ICPMS,Agilent 7700e,,,,3338-1_Bulk-rockmajorandtraceelementcomposition.xlsx#sheet4-row=21,,,,,,"[""Zou, Bowen (2024): The bulk-rock composition of the Dehailonggang volcanic-plutonic complex of the East Kunlun Orogen, northern Tibet Plateau. EarthChem Library. https://doi.org/10.60520/IEDA/113338""]",dataset,dataset_metadata,,resolved,,public_download,permitted_research,https://creativecommons.org/licenses/by-sa/4.0/,dataset,true,not_evaluated_for_project_output,2026-08-15T07:00:00Z
rec-274f202cb0f2528efee562a741f96ecdf98c9b336ac964e67d977602bbe1fffa,src-4853faa4e1a9c9d914d3907ac6cf5f517052877d216294e935074a52fc0df454,JW-9,Zn,Zn,48.293130941357617,ppm,rock,,whole_rock_bulk_trace_element,,,,,35.764099999999999,99.420500000000004,,,,,,,ICPMS,,,"Wuhan Samplesolution Analytical Technology Co., Ltd., Wuhan, China",CC-BY-SA-4.0,official_curated,earthchem-dehailonggang-rock,"The bulk-rock composition of the Dehailonggang volcanic-plutonic complex of the East Kunlun Orogen, northern Tibet Plateau",10.60520/IEDA/113338,EarthChem Library dataset 3338 version 1.0 (2024),3338-1_Bulk-rockmajorandtraceelementcomposition.xlsx,12,3338-1_Bulk-rockmajorandtraceelementcomposition.xlsx#sheet3-row=12,https://ecl.earthchem.org/view.php?id=3338,ccdc26ee169919144f7d1c8726eb8075c99b4d9cba30d249906f79c045a12ca7,,,,,,,,,whole rock,rock_whole_rock,exact,,"Dehailonggang complex, East Kunlun Orogen","Dehailonggang complex, East Kunlun Orogen",,,tonalite,,,,,,,,,,,,,,,,,,not_reported,dataset_parameter,workbook_method_code_to_parameter_join,,ICPMS,Agilent 7700e,,,,3338-1_Bulk-rockmajorandtraceelementcomposition.xlsx#sheet4-row=35,,,,,,"[""Zou, Bowen (2024): The bulk-rock composition of the Dehailonggang volcanic-plutonic complex of the East Kunlun Orogen, northern Tibet Plateau. EarthChem Library. https://doi.org/10.60520/IEDA/113338""]",dataset,dataset_metadata,,resolved,,public_download,permitted_research,https://creativecommons.org/licenses/by-sa/4.0/,dataset,true,not_evaluated_for_project_output,2026-08-15T07:00:00Z
rec-dbae7816d2b1ba757102bb080190ec9def5921fdce691b3b210feb6c6c18761a,src-a6dde0fc176514039e837ca4729ffbfef04c8e3b080f0ce9c026f2abd2652bfc,JW-10,Cr,Cr,10.078120873239893,ppm,rock,,whole_rock_bulk_trace_element,,,,,35.764099999999999,99.420500000000004,,,,,,,ICPMS,,,"Wuhan Samplesolution Analytical Technology Co., Ltd., Wuhan, China",CC-BY-SA-4.0,official_curated,earthchem-dehailonggang-rock,"The bulk-rock composition of the Dehailonggang volcanic-plutonic complex of the East Kunlun Orogen, northern Tibet Plateau",10.60520/IEDA/113338,EarthChem Library dataset 3338 version 1.0 (2024),3338-1_Bulk-rockmajorandtraceelementcomposition.xlsx,13,3338-1_Bulk-rockmajorandtraceelementcomposition.xlsx#sheet3-row=13,https://ecl.earthchem.org/view.php?id=3338,ccdc26ee169919144f7d1c8726eb8075c99b4d9cba30d249906f79c045a12ca7,,,,,,,,,whole rock,rock_whole_rock,exact,,"Dehailonggang complex, East Kunlun Orogen","Dehailonggang complex, East Kunlun Orogen",,,tonalite,,,,,,,,,,,,,,,,,,not_reported,dataset_parameter,workbook_method_code_to_parameter_join,,ICPMS,Agilent 7700e,,,,3338-1_Bulk-rockmajorandtraceelementcomposition.xlsx#sheet4-row=30,,,,,,"[""Zou, Bowen (2024): The bulk-rock composition of the Dehailonggang volcanic-plutonic complex of the East Kunlun Orogen, northern Tibet Plateau. EarthChem Library. https://doi.org/10.60520/IEDA/113338""]",dataset,dataset_metadata,,resolved,,public_download,permitted_research,https://creativecommons.org/licenses/by-sa/4.0/,dataset,true,not_evaluated_for_project_output,2026-08-15T07:00:00Z
rec-5bf315258cfe11cb7731bcf9f5a6c6b348b4283ec1ce481ff107e714f160561c,src-a6dde0fc176514039e837ca4729ffbfef04c8e3b080f0ce9c026f2abd2652bfc,JW-10,Cu,Cu,1.069003502244587,ppm,rock,,whole_rock_bulk_trace_element,,,,,35.764099999999999,99.420500000000004,,,,,,,ICPMS,,,"Wuhan Samplesolution Analytical Technology Co., Ltd., Wuhan, China",CC-BY-SA-4.0,official_curated,earthchem-dehailonggang-rock,"The bulk-rock composition of the Dehailonggang volcanic-plutonic complex of the East Kunlun Orogen, northern Tibet Plateau",10.60520/IEDA/113338,EarthChem Library dataset 3338 version 1.0 (2024),3338-1_Bulk-rockmajorandtraceelementcomposition.xlsx,13,3338-1_Bulk-rockmajorandtraceelementcomposition.xlsx#sheet3-row=13,https://ecl.earthchem.org/view.php?id=3338,ccdc26ee169919144f7d1c8726eb8075c99b4d9cba30d249906f79c045a12ca7,,,,,,,,,whole rock,rock_whole_rock,exact,,"Dehailonggang complex, East Kunlun Orogen","Dehailonggang complex, East Kunlun Orogen",,,tonalite,,,,,,,,,,,,,,,,,,not_reported,dataset_parameter,workbook_method_code_to_parameter_join,,ICPMS,Agilent 7700e,,,,3338-1_Bulk-rockmajorandtraceelementcomposition.xlsx#sheet4-row=36,,,,,,"[""Zou, Bowen (2024): The bulk-rock composition of the Dehailonggang volcanic-plutonic complex of the East Kunlun Orogen, northern Tibet Plateau. EarthChem Library. https://doi.org/10.60520/IEDA/113338""]",dataset,dataset_metadata,,resolved,,public_download,permitted_research,https://creativecommons.org/licenses/by-sa/4.0/,dataset,true,not_evaluated_for_project_output,2026-08-15T07:00:00Z
rec-2129ffad268dfd7a88c868754be00dbc7ad2ba00d78d2e2ac56a6133daaf1990,src-a6dde0fc176514039e837ca4729ffbfef04c8e3b080f0ce9c026f2abd2652bfc,JW-10,Ni,Ni,3.0849638845714926,ppm,rock,,whole_rock_bulk_trace_element,,,,,35.764099999999999,99.420500000000004,,,,,,,ICPMS,,,"Wuhan Samplesolution Analytical Technology Co., Ltd., Wuhan, China",CC-BY-SA-4.0,official_curated,earthchem-dehailonggang-rock,"The bulk-rock composition of the Dehailonggang volcanic-plutonic complex of the East Kunlun Orogen, northern Tibet Plateau",10.60520/IEDA/113338,EarthChem Library dataset 3338 version 1.0 (2024),3338-1_Bulk-rockmajorandtraceelementcomposition.xlsx,13,3338-1_Bulk-rockmajorandtraceelementcomposition.xlsx#sheet3-row=13,https://ecl.earthchem.org/view.php?id=3338,ccdc26ee169919144f7d1c8726eb8075c99b4d9cba30d249906f79c045a12ca7,,,,,,,,,whole rock,rock_whole_rock,exact,,"Dehailonggang complex, East Kunlun Orogen","Dehailonggang complex, East Kunlun Orogen",,,tonalite,,,,,,,,,,,,,,,,,,not_reported,dataset_parameter,workbook_method_code_to_parameter_join,,ICPMS,Agilent 7700e,,,,3338-1_Bulk-rockmajorandtraceelementcomposition.xlsx#sheet4-row=31,,,,,,"[""Zou, Bowen (2024): The bulk-rock composition of the Dehailonggang volcanic-plutonic complex of the East Kunlun Orogen, northern Tibet Plateau. EarthChem Library. https://doi.org/10.60520/IEDA/113338""]",dataset,dataset_metadata,,resolved,,public_download,permitted_research,https://creativecommons.org/licenses/by-sa/4.0/,dataset,true,not_evaluated_for_project_output,2026-08-15T07:00:00Z
rec-0edf17d3bc6484e4607d2a8d5d3bb515148038438f5dd45a52c414f1998727a3,src-a6dde0fc176514039e837ca4729ffbfef04c8e3b080f0ce9c026f2abd2652bfc,JW-10,Pb,Pb,19.634066481683615,ppm,rock,,whole_rock_bulk_trace_element,,,,,35.764099999999999,99.420500000000004,,,,,,,ICPMS,,,"Wuhan Samplesolution Analytical Technology Co., Ltd., Wuhan, China",CC-BY-SA-4.0,official_curated,earthchem-dehailonggang-rock,"The bulk-rock composition of the Dehailonggang volcanic-plutonic complex of the East Kunlun Orogen, northern Tibet Plateau",10.60520/IEDA/113338,EarthChem Library dataset 3338 version 1.0 (2024),3338-1_Bulk-rockmajorandtraceelementcomposition.xlsx,13,3338-1_Bulk-rockmajorandtraceelementcomposition.xlsx#sheet3-row=13,https://ecl.earthchem.org/view.php?id=3338,ccdc26ee169919144f7d1c8726eb8075c99b4d9cba30d249906f79c045a12ca7,,,,,,,,,whole rock,rock_whole_rock,exact,,"Dehailonggang complex, East Kunlun Orogen","Dehailonggang complex, East Kunlun Orogen",,,tonalite,,,,,,,,,,,,,,,,,,not_reported,dataset_parameter,workbook_method_code_to_parameter_join,,ICPMS,Agilent 7700e,,,,3338-1_Bulk-rockmajorandtraceelementcomposition.xlsx#sheet4-row=21,,,,,,"[""Zou, Bowen (2024): The bulk-rock composition of the Dehailonggang volcanic-plutonic complex of the East Kunlun Orogen, northern Tibet Plateau. EarthChem Library. https://doi.org/10.60520/IEDA/113338""]",dataset,dataset_metadata,,resolved,,public_download,permitted_research,https://creativecommons.org/licenses/by-sa/4.0/,dataset,true,not_evaluated_for_project_output,2026-08-15T07:00:00Z
rec-b85bcd2afc74ac4232f9ec7db17ef640231f9dc6ebca64e912348ca222bff44d,src-a6dde0fc176514039e837ca4729ffbfef04c8e3b080f0ce9c026f2abd2652bfc,JW-10,Zn,Zn,49.24075576458425,ppm,rock,,whole_rock_bulk_trace_element,,,,,35.764099999999999,99.420500000000004,,,,,,,ICPMS,,,"Wuhan Samplesolution Analytical Technology Co., Ltd., Wuhan, China",CC-BY-SA-4.0,official_curated,earthchem-dehailonggang-rock,"The bulk-rock composition of the Dehailonggang volcanic-plutonic complex of the East Kunlun Orogen, northern Tibet Plateau",10.60520/IEDA/113338,EarthChem Library dataset 3338 version 1.0 (2024),3338-1_Bulk-rockmajorandtraceelementcomposition.xlsx,13,3338-1_Bulk-rockmajorandtraceelementcomposition.xlsx#sheet3-row=13,https://ecl.earthchem.org/view.php?id=3338,ccdc26ee169919144f7d1c8726eb8075c99b4d9cba30d249906f79c045a12ca7,,,,,,,,,whole rock,rock_whole_rock,exact,,"Dehailonggang complex, East Kunlun Orogen","Dehailonggang complex, East Kunlun Orogen",,,tonalite,,,,,,,,,,,,,,,,,,not_reported,dataset_parameter,workbook_method_code_to_parameter_join,,ICPMS,Agilent 7700e,,,,3338-1_Bulk-rockmajorandtraceelementcomposition.xlsx#sheet4-row=35,,,,,,"[""Zou, Bowen (2024): The bulk-rock composition of the Dehailonggang volcanic-plutonic complex of the East Kunlun Orogen, northern Tibet Plateau. EarthChem Library. https://doi.org/10.60520/IEDA/113338""]",dataset,dataset_metadata,,resolved,,public_download,permitted_research,https://creativecommons.org/licenses/by-sa/4.0/,dataset,true,not_evaluated_for_project_output,2026-08-15T07:00:00Z
rec-91e50848b2c1e3e5180c22e845131968d2048bbcae0ab657a84d0e618dee2a21,src-b3725032db0cb3d9a78eaa919b398125092196ceb36c0598f7f94cc5cd652816,JW-11,Cr,Cr,10.224204976740502,ppm,rock,,whole_rock_bulk_trace_element,,,,,35.764099999999999,99.420500000000004,,,,,,,ICPMS,,,"Wuhan Samplesolution Analytical Technology Co., Ltd., Wuhan, China",CC-BY-SA-4.0,official_curated,earthchem-dehailonggang-rock,"The bulk-rock composition of the Dehailonggang volcanic-plutonic complex of the East Kunlun Orogen, northern Tibet Plateau",10.60520/IEDA/113338,EarthChem Library dataset 3338 version 1.0 (2024),3338-1_Bulk-rockmajorandtraceelementcomposition.xlsx,14,3338-1_Bulk-rockmajorandtraceelementcomposition.xlsx#sheet3-row=14,https://ecl.earthchem.org/view.php?id=3338,ccdc26ee169919144f7d1c8726eb8075c99b4d9cba30d249906f79c045a12ca7,,,,,,,,,whole rock,rock_whole_rock,exact,,"Dehailonggang complex, East Kunlun Orogen","Dehailonggang complex, East Kunlun Orogen",,,tonalite,,,,,,,,,,,,,,,,,,not_reported,dataset_parameter,workbook_method_code_to_parameter_join,,ICPMS,Agilent 7700e,,,,3338-1_Bulk-rockmajorandtraceelementcomposition.xlsx#sheet4-row=30,,,,,,"[""Zou, Bowen (2024): The bulk-rock composition of the Dehailonggang volcanic-plutonic complex of the East Kunlun Orogen, northern Tibet Plateau. EarthChem Library. https://doi.org/10.60520/IEDA/113338""]",dataset,dataset_metadata,,resolved,,public_download,permitted_research,https://creativecommons.org/licenses/by-sa/4.0/,dataset,true,not_evaluated_for_project_output,2026-08-15T07:00:00Z
rec-ebaab4195a3fa14467056926bff14dec6e55953a8586d272ee0fdff79a402451,src-b3725032db0cb3d9a78eaa919b398125092196ceb36c0598f7f94cc5cd652816,JW-11,Cu,Cu,1.0320486601404688,ppm,rock,,whole_rock_bulk_trace_element,,,,,35.764099999999999,99.420500000000004,,,,,,,ICPMS,,,"Wuhan Samplesolution Analytical Technology Co., Ltd., Wuhan, China",CC-BY-SA-4.0,official_curated,earthchem-dehailonggang-rock,"The bulk-rock composition of the Dehailonggang volcanic-plutonic complex of the East Kunlun Orogen, northern Tibet Plateau",10.60520/IEDA/113338,EarthChem Library dataset 3338 version 1.0 (2024),3338-1_Bulk-rockmajorandtraceelementcomposition.xlsx,14,3338-1_Bulk-rockmajorandtraceelementcomposition.xlsx#sheet3-row=14,https://ecl.earthchem.org/view.php?id=3338,ccdc26ee169919144f7d1c8726eb8075c99b4d9cba30d249906f79c045a12ca7,,,,,,,,,whole rock,rock_whole_rock,exact,,"Dehailonggang complex, East Kunlun Orogen","Dehailonggang complex, East Kunlun Orogen",,,tonalite,,,,,,,,,,,,,,,,,,not_reported,dataset_parameter,workbook_method_code_to_parameter_join,,ICPMS,Agilent 7700e,,,,3338-1_Bulk-rockmajorandtraceelementcomposition.xlsx#sheet4-row=36,,,,,,"[""Zou, Bowen (2024): The bulk-rock composition of the Dehailonggang volcanic-plutonic complex of the East Kunlun Orogen, northern Tibet Plateau. EarthChem Library. https://doi.org/10.60520/IEDA/113338""]",dataset,dataset_metadata,,resolved,,public_download,permitted_research,https://creativecommons.org/licenses/by-sa/4.0/,dataset,true,not_evaluated_for_project_output,2026-08-15T07:00:00Z
rec-4b18067c71676a65e238631fbc1dd16c4fc810ffe1251ea4092ba393d9ba0461,src-b3725032db0cb3d9a78eaa919b398125092196ceb36c0598f7f94cc5cd652816,JW-11,Ni,Ni,2.9766848468680234,ppm,rock,,whole_rock_bulk_trace_element,,,,,35.764099999999999,99.420500000000004,,,,,,,ICPMS,,,"Wuhan Samplesolution Analytical Technology Co., Ltd., Wuhan, China",CC-BY-SA-4.0,official_curated,earthchem-dehailonggang-rock,"The bulk-rock composition of the Dehailonggang volcanic-plutonic complex of the East Kunlun Orogen, northern Tibet Plateau",10.60520/IEDA/113338,EarthChem Library dataset 3338 version 1.0 (2024),3338-1_Bulk-rockmajorandtraceelementcomposition.xlsx,14,3338-1_Bulk-rockmajorandtraceelementcomposition.xlsx#sheet3-row=14,https://ecl.earthchem.org/view.php?id=3338,ccdc26ee169919144f7d1c8726eb8075c99b4d9cba30d249906f79c045a12ca7,,,,,,,,,whole rock,rock_whole_rock,exact,,"Dehailonggang complex, East Kunlun Orogen","Dehailonggang complex, East Kunlun Orogen",,,tonalite,,,,,,,,,,,,,,,,,,not_reported,dataset_parameter,workbook_method_code_to_parameter_join,,ICPMS,Agilent 7700e,,,,3338-1_Bulk-rockmajorandtraceelementcomposition.xlsx#sheet4-row=31,,,,,,"[""Zou, Bowen (2024): The bulk-rock composition of the Dehailonggang volcanic-plutonic complex of the East Kunlun Orogen, northern Tibet Plateau. EarthChem Library. https://doi.org/10.60520/IEDA/113338""]",dataset,dataset_metadata,,resolved,,public_download,permitted_research,https://creativecommons.org/licenses/by-sa/4.0/,dataset,true,not_evaluated_for_project_output,2026-08-15T07:00:00Z
rec-d8f67fba0217e9a74302b56a59c49702d2e83213bbdcd3fc2faf0b7857575422,src-b3725032db0cb3d9a78eaa919b398125092196ceb36c0598f7f94cc5cd652816,JW-11,Pb,Pb,19.567015181480194,ppm,rock,,whole_rock_bulk_trace_element,,,,,35.764099999999999,99.420500000000004,,,,,,,ICPMS,,,"Wuhan Samplesolution Analytical Technology Co., Ltd., Wuhan, China",CC-BY-SA-4.0,official_curated,earthchem-dehailonggang-rock,"The bulk-rock composition of the Dehailonggang volcanic-plutonic complex of the East Kunlun Orogen, northern Tibet Plateau",10.60520/IEDA/113338,EarthChem Library dataset 3338 version 1.0 (2024),3338-1_Bulk-rockmajorandtraceelementcomposition.xlsx,14,3338-1_Bulk-rockmajorandtraceelementcomposition.xlsx#sheet3-row=14,https://ecl.earthchem.org/view.php?id=3338,ccdc26ee169919144f7d1c8726eb8075c99b4d9cba30d249906f79c045a12ca7,,,,,,,,,whole rock,rock_whole_rock,exact,,"Dehailonggang complex, East Kunlun Orogen","Dehailonggang complex, East Kunlun Orogen",,,tonalite,,,,,,,,,,,,,,,,,,not_reported,dataset_parameter,workbook_method_code_to_parameter_join,,ICPMS,Agilent 7700e,,,,3338-1_Bulk-rockmajorandtraceelementcomposition.xlsx#sheet4-row=21,,,,,,"[""Zou, Bowen (2024): The bulk-rock composition of the Dehailonggang volcanic-plutonic complex of the East Kunlun Orogen, northern Tibet Plateau. EarthChem Library. https://doi.org/10.60520/IEDA/113338""]",dataset,dataset_metadata,,resolved,,public_download,permitted_research,https://creativecommons.org/licenses/by-sa/4.0/,dataset,true,not_evaluated_for_project_output,2026-08-15T07:00:00Z
rec-b28d3f6e39d05533d306fa665d104cba90b207a40f9337c45c10b1d00678d0b6,src-b3725032db0cb3d9a78eaa919b398125092196ceb36c0598f7f94cc5cd652816,JW-11,Zn,Zn,46.857320928649266,ppm,rock,,whole_rock_bulk_trace_element,,,,,35.764099999999999,99.420500000000004,,,,,,,ICPMS,,,"Wuhan Samplesolution Analytical Technology Co., Ltd., Wuhan, China",CC-BY-SA-4.0,official_curated,earthchem-dehailonggang-rock,"The bulk-rock composition of the Dehailonggang volcanic-plutonic complex of the East Kunlun Orogen, northern Tibet Plateau",10.60520/IEDA/113338,EarthChem Library dataset 3338 version 1.0 (2024),3338-1_Bulk-rockmajorandtraceelementcomposition.xlsx,14,3338-1_Bulk-rockmajorandtraceelementcomposition.xlsx#sheet3-row=14,https://ecl.earthchem.org/view.php?id=3338,ccdc26ee169919144f7d1c8726eb8075c99b4d9cba30d249906f79c045a12ca7,,,,,,,,,whole rock,rock_whole_rock,exact,,"Dehailonggang complex, East Kunlun Orogen","Dehailonggang complex, East Kunlun Orogen",,,tonalite,,,,,,,,,,,,,,,,,,not_reported,dataset_parameter,workbook_method_code_to_parameter_join,,ICPMS,Agilent 7700e,,,,3338-1_Bulk-rockmajorandtraceelementcomposition.xlsx#sheet4-row=35,,,,,,"[""Zou, Bowen (2024): The bulk-rock composition of the Dehailonggang volcanic-plutonic complex of the East Kunlun Orogen, northern Tibet Plateau. EarthChem Library. https://doi.org/10.60520/IEDA/113338""]",dataset,dataset_metadata,,resolved,,public_download,permitted_research,https://creativecommons.org/licenses/by-sa/4.0/,dataset,true,not_evaluated_for_project_output,2026-08-15T07:00:00Z
rec-a1776080b8b9078a34c64a33606d67d442018fcbccff9bf3c1daacbd4d8dda53,src-3f803c2dbcfb605e3f72aaf20191996673dcfd8b5882136ddde14f5bbd15c611,DHLG1-4,Cr,Cr,11.101878636341722,ppm,rock,,whole_rock_bulk_trace_element,,,,,35.7883,99.4602,,,,,,,ICPMS,,,"Wuhan Samplesolution Analytical Technology Co., Ltd., Wuhan, China",CC-BY-SA-4.0,official_curated,earthchem-dehailonggang-rock,"The bulk-rock composition of the Dehailonggang volcanic-plutonic complex of the East Kunlun Orogen, northern Tibet Plateau",10.60520/IEDA/113338,EarthChem Library dataset 3338 version 1.0 (2024),3338-1_Bulk-rockmajorandtraceelementcomposition.xlsx,15,3338-1_Bulk-rockmajorandtraceelementcomposition.xlsx#sheet3-row=15,https://ecl.earthchem.org/view.php?id=3338,ccdc26ee169919144f7d1c8726eb8075c99b4d9cba30d249906f79c045a12ca7,,,,,,,,,whole rock,rock_whole_rock,exact,,"Dehailonggang complex, East Kunlun Orogen","Dehailonggang complex, East Kunlun Orogen",,,rhyolite,,,,,,,,,,,,,,,,,,not_reported,dataset_parameter,workbook_method_code_to_parameter_join,,ICPMS,Agilent 7700e,,,,3338-1_Bulk-rockmajorandtraceelementcomposition.xlsx#sheet4-row=30,,,,,,"[""Zou, Bowen (2024): The bulk-rock composition of the Dehailonggang volcanic-plutonic complex of the East Kunlun Orogen, northern Tibet Plateau. EarthChem Library. https://doi.org/10.60520/IEDA/113338""]",dataset,dataset_metadata,,resolved,,public_download,permitted_research,https://creativecommons.org/licenses/by-sa/4.0/,dataset,true,not_evaluated_for_project_output,2026-08-15T07:00:00Z
rec-e01a9636d3409920d8cff91ccb5c1dfcd5571e0472805ad1905cd88600091961,src-3f803c2dbcfb605e3f72aaf20191996673dcfd8b5882136ddde14f5bbd15c611,DHLG1-4,Cu,Cu,2.5954320658405323,ppm,rock,,whole_rock_bulk_trace_element,,,,,35.7883,99.4602,,,,,,,ICPMS,,,"Wuhan Samplesolution Analytical Technology Co., Ltd., Wuhan, China",CC-BY-SA-4.0,official_curated,earthchem-dehailonggang-rock,"The bulk-rock composition of the Dehailonggang volcanic-plutonic complex of the East Kunlun Orogen, northern Tibet Plateau",10.60520/IEDA/113338,EarthChem Library dataset 3338 version 1.0 (2024),3338-1_Bulk-rockmajorandtraceelementcomposition.xlsx,15,3338-1_Bulk-rockmajorandtraceelementcomposition.xlsx#sheet3-row=15,https://ecl.earthchem.org/view.php?id=3338,ccdc26ee169919144f7d1c8726eb8075c99b4d9cba30d249906f79c045a12ca7,,,,,,,,,whole rock,rock_whole_rock,exact,,"Dehailonggang complex, East Kunlun Orogen","Dehailonggang complex, East Kunlun Orogen",,,rhyolite,,,,,,,,,,,,,,,,,,not_reported,dataset_parameter,workbook_method_code_to_parameter_join,,ICPMS,Agilent 7700e,,,,3338-1_Bulk-rockmajorandtraceelementcomposition.xlsx#sheet4-row=36,,,,,,"[""Zou, Bowen (2024): The bulk-rock composition of the Dehailonggang volcanic-plutonic complex of the East Kunlun Orogen, northern Tibet Plateau. EarthChem Library. https://doi.org/10.60520/IEDA/113338""]",dataset,dataset_metadata,,resolved,,public_download,permitted_research,https://creativecommons.org/licenses/by-sa/4.0/,dataset,true,not_evaluated_for_project_output,2026-08-15T07:00:00Z
rec-ac41dd9256b753cb518c6149eadff93f24d5fd973453bb6e47cdc529d574efac,src-3f803c2dbcfb605e3f72aaf20191996673dcfd8b5882136ddde14f5bbd15c611,DHLG1-4,Ni,Ni,1.7656116575629475,ppm,rock,,whole_rock_bulk_trace_element,,,,,35.7883,99.4602,,,,,,,ICPMS,,,"Wuhan Samplesolution Analytical Technology Co., Ltd., Wuhan, China",CC-BY-SA-4.0,official_curated,earthchem-dehailonggang-rock,"The bulk-rock composition of the Dehailonggang volcanic-plutonic complex of the East Kunlun Orogen, northern Tibet Plateau",10.60520/IEDA/113338,EarthChem Library dataset 3338 version 1.0 (2024),3338-1_Bulk-rockmajorandtraceelementcomposition.xlsx,15,3338-1_Bulk-rockmajorandtraceelementcomposition.xlsx#sheet3-row=15,https://ecl.earthchem.org/view.php?id=3338,ccdc26ee169919144f7d1c8726eb8075c99b4d9cba30d249906f79c045a12ca7,,,,,,,,,whole rock,rock_whole_rock,exact,,"Dehailonggang complex, East Kunlun Orogen","Dehailonggang complex, East Kunlun Orogen",,,rhyolite,,,,,,,,,,,,,,,,,,not_reported,dataset_parameter,workbook_method_code_to_parameter_join,,ICPMS,Agilent 7700e,,,,3338-1_Bulk-rockmajorandtraceelementcomposition.xlsx#sheet4-row=31,,,,,,"[""Zou, Bowen (2024): The bulk-rock composition of the Dehailonggang volcanic-plutonic complex of the East Kunlun Orogen, northern Tibet Plateau. EarthChem Library. https://doi.org/10.60520/IEDA/113338""]",dataset,dataset_metadata,,resolved,,public_download,permitted_research,https://creativecommons.org/licenses/by-sa/4.0/,dataset,true,not_evaluated_for_project_output,2026-08-15T07:00:00Z
rec-9a3c30c73e985cef1033eae37dd521d68c0fb946165f3f733072ef76b7e89216,src-3f803c2dbcfb605e3f72aaf20191996673dcfd8b5882136ddde14f5bbd15c611,DHLG1-4,Pb,Pb,14.0766246309522,ppm,rock,,whole_rock_bulk_trace_element,,,,,35.7883,99.4602,,,,,,,ICPMS,,,"Wuhan Samplesolution Analytical Technology Co., Ltd., Wuhan, China",CC-BY-SA-4.0,official_curated,earthchem-dehailonggang-rock,"The bulk-rock composition of the Dehailonggang volcanic-plutonic complex of the East Kunlun Orogen, northern Tibet Plateau",10.60520/IEDA/113338,EarthChem Library dataset 3338 version 1.0 (2024),3338-1_Bulk-rockmajorandtraceelementcomposition.xlsx,15,3338-1_Bulk-rockmajorandtraceelementcomposition.xlsx#sheet3-row=15,https://ecl.earthchem.org/view.php?id=3338,ccdc26ee169919144f7d1c8726eb8075c99b4d9cba30d249906f79c045a12ca7,,,,,,,,,whole rock,rock_whole_rock,exact,,"Dehailonggang complex, East Kunlun Orogen","Dehailonggang complex, East Kunlun Orogen",,,rhyolite,,,,,,,,,,,,,,,,,,not_reported,dataset_parameter,workbook_method_code_to_parameter_join,,ICPMS,Agilent 7700e,,,,3338-1_Bulk-rockmajorandtraceelementcomposition.xlsx#sheet4-row=21,,,,,,"[""Zou, Bowen (2024): The bulk-rock composition of the Dehailonggang volcanic-plutonic complex of the East Kunlun Orogen, northern Tibet Plateau. EarthChem Library. https://doi.org/10.60520/IEDA/113338""]",dataset,dataset_metadata,,resolved,,public_download,permitted_research,https://creativecommons.org/licenses/by-sa/4.0/,dataset,true,not_evaluated_for_project_output,2026-08-15T07:00:00Z
rec-f351067f3544407a431bc7bf7b54686a9ce7cde1bfc7edb0f888519605fe3132,src-3f803c2dbcfb605e3f72aaf20191996673dcfd8b5882136ddde14f5bbd15c611,DHLG1-4,Zn,Zn,21.540836370804819,ppm,rock,,whole_rock_bulk_trace_element,,,,,35.7883,99.4602,,,,,,,ICPMS,,,"Wuhan Samplesolution Analytical Technology Co., Ltd., Wuhan, China",CC-BY-SA-4.0,official_curated,earthchem-dehailonggang-rock,"The bulk-rock composition of the Dehailonggang volcanic-plutonic complex of the East Kunlun Orogen, northern Tibet Plateau",10.60520/IEDA/113338,EarthChem Library dataset 3338 version 1.0 (2024),3338-1_Bulk-rockmajorandtraceelementcomposition.xlsx,15,3338-1_Bulk-rockmajorandtraceelementcomposition.xlsx#sheet3-row=15,https://ecl.earthchem.org/view.php?id=3338,ccdc26ee169919144f7d1c8726eb8075c99b4d9cba30d249906f79c045a12ca7,,,,,,,,,whole rock,rock_whole_rock,exact,,"Dehailonggang complex, East Kunlun Orogen","Dehailonggang complex, East Kunlun Orogen",,,rhyolite,,,,,,,,,,,,,,,,,,not_reported,dataset_parameter,workbook_method_code_to_parameter_join,,ICPMS,Agilent 7700e,,,,3338-1_Bulk-rockmajorandtraceelementcomposition.xlsx#sheet4-row=35,,,,,,"[""Zou, Bowen (2024): The bulk-rock composition of the Dehailonggang volcanic-plutonic complex of the East Kunlun Orogen, northern Tibet Plateau. EarthChem Library. https://doi.org/10.60520/IEDA/113338""]",dataset,dataset_metadata,,resolved,,public_download,permitted_research,https://creativecommons.org/licenses/by-sa/4.0/,dataset,true,not_evaluated_for_project_output,2026-08-15T07:00:00Z
rec-742d66f020928575335c17ff76acd51906a7146c5d81175d5b595a84ebc3f8a2,src-95e858d1e9a6f13644baabe77a14473b0a844cc4fc65273a550d1a24a6a14610,DHLG1-5',Cr,Cr,1.6326467808011502,ppm,rock,,whole_rock_bulk_trace_element,,,,,35.7883,99.4602,,,,,,,ICPMS,,,"Wuhan Samplesolution Analytical Technology Co., Ltd., Wuhan, China",CC-BY-SA-4.0,official_curated,earthchem-dehailonggang-rock,"The bulk-rock composition of the Dehailonggang volcanic-plutonic complex of the East Kunlun Orogen, northern Tibet Plateau",10.60520/IEDA/113338,EarthChem Library dataset 3338 version 1.0 (2024),3338-1_Bulk-rockmajorandtraceelementcomposition.xlsx,16,3338-1_Bulk-rockmajorandtraceelementcomposition.xlsx#sheet3-row=16,https://ecl.earthchem.org/view.php?id=3338,ccdc26ee169919144f7d1c8726eb8075c99b4d9cba30d249906f79c045a12ca7,,,,,,,,,whole rock,rock_whole_rock,exact,,"Dehailonggang complex, East Kunlun Orogen","Dehailonggang complex, East Kunlun Orogen",,,rhyolite,,,,,,,,,,,,,,,,,,not_reported,dataset_parameter,workbook_method_code_to_parameter_join,,ICPMS,Agilent 7700e,,,,3338-1_Bulk-rockmajorandtraceelementcomposition.xlsx#sheet4-row=30,,,,,,"[""Zou, Bowen (2024): The bulk-rock composition of the Dehailonggang volcanic-plutonic complex of the East Kunlun Orogen, northern Tibet Plateau. EarthChem Library. https://doi.org/10.60520/IEDA/113338""]",dataset,dataset_metadata,,resolved,,public_download,permitted_research,https://creativecommons.org/licenses/by-sa/4.0/,dataset,true,not_evaluated_for_project_output,2026-08-15T07:00:00Z
rec-9c89ec19a7ca18099cfc081e1d387be01d5fddb9253bf0e052a1345ad4fca9ca,src-95e858d1e9a6f13644baabe77a14473b0a844cc4fc65273a550d1a24a6a14610,DHLG1-5',Cu,Cu,3.5337678179515541,ppm,rock,,whole_rock_bulk_trace_element,,,,,35.7883,99.4602,,,,,,,ICPMS,,,"Wuhan Samplesolution Analytical Technology Co., Ltd., Wuhan, China",CC-BY-SA-4.0,official_curated,earthchem-dehailonggang-rock,"The bulk-rock composition of the Dehailonggang volcanic-plutonic complex of the East Kunlun Orogen, northern Tibet Plateau",10.60520/IEDA/113338,EarthChem Library dataset 3338 version 1.0 (2024),3338-1_Bulk-rockmajorandtraceelementcomposition.xlsx,16,3338-1_Bulk-rockmajorandtraceelementcomposition.xlsx#sheet3-row=16,https://ecl.earthchem.org/view.php?id=3338,ccdc26ee169919144f7d1c8726eb8075c99b4d9cba30d249906f79c045a12ca7,,,,,,,,,whole rock,rock_whole_rock,exact,,"Dehailonggang complex, East Kunlun Orogen","Dehailonggang complex, East Kunlun Orogen",,,rhyolite,,,,,,,,,,,,,,,,,,not_reported,dataset_parameter,workbook_method_code_to_parameter_join,,ICPMS,Agilent 7700e,,,,3338-1_Bulk-rockmajorandtraceelementcomposition.xlsx#sheet4-row=36,,,,,,"[""Zou, Bowen (2024): The bulk-rock composition of the Dehailonggang volcanic-plutonic complex of the East Kunlun Orogen, northern Tibet Plateau. EarthChem Library. https://doi.org/10.60520/IEDA/113338""]",dataset,dataset_metadata,,resolved,,public_download,permitted_research,https://creativecommons.org/licenses/by-sa/4.0/,dataset,true,not_evaluated_for_project_output,2026-08-15T07:00:00Z
rec-c9015c4557c20933983d18a4e6557b5dd97fc8485b027c65fa3f71b89efc6f30,src-95e858d1e9a6f13644baabe77a14473b0a844cc4fc65273a550d1a24a6a14610,DHLG1-5',Ni,Ni,1.8181803786620696,ppm,rock,,whole_rock_bulk_trace_element,,,,,35.7883,99.4602,,,,,,,ICPMS,,,"Wuhan Samplesolution Analytical Technology Co., Ltd., Wuhan, China",CC-BY-SA-4.0,official_curated,earthchem-dehailonggang-rock,"The bulk-rock composition of the Dehailonggang volcanic-plutonic complex of the East Kunlun Orogen, northern Tibet Plateau",10.60520/IEDA/113338,EarthChem Library dataset 3338 version 1.0 (2024),3338-1_Bulk-rockmajorandtraceelementcomposition.xlsx,16,3338-1_Bulk-rockmajorandtraceelementcomposition.xlsx#sheet3-row=16,https://ecl.earthchem.org/view.php?id=3338,ccdc26ee169919144f7d1c8726eb8075c99b4d9cba30d249906f79c045a12ca7,,,,,,,,,whole rock,rock_whole_rock,exact,,"Dehailonggang complex, East Kunlun Orogen","Dehailonggang complex, East Kunlun Orogen",,,rhyolite,,,,,,,,,,,,,,,,,,not_reported,dataset_parameter,workbook_method_code_to_parameter_join,,ICPMS,Agilent 7700e,,,,3338-1_Bulk-rockmajorandtraceelementcomposition.xlsx#sheet4-row=31,,,,,,"[""Zou, Bowen (2024): The bulk-rock composition of the Dehailonggang volcanic-plutonic complex of the East Kunlun Orogen, northern Tibet Plateau. EarthChem Library. https://doi.org/10.60520/IEDA/113338""]",dataset,dataset_metadata,,resolved,,public_download,permitted_research,https://creativecommons.org/licenses/by-sa/4.0/,dataset,true,not_evaluated_for_project_output,2026-08-15T07:00:00Z
rec-6a9fe9925617aa01638625d970c3933276e5702aa48816ecbb44de358126db8c,src-95e858d1e9a6f13644baabe77a14473b0a844cc4fc65273a550d1a24a6a14610,DHLG1-5',Pb,Pb,11.57048218876921,ppm,rock,,whole_rock_bulk_trace_element,,,,,35.7883,99.4602,,,,,,,ICPMS,,,"Wuhan Samplesolution Analytical Technology Co., Ltd., Wuhan, China",CC-BY-SA-4.0,official_curated,earthchem-dehailonggang-rock,"The bulk-rock composition of the Dehailonggang volcanic-plutonic complex of the East Kunlun Orogen, northern Tibet Plateau",10.60520/IEDA/113338,EarthChem Library dataset 3338 version 1.0 (2024),3338-1_Bulk-rockmajorandtraceelementcomposition.xlsx,16,3338-1_Bulk-rockmajorandtraceelementcomposition.xlsx#sheet3-row=16,https://ecl.earthchem.org/view.php?id=3338,ccdc26ee169919144f7d1c8726eb8075c99b4d9cba30d249906f79c045a12ca7,,,,,,,,,whole rock,rock_whole_rock,exact,,"Dehailonggang complex, East Kunlun Orogen","Dehailonggang complex, East Kunlun Orogen",,,rhyolite,,,,,,,,,,,,,,,,,,not_reported,dataset_parameter,workbook_method_code_to_parameter_join,,ICPMS,Agilent 7700e,,,,3338-1_Bulk-rockmajorandtraceelementcomposition.xlsx#sheet4-row=21,,,,,,"[""Zou, Bowen (2024): The bulk-rock composition of the Dehailonggang volcanic-plutonic complex of the East Kunlun Orogen, northern Tibet Plateau. EarthChem Library. https://doi.org/10.60520/IEDA/113338""]",dataset,dataset_metadata,,resolved,,public_download,permitted_research,https://creativecommons.org/licenses/by-sa/4.0/,dataset,true,not_evaluated_for_project_output,2026-08-15T07:00:00Z
rec-9f5abd4bf95c3fbf187402310c4aea9de579414043c17a694716ac26593047e7,src-95e858d1e9a6f13644baabe77a14473b0a844cc4fc65273a550d1a24a6a14610,DHLG1-5',Zn,Zn,30.157907844753129,ppm,rock,,whole_rock_bulk_trace_element,,,,,35.7883,99.4602,,,,,,,ICPMS,,,"Wuhan Samplesolution Analytical Technology Co., Ltd., Wuhan, China",CC-BY-SA-4.0,official_curated,earthchem-dehailonggang-rock,"The bulk-rock composition of the Dehailonggang volcanic-plutonic complex of the East Kunlun Orogen, northern Tibet Plateau",10.60520/IEDA/113338,EarthChem Library dataset 3338 version 1.0 (2024),3338-1_Bulk-rockmajorandtraceelementcomposition.xlsx,16,3338-1_Bulk-rockmajorandtraceelementcomposition.xlsx#sheet3-row=16,https://ecl.earthchem.org/view.php?id=3338,ccdc26ee169919144f7d1c8726eb8075c99b4d9cba30d249906f79c045a12ca7,,,,,,,,,whole rock,rock_whole_rock,exact,,"Dehailonggang complex, East Kunlun Orogen","Dehailonggang complex, East Kunlun Orogen",,,rhyolite,,,,,,,,,,,,,,,,,,not_reported,dataset_parameter,workbook_method_code_to_parameter_join,,ICPMS,Agilent 7700e,,,,3338-1_Bulk-rockmajorandtraceelementcomposition.xlsx#sheet4-row=35,,,,,,"[""Zou, Bowen (2024): The bulk-rock composition of the Dehailonggang volcanic-plutonic complex of the East Kunlun Orogen, northern Tibet Plateau. EarthChem Library. https://doi.org/10.60520/IEDA/113338""]",dataset,dataset_metadata,,resolved,,public_download,permitted_research,https://creativecommons.org/licenses/by-sa/4.0/,dataset,true,not_evaluated_for_project_output,2026-08-15T07:00:00Z
rec-37e17388028ec389b2dfc6184567ae0767daf54266284f59707b391b5aee90d3,src-66aab2912c7a17c084a6c1693e6bc9e7ed2bc2eb8cb3ed730910df1c3a42ad26,DHLG1-3,Cr,Cr,1.3113400908642148,ppm,rock,,whole_rock_bulk_trace_element,,,,,35.7883,99.4602,,,,,,,ICPMS,,,"Wuhan Samplesolution Analytical Technology Co., Ltd., Wuhan, China",CC-BY-SA-4.0,official_curated,earthchem-dehailonggang-rock,"The bulk-rock composition of the Dehailonggang volcanic-plutonic complex of the East Kunlun Orogen, northern Tibet Plateau",10.60520/IEDA/113338,EarthChem Library dataset 3338 version 1.0 (2024),3338-1_Bulk-rockmajorandtraceelementcomposition.xlsx,17,3338-1_Bulk-rockmajorandtraceelementcomposition.xlsx#sheet3-row=17,https://ecl.earthchem.org/view.php?id=3338,ccdc26ee169919144f7d1c8726eb8075c99b4d9cba30d249906f79c045a12ca7,,,,,,,,,whole rock,rock_whole_rock,exact,,"Dehailonggang complex, East Kunlun Orogen","Dehailonggang complex, East Kunlun Orogen",,,rhyolite,,,,,,,,,,,,,,,,,,not_reported,dataset_parameter,workbook_method_code_to_parameter_join,,ICPMS,Agilent 7700e,,,,3338-1_Bulk-rockmajorandtraceelementcomposition.xlsx#sheet4-row=30,,,,,,"[""Zou, Bowen (2024): The bulk-rock composition of the Dehailonggang volcanic-plutonic complex of the East Kunlun Orogen, northern Tibet Plateau. EarthChem Library. https://doi.org/10.60520/IEDA/113338""]",dataset,dataset_metadata,,resolved,,public_download,permitted_research,https://creativecommons.org/licenses/by-sa/4.0/,dataset,true,not_evaluated_for_project_output,2026-08-15T07:00:00Z
rec-9a61ab00971c04404d941064fc3f86661bd97b3ac33f6aa910a5a00488ed7add,src-66aab2912c7a17c084a6c1693e6bc9e7ed2bc2eb8cb3ed730910df1c3a42ad26,DHLG1-3,Cu,Cu,0.61037045512287003,ppm,rock,,whole_rock_bulk_trace_element,,,,,35.7883,99.4602,,,,,,,ICPMS,,,"Wuhan Samplesolution Analytical Technology Co., Ltd., Wuhan, China",CC-BY-SA-4.0,official_curated,earthchem-dehailonggang-rock,"The bulk-rock composition of the Dehailonggang volcanic-plutonic complex of the East Kunlun Orogen, northern Tibet Plateau",10.60520/IEDA/113338,EarthChem Library dataset 3338 version 1.0 (2024),3338-1_Bulk-rockmajorandtraceelementcomposition.xlsx,17,3338-1_Bulk-rockmajorandtraceelementcomposition.xlsx#sheet3-row=17,https://ecl.earthchem.org/view.php?id=3338,ccdc26ee169919144f7d1c8726eb8075c99b4d9cba30d249906f79c045a12ca7,,,,,,,,,whole rock,rock_whole_rock,exact,,"Dehailonggang complex, East Kunlun Orogen","Dehailonggang complex, East Kunlun Orogen",,,rhyolite,,,,,,,,,,,,,,,,,,not_reported,dataset_parameter,workbook_method_code_to_parameter_join,,ICPMS,Agilent 7700e,,,,3338-1_Bulk-rockmajorandtraceelementcomposition.xlsx#sheet4-row=36,,,,,,"[""Zou, Bowen (2024): The bulk-rock composition of the Dehailonggang volcanic-plutonic complex of the East Kunlun Orogen, northern Tibet Plateau. EarthChem Library. https://doi.org/10.60520/IEDA/113338""]",dataset,dataset_metadata,,resolved,,public_download,permitted_research,https://creativecommons.org/licenses/by-sa/4.0/,dataset,true,not_evaluated_for_project_output,2026-08-15T07:00:00Z
rec-d3f0359674d47ab6b0cd0b3bc3d51c2d4aaa389c1473497de04ae36330d5f84f,src-66aab2912c7a17c084a6c1693e6bc9e7ed2bc2eb8cb3ed730910df1c3a42ad26,DHLG1-3,Ni,Ni,1.9520827757107855,ppm,rock,,whole_rock_bulk_trace_element,,,,,35.7883,99.4602,,,,,,,ICPMS,,,"Wuhan Samplesolution Analytical Technology Co., Ltd., Wuhan, China",CC-BY-SA-4.0,official_curated,earthchem-dehailonggang-rock,"The bulk-rock composition of the Dehailonggang volcanic-plutonic complex of the East Kunlun Orogen, northern Tibet Plateau",10.60520/IEDA/113338,EarthChem Library dataset 3338 version 1.0 (2024),3338-1_Bulk-rockmajorandtraceelementcomposition.xlsx,17,3338-1_Bulk-rockmajorandtraceelementcomposition.xlsx#sheet3-row=17,https://ecl.earthchem.org/view.php?id=3338,ccdc26ee169919144f7d1c8726eb8075c99b4d9cba30d249906f79c045a12ca7,,,,,,,,,whole rock,rock_whole_rock,exact,,"Dehailonggang complex, East Kunlun Orogen","Dehailonggang complex, East Kunlun Orogen",,,rhyolite,,,,,,,,,,,,,,,,,,not_reported,dataset_parameter,workbook_method_code_to_parameter_join,,ICPMS,Agilent 7700e,,,,3338-1_Bulk-rockmajorandtraceelementcomposition.xlsx#sheet4-row=31,,,,,,"[""Zou, Bowen (2024): The bulk-rock composition of the Dehailonggang volcanic-plutonic complex of the East Kunlun Orogen, northern Tibet Plateau. EarthChem Library. https://doi.org/10.60520/IEDA/113338""]",dataset,dataset_metadata,,resolved,,public_download,permitted_research,https://creativecommons.org/licenses/by-sa/4.0/,dataset,true,not_evaluated_for_project_output,2026-08-15T07:00:00Z
rec-24ebf2ac96de55e86130133deda3ea154a4d9caa1b113f43e27f0e3b17e90965,src-66aab2912c7a17c084a6c1693e6bc9e7ed2bc2eb8cb3ed730910df1c3a42ad26,DHLG1-3,Pb,Pb,11.035270823916221,ppm,rock,,whole_rock_bulk_trace_element,,,,,35.7883,99.4602,,,,,,,ICPMS,,,"Wuhan Samplesolution Analytical Technology Co., Ltd., Wuhan, China",CC-BY-SA-4.0,official_curated,earthchem-dehailonggang-rock,"The bulk-rock composition of the Dehailonggang volcanic-plutonic complex of the East Kunlun Orogen, northern Tibet Plateau",10.60520/IEDA/113338,EarthChem Library dataset 3338 version 1.0 (2024),3338-1_Bulk-rockmajorandtraceelementcomposition.xlsx,17,3338-1_Bulk-rockmajorandtraceelementcomposition.xlsx#sheet3-row=17,https://ecl.earthchem.org/view.php?id=3338,ccdc26ee169919144f7d1c8726eb8075c99b4d9cba30d249906f79c045a12ca7,,,,,,,,,whole rock,rock_whole_rock,exact,,"Dehailonggang complex, East Kunlun Orogen","Dehailonggang complex, East Kunlun Orogen",,,rhyolite,,,,,,,,,,,,,,,,,,not_reported,dataset_parameter,workbook_method_code_to_parameter_join,,ICPMS,Agilent 7700e,,,,3338-1_Bulk-rockmajorandtraceelementcomposition.xlsx#sheet4-row=21,,,,,,"[""Zou, Bowen (2024): The bulk-rock composition of the Dehailonggang volcanic-plutonic complex of the East Kunlun Orogen, northern Tibet Plateau. EarthChem Library. https://doi.org/10.60520/IEDA/113338""]",dataset,dataset_metadata,,resolved,,public_download,permitted_research,https://creativecommons.org/licenses/by-sa/4.0/,dataset,true,not_evaluated_for_project_output,2026-08-15T07:00:00Z
rec-50372015094ebbd75ed96c775d7886444c79177d63dd7be68fcf932c5070d9a1,src-66aab2912c7a17c084a6c1693e6bc9e7ed2bc2eb8cb3ed730910df1c3a42ad26,DHLG1-3,Zn,Zn,28.692824343466029,ppm,rock,,whole_rock_bulk_trace_element,,,,,35.7883,99.4602,,,,,,,ICPMS,,,"Wuhan Samplesolution Analytical Technology Co., Ltd., Wuhan, China",CC-BY-SA-4.0,official_curated,earthchem-dehailonggang-rock,"The bulk-rock composition of the Dehailonggang volcanic-plutonic complex of the East Kunlun Orogen, northern Tibet Plateau",10.60520/IEDA/113338,EarthChem Library dataset 3338 version 1.0 (2024),3338-1_Bulk-rockmajorandtraceelementcomposition.xlsx,17,3338-1_Bulk-rockmajorandtraceelementcomposition.xlsx#sheet3-row=17,https://ecl.earthchem.org/view.php?id=3338,ccdc26ee169919144f7d1c8726eb8075c99b4d9cba30d249906f79c045a12ca7,,,,,,,,,whole rock,rock_whole_rock,exact,,"Dehailonggang complex, East Kunlun Orogen","Dehailonggang complex, East Kunlun Orogen",,,rhyolite,,,,,,,,,,,,,,,,,,not_reported,dataset_parameter,workbook_method_code_to_parameter_join,,ICPMS,Agilent 7700e,,,,3338-1_Bulk-rockmajorandtraceelementcomposition.xlsx#sheet4-row=35,,,,,,"[""Zou, Bowen (2024): The bulk-rock composition of the Dehailonggang volcanic-plutonic complex of the East Kunlun Orogen, northern Tibet Plateau. EarthChem Library. https://doi.org/10.60520/IEDA/113338""]",dataset,dataset_metadata,,resolved,,public_download,permitted_research,https://creativecommons.org/licenses/by-sa/4.0/,dataset,true,not_evaluated_for_project_output,2026-08-15T07:00:00Z
rec-c220505ceb180dce58bca2378936318e9c7993359a37fc25ec9d3bb43dd16cec,src-1523411828cd7e445e0a1de6d4f955eb9599ca85b7be0b234021423deeb1eeaa,DHLG2-2,Cr,Cr,4.2055000000000007,ppm,rock,,whole_rock_bulk_trace_element,,,,,35.7883,99.4602,,,,,,,ICPMS,,,"Wuhan Samplesolution Analytical Technology Co., Ltd., Wuhan, China",CC-BY-SA-4.0,official_curated,earthchem-dehailonggang-rock,"The bulk-rock composition of the Dehailonggang volcanic-plutonic complex of the East Kunlun Orogen, northern Tibet Plateau",10.60520/IEDA/113338,EarthChem Library dataset 3338 version 1.0 (2024),3338-1_Bulk-rockmajorandtraceelementcomposition.xlsx,18,3338-1_Bulk-rockmajorandtraceelementcomposition.xlsx#sheet3-row=18,https://ecl.earthchem.org/view.php?id=3338,ccdc26ee169919144f7d1c8726eb8075c99b4d9cba30d249906f79c045a12ca7,,,,,,,,,whole rock,rock_whole_rock,exact,,"Dehailonggang complex, East Kunlun Orogen","Dehailonggang complex, East Kunlun Orogen",,,rhyolite,,,,,,,,,,,,,,,,,,not_reported,dataset_parameter,workbook_method_code_to_parameter_join,,ICPMS,Agilent 7700e,,,,3338-1_Bulk-rockmajorandtraceelementcomposition.xlsx#sheet4-row=30,,,,,,"[""Zou, Bowen (2024): The bulk-rock composition of the Dehailonggang volcanic-plutonic complex of the East Kunlun Orogen, northern Tibet Plateau. EarthChem Library. https://doi.org/10.60520/IEDA/113338""]",dataset,dataset_metadata,,resolved,,public_download,permitted_research,https://creativecommons.org/licenses/by-sa/4.0/,dataset,true,not_evaluated_for_project_output,2026-08-15T07:00:00Z
rec-2fd294614e7eb09d3a401df726ebd949e21b2e652eb5db2e7a5e06d43ab30cdd,src-1523411828cd7e445e0a1de6d4f955eb9599ca85b7be0b234021423deeb1eeaa,DHLG2-2,Cu,Cu,4.7225000000000001,ppm,rock,,whole_rock_bulk_trace_element,,,,,35.7883,99.4602,,,,,,,ICPMS,,,"Wuhan Samplesolution Analytical Technology Co., Ltd., Wuhan, China",CC-BY-SA-4.0,official_curated,earthchem-dehailonggang-rock,"The bulk-rock composition of the Dehailonggang volcanic-plutonic complex of the East Kunlun Orogen, northern Tibet Plateau",10.60520/IEDA/113338,EarthChem Library dataset 3338 version 1.0 (2024),3338-1_Bulk-rockmajorandtraceelementcomposition.xlsx,18,3338-1_Bulk-rockmajorandtraceelementcomposition.xlsx#sheet3-row=18,https://ecl.earthchem.org/view.php?id=3338,ccdc26ee169919144f7d1c8726eb8075c99b4d9cba30d249906f79c045a12ca7,,,,,,,,,whole rock,rock_whole_rock,exact,,"Dehailonggang complex, East Kunlun Orogen","Dehailonggang complex, East Kunlun Orogen",,,rhyolite,,,,,,,,,,,,,,,,,,not_reported,dataset_parameter,workbook_method_code_to_parameter_join,,ICPMS,Agilent 7700e,,,,3338-1_Bulk-rockmajorandtraceelementcomposition.xlsx#sheet4-row=36,,,,,,"[""Zou, Bowen (2024): The bulk-rock composition of the Dehailonggang volcanic-plutonic complex of the East Kunlun Orogen, northern Tibet Plateau. EarthChem Library. https://doi.org/10.60520/IEDA/113338""]",dataset,dataset_metadata,,resolved,,public_download,permitted_research,https://creativecommons.org/licenses/by-sa/4.0/,dataset,true,not_evaluated_for_project_output,2026-08-15T07:00:00Z
rec-7e3d8772991877b92a60bcc37919d3067326ea8b0234d90e4089d2919e120d57,src-1523411828cd7e445e0a1de6d4f955eb9599ca85b7be0b234021423deeb1eeaa,DHLG2-2,Ni,Ni,1.3024509803921567,ppm,rock,,whole_rock_bulk_trace_element,,,,,35.7883,99.4602,,,,,,,ICPMS,,,"Wuhan Samplesolution Analytical Technology Co., Ltd., Wuhan, China",CC-BY-SA-4.0,official_curated,earthchem-dehailonggang-rock,"The bulk-rock composition of the Dehailonggang volcanic-plutonic complex of the East Kunlun Orogen, northern Tibet Plateau",10.60520/IEDA/113338,EarthChem Library dataset 3338 version 1.0 (2024),3338-1_Bulk-rockmajorandtraceelementcomposition.xlsx,18,3338-1_Bulk-rockmajorandtraceelementcomposition.xlsx#sheet3-row=18,https://ecl.earthchem.org/view.php?id=3338,ccdc26ee169919144f7d1c8726eb8075c99b4d9cba30d249906f79c045a12ca7,,,,,,,,,whole rock,rock_whole_rock,exact,,"Dehailonggang complex, East Kunlun Orogen","Dehailonggang complex, East Kunlun Orogen",,,rhyolite,,,,,,,,,,,,,,,,,,not_reported,dataset_parameter,workbook_method_code_to_parameter_join,,ICPMS,Agilent 7700e,,,,3338-1_Bulk-rockmajorandtraceelementcomposition.xlsx#sheet4-row=31,,,,,,"[""Zou, Bowen (2024): The bulk-rock composition of the Dehailonggang volcanic-plutonic complex of the East Kunlun Orogen, northern Tibet Plateau. EarthChem Library. https://doi.org/10.60520/IEDA/113338""]",dataset,dataset_metadata,,resolved,,public_download,permitted_research,https://creativecommons.org/licenses/by-sa/4.0/,dataset,true,not_evaluated_for_project_output,2026-08-15T07:00:00Z
rec-84f1f22684e9a5c2e75c57bd76fa534a6baf3556f642847a19f114c573438b36,src-1523411828cd7e445e0a1de6d4f955eb9599ca85b7be0b234021423deeb1eeaa,DHLG2-2,Pb,Pb,37.450000000000003,ppm,rock,,whole_rock_bulk_trace_element,,,,,35.7883,99.4602,,,,,,,ICPMS,,,"Wuhan Samplesolution Analytical Technology Co., Ltd., Wuhan, China",CC-BY-SA-4.0,official_curated,earthchem-dehailonggang-rock,"The bulk-rock composition of the Dehailonggang volcanic-plutonic complex of the East Kunlun Orogen, northern Tibet Plateau",10.60520/IEDA/113338,EarthChem Library dataset 3338 version 1.0 (2024),3338-1_Bulk-rockmajorandtraceelementcomposition.xlsx,18,3338-1_Bulk-rockmajorandtraceelementcomposition.xlsx#sheet3-row=18,https://ecl.earthchem.org/view.php?id=3338,ccdc26ee169919144f7d1c8726eb8075c99b4d9cba30d249906f79c045a12ca7,,,,,,,,,whole rock,rock_whole_rock,exact,,"Dehailonggang complex, East Kunlun Orogen","Dehailonggang complex, East Kunlun Orogen",,,rhyolite,,,,,,,,,,,,,,,,,,not_reported,dataset_parameter,workbook_method_code_to_parameter_join,,ICPMS,Agilent 7700e,,,,3338-1_Bulk-rockmajorandtraceelementcomposition.xlsx#sheet4-row=21,,,,,,"[""Zou, Bowen (2024): The bulk-rock composition of the Dehailonggang volcanic-plutonic complex of the East Kunlun Orogen, northern Tibet Plateau. EarthChem Library. https://doi.org/10.60520/IEDA/113338""]",dataset,dataset_metadata,,resolved,,public_download,permitted_research,https://creativecommons.org/licenses/by-sa/4.0/,dataset,true,not_evaluated_for_project_output,2026-08-15T07:00:00Z
rec-adf481a8aa48fdb3505d8bd5e2fee44e99759dcfdfbffdbbcc9dbf3c352d9ba3,src-1523411828cd7e445e0a1de6d4f955eb9599ca85b7be0b234021423deeb1eeaa,DHLG2-2,Zn,Zn,60.459220000000002,ppm,rock,,whole_rock_bulk_trace_element,,,,,35.7883,99.4602,,,,,,,ICPMS,,,"Wuhan Samplesolution Analytical Technology Co., Ltd., Wuhan, China",CC-BY-SA-4.0,official_curated,earthchem-dehailonggang-rock,"The bulk-rock composition of the Dehailonggang volcanic-plutonic complex of the East Kunlun Orogen, northern Tibet Plateau",10.60520/IEDA/113338,EarthChem Library dataset 3338 version 1.0 (2024),3338-1_Bulk-rockmajorandtraceelementcomposition.xlsx,18,3338-1_Bulk-rockmajorandtraceelementcomposition.xlsx#sheet3-row=18,https://ecl.earthchem.org/view.php?id=3338,ccdc26ee169919144f7d1c8726eb8075c99b4d9cba30d249906f79c045a12ca7,,,,,,,,,whole rock,rock_whole_rock,exact,,"Dehailonggang complex, East Kunlun Orogen","Dehailonggang complex, East Kunlun Orogen",,,rhyolite,,,,,,,,,,,,,,,,,,not_reported,dataset_parameter,workbook_method_code_to_parameter_join,,ICPMS,Agilent 7700e,,,,3338-1_Bulk-rockmajorandtraceelementcomposition.xlsx#sheet4-row=35,,,,,,"[""Zou, Bowen (2024): The bulk-rock composition of the Dehailonggang volcanic-plutonic complex of the East Kunlun Orogen, northern Tibet Plateau. EarthChem Library. https://doi.org/10.60520/IEDA/113338""]",dataset,dataset_metadata,,resolved,,public_download,permitted_research,https://creativecommons.org/licenses/by-sa/4.0/,dataset,true,not_evaluated_for_project_output,2026-08-15T07:00:00Z
rec-9a480ea0dc22cd7ca31050dbf03dc50fb26979766d51e86732254901d97cc900,src-e90dd05c7a18468a94e6ef5708a326f80e29521ba25a9cb44ecde50bb1c1a45e,DHLG1-4-2,Cr,Cr,6.8689999999999998,ppm,rock,,whole_rock_bulk_trace_element,,,,,35.7883,99.4602,,,,,,,ICPMS,,,"Wuhan Samplesolution Analytical Technology Co., Ltd., Wuhan, China",CC-BY-SA-4.0,official_curated,earthchem-dehailonggang-rock,"The bulk-rock composition of the Dehailonggang volcanic-plutonic complex of the East Kunlun Orogen, northern Tibet Plateau",10.60520/IEDA/113338,EarthChem Library dataset 3338 version 1.0 (2024),3338-1_Bulk-rockmajorandtraceelementcomposition.xlsx,19,3338-1_Bulk-rockmajorandtraceelementcomposition.xlsx#sheet3-row=19,https://ecl.earthchem.org/view.php?id=3338,ccdc26ee169919144f7d1c8726eb8075c99b4d9cba30d249906f79c045a12ca7,,,,,,,,,whole rock,rock_whole_rock,exact,,"Dehailonggang complex, East Kunlun Orogen","Dehailonggang complex, East Kunlun Orogen",,,rhyolite,,,,,,,,,,,,,,,,,,not_reported,dataset_parameter,workbook_method_code_to_parameter_join,,ICPMS,Agilent 7700e,,,,3338-1_Bulk-rockmajorandtraceelementcomposition.xlsx#sheet4-row=30,,,,,,"[""Zou, Bowen (2024): The bulk-rock composition of the Dehailonggang volcanic-plutonic complex of the East Kunlun Orogen, northern Tibet Plateau. EarthChem Library. https://doi.org/10.60520/IEDA/113338""]",dataset,dataset_metadata,,resolved,,public_download,permitted_research,https://creativecommons.org/licenses/by-sa/4.0/,dataset,true,not_evaluated_for_project_output,2026-08-15T07:00:00Z
rec-58fd17aeb3127cb8901f2269706cbb439c8fe078e6247f3f0efe859fe1edee41,src-e90dd05c7a18468a94e6ef5708a326f80e29521ba25a9cb44ecde50bb1c1a45e,DHLG1-4-2,Cu,Cu,4.8512500000000003,ppm,rock,,whole_rock_bulk_trace_element,,,,,35.7883,99.4602,,,,,,,ICPMS,,,"Wuhan Samplesolution Analytical Technology Co., Ltd., Wuhan, China",CC-BY-SA-4.0,official_curated,earthchem-dehailonggang-rock,"The bulk-rock composition of the Dehailonggang volcanic-plutonic complex of the East Kunlun Orogen, northern Tibet Plateau",10.60520/IEDA/113338,EarthChem Library dataset 3338 version 1.0 (2024),3338-1_Bulk-rockmajorandtraceelementcomposition.xlsx,19,3338-1_Bulk-rockmajorandtraceelementcomposition.xlsx#sheet3-row=19,https://ecl.earthchem.org/view.php?id=3338,ccdc26ee169919144f7d1c8726eb8075c99b4d9cba30d249906f79c045a12ca7,,,,,,,,,whole rock,rock_whole_rock,exact,,"Dehailonggang complex, East Kunlun Orogen","Dehailonggang complex, East Kunlun Orogen",,,rhyolite,,,,,,,,,,,,,,,,,,not_reported,dataset_parameter,workbook_method_code_to_parameter_join,,ICPMS,Agilent 7700e,,,,3338-1_Bulk-rockmajorandtraceelementcomposition.xlsx#sheet4-row=36,,,,,,"[""Zou, Bowen (2024): The bulk-rock composition of the Dehailonggang volcanic-plutonic complex of the East Kunlun Orogen, northern Tibet Plateau. EarthChem Library. https://doi.org/10.60520/IEDA/113338""]",dataset,dataset_metadata,,resolved,,public_download,permitted_research,https://creativecommons.org/licenses/by-sa/4.0/,dataset,true,not_evaluated_for_project_output,2026-08-15T07:00:00Z
rec-8d3c7fd11e2c5cb739d077151070697b427de6fa344e37e0162425f3e11b35be,src-e90dd05c7a18468a94e6ef5708a326f80e29521ba25a9cb44ecde50bb1c1a45e,DHLG1-4-2,Ni,Ni,0.60833333333333328,ppm,rock,,whole_rock_bulk_trace_element,,,,,35.7883,99.4602,,,,,,,ICPMS,,,"Wuhan Samplesolution Analytical Technology Co., Ltd., Wuhan, China",CC-BY-SA-4.0,official_curated,earthchem-dehailonggang-rock,"The bulk-rock composition of the Dehailonggang volcanic-plutonic complex of the East Kunlun Orogen, northern Tibet Plateau",10.60520/IEDA/113338,EarthChem Library dataset 3338 version 1.0 (2024),3338-1_Bulk-rockmajorandtraceelementcomposition.xlsx,19,3338-1_Bulk-rockmajorandtraceelementcomposition.xlsx#sheet3-row=19,https://ecl.earthchem.org/view.php?id=3338,ccdc26ee169919144f7d1c8726eb8075c99b4d9cba30d249906f79c045a12ca7,,,,,,,,,whole rock,rock_whole_rock,exact,,"Dehailonggang complex, East Kunlun Orogen","Dehailonggang complex, East Kunlun Orogen",,,rhyolite,,,,,,,,,,,,,,,,,,not_reported,dataset_parameter,workbook_method_code_to_parameter_join,,ICPMS,Agilent 7700e,,,,3338-1_Bulk-rockmajorandtraceelementcomposition.xlsx#sheet4-row=31,,,,,,"[""Zou, Bowen (2024): The bulk-rock composition of the Dehailonggang volcanic-plutonic complex of the East Kunlun Orogen, northern Tibet Plateau. EarthChem Library. https://doi.org/10.60520/IEDA/113338""]",dataset,dataset_metadata,,resolved,,public_download,permitted_research,https://creativecommons.org/licenses/by-sa/4.0/,dataset,true,not_evaluated_for_project_output,2026-08-15T07:00:00Z
rec-541c98a3d0a17a8004b0b0fe381fba5b26534c7966177872bd11de059c61e09e,src-e90dd05c7a18468a94e6ef5708a326f80e29521ba25a9cb44ecde50bb1c1a45e,DHLG1-4-2,Pb,Pb,12.970588235294116,ppm,rock,,whole_rock_bulk_trace_element,,,,,35.7883,99.4602,,,,,,,ICPMS,,,"Wuhan Samplesolution Analytical Technology Co., Ltd., Wuhan, China",CC-BY-SA-4.0,official_curated,earthchem-dehailonggang-rock,"The bulk-rock composition of the Dehailonggang volcanic-plutonic complex of the East Kunlun Orogen, northern Tibet Plateau",10.60520/IEDA/113338,EarthChem Library dataset 3338 version 1.0 (2024),3338-1_Bulk-rockmajorandtraceelementcomposition.xlsx,19,3338-1_Bulk-rockmajorandtraceelementcomposition.xlsx#sheet3-row=19,https://ecl.earthchem.org/view.php?id=3338,ccdc26ee169919144f7d1c8726eb8075c99b4d9cba30d249906f79c045a12ca7,,,,,,,,,whole rock,rock_whole_rock,exact,,"Dehailonggang complex, East Kunlun Orogen","Dehailonggang complex, East Kunlun Orogen",,,rhyolite,,,,,,,,,,,,,,,,,,not_reported,dataset_parameter,workbook_method_code_to_parameter_join,,ICPMS,Agilent 7700e,,,,3338-1_Bulk-rockmajorandtraceelementcomposition.xlsx#sheet4-row=21,,,,,,"[""Zou, Bowen (2024): The bulk-rock composition of the Dehailonggang volcanic-plutonic complex of the East Kunlun Orogen, northern Tibet Plateau. EarthChem Library. https://doi.org/10.60520/IEDA/113338""]",dataset,dataset_metadata,,resolved,,public_download,permitted_research,https://creativecommons.org/licenses/by-sa/4.0/,dataset,true,not_evaluated_for_project_output,2026-08-15T07:00:00Z
rec-e4cdb8a932462c736c811ac6f7657625de7ebd6c04ad4980995830e00f8eca9b,src-e90dd05c7a18468a94e6ef5708a326f80e29521ba25a9cb44ecde50bb1c1a45e,DHLG1-4-2,Zn,Zn,24.894630000000003,ppm,rock,,whole_rock_bulk_trace_element,,,,,35.7883,99.4602,,,,,,,ICPMS,,,"Wuhan Samplesolution Analytical Technology Co., Ltd., Wuhan, China",CC-BY-SA-4.0,official_curated,earthchem-dehailonggang-rock,"The bulk-rock composition of the Dehailonggang volcanic-plutonic complex of the East Kunlun Orogen, northern Tibet Plateau",10.60520/IEDA/113338,EarthChem Library dataset 3338 version 1.0 (2024),3338-1_Bulk-rockmajorandtraceelementcomposition.xlsx,19,3338-1_Bulk-rockmajorandtraceelementcomposition.xlsx#sheet3-row=19,https://ecl.earthchem.org/view.php?id=3338,ccdc26ee169919144f7d1c8726eb8075c99b4d9cba30d249906f79c045a12ca7,,,,,,,,,whole rock,rock_whole_rock,exact,,"Dehailonggang complex, East Kunlun Orogen","Dehailonggang complex, East Kunlun Orogen",,,rhyolite,,,,,,,,,,,,,,,,,,not_reported,dataset_parameter,workbook_method_code_to_parameter_join,,ICPMS,Agilent 7700e,,,,3338-1_Bulk-rockmajorandtraceelementcomposition.xlsx#sheet4-row=35,,,,,,"[""Zou, Bowen (2024): The bulk-rock composition of the Dehailonggang volcanic-plutonic complex of the East Kunlun Orogen, northern Tibet Plateau. EarthChem Library. https://doi.org/10.60520/IEDA/113338""]",dataset,dataset_metadata,,resolved,,public_download,permitted_research,https://creativecommons.org/licenses/by-sa/4.0/,dataset,true,not_evaluated_for_project_output,2026-08-15T07:00:00Z
rec-09a29cc1e29d2deedb192089be45f0e10c39a06dbd6bfdb0061fa61e7c32edcf,src-12e8fc402f7fa5b487b95630aa30f918f5e34d2c6e1299a9252bc2aea356c527,DHLG1-5,Cr,Cr,6.1539999999999999,ppm,rock,,whole_rock_bulk_trace_element,,,,,35.7883,99.4602,,,,,,,ICPMS,,,"Wuhan Samplesolution Analytical Technology Co., Ltd., Wuhan, China",CC-BY-SA-4.0,official_curated,earthchem-dehailonggang-rock,"The bulk-rock composition of the Dehailonggang volcanic-plutonic complex of the East Kunlun Orogen, northern Tibet Plateau",10.60520/IEDA/113338,EarthChem Library dataset 3338 version 1.0 (2024),3338-1_Bulk-rockmajorandtraceelementcomposition.xlsx,20,3338-1_Bulk-rockmajorandtraceelementcomposition.xlsx#sheet3-row=20,https://ecl.earthchem.org/view.php?id=3338,ccdc26ee169919144f7d1c8726eb8075c99b4d9cba30d249906f79c045a12ca7,,,,,,,,,whole rock,rock_whole_rock,exact,,"Dehailonggang complex, East Kunlun Orogen","Dehailonggang complex, East Kunlun Orogen",,,rhyolite,,,,,,,,,,,,,,,,,,not_reported,dataset_parameter,workbook_method_code_to_parameter_join,,ICPMS,Agilent 7700e,,,,3338-1_Bulk-rockmajorandtraceelementcomposition.xlsx#sheet4-row=30,,,,,,"[""Zou, Bowen (2024): The bulk-rock composition of the Dehailonggang volcanic-plutonic complex of the East Kunlun Orogen, northern Tibet Plateau. EarthChem Library. https://doi.org/10.60520/IEDA/113338""]",dataset,dataset_metadata,,resolved,,public_download,permitted_research,https://creativecommons.org/licenses/by-sa/4.0/,dataset,true,not_evaluated_for_project_output,2026-08-15T07:00:00Z
rec-92e4ef0becd4c8c11a0a4a9437741aacbb55a7007d003bd4edab19bb70bfc226,src-12e8fc402f7fa5b487b95630aa30f918f5e34d2c6e1299a9252bc2aea356c527,DHLG1-5,Cu,Cu,5.6004166666666659,ppm,rock,,whole_rock_bulk_trace_element,,,,,35.7883,99.4602,,,,,,,ICPMS,,,"Wuhan Samplesolution Analytical Technology Co., Ltd., Wuhan, China",CC-BY-SA-4.0,official_curated,earthchem-dehailonggang-rock,"The bulk-rock composition of the Dehailonggang volcanic-plutonic complex of the East Kunlun Orogen, northern Tibet Plateau",10.60520/IEDA/113338,EarthChem Library dataset 3338 version 1.0 (2024),3338-1_Bulk-rockmajorandtraceelementcomposition.xlsx,20,3338-1_Bulk-rockmajorandtraceelementcomposition.xlsx#sheet3-row=20,https://ecl.earthchem.org/view.php?id=3338,ccdc26ee169919144f7d1c8726eb8075c99b4d9cba30d249906f79c045a12ca7,,,,,,,,,whole rock,rock_whole_rock,exact,,"Dehailonggang complex, East Kunlun Orogen","Dehailonggang complex, East Kunlun Orogen",,,rhyolite,,,,,,,,,,,,,,,,,,not_reported,dataset_parameter,workbook_method_code_to_parameter_join,,ICPMS,Agilent 7700e,,,,3338-1_Bulk-rockmajorandtraceelementcomposition.xlsx#sheet4-row=36,,,,,,"[""Zou, Bowen (2024): The bulk-rock composition of the Dehailonggang volcanic-plutonic complex of the East Kunlun Orogen, northern Tibet Plateau. EarthChem Library. https://doi.org/10.60520/IEDA/113338""]",dataset,dataset_metadata,,resolved,,public_download,permitted_research,https://creativecommons.org/licenses/by-sa/4.0/,dataset,true,not_evaluated_for_project_output,2026-08-15T07:00:00Z
rec-eef6a2db88522f1508d99b10812c6bd4be19188e032dd78e10c92a91f7ff814a,src-12e8fc402f7fa5b487b95630aa30f918f5e34d2c6e1299a9252bc2aea356c527,DHLG1-5,Ni,Ni,1.2137254901960783,ppm,rock,,whole_rock_bulk_trace_element,,,,,35.7883,99.4602,,,,,,,ICPMS,,,"Wuhan Samplesolution Analytical Technology Co., Ltd., Wuhan, China",CC-BY-SA-4.0,official_curated,earthchem-dehailonggang-rock,"The bulk-rock composition of the Dehailonggang volcanic-plutonic complex of the East Kunlun Orogen, northern Tibet Plateau",10.60520/IEDA/113338,EarthChem Library dataset 3338 version 1.0 (2024),3338-1_Bulk-rockmajorandtraceelementcomposition.xlsx,20,3338-1_Bulk-rockmajorandtraceelementcomposition.xlsx#sheet3-row=20,https://ecl.earthchem.org/view.php?id=3338,ccdc26ee169919144f7d1c8726eb8075c99b4d9cba30d249906f79c045a12ca7,,,,,,,,,whole rock,rock_whole_rock,exact,,"Dehailonggang complex, East Kunlun Orogen","Dehailonggang complex, East Kunlun Orogen",,,rhyolite,,,,,,,,,,,,,,,,,,not_reported,dataset_parameter,workbook_method_code_to_parameter_join,,ICPMS,Agilent 7700e,,,,3338-1_Bulk-rockmajorandtraceelementcomposition.xlsx#sheet4-row=31,,,,,,"[""Zou, Bowen (2024): The bulk-rock composition of the Dehailonggang volcanic-plutonic complex of the East Kunlun Orogen, northern Tibet Plateau. EarthChem Library. https://doi.org/10.60520/IEDA/113338""]",dataset,dataset_metadata,,resolved,,public_download,permitted_research,https://creativecommons.org/licenses/by-sa/4.0/,dataset,true,not_evaluated_for_project_output,2026-08-15T07:00:00Z
rec-d34a1880762ff9f02138a51202cd7a6941b4885673cd646af28a62b5bb2bd982,src-12e8fc402f7fa5b487b95630aa30f918f5e34d2c6e1299a9252bc2aea356c527,DHLG1-5,Pb,Pb,12.45735294117647,ppm,rock,,whole_rock_bulk_trace_element,,,,,35.7883,99.4602,,,,,,,ICPMS,,,"Wuhan Samplesolution Analytical Technology Co., Ltd., Wuhan, China",CC-BY-SA-4.0,official_curated,earthchem-dehailonggang-rock,"The bulk-rock composition of the Dehailonggang volcanic-plutonic complex of the East Kunlun Orogen, northern Tibet Plateau",10.60520/IEDA/113338,EarthChem Library dataset 3338 version 1.0 (2024),3338-1_Bulk-rockmajorandtraceelementcomposition.xlsx,20,3338-1_Bulk-rockmajorandtraceelementcomposition.xlsx#sheet3-row=20,https://ecl.earthchem.org/view.php?id=3338,ccdc26ee169919144f7d1c8726eb8075c99b4d9cba30d249906f79c045a12ca7,,,,,,,,,whole rock,rock_whole_rock,exact,,"Dehailonggang complex, East Kunlun Orogen","Dehailonggang complex, East Kunlun Orogen",,,rhyolite,,,,,,,,,,,,,,,,,,not_reported,dataset_parameter,workbook_method_code_to_parameter_join,,ICPMS,Agilent 7700e,,,,3338-1_Bulk-rockmajorandtraceelementcomposition.xlsx#sheet4-row=21,,,,,,"[""Zou, Bowen (2024): The bulk-rock composition of the Dehailonggang volcanic-plutonic complex of the East Kunlun Orogen, northern Tibet Plateau. EarthChem Library. https://doi.org/10.60520/IEDA/113338""]",dataset,dataset_metadata,,resolved,,public_download,permitted_research,https://creativecommons.org/licenses/by-sa/4.0/,dataset,true,not_evaluated_for_project_output,2026-08-15T07:00:00Z
rec-c41af0dfc5eeaadddaa1b5dc1cc0ad34c71283787b80ba2dfc4c1c44bf9f3b5d,src-12e8fc402f7fa5b487b95630aa30f918f5e34d2c6e1299a9252bc2aea356c527,DHLG1-5,Zn,Zn,35.210549999999998,ppm,rock,,whole_rock_bulk_trace_element,,,,,35.7883,99.4602,,,,,,,ICPMS,,,"Wuhan Samplesolution Analytical Technology Co., Ltd., Wuhan, China",CC-BY-SA-4.0,official_curated,earthchem-dehailonggang-rock,"The bulk-rock composition of the Dehailonggang volcanic-plutonic complex of the East Kunlun Orogen, northern Tibet Plateau",10.60520/IEDA/113338,EarthChem Library dataset 3338 version 1.0 (2024),3338-1_Bulk-rockmajorandtraceelementcomposition.xlsx,20,3338-1_Bulk-rockmajorandtraceelementcomposition.xlsx#sheet3-row=20,https://ecl.earthchem.org/view.php?id=3338,ccdc26ee169919144f7d1c8726eb8075c99b4d9cba30d249906f79c045a12ca7,,,,,,,,,whole rock,rock_whole_rock,exact,,"Dehailonggang complex, East Kunlun Orogen","Dehailonggang complex, East Kunlun Orogen",,,rhyolite,,,,,,,,,,,,,,,,,,not_reported,dataset_parameter,workbook_method_code_to_parameter_join,,ICPMS,Agilent 7700e,,,,3338-1_Bulk-rockmajorandtraceelementcomposition.xlsx#sheet4-row=35,,,,,,"[""Zou, Bowen (2024): The bulk-rock composition of the Dehailonggang volcanic-plutonic complex of the East Kunlun Orogen, northern Tibet Plateau. EarthChem Library. https://doi.org/10.60520/IEDA/113338""]",dataset,dataset_metadata,,resolved,,public_download,permitted_research,https://creativecommons.org/licenses/by-sa/4.0/,dataset,true,not_evaluated_for_project_output,2026-08-15T07:00:00Z
rec-cb243b8ddb69d3abc1008139a65cea6843913d7f6e54babb3ef598a81a22dfa9,src-31a1fec7046ef440d93fc2131a0fda9e6337c9b585e53abe78a9bad7bf34ba86,DHLG1-3-2,Cr,Cr,4.032,ppm,rock,,whole_rock_bulk_trace_element,,,,,35.7883,99.4602,,,,,,,ICPMS,,,"Wuhan Samplesolution Analytical Technology Co., Ltd., Wuhan, China",CC-BY-SA-4.0,official_curated,earthchem-dehailonggang-rock,"The bulk-rock composition of the Dehailonggang volcanic-plutonic complex of the East Kunlun Orogen, northern Tibet Plateau",10.60520/IEDA/113338,EarthChem Library dataset 3338 version 1.0 (2024),3338-1_Bulk-rockmajorandtraceelementcomposition.xlsx,21,3338-1_Bulk-rockmajorandtraceelementcomposition.xlsx#sheet3-row=21,https://ecl.earthchem.org/view.php?id=3338,ccdc26ee169919144f7d1c8726eb8075c99b4d9cba30d249906f79c045a12ca7,,,,,,,,,whole rock,rock_whole_rock,exact,,"Dehailonggang complex, East Kunlun Orogen","Dehailonggang complex, East Kunlun Orogen",,,rhyolite,,,,,,,,,,,,,,,,,,not_reported,dataset_parameter,workbook_method_code_to_parameter_join,,ICPMS,Agilent 7700e,,,,3338-1_Bulk-rockmajorandtraceelementcomposition.xlsx#sheet4-row=30,,,,,,"[""Zou, Bowen (2024): The bulk-rock composition of the Dehailonggang volcanic-plutonic complex of the East Kunlun Orogen, northern Tibet Plateau. EarthChem Library. https://doi.org/10.60520/IEDA/113338""]",dataset,dataset_metadata,,resolved,,public_download,permitted_research,https://creativecommons.org/licenses/by-sa/4.0/,dataset,true,not_evaluated_for_project_output,2026-08-15T07:00:00Z
rec-6cd00c414955675ecfc83cfc338267fc5100db59b680501f8e9128c118ac7b6f,src-31a1fec7046ef440d93fc2131a0fda9e6337c9b585e53abe78a9bad7bf34ba86,DHLG1-3-2,Cu,Cu,4.6404166666666669,ppm,rock,,whole_rock_bulk_trace_element,,,,,35.7883,99.4602,,,,,,,ICPMS,,,"Wuhan Samplesolution Analytical Technology Co., Ltd., Wuhan, China",CC-BY-SA-4.0,official_curated,earthchem-dehailonggang-rock,"The bulk-rock composition of the Dehailonggang volcanic-plutonic complex of the East Kunlun Orogen, northern Tibet Plateau",10.60520/IEDA/113338,EarthChem Library dataset 3338 version 1.0 (2024),3338-1_Bulk-rockmajorandtraceelementcomposition.xlsx,21,3338-1_Bulk-rockmajorandtraceelementcomposition.xlsx#sheet3-row=21,https://ecl.earthchem.org/view.php?id=3338,ccdc26ee169919144f7d1c8726eb8075c99b4d9cba30d249906f79c045a12ca7,,,,,,,,,whole rock,rock_whole_rock,exact,,"Dehailonggang complex, East Kunlun Orogen","Dehailonggang complex, East Kunlun Orogen",,,rhyolite,,,,,,,,,,,,,,,,,,not_reported,dataset_parameter,workbook_method_code_to_parameter_join,,ICPMS,Agilent 7700e,,,,3338-1_Bulk-rockmajorandtraceelementcomposition.xlsx#sheet4-row=36,,,,,,"[""Zou, Bowen (2024): The bulk-rock composition of the Dehailonggang volcanic-plutonic complex of the East Kunlun Orogen, northern Tibet Plateau. EarthChem Library. https://doi.org/10.60520/IEDA/113338""]",dataset,dataset_metadata,,resolved,,public_download,permitted_research,https://creativecommons.org/licenses/by-sa/4.0/,dataset,true,not_evaluated_for_project_output,2026-08-15T07:00:00Z
rec-c0d9eebefc5148d2e8be35dfb1b25a7b022c2aaf920ff2a9563d293388cd4e76,src-31a1fec7046ef440d93fc2131a0fda9e6337c9b585e53abe78a9bad7bf34ba86,DHLG1-3-2,Ni,Ni,3.4509803921568629,ppm,rock,,whole_rock_bulk_trace_element,,,,,35.7883,99.4602,,,,,,,ICPMS,,,"Wuhan Samplesolution Analytical Technology Co., Ltd., Wuhan, China",CC-BY-SA-4.0,official_curated,earthchem-dehailonggang-rock,"The bulk-rock composition of the Dehailonggang volcanic-plutonic complex of the East Kunlun Orogen, northern Tibet Plateau",10.60520/IEDA/113338,EarthChem Library dataset 3338 version 1.0 (2024),3338-1_Bulk-rockmajorandtraceelementcomposition.xlsx,21,3338-1_Bulk-rockmajorandtraceelementcomposition.xlsx#sheet3-row=21,https://ecl.earthchem.org/view.php?id=3338,ccdc26ee169919144f7d1c8726eb8075c99b4d9cba30d249906f79c045a12ca7,,,,,,,,,whole rock,rock_whole_rock,exact,,"Dehailonggang complex, East Kunlun Orogen","Dehailonggang complex, East Kunlun Orogen",,,rhyolite,,,,,,,,,,,,,,,,,,not_reported,dataset_parameter,workbook_method_code_to_parameter_join,,ICPMS,Agilent 7700e,,,,3338-1_Bulk-rockmajorandtraceelementcomposition.xlsx#sheet4-row=31,,,,,,"[""Zou, Bowen (2024): The bulk-rock composition of the Dehailonggang volcanic-plutonic complex of the East Kunlun Orogen, northern Tibet Plateau. EarthChem Library. https://doi.org/10.60520/IEDA/113338""]",dataset,dataset_metadata,,resolved,,public_download,permitted_research,https://creativecommons.org/licenses/by-sa/4.0/,dataset,true,not_evaluated_for_project_output,2026-08-15T07:00:00Z
rec-cc1e9bc2772889eee8732749a7aa383334015eb649e85044bdc18f96b44be659,src-31a1fec7046ef440d93fc2131a0fda9e6337c9b585e53abe78a9bad7bf34ba86,DHLG1-3-2,Pb,Pb,16.04470588235294,ppm,rock,,whole_rock_bulk_trace_element,,,,,35.7883,99.4602,,,,,,,ICPMS,,,"Wuhan Samplesolution Analytical Technology Co., Ltd., Wuhan, China",CC-BY-SA-4.0,official_curated,earthchem-dehailonggang-rock,"The bulk-rock composition of the Dehailonggang volcanic-plutonic complex of the East Kunlun Orogen, northern Tibet Plateau",10.60520/IEDA/113338,EarthChem Library dataset 3338 version 1.0 (2024),3338-1_Bulk-rockmajorandtraceelementcomposition.xlsx,21,3338-1_Bulk-rockmajorandtraceelementcomposition.xlsx#sheet3-row=21,https://ecl.earthchem.org/view.php?id=3338,ccdc26ee169919144f7d1c8726eb8075c99b4d9cba30d249906f79c045a12ca7,,,,,,,,,whole rock,rock_whole_rock,exact,,"Dehailonggang complex, East Kunlun Orogen","Dehailonggang complex, East Kunlun Orogen",,,rhyolite,,,,,,,,,,,,,,,,,,not_reported,dataset_parameter,workbook_method_code_to_parameter_join,,ICPMS,Agilent 7700e,,,,3338-1_Bulk-rockmajorandtraceelementcomposition.xlsx#sheet4-row=21,,,,,,"[""Zou, Bowen (2024): The bulk-rock composition of the Dehailonggang volcanic-plutonic complex of the East Kunlun Orogen, northern Tibet Plateau. EarthChem Library. https://doi.org/10.60520/IEDA/113338""]",dataset,dataset_metadata,,resolved,,public_download,permitted_research,https://creativecommons.org/licenses/by-sa/4.0/,dataset,true,not_evaluated_for_project_output,2026-08-15T07:00:00Z
rec-8c375003df99e569a427d710e9a308673475153a2550bd19bc345540855d1cb6,src-31a1fec7046ef440d93fc2131a0fda9e6337c9b585e53abe78a9bad7bf34ba86,DHLG1-3-2,Zn,Zn,28.541029999999999,ppm,rock,,whole_rock_bulk_trace_element,,,,,35.7883,99.4602,,,,,,,ICPMS,,,"Wuhan Samplesolution Analytical Technology Co., Ltd., Wuhan, China",CC-BY-SA-4.0,official_curated,earthchem-dehailonggang-rock,"The bulk-rock composition of the Dehailonggang volcanic-plutonic complex of the East Kunlun Orogen, northern Tibet Plateau",10.60520/IEDA/113338,EarthChem Library dataset 3338 version 1.0 (2024),3338-1_Bulk-rockmajorandtraceelementcomposition.xlsx,21,3338-1_Bulk-rockmajorandtraceelementcomposition.xlsx#sheet3-row=21,https://ecl.earthchem.org/view.php?id=3338,ccdc26ee169919144f7d1c8726eb8075c99b4d9cba30d249906f79c045a12ca7,,,,,,,,,whole rock,rock_whole_rock,exact,,"Dehailonggang complex, East Kunlun Orogen","Dehailonggang complex, East Kunlun Orogen",,,rhyolite,,,,,,,,,,,,,,,,,,not_reported,dataset_parameter,workbook_method_code_to_parameter_join,,ICPMS,Agilent 7700e,,,,3338-1_Bulk-rockmajorandtraceelementcomposition.xlsx#sheet4-row=35,,,,,,"[""Zou, Bowen (2024): The bulk-rock composition of the Dehailonggang volcanic-plutonic complex of the East Kunlun Orogen, northern Tibet Plateau. EarthChem Library. https://doi.org/10.60520/IEDA/113338""]",dataset,dataset_metadata,,resolved,,public_download,permitted_research,https://creativecommons.org/licenses/by-sa/4.0/,dataset,true,not_evaluated_for_project_output,2026-08-15T07:00:00Z
