record_id,source_record_id,sample_id,element_or_analyte,value,unit,medium,measurement_basis,value_qualifier,detection_limit,detection_limit_unit,latitude,longitude,source_crs,coordinate_uncertainty_m,geologic_unit,analytical_method,digestion_or_extraction,laboratory,license,source_tier,source_id,source_locator,sampled_at,sample_depth_min_m,sample_depth_max_m,grain_fraction,sample_type_raw,sample_type,sample_type_mapping_status,sample_type_missing_reason,geographic_context_raw,survey_area,map_sheet,cruise_track,lithology_raw,lithology,soil_horizon_raw,soil_horizon,sediment_environment,water_body_type,water_fraction,filtered_state,geologic_unit_raw,geologic_age_raw,tectonic_setting_raw,matched_geologic_unit,geology_map_source,geology_map_version,match_method,match_scale,boundary_distance_m,match_uncertainty,geology_missing_reason,method_scope,method_assignment_basis,preparation,analytical_technique,instrument,quantitation_limit,quantitation_limit_unit,reference_materials,method_source_locator,method_publication_id,method_missing_reason,citation_id_raw,publication_id,publication_doi,citation_text_raw,citation_scope,citation_assignment_basis,upstream_primary_source_id,citation_resolution_status,citation_missing_reason,access_status,research_use_status,license_url,license_scope,attribution_required,redistribution_status,terms_verified_at
rec-f4b08381d3f51d97a8895869f6ef0a2365c6a5b5719e421c1d8da91e197ac8e3,src-7d02abe56dcc1665bc49c1c5bf751597e2575dbe356dfc2027124679f7b04636,R1461MC51A_00-01 cm,As,21.7,mg/kg,sediment,dry_weight_partial_nitric_acid,,2.0,mg/kg,73.353977,33.527978,EPSG:4326,,,Inductively coupled plasma atomic emission spectroscopy (ICP-OES),Metoden anvendes på analyseløsninger fremstilt ved ekstraksjon med 7 M HNO3 i autoklav i samsvar med Norsk Standard - NS 4770,NGU-Laboratory,CC-BY-4.0,government,norway-marchem,MarChem_Inorganic_Data_20260805T102709Z.csv#row=2,2015,0,0.01,,marine sediment,sediment_marine,dataset_constant,,,,,,,,,,marine,,,,,,,,,,,,,,not_reported,batch,batch_code_to_method_metadata_join,,Inductively coupled plasma atomic emission spectroscopy (ICP-OES),,,,,MarChem_Inorganic_LabParameter_20260805T102709Z.csv#row=11,,,,,,"[""Institute of Marine Research and Geological Survey of Norway. MarChem marine chemistry database, content-addressed API snapshot observed 2026-08-05T10:27:11Z.""]",dataset,dataset_metadata,,resolved,,public_download,permitted_research,https://creativecommons.org/licenses/by/4.0/,dataset,true,not_evaluated_for_project_output,2026-08-06T10:05:00Z
rec-dccd06f7d486eba6b41c69502ada001d0499bc684f1c0d598f00630c2d521a86,src-7d02abe56dcc1665bc49c1c5bf751597e2575dbe356dfc2027124679f7b04636,R1461MC51A_00-01 cm,Cu,15.2,mg/kg,sediment,dry_weight_partial_nitric_acid,,1.0,mg/kg,73.353977,33.527978,EPSG:4326,,,Inductively coupled plasma atomic emission spectroscopy (ICP-OES),Metoden anvendes på analyseløsninger fremstilt ved ekstraksjon med 7 M HNO3 i autoklav i samsvar med Norsk Standard - NS 4770,NGU-Laboratory,CC-BY-4.0,government,norway-marchem,MarChem_Inorganic_Data_20260805T102709Z.csv#row=2,2015,0,0.01,,marine sediment,sediment_marine,dataset_constant,,,,,,,,,,marine,,,,,,,,,,,,,,not_reported,batch,batch_code_to_method_metadata_join,,Inductively coupled plasma atomic emission spectroscopy (ICP-OES),,,,,MarChem_Inorganic_LabParameter_20260805T102709Z.csv#row=42,,,,,,"[""Institute of Marine Research and Geological Survey of Norway. MarChem marine chemistry database, content-addressed API snapshot observed 2026-08-05T10:27:11Z.""]",dataset,dataset_metadata,,resolved,,public_download,permitted_research,https://creativecommons.org/licenses/by/4.0/,dataset,true,not_evaluated_for_project_output,2026-08-06T10:05:00Z
rec-ac08ce0a086f1b60a4689e5506710012c78cbf44961fd2a537db4681d44f483f,src-7d02abe56dcc1665bc49c1c5bf751597e2575dbe356dfc2027124679f7b04636,R1461MC51A_00-01 cm,Ni,27.4,mg/kg,sediment,dry_weight_partial_nitric_acid,,1.0,mg/kg,73.353977,33.527978,EPSG:4326,,,Inductively coupled plasma atomic emission spectroscopy (ICP-OES),Metoden anvendes på analyseløsninger fremstilt ved ekstraksjon med 7 M HNO3 i autoklav i samsvar med Norsk Standard - NS 4770,NGU-Laboratory,CC-BY-4.0,government,norway-marchem,MarChem_Inorganic_Data_20260805T102709Z.csv#row=2,2015,0,0.01,,marine sediment,sediment_marine,dataset_constant,,,,,,,,,,marine,,,,,,,,,,,,,,not_reported,batch,batch_code_to_method_metadata_join,,Inductively coupled plasma atomic emission spectroscopy (ICP-OES),,,,,MarChem_Inorganic_LabParameter_20260805T102709Z.csv#row=60,,,,,,"[""Institute of Marine Research and Geological Survey of Norway. MarChem marine chemistry database, content-addressed API snapshot observed 2026-08-05T10:27:11Z.""]",dataset,dataset_metadata,,resolved,,public_download,permitted_research,https://creativecommons.org/licenses/by/4.0/,dataset,true,not_evaluated_for_project_output,2026-08-06T10:05:00Z
rec-12932de3f77a052987367261a3292d8a1c279e68e3dbdb866027c04b0bc26833,src-7d02abe56dcc1665bc49c1c5bf751597e2575dbe356dfc2027124679f7b04636,R1461MC51A_00-01 cm,Zn,70.4,mg/kg,sediment,dry_weight_partial_nitric_acid,,2.0,mg/kg,73.353977,33.527978,EPSG:4326,,,Inductively coupled plasma atomic emission spectroscopy (ICP-OES),Metoden anvendes på analyseløsninger fremstilt ved ekstraksjon med 7 M HNO3 i autoklav i samsvar med Norsk Standard - NS 4770,NGU-Laboratory,CC-BY-4.0,government,norway-marchem,MarChem_Inorganic_Data_20260805T102709Z.csv#row=2,2015,0,0.01,,marine sediment,sediment_marine,dataset_constant,,,,,,,,,,marine,,,,,,,,,,,,,,not_reported,batch,batch_code_to_method_metadata_join,,Inductively coupled plasma atomic emission spectroscopy (ICP-OES),,,,,MarChem_Inorganic_LabParameter_20260805T102709Z.csv#row=81,,,,,,"[""Institute of Marine Research and Geological Survey of Norway. MarChem marine chemistry database, content-addressed API snapshot observed 2026-08-05T10:27:11Z.""]",dataset,dataset_metadata,,resolved,,public_download,permitted_research,https://creativecommons.org/licenses/by/4.0/,dataset,true,not_evaluated_for_project_output,2026-08-06T10:05:00Z
rec-24630263c56fcc49a74fe91dad1bb3b2875a00dae4124f202b83cf84880512f7,src-6b71c07f9cb447baea69caaac77f7654081dc26930da57e9914070a766549a83,R1474BC97A_11-12 cm,As,7.1,mg/kg,sediment,dry_weight_partial_nitric_acid,,2.0,mg/kg,73.046997,35.747727,EPSG:4326,,,Inductively coupled plasma atomic emission spectroscopy (ICP-OES),Metoden anvendes på analyseløsninger fremstilt ved ekstraksjon med 7 M HNO3 i autoklav i samsvar med Norsk Standard - NS 4770,NGU-Laboratory,CC-BY-4.0,government,norway-marchem,MarChem_Inorganic_Data_20260805T102709Z.csv#row=39,2015,0.11,0.12,,marine sediment,sediment_marine,dataset_constant,,,,,,,,,,marine,,,,,,,,,,,,,,not_reported,batch,batch_code_to_method_metadata_join,,Inductively coupled plasma atomic emission spectroscopy (ICP-OES),,,,,MarChem_Inorganic_LabParameter_20260805T102709Z.csv#row=11,,,,,,"[""Institute of Marine Research and Geological Survey of Norway. MarChem marine chemistry database, content-addressed API snapshot observed 2026-08-05T10:27:11Z.""]",dataset,dataset_metadata,,resolved,,public_download,permitted_research,https://creativecommons.org/licenses/by/4.0/,dataset,true,not_evaluated_for_project_output,2026-08-06T10:05:00Z
rec-8ab6e8acd7570499b09ac4a8166cd63aaa3c651bb4c8085ebbb5f9dd4c9ba578,src-6b71c07f9cb447baea69caaac77f7654081dc26930da57e9914070a766549a83,R1474BC97A_11-12 cm,Cu,15.4,mg/kg,sediment,dry_weight_partial_nitric_acid,,1.0,mg/kg,73.046997,35.747727,EPSG:4326,,,Inductively coupled plasma atomic emission spectroscopy (ICP-OES),Metoden anvendes på analyseløsninger fremstilt ved ekstraksjon med 7 M HNO3 i autoklav i samsvar med Norsk Standard - NS 4770,NGU-Laboratory,CC-BY-4.0,government,norway-marchem,MarChem_Inorganic_Data_20260805T102709Z.csv#row=39,2015,0.11,0.12,,marine sediment,sediment_marine,dataset_constant,,,,,,,,,,marine,,,,,,,,,,,,,,not_reported,batch,batch_code_to_method_metadata_join,,Inductively coupled plasma atomic emission spectroscopy (ICP-OES),,,,,MarChem_Inorganic_LabParameter_20260805T102709Z.csv#row=42,,,,,,"[""Institute of Marine Research and Geological Survey of Norway. MarChem marine chemistry database, content-addressed API snapshot observed 2026-08-05T10:27:11Z.""]",dataset,dataset_metadata,,resolved,,public_download,permitted_research,https://creativecommons.org/licenses/by/4.0/,dataset,true,not_evaluated_for_project_output,2026-08-06T10:05:00Z
rec-0058596898e83bbcfea8b81ff7f6d8f7d08cfbd70b54b1477e44150b6df5c083,src-6b71c07f9cb447baea69caaac77f7654081dc26930da57e9914070a766549a83,R1474BC97A_11-12 cm,Ni,29.3,mg/kg,sediment,dry_weight_partial_nitric_acid,,1.0,mg/kg,73.046997,35.747727,EPSG:4326,,,Inductively coupled plasma atomic emission spectroscopy (ICP-OES),Metoden anvendes på analyseløsninger fremstilt ved ekstraksjon med 7 M HNO3 i autoklav i samsvar med Norsk Standard - NS 4770,NGU-Laboratory,CC-BY-4.0,government,norway-marchem,MarChem_Inorganic_Data_20260805T102709Z.csv#row=39,2015,0.11,0.12,,marine sediment,sediment_marine,dataset_constant,,,,,,,,,,marine,,,,,,,,,,,,,,not_reported,batch,batch_code_to_method_metadata_join,,Inductively coupled plasma atomic emission spectroscopy (ICP-OES),,,,,MarChem_Inorganic_LabParameter_20260805T102709Z.csv#row=60,,,,,,"[""Institute of Marine Research and Geological Survey of Norway. MarChem marine chemistry database, content-addressed API snapshot observed 2026-08-05T10:27:11Z.""]",dataset,dataset_metadata,,resolved,,public_download,permitted_research,https://creativecommons.org/licenses/by/4.0/,dataset,true,not_evaluated_for_project_output,2026-08-06T10:05:00Z
rec-8a9ecf5805136c5647a1bbb41b1eac36848ca6b8270b9b48dff1df5863ca452c,src-6b71c07f9cb447baea69caaac77f7654081dc26930da57e9914070a766549a83,R1474BC97A_11-12 cm,Zn,66.3,mg/kg,sediment,dry_weight_partial_nitric_acid,,2.0,mg/kg,73.046997,35.747727,EPSG:4326,,,Inductively coupled plasma atomic emission spectroscopy (ICP-OES),Metoden anvendes på analyseløsninger fremstilt ved ekstraksjon med 7 M HNO3 i autoklav i samsvar med Norsk Standard - NS 4770,NGU-Laboratory,CC-BY-4.0,government,norway-marchem,MarChem_Inorganic_Data_20260805T102709Z.csv#row=39,2015,0.11,0.12,,marine sediment,sediment_marine,dataset_constant,,,,,,,,,,marine,,,,,,,,,,,,,,not_reported,batch,batch_code_to_method_metadata_join,,Inductively coupled plasma atomic emission spectroscopy (ICP-OES),,,,,MarChem_Inorganic_LabParameter_20260805T102709Z.csv#row=81,,,,,,"[""Institute of Marine Research and Geological Survey of Norway. MarChem marine chemistry database, content-addressed API snapshot observed 2026-08-05T10:27:11Z.""]",dataset,dataset_metadata,,resolved,,public_download,permitted_research,https://creativecommons.org/licenses/by/4.0/,dataset,true,not_evaluated_for_project_output,2026-08-06T10:05:00Z
rec-6faabf1fd348a7833b78585925862f6b196b28039f188e9b42f288f5ed5255ae,src-ddbc3a3e2e68d6d9cc5e25cd3ea0beb12952a7e93544a36fadbcde376f3ec69e,R1492MC56A_00-01 cm,As,29.9,mg/kg,sediment,dry_weight_partial_nitric_acid,,2.0,mg/kg,73.5998,36.5767,EPSG:4326,,,Inductively coupled plasma atomic emission spectroscopy (ICP-OES),Metoden anvendes på analyseløsninger fremstilt ved ekstraksjon med 7 M HNO3 i autoklav i samsvar med Norsk Standard - NS 4770,NGU-Laboratory,CC-BY-4.0,government,norway-marchem,MarChem_Inorganic_Data_20260805T102709Z.csv#row=76,2015,0,0.01,,marine sediment,sediment_marine,dataset_constant,,,,,,,,,,marine,,,,,,,,,,,,,,not_reported,batch,batch_code_to_method_metadata_join,,Inductively coupled plasma atomic emission spectroscopy (ICP-OES),,,,,MarChem_Inorganic_LabParameter_20260805T102709Z.csv#row=11,,,,,,"[""Institute of Marine Research and Geological Survey of Norway. MarChem marine chemistry database, content-addressed API snapshot observed 2026-08-05T10:27:11Z.""]",dataset,dataset_metadata,,resolved,,public_download,permitted_research,https://creativecommons.org/licenses/by/4.0/,dataset,true,not_evaluated_for_project_output,2026-08-06T10:05:00Z
rec-fd7f24d2b542f1b007e6b68aeb0d08e5f377717c20871dd4ad786bbb9c96fe08,src-ddbc3a3e2e68d6d9cc5e25cd3ea0beb12952a7e93544a36fadbcde376f3ec69e,R1492MC56A_00-01 cm,Cu,13.9,mg/kg,sediment,dry_weight_partial_nitric_acid,,1.0,mg/kg,73.5998,36.5767,EPSG:4326,,,Inductively coupled plasma atomic emission spectroscopy (ICP-OES),Metoden anvendes på analyseløsninger fremstilt ved ekstraksjon med 7 M HNO3 i autoklav i samsvar med Norsk Standard - NS 4770,NGU-Laboratory,CC-BY-4.0,government,norway-marchem,MarChem_Inorganic_Data_20260805T102709Z.csv#row=76,2015,0,0.01,,marine sediment,sediment_marine,dataset_constant,,,,,,,,,,marine,,,,,,,,,,,,,,not_reported,batch,batch_code_to_method_metadata_join,,Inductively coupled plasma atomic emission spectroscopy (ICP-OES),,,,,MarChem_Inorganic_LabParameter_20260805T102709Z.csv#row=42,,,,,,"[""Institute of Marine Research and Geological Survey of Norway. MarChem marine chemistry database, content-addressed API snapshot observed 2026-08-05T10:27:11Z.""]",dataset,dataset_metadata,,resolved,,public_download,permitted_research,https://creativecommons.org/licenses/by/4.0/,dataset,true,not_evaluated_for_project_output,2026-08-06T10:05:00Z
rec-fd864853c07b21c9183bd7adb21e1d96a2395627bf3b6f55390569318b0b5d17,src-ddbc3a3e2e68d6d9cc5e25cd3ea0beb12952a7e93544a36fadbcde376f3ec69e,R1492MC56A_00-01 cm,Ni,22.9,mg/kg,sediment,dry_weight_partial_nitric_acid,,1.0,mg/kg,73.5998,36.5767,EPSG:4326,,,Inductively coupled plasma atomic emission spectroscopy (ICP-OES),Metoden anvendes på analyseløsninger fremstilt ved ekstraksjon med 7 M HNO3 i autoklav i samsvar med Norsk Standard - NS 4770,NGU-Laboratory,CC-BY-4.0,government,norway-marchem,MarChem_Inorganic_Data_20260805T102709Z.csv#row=76,2015,0,0.01,,marine sediment,sediment_marine,dataset_constant,,,,,,,,,,marine,,,,,,,,,,,,,,not_reported,batch,batch_code_to_method_metadata_join,,Inductively coupled plasma atomic emission spectroscopy (ICP-OES),,,,,MarChem_Inorganic_LabParameter_20260805T102709Z.csv#row=60,,,,,,"[""Institute of Marine Research and Geological Survey of Norway. MarChem marine chemistry database, content-addressed API snapshot observed 2026-08-05T10:27:11Z.""]",dataset,dataset_metadata,,resolved,,public_download,permitted_research,https://creativecommons.org/licenses/by/4.0/,dataset,true,not_evaluated_for_project_output,2026-08-06T10:05:00Z
rec-79447b6cbf74fbc7f98f2a972fa7ef3f54c3bb208fbb57e5f1dae3cef04b210b,src-ddbc3a3e2e68d6d9cc5e25cd3ea0beb12952a7e93544a36fadbcde376f3ec69e,R1492MC56A_00-01 cm,Zn,58.8,mg/kg,sediment,dry_weight_partial_nitric_acid,,2.0,mg/kg,73.5998,36.5767,EPSG:4326,,,Inductively coupled plasma atomic emission spectroscopy (ICP-OES),Metoden anvendes på analyseløsninger fremstilt ved ekstraksjon med 7 M HNO3 i autoklav i samsvar med Norsk Standard - NS 4770,NGU-Laboratory,CC-BY-4.0,government,norway-marchem,MarChem_Inorganic_Data_20260805T102709Z.csv#row=76,2015,0,0.01,,marine sediment,sediment_marine,dataset_constant,,,,,,,,,,marine,,,,,,,,,,,,,,not_reported,batch,batch_code_to_method_metadata_join,,Inductively coupled plasma atomic emission spectroscopy (ICP-OES),,,,,MarChem_Inorganic_LabParameter_20260805T102709Z.csv#row=81,,,,,,"[""Institute of Marine Research and Geological Survey of Norway. MarChem marine chemistry database, content-addressed API snapshot observed 2026-08-05T10:27:11Z.""]",dataset,dataset_metadata,,resolved,,public_download,permitted_research,https://creativecommons.org/licenses/by/4.0/,dataset,true,not_evaluated_for_project_output,2026-08-06T10:05:00Z
rec-dda0c9fcfbd38e6b027121abb980b1b279d2dd3c7d9048d92cc6adf6e8cd2965,src-1ebb243634fc886c180dc8955fc4deaa5becd9a3910627b74315d3224ae497d8,R1509MC94A_11-12 cm,As,3.9,mg/kg,sediment,dry_weight_partial_nitric_acid,,2.0,mg/kg,65.0408,6.2500,EPSG:4326,,,Inductively coupled plasma atomic emission spectroscopy (ICP-OES),Metoden anvendes på analyseløsninger fremstilt ved ekstraksjon med 7 M HNO3 i autoklav i samsvar med Norsk Standard - NS 4770,NGU-Laboratory,CC-BY-4.0,government,norway-marchem,MarChem_Inorganic_Data_20260805T102709Z.csv#row=113,2015,0.11,0.12,,marine sediment,sediment_marine,dataset_constant,,,,,,,,,,marine,,,,,,,,,,,,,,not_reported,batch,batch_code_to_method_metadata_join,,Inductively coupled plasma atomic emission spectroscopy (ICP-OES),,,,,MarChem_Inorganic_LabParameter_20260805T102709Z.csv#row=11,,,,,,"[""Institute of Marine Research and Geological Survey of Norway. MarChem marine chemistry database, content-addressed API snapshot observed 2026-08-05T10:27:11Z.""]",dataset,dataset_metadata,,resolved,,public_download,permitted_research,https://creativecommons.org/licenses/by/4.0/,dataset,true,not_evaluated_for_project_output,2026-08-06T10:05:00Z
rec-31c2cbe87dd5978155a033d450ad578066466b24bfb3816b15c856240d559fe9,src-1ebb243634fc886c180dc8955fc4deaa5becd9a3910627b74315d3224ae497d8,R1509MC94A_11-12 cm,Cu,5.7,mg/kg,sediment,dry_weight_partial_nitric_acid,,1.0,mg/kg,65.0408,6.2500,EPSG:4326,,,Inductively coupled plasma atomic emission spectroscopy (ICP-OES),Metoden anvendes på analyseløsninger fremstilt ved ekstraksjon med 7 M HNO3 i autoklav i samsvar med Norsk Standard - NS 4770,NGU-Laboratory,CC-BY-4.0,government,norway-marchem,MarChem_Inorganic_Data_20260805T102709Z.csv#row=113,2015,0.11,0.12,,marine sediment,sediment_marine,dataset_constant,,,,,,,,,,marine,,,,,,,,,,,,,,not_reported,batch,batch_code_to_method_metadata_join,,Inductively coupled plasma atomic emission spectroscopy (ICP-OES),,,,,MarChem_Inorganic_LabParameter_20260805T102709Z.csv#row=42,,,,,,"[""Institute of Marine Research and Geological Survey of Norway. MarChem marine chemistry database, content-addressed API snapshot observed 2026-08-05T10:27:11Z.""]",dataset,dataset_metadata,,resolved,,public_download,permitted_research,https://creativecommons.org/licenses/by/4.0/,dataset,true,not_evaluated_for_project_output,2026-08-06T10:05:00Z
rec-8604fc061b27ae9d25586a6bf8a5bae0774fe4e95d9cf6ccbda65626d7064b73,src-1ebb243634fc886c180dc8955fc4deaa5becd9a3910627b74315d3224ae497d8,R1509MC94A_11-12 cm,Ni,12.2,mg/kg,sediment,dry_weight_partial_nitric_acid,,1.0,mg/kg,65.0408,6.2500,EPSG:4326,,,Inductively coupled plasma atomic emission spectroscopy (ICP-OES),Metoden anvendes på analyseløsninger fremstilt ved ekstraksjon med 7 M HNO3 i autoklav i samsvar med Norsk Standard - NS 4770,NGU-Laboratory,CC-BY-4.0,government,norway-marchem,MarChem_Inorganic_Data_20260805T102709Z.csv#row=113,2015,0.11,0.12,,marine sediment,sediment_marine,dataset_constant,,,,,,,,,,marine,,,,,,,,,,,,,,not_reported,batch,batch_code_to_method_metadata_join,,Inductively coupled plasma atomic emission spectroscopy (ICP-OES),,,,,MarChem_Inorganic_LabParameter_20260805T102709Z.csv#row=60,,,,,,"[""Institute of Marine Research and Geological Survey of Norway. MarChem marine chemistry database, content-addressed API snapshot observed 2026-08-05T10:27:11Z.""]",dataset,dataset_metadata,,resolved,,public_download,permitted_research,https://creativecommons.org/licenses/by/4.0/,dataset,true,not_evaluated_for_project_output,2026-08-06T10:05:00Z
rec-ce3ab261803c4b8b828e0952272eb1b845f6d90a314fa9f38e6cf1f88b574e4d,src-1ebb243634fc886c180dc8955fc4deaa5becd9a3910627b74315d3224ae497d8,R1509MC94A_11-12 cm,Zn,27.6,mg/kg,sediment,dry_weight_partial_nitric_acid,,2.0,mg/kg,65.0408,6.2500,EPSG:4326,,,Inductively coupled plasma atomic emission spectroscopy (ICP-OES),Metoden anvendes på analyseløsninger fremstilt ved ekstraksjon med 7 M HNO3 i autoklav i samsvar med Norsk Standard - NS 4770,NGU-Laboratory,CC-BY-4.0,government,norway-marchem,MarChem_Inorganic_Data_20260805T102709Z.csv#row=113,2015,0.11,0.12,,marine sediment,sediment_marine,dataset_constant,,,,,,,,,,marine,,,,,,,,,,,,,,not_reported,batch,batch_code_to_method_metadata_join,,Inductively coupled plasma atomic emission spectroscopy (ICP-OES),,,,,MarChem_Inorganic_LabParameter_20260805T102709Z.csv#row=81,,,,,,"[""Institute of Marine Research and Geological Survey of Norway. MarChem marine chemistry database, content-addressed API snapshot observed 2026-08-05T10:27:11Z.""]",dataset,dataset_metadata,,resolved,,public_download,permitted_research,https://creativecommons.org/licenses/by/4.0/,dataset,true,not_evaluated_for_project_output,2026-08-06T10:05:00Z
rec-12ec5298282502a075366c69a0e74b5a45115b0fd4c42f8ebb246bda3fa4d82d,src-7c7d3b800d7e1c37d8c92a617af2012d748abdc200cb83779d2077b7b9b8165c,R1521MC96A_32-33 cm,As,3.9,mg/kg,sediment,dry_weight_partial_nitric_acid,,2.0,mg/kg,64.4898,6.1622,EPSG:4326,,,Inductively coupled plasma atomic emission spectroscopy (ICP-OES),Metoden anvendes på analyseløsninger fremstilt ved ekstraksjon med 7 M HNO3 i autoklav i samsvar med Norsk Standard - NS 4770,NGU-Laboratory,CC-BY-4.0,government,norway-marchem,MarChem_Inorganic_Data_20260805T102709Z.csv#row=149,2015,0.32,0.33,,marine sediment,sediment_marine,dataset_constant,,,,,,,,,,marine,,,,,,,,,,,,,,not_reported,batch,batch_code_to_method_metadata_join,,Inductively coupled plasma atomic emission spectroscopy (ICP-OES),,,,,MarChem_Inorganic_LabParameter_20260805T102709Z.csv#row=11,,,,,,"[""Institute of Marine Research and Geological Survey of Norway. MarChem marine chemistry database, content-addressed API snapshot observed 2026-08-05T10:27:11Z.""]",dataset,dataset_metadata,,resolved,,public_download,permitted_research,https://creativecommons.org/licenses/by/4.0/,dataset,true,not_evaluated_for_project_output,2026-08-06T10:05:00Z
rec-4d1f81d9955060f051ba0f482d71bbc6efa02c950dee8423e7a6b24315e0ee81,src-7c7d3b800d7e1c37d8c92a617af2012d748abdc200cb83779d2077b7b9b8165c,R1521MC96A_32-33 cm,Cu,4.9,mg/kg,sediment,dry_weight_partial_nitric_acid,,1.0,mg/kg,64.4898,6.1622,EPSG:4326,,,Inductively coupled plasma atomic emission spectroscopy (ICP-OES),Metoden anvendes på analyseløsninger fremstilt ved ekstraksjon med 7 M HNO3 i autoklav i samsvar med Norsk Standard - NS 4770,NGU-Laboratory,CC-BY-4.0,government,norway-marchem,MarChem_Inorganic_Data_20260805T102709Z.csv#row=149,2015,0.32,0.33,,marine sediment,sediment_marine,dataset_constant,,,,,,,,,,marine,,,,,,,,,,,,,,not_reported,batch,batch_code_to_method_metadata_join,,Inductively coupled plasma atomic emission spectroscopy (ICP-OES),,,,,MarChem_Inorganic_LabParameter_20260805T102709Z.csv#row=42,,,,,,"[""Institute of Marine Research and Geological Survey of Norway. MarChem marine chemistry database, content-addressed API snapshot observed 2026-08-05T10:27:11Z.""]",dataset,dataset_metadata,,resolved,,public_download,permitted_research,https://creativecommons.org/licenses/by/4.0/,dataset,true,not_evaluated_for_project_output,2026-08-06T10:05:00Z
rec-9438a9df8d2ddde5ee72dc082c5ae2fc8980a6267c757683a472878d8b77eb5d,src-7c7d3b800d7e1c37d8c92a617af2012d748abdc200cb83779d2077b7b9b8165c,R1521MC96A_32-33 cm,Ni,11.4,mg/kg,sediment,dry_weight_partial_nitric_acid,,1.0,mg/kg,64.4898,6.1622,EPSG:4326,,,Inductively coupled plasma atomic emission spectroscopy (ICP-OES),Metoden anvendes på analyseløsninger fremstilt ved ekstraksjon med 7 M HNO3 i autoklav i samsvar med Norsk Standard - NS 4770,NGU-Laboratory,CC-BY-4.0,government,norway-marchem,MarChem_Inorganic_Data_20260805T102709Z.csv#row=149,2015,0.32,0.33,,marine sediment,sediment_marine,dataset_constant,,,,,,,,,,marine,,,,,,,,,,,,,,not_reported,batch,batch_code_to_method_metadata_join,,Inductively coupled plasma atomic emission spectroscopy (ICP-OES),,,,,MarChem_Inorganic_LabParameter_20260805T102709Z.csv#row=60,,,,,,"[""Institute of Marine Research and Geological Survey of Norway. MarChem marine chemistry database, content-addressed API snapshot observed 2026-08-05T10:27:11Z.""]",dataset,dataset_metadata,,resolved,,public_download,permitted_research,https://creativecommons.org/licenses/by/4.0/,dataset,true,not_evaluated_for_project_output,2026-08-06T10:05:00Z
rec-b227c47c3bfc7de8d7e86bc95d9b372c575456a4d5eb75eeb4b77272dca8874a,src-7c7d3b800d7e1c37d8c92a617af2012d748abdc200cb83779d2077b7b9b8165c,R1521MC96A_32-33 cm,Zn,26.3,mg/kg,sediment,dry_weight_partial_nitric_acid,,2.0,mg/kg,64.4898,6.1622,EPSG:4326,,,Inductively coupled plasma atomic emission spectroscopy (ICP-OES),Metoden anvendes på analyseløsninger fremstilt ved ekstraksjon med 7 M HNO3 i autoklav i samsvar med Norsk Standard - NS 4770,NGU-Laboratory,CC-BY-4.0,government,norway-marchem,MarChem_Inorganic_Data_20260805T102709Z.csv#row=149,2015,0.32,0.33,,marine sediment,sediment_marine,dataset_constant,,,,,,,,,,marine,,,,,,,,,,,,,,not_reported,batch,batch_code_to_method_metadata_join,,Inductively coupled plasma atomic emission spectroscopy (ICP-OES),,,,,MarChem_Inorganic_LabParameter_20260805T102709Z.csv#row=81,,,,,,"[""Institute of Marine Research and Geological Survey of Norway. MarChem marine chemistry database, content-addressed API snapshot observed 2026-08-05T10:27:11Z.""]",dataset,dataset_metadata,,resolved,,public_download,permitted_research,https://creativecommons.org/licenses/by/4.0/,dataset,true,not_evaluated_for_project_output,2026-08-06T10:05:00Z
rec-284507efab50ef52b25dc2abda346f39ed4949cf7d96dbcc3426e9bd4d553052,src-27e5f0174a5f9ee4ca3b522594507baabdafef6fc8e7ac9d2046e9925140587b,R1582BC07A_00-01 cm,As,49.7,mg/kg,sediment,dry_weight_partial_nitric_acid,,2.0,mg/kg,78.2520,28.5465,EPSG:4326,,,Inductively coupled plasma atomic emission spectroscopy (ICP-OES),Metoden anvendes på analyseløsninger fremstilt ved ekstraksjon med 7 M HNO3 i autoklav i samsvar med Norsk Standard - NS 4770,NGU-Laboratory,CC-BY-4.0,government,norway-marchem,MarChem_Inorganic_Data_20260805T102709Z.csv#row=213,2016,0,0.01,,marine sediment,sediment_marine,dataset_constant,,,,,,,,,,marine,,,,,,,,,,,,,,not_reported,batch,batch_code_to_method_metadata_join,,Inductively coupled plasma atomic emission spectroscopy (ICP-OES),,,,,MarChem_Inorganic_LabParameter_20260805T102709Z.csv#row=10,,,,,,"[""Institute of Marine Research and Geological Survey of Norway. MarChem marine chemistry database, content-addressed API snapshot observed 2026-08-05T10:27:11Z.""]",dataset,dataset_metadata,,resolved,,public_download,permitted_research,https://creativecommons.org/licenses/by/4.0/,dataset,true,not_evaluated_for_project_output,2026-08-06T10:05:00Z
rec-138eebb1d482e8322dac1042db9a0801293446a0dce64f94e9e981ebb7c6b24a,src-27e5f0174a5f9ee4ca3b522594507baabdafef6fc8e7ac9d2046e9925140587b,R1582BC07A_00-01 cm,Cu,19.5,mg/kg,sediment,dry_weight_partial_nitric_acid,,1.0,mg/kg,78.2520,28.5465,EPSG:4326,,,Inductively coupled plasma atomic emission spectroscopy (ICP-OES),Metoden anvendes på analyseløsninger fremstilt ved ekstraksjon med 7 M HNO3 i autoklav i samsvar med Norsk Standard - NS 4770,NGU-Laboratory,CC-BY-4.0,government,norway-marchem,MarChem_Inorganic_Data_20260805T102709Z.csv#row=213,2016,0,0.01,,marine sediment,sediment_marine,dataset_constant,,,,,,,,,,marine,,,,,,,,,,,,,,not_reported,batch,batch_code_to_method_metadata_join,,Inductively coupled plasma atomic emission spectroscopy (ICP-OES),,,,,MarChem_Inorganic_LabParameter_20260805T102709Z.csv#row=41,,,,,,"[""Institute of Marine Research and Geological Survey of Norway. MarChem marine chemistry database, content-addressed API snapshot observed 2026-08-05T10:27:11Z.""]",dataset,dataset_metadata,,resolved,,public_download,permitted_research,https://creativecommons.org/licenses/by/4.0/,dataset,true,not_evaluated_for_project_output,2026-08-06T10:05:00Z
rec-3d914598b94d37829a57498b3e37d4a950cb595f8c4335a12ead3c76ecb8af53,src-27e5f0174a5f9ee4ca3b522594507baabdafef6fc8e7ac9d2046e9925140587b,R1582BC07A_00-01 cm,Ni,49.5,mg/kg,sediment,dry_weight_partial_nitric_acid,,1.0,mg/kg,78.2520,28.5465,EPSG:4326,,,Inductively coupled plasma atomic emission spectroscopy (ICP-OES),Metoden anvendes på analyseløsninger fremstilt ved ekstraksjon med 7 M HNO3 i autoklav i samsvar med Norsk Standard - NS 4770,NGU-Laboratory,CC-BY-4.0,government,norway-marchem,MarChem_Inorganic_Data_20260805T102709Z.csv#row=213,2016,0,0.01,,marine sediment,sediment_marine,dataset_constant,,,,,,,,,,marine,,,,,,,,,,,,,,not_reported,batch,batch_code_to_method_metadata_join,,Inductively coupled plasma atomic emission spectroscopy (ICP-OES),,,,,MarChem_Inorganic_LabParameter_20260805T102709Z.csv#row=59,,,,,,"[""Institute of Marine Research and Geological Survey of Norway. MarChem marine chemistry database, content-addressed API snapshot observed 2026-08-05T10:27:11Z.""]",dataset,dataset_metadata,,resolved,,public_download,permitted_research,https://creativecommons.org/licenses/by/4.0/,dataset,true,not_evaluated_for_project_output,2026-08-06T10:05:00Z
rec-f6a57f54b69f9da36c8a87e2a3afc2e276a8b346674658d5afcf67830823fedf,src-27e5f0174a5f9ee4ca3b522594507baabdafef6fc8e7ac9d2046e9925140587b,R1582BC07A_00-01 cm,Zn,103.0,mg/kg,sediment,dry_weight_partial_nitric_acid,,2.0,mg/kg,78.2520,28.5465,EPSG:4326,,,Inductively coupled plasma atomic emission spectroscopy (ICP-OES),Metoden anvendes på analyseløsninger fremstilt ved ekstraksjon med 7 M HNO3 i autoklav i samsvar med Norsk Standard - NS 4770,NGU-Laboratory,CC-BY-4.0,government,norway-marchem,MarChem_Inorganic_Data_20260805T102709Z.csv#row=213,2016,0,0.01,,marine sediment,sediment_marine,dataset_constant,,,,,,,,,,marine,,,,,,,,,,,,,,not_reported,batch,batch_code_to_method_metadata_join,,Inductively coupled plasma atomic emission spectroscopy (ICP-OES),,,,,MarChem_Inorganic_LabParameter_20260805T102709Z.csv#row=80,,,,,,"[""Institute of Marine Research and Geological Survey of Norway. MarChem marine chemistry database, content-addressed API snapshot observed 2026-08-05T10:27:11Z.""]",dataset,dataset_metadata,,resolved,,public_download,permitted_research,https://creativecommons.org/licenses/by/4.0/,dataset,true,not_evaluated_for_project_output,2026-08-06T10:05:00Z
rec-f1b4d26a02d06b251a2a2c70513e9db8402966997da5258787b40da0efba2cd7,src-528c7bf57aa12d15692650a48dbb50e2d51fb7748341c84abd3ebff3a0ddb0b4,R1627BC12A_04-05 cm,As,11.0,mg/kg,sediment,dry_weight_partial_nitric_acid,,2.0,mg/kg,76.0320,26.6947,EPSG:4326,,,Inductively coupled plasma atomic emission spectroscopy (ICP-OES),Metoden anvendes på analyseløsninger fremstilt ved ekstraksjon med 7 M HNO3 i autoklav i samsvar med Norsk Standard - NS 4770,NGU-Laboratory,CC-BY-4.0,government,norway-marchem,MarChem_Inorganic_Data_20260805T102709Z.csv#row=269,2016,0.04,0.05,,marine sediment,sediment_marine,dataset_constant,,,,,,,,,,marine,,,,,,,,,,,,,,not_reported,batch,batch_code_to_method_metadata_join,,Inductively coupled plasma atomic emission spectroscopy (ICP-OES),,,,,MarChem_Inorganic_LabParameter_20260805T102709Z.csv#row=10,,,,,,"[""Institute of Marine Research and Geological Survey of Norway. MarChem marine chemistry database, content-addressed API snapshot observed 2026-08-05T10:27:11Z.""]",dataset,dataset_metadata,,resolved,,public_download,permitted_research,https://creativecommons.org/licenses/by/4.0/,dataset,true,not_evaluated_for_project_output,2026-08-06T10:05:00Z
rec-60a425d5937b4c7e17289de8e76e2866bb0aaa1ee0dc234b2a0d85b1b566f3f8,src-528c7bf57aa12d15692650a48dbb50e2d51fb7748341c84abd3ebff3a0ddb0b4,R1627BC12A_04-05 cm,Cu,16.8,mg/kg,sediment,dry_weight_partial_nitric_acid,,1.0,mg/kg,76.0320,26.6947,EPSG:4326,,,Inductively coupled plasma atomic emission spectroscopy (ICP-OES),Metoden anvendes på analyseløsninger fremstilt ved ekstraksjon med 7 M HNO3 i autoklav i samsvar med Norsk Standard - NS 4770,NGU-Laboratory,CC-BY-4.0,government,norway-marchem,MarChem_Inorganic_Data_20260805T102709Z.csv#row=269,2016,0.04,0.05,,marine sediment,sediment_marine,dataset_constant,,,,,,,,,,marine,,,,,,,,,,,,,,not_reported,batch,batch_code_to_method_metadata_join,,Inductively coupled plasma atomic emission spectroscopy (ICP-OES),,,,,MarChem_Inorganic_LabParameter_20260805T102709Z.csv#row=41,,,,,,"[""Institute of Marine Research and Geological Survey of Norway. MarChem marine chemistry database, content-addressed API snapshot observed 2026-08-05T10:27:11Z.""]",dataset,dataset_metadata,,resolved,,public_download,permitted_research,https://creativecommons.org/licenses/by/4.0/,dataset,true,not_evaluated_for_project_output,2026-08-06T10:05:00Z
rec-837e722976dad90e1d74ae107f7a16b7488fa2d1fec0456499a04841875f6da8,src-528c7bf57aa12d15692650a48dbb50e2d51fb7748341c84abd3ebff3a0ddb0b4,R1627BC12A_04-05 cm,Ni,34.7,mg/kg,sediment,dry_weight_partial_nitric_acid,,1.0,mg/kg,76.0320,26.6947,EPSG:4326,,,Inductively coupled plasma atomic emission spectroscopy (ICP-OES),Metoden anvendes på analyseløsninger fremstilt ved ekstraksjon med 7 M HNO3 i autoklav i samsvar med Norsk Standard - NS 4770,NGU-Laboratory,CC-BY-4.0,government,norway-marchem,MarChem_Inorganic_Data_20260805T102709Z.csv#row=269,2016,0.04,0.05,,marine sediment,sediment_marine,dataset_constant,,,,,,,,,,marine,,,,,,,,,,,,,,not_reported,batch,batch_code_to_method_metadata_join,,Inductively coupled plasma atomic emission spectroscopy (ICP-OES),,,,,MarChem_Inorganic_LabParameter_20260805T102709Z.csv#row=59,,,,,,"[""Institute of Marine Research and Geological Survey of Norway. MarChem marine chemistry database, content-addressed API snapshot observed 2026-08-05T10:27:11Z.""]",dataset,dataset_metadata,,resolved,,public_download,permitted_research,https://creativecommons.org/licenses/by/4.0/,dataset,true,not_evaluated_for_project_output,2026-08-06T10:05:00Z
rec-aa97b95e2ddbd836a7dee7af792dbf6f8a8554e2062cf4834b6e17eb083d270b,src-528c7bf57aa12d15692650a48dbb50e2d51fb7748341c84abd3ebff3a0ddb0b4,R1627BC12A_04-05 cm,Zn,82.5,mg/kg,sediment,dry_weight_partial_nitric_acid,,2.0,mg/kg,76.0320,26.6947,EPSG:4326,,,Inductively coupled plasma atomic emission spectroscopy (ICP-OES),Metoden anvendes på analyseløsninger fremstilt ved ekstraksjon med 7 M HNO3 i autoklav i samsvar med Norsk Standard - NS 4770,NGU-Laboratory,CC-BY-4.0,government,norway-marchem,MarChem_Inorganic_Data_20260805T102709Z.csv#row=269,2016,0.04,0.05,,marine sediment,sediment_marine,dataset_constant,,,,,,,,,,marine,,,,,,,,,,,,,,not_reported,batch,batch_code_to_method_metadata_join,,Inductively coupled plasma atomic emission spectroscopy (ICP-OES),,,,,MarChem_Inorganic_LabParameter_20260805T102709Z.csv#row=80,,,,,,"[""Institute of Marine Research and Geological Survey of Norway. MarChem marine chemistry database, content-addressed API snapshot observed 2026-08-05T10:27:11Z.""]",dataset,dataset_metadata,,resolved,,public_download,permitted_research,https://creativecommons.org/licenses/by/4.0/,dataset,true,not_evaluated_for_project_output,2026-08-06T10:05:00Z
rec-cfb134fd119ef8675c78c2424e4dee618b3fc8dd7d55ca74cc06e6502de9248c,src-eb74a5cdf58d8f27b9bb8628e15204798b3c70422de6649056fb7f69673f43a6,R1676MC01A_00-01 cm,As,26.0,mg/kg,sediment,dry_weight_partial_nitric_acid,,2.0,mg/kg,76.1165,17.7675,EPSG:4326,,,Inductively coupled plasma atomic emission spectroscopy (ICP-OES),Metoden anvendes på analyseløsninger fremstilt ved ekstraksjon med 7 M HNO3 i autoklav i samsvar med Norsk Standard - NS 4770,NGU-Laboratory,CC-BY-4.0,government,norway-marchem,MarChem_Inorganic_Data_20260805T102709Z.csv#row=399,2017,0,0.01,,marine sediment,sediment_marine,dataset_constant,,,,,,,,,,marine,,,,,,,,,,,,,,not_reported,batch,batch_code_to_method_metadata_join,,Inductively coupled plasma atomic emission spectroscopy (ICP-OES),,,,,MarChem_Inorganic_LabParameter_20260805T102709Z.csv#row=10,,,,,,"[""Institute of Marine Research and Geological Survey of Norway. MarChem marine chemistry database, content-addressed API snapshot observed 2026-08-05T10:27:11Z.""]",dataset,dataset_metadata,,resolved,,public_download,permitted_research,https://creativecommons.org/licenses/by/4.0/,dataset,true,not_evaluated_for_project_output,2026-08-06T10:05:00Z
rec-11b12e69c2e88774b321a1d99e0a0f02f3194a9b04c155fe06bea5123315efc3,src-eb74a5cdf58d8f27b9bb8628e15204798b3c70422de6649056fb7f69673f43a6,R1676MC01A_00-01 cm,Cu,13.4,mg/kg,sediment,dry_weight_partial_nitric_acid,,1.0,mg/kg,76.1165,17.7675,EPSG:4326,,,Inductively coupled plasma atomic emission spectroscopy (ICP-OES),Metoden anvendes på analyseløsninger fremstilt ved ekstraksjon med 7 M HNO3 i autoklav i samsvar med Norsk Standard - NS 4770,NGU-Laboratory,CC-BY-4.0,government,norway-marchem,MarChem_Inorganic_Data_20260805T102709Z.csv#row=399,2017,0,0.01,,marine sediment,sediment_marine,dataset_constant,,,,,,,,,,marine,,,,,,,,,,,,,,not_reported,batch,batch_code_to_method_metadata_join,,Inductively coupled plasma atomic emission spectroscopy (ICP-OES),,,,,MarChem_Inorganic_LabParameter_20260805T102709Z.csv#row=41,,,,,,"[""Institute of Marine Research and Geological Survey of Norway. MarChem marine chemistry database, content-addressed API snapshot observed 2026-08-05T10:27:11Z.""]",dataset,dataset_metadata,,resolved,,public_download,permitted_research,https://creativecommons.org/licenses/by/4.0/,dataset,true,not_evaluated_for_project_output,2026-08-06T10:05:00Z
rec-e66ecbe9e857e8deec9214bd4ab90d5937407f6cb43be4a99365698a923a75bd,src-eb74a5cdf58d8f27b9bb8628e15204798b3c70422de6649056fb7f69673f43a6,R1676MC01A_00-01 cm,Ni,25.2,mg/kg,sediment,dry_weight_partial_nitric_acid,,1.0,mg/kg,76.1165,17.7675,EPSG:4326,,,Inductively coupled plasma atomic emission spectroscopy (ICP-OES),Metoden anvendes på analyseløsninger fremstilt ved ekstraksjon med 7 M HNO3 i autoklav i samsvar med Norsk Standard - NS 4770,NGU-Laboratory,CC-BY-4.0,government,norway-marchem,MarChem_Inorganic_Data_20260805T102709Z.csv#row=399,2017,0,0.01,,marine sediment,sediment_marine,dataset_constant,,,,,,,,,,marine,,,,,,,,,,,,,,not_reported,batch,batch_code_to_method_metadata_join,,Inductively coupled plasma atomic emission spectroscopy (ICP-OES),,,,,MarChem_Inorganic_LabParameter_20260805T102709Z.csv#row=59,,,,,,"[""Institute of Marine Research and Geological Survey of Norway. MarChem marine chemistry database, content-addressed API snapshot observed 2026-08-05T10:27:11Z.""]",dataset,dataset_metadata,,resolved,,public_download,permitted_research,https://creativecommons.org/licenses/by/4.0/,dataset,true,not_evaluated_for_project_output,2026-08-06T10:05:00Z
rec-eef577ca4614d33965ef79a1077c9e108994e5ec28020c96c7a38decb8da3ad0,src-eb74a5cdf58d8f27b9bb8628e15204798b3c70422de6649056fb7f69673f43a6,R1676MC01A_00-01 cm,Zn,62.3,mg/kg,sediment,dry_weight_partial_nitric_acid,,2.0,mg/kg,76.1165,17.7675,EPSG:4326,,,Inductively coupled plasma atomic emission spectroscopy (ICP-OES),Metoden anvendes på analyseløsninger fremstilt ved ekstraksjon med 7 M HNO3 i autoklav i samsvar med Norsk Standard - NS 4770,NGU-Laboratory,CC-BY-4.0,government,norway-marchem,MarChem_Inorganic_Data_20260805T102709Z.csv#row=399,2017,0,0.01,,marine sediment,sediment_marine,dataset_constant,,,,,,,,,,marine,,,,,,,,,,,,,,not_reported,batch,batch_code_to_method_metadata_join,,Inductively coupled plasma atomic emission spectroscopy (ICP-OES),,,,,MarChem_Inorganic_LabParameter_20260805T102709Z.csv#row=80,,,,,,"[""Institute of Marine Research and Geological Survey of Norway. MarChem marine chemistry database, content-addressed API snapshot observed 2026-08-05T10:27:11Z.""]",dataset,dataset_metadata,,resolved,,public_download,permitted_research,https://creativecommons.org/licenses/by/4.0/,dataset,true,not_evaluated_for_project_output,2026-08-06T10:05:00Z
rec-f0b7b6a7ddce9f7afebc46c98aa965d125b43d61aa074d3ce7cf2f03023b296f,src-27f4775435c98ef5243177580f9fbf63e600b9306ebb91295609feaceb9cbebd,R1676MC01A_16-17 cm,As,9.1,mg/kg,sediment,dry_weight_partial_nitric_acid,,2.0,mg/kg,76.1165,17.7675,EPSG:4326,,,Inductively coupled plasma atomic emission spectroscopy (ICP-OES),Metoden anvendes på analyseløsninger fremstilt ved ekstraksjon med 7 M HNO3 i autoklav i samsvar med Norsk Standard - NS 4770,NGU-Laboratory,CC-BY-4.0,government,norway-marchem,MarChem_Inorganic_Data_20260805T102709Z.csv#row=429,2017,0.16,0.17,,marine sediment,sediment_marine,dataset_constant,,,,,,,,,,marine,,,,,,,,,,,,,,not_reported,batch,batch_code_to_method_metadata_join,,Inductively coupled plasma atomic emission spectroscopy (ICP-OES),,,,,MarChem_Inorganic_LabParameter_20260805T102709Z.csv#row=10,,,,,,"[""Institute of Marine Research and Geological Survey of Norway. MarChem marine chemistry database, content-addressed API snapshot observed 2026-08-05T10:27:11Z.""]",dataset,dataset_metadata,,resolved,,public_download,permitted_research,https://creativecommons.org/licenses/by/4.0/,dataset,true,not_evaluated_for_project_output,2026-08-06T10:05:00Z
rec-6ab236df71eae9eeb4d4cef3e2fd83f8c17c5e78bb6f10154d12b4fdf968c541,src-27f4775435c98ef5243177580f9fbf63e600b9306ebb91295609feaceb9cbebd,R1676MC01A_16-17 cm,Cu,47.9,mg/kg,sediment,dry_weight_partial_nitric_acid,,1.0,mg/kg,76.1165,17.7675,EPSG:4326,,,Inductively coupled plasma atomic emission spectroscopy (ICP-OES),Metoden anvendes på analyseløsninger fremstilt ved ekstraksjon med 7 M HNO3 i autoklav i samsvar med Norsk Standard - NS 4770,NGU-Laboratory,CC-BY-4.0,government,norway-marchem,MarChem_Inorganic_Data_20260805T102709Z.csv#row=429,2017,0.16,0.17,,marine sediment,sediment_marine,dataset_constant,,,,,,,,,,marine,,,,,,,,,,,,,,not_reported,batch,batch_code_to_method_metadata_join,,Inductively coupled plasma atomic emission spectroscopy (ICP-OES),,,,,MarChem_Inorganic_LabParameter_20260805T102709Z.csv#row=41,,,,,,"[""Institute of Marine Research and Geological Survey of Norway. MarChem marine chemistry database, content-addressed API snapshot observed 2026-08-05T10:27:11Z.""]",dataset,dataset_metadata,,resolved,,public_download,permitted_research,https://creativecommons.org/licenses/by/4.0/,dataset,true,not_evaluated_for_project_output,2026-08-06T10:05:00Z
rec-944ff00b2b643f2ba908cdc9e79f5ddd071727279e4f6668e47ea5424ad754e2,src-27f4775435c98ef5243177580f9fbf63e600b9306ebb91295609feaceb9cbebd,R1676MC01A_16-17 cm,Ni,29.7,mg/kg,sediment,dry_weight_partial_nitric_acid,,1.0,mg/kg,76.1165,17.7675,EPSG:4326,,,Inductively coupled plasma atomic emission spectroscopy (ICP-OES),Metoden anvendes på analyseløsninger fremstilt ved ekstraksjon med 7 M HNO3 i autoklav i samsvar med Norsk Standard - NS 4770,NGU-Laboratory,CC-BY-4.0,government,norway-marchem,MarChem_Inorganic_Data_20260805T102709Z.csv#row=429,2017,0.16,0.17,,marine sediment,sediment_marine,dataset_constant,,,,,,,,,,marine,,,,,,,,,,,,,,not_reported,batch,batch_code_to_method_metadata_join,,Inductively coupled plasma atomic emission spectroscopy (ICP-OES),,,,,MarChem_Inorganic_LabParameter_20260805T102709Z.csv#row=59,,,,,,"[""Institute of Marine Research and Geological Survey of Norway. MarChem marine chemistry database, content-addressed API snapshot observed 2026-08-05T10:27:11Z.""]",dataset,dataset_metadata,,resolved,,public_download,permitted_research,https://creativecommons.org/licenses/by/4.0/,dataset,true,not_evaluated_for_project_output,2026-08-06T10:05:00Z
rec-b00f70f00a0fd51466a5f01e056e3c4ef1c70318e1ce0167d6509391bbf6a5e9,src-27f4775435c98ef5243177580f9fbf63e600b9306ebb91295609feaceb9cbebd,R1676MC01A_16-17 cm,Zn,86.0,mg/kg,sediment,dry_weight_partial_nitric_acid,,2.0,mg/kg,76.1165,17.7675,EPSG:4326,,,Inductively coupled plasma atomic emission spectroscopy (ICP-OES),Metoden anvendes på analyseløsninger fremstilt ved ekstraksjon med 7 M HNO3 i autoklav i samsvar med Norsk Standard - NS 4770,NGU-Laboratory,CC-BY-4.0,government,norway-marchem,MarChem_Inorganic_Data_20260805T102709Z.csv#row=429,2017,0.16,0.17,,marine sediment,sediment_marine,dataset_constant,,,,,,,,,,marine,,,,,,,,,,,,,,not_reported,batch,batch_code_to_method_metadata_join,,Inductively coupled plasma atomic emission spectroscopy (ICP-OES),,,,,MarChem_Inorganic_LabParameter_20260805T102709Z.csv#row=80,,,,,,"[""Institute of Marine Research and Geological Survey of Norway. MarChem marine chemistry database, content-addressed API snapshot observed 2026-08-05T10:27:11Z.""]",dataset,dataset_metadata,,resolved,,public_download,permitted_research,https://creativecommons.org/licenses/by/4.0/,dataset,true,not_evaluated_for_project_output,2026-08-06T10:05:00Z
rec-a66817d7f4581dbee7bd42532d5e4a2f6dee360b6714fc063a1ddd62f3cdc269,src-c02f5bc590f915def16b912e1e7008b3086dbdb6336f233bd3d2c75175c49671,R1709MC04A_24-25 cm,As,9.9,mg/kg,sediment,dry_weight_partial_nitric_acid,,2.0,mg/kg,73.954937,22.993245,EPSG:4326,,,Inductively coupled plasma atomic emission spectroscopy (ICP-OES),Metoden anvendes på analyseløsninger fremstilt ved ekstraksjon med 7 M HNO3 i autoklav i samsvar med Norsk Standard - NS 4770,NGU-Laboratory,CC-BY-4.0,government,norway-marchem,MarChem_Inorganic_Data_20260805T102709Z.csv#row=537,2017,0.24,0.25,,marine sediment,sediment_marine,dataset_constant,,,,,,,,,,marine,,,,,,,,,,,,,,not_reported,batch,batch_code_to_method_metadata_join,,Inductively coupled plasma atomic emission spectroscopy (ICP-OES),,,,,MarChem_Inorganic_LabParameter_20260805T102709Z.csv#row=10,,,,,,"[""Institute of Marine Research and Geological Survey of Norway. MarChem marine chemistry database, content-addressed API snapshot observed 2026-08-05T10:27:11Z.""]",dataset,dataset_metadata,,resolved,,public_download,permitted_research,https://creativecommons.org/licenses/by/4.0/,dataset,true,not_evaluated_for_project_output,2026-08-06T10:05:00Z
rec-88e1caec9dbb08c4e87efe4f193aaad9e48861cbe7b7433531686ea399cf773a,src-c02f5bc590f915def16b912e1e7008b3086dbdb6336f233bd3d2c75175c49671,R1709MC04A_24-25 cm,Cu,17.7,mg/kg,sediment,dry_weight_partial_nitric_acid,,1.0,mg/kg,73.954937,22.993245,EPSG:4326,,,Inductively coupled plasma atomic emission spectroscopy (ICP-OES),Metoden anvendes på analyseløsninger fremstilt ved ekstraksjon med 7 M HNO3 i autoklav i samsvar med Norsk Standard - NS 4770,NGU-Laboratory,CC-BY-4.0,government,norway-marchem,MarChem_Inorganic_Data_20260805T102709Z.csv#row=537,2017,0.24,0.25,,marine sediment,sediment_marine,dataset_constant,,,,,,,,,,marine,,,,,,,,,,,,,,not_reported,batch,batch_code_to_method_metadata_join,,Inductively coupled plasma atomic emission spectroscopy (ICP-OES),,,,,MarChem_Inorganic_LabParameter_20260805T102709Z.csv#row=41,,,,,,"[""Institute of Marine Research and Geological Survey of Norway. MarChem marine chemistry database, content-addressed API snapshot observed 2026-08-05T10:27:11Z.""]",dataset,dataset_metadata,,resolved,,public_download,permitted_research,https://creativecommons.org/licenses/by/4.0/,dataset,true,not_evaluated_for_project_output,2026-08-06T10:05:00Z
rec-ed7e15224c3b44f7da8db96115f66581c25121b148715d2492d4b38738d65ffb,src-c02f5bc590f915def16b912e1e7008b3086dbdb6336f233bd3d2c75175c49671,R1709MC04A_24-25 cm,Ni,34.3,mg/kg,sediment,dry_weight_partial_nitric_acid,,1.0,mg/kg,73.954937,22.993245,EPSG:4326,,,Inductively coupled plasma atomic emission spectroscopy (ICP-OES),Metoden anvendes på analyseløsninger fremstilt ved ekstraksjon med 7 M HNO3 i autoklav i samsvar med Norsk Standard - NS 4770,NGU-Laboratory,CC-BY-4.0,government,norway-marchem,MarChem_Inorganic_Data_20260805T102709Z.csv#row=537,2017,0.24,0.25,,marine sediment,sediment_marine,dataset_constant,,,,,,,,,,marine,,,,,,,,,,,,,,not_reported,batch,batch_code_to_method_metadata_join,,Inductively coupled plasma atomic emission spectroscopy (ICP-OES),,,,,MarChem_Inorganic_LabParameter_20260805T102709Z.csv#row=59,,,,,,"[""Institute of Marine Research and Geological Survey of Norway. MarChem marine chemistry database, content-addressed API snapshot observed 2026-08-05T10:27:11Z.""]",dataset,dataset_metadata,,resolved,,public_download,permitted_research,https://creativecommons.org/licenses/by/4.0/,dataset,true,not_evaluated_for_project_output,2026-08-06T10:05:00Z
rec-bd1abbd3b382bb630a370d59e1f3e36c156f1b44f78f55d935641efa820ea94f,src-c02f5bc590f915def16b912e1e7008b3086dbdb6336f233bd3d2c75175c49671,R1709MC04A_24-25 cm,Zn,85.1,mg/kg,sediment,dry_weight_partial_nitric_acid,,2.0,mg/kg,73.954937,22.993245,EPSG:4326,,,Inductively coupled plasma atomic emission spectroscopy (ICP-OES),Metoden anvendes på analyseløsninger fremstilt ved ekstraksjon med 7 M HNO3 i autoklav i samsvar med Norsk Standard - NS 4770,NGU-Laboratory,CC-BY-4.0,government,norway-marchem,MarChem_Inorganic_Data_20260805T102709Z.csv#row=537,2017,0.24,0.25,,marine sediment,sediment_marine,dataset_constant,,,,,,,,,,marine,,,,,,,,,,,,,,not_reported,batch,batch_code_to_method_metadata_join,,Inductively coupled plasma atomic emission spectroscopy (ICP-OES),,,,,MarChem_Inorganic_LabParameter_20260805T102709Z.csv#row=80,,,,,,"[""Institute of Marine Research and Geological Survey of Norway. MarChem marine chemistry database, content-addressed API snapshot observed 2026-08-05T10:27:11Z.""]",dataset,dataset_metadata,,resolved,,public_download,permitted_research,https://creativecommons.org/licenses/by/4.0/,dataset,true,not_evaluated_for_project_output,2026-08-06T10:05:00Z
rec-df1ee43a1eddae35b46927c1d80649b722eb33ad3d01581fe42bc5941c78a771,src-6bc8cef54f15ffc70d4ef5188142855623699043e048949553bdbdda2a3db3dd,R1751MC06A_00-01 cm,As,22.3,mg/kg,sediment,dry_weight_partial_nitric_acid,,2.0,mg/kg,73.9687,33.7757,EPSG:4326,,,Inductively coupled plasma atomic emission spectroscopy (ICP-OES),Metoden anvendes på analyseløsninger fremstilt ved ekstraksjon med 7 M HNO3 i autoklav i samsvar med Norsk Standard - NS 4770,NGU-Laboratory,CC-BY-4.0,government,norway-marchem,MarChem_Inorganic_Data_20260805T102709Z.csv#row=547,2017,0,0.01,,marine sediment,sediment_marine,dataset_constant,,,,,,,,,,marine,,,,,,,,,,,,,,not_reported,batch,batch_code_to_method_metadata_join,,Inductively coupled plasma atomic emission spectroscopy (ICP-OES),,,,,MarChem_Inorganic_LabParameter_20260805T102709Z.csv#row=9,,,,,,"[""Institute of Marine Research and Geological Survey of Norway. MarChem marine chemistry database, content-addressed API snapshot observed 2026-08-05T10:27:11Z.""]",dataset,dataset_metadata,,resolved,,public_download,permitted_research,https://creativecommons.org/licenses/by/4.0/,dataset,true,not_evaluated_for_project_output,2026-08-06T10:05:00Z
rec-61bf5621f3a8c5914b9e607619c3c2e6925ee395993d13251feca194afbb6c33,src-6bc8cef54f15ffc70d4ef5188142855623699043e048949553bdbdda2a3db3dd,R1751MC06A_00-01 cm,Cu,15.7,mg/kg,sediment,dry_weight_partial_nitric_acid,,1.0,mg/kg,73.9687,33.7757,EPSG:4326,,,Inductively coupled plasma atomic emission spectroscopy (ICP-OES),Metoden anvendes på analyseløsninger fremstilt ved ekstraksjon med 7 M HNO3 i autoklav i samsvar med Norsk Standard - NS 4770,NGU-Laboratory,CC-BY-4.0,government,norway-marchem,MarChem_Inorganic_Data_20260805T102709Z.csv#row=547,2017,0,0.01,,marine sediment,sediment_marine,dataset_constant,,,,,,,,,,marine,,,,,,,,,,,,,,not_reported,batch,batch_code_to_method_metadata_join,,Inductively coupled plasma atomic emission spectroscopy (ICP-OES),,,,,MarChem_Inorganic_LabParameter_20260805T102709Z.csv#row=40,,,,,,"[""Institute of Marine Research and Geological Survey of Norway. MarChem marine chemistry database, content-addressed API snapshot observed 2026-08-05T10:27:11Z.""]",dataset,dataset_metadata,,resolved,,public_download,permitted_research,https://creativecommons.org/licenses/by/4.0/,dataset,true,not_evaluated_for_project_output,2026-08-06T10:05:00Z
rec-d1cf40788929217f6b06209a00638c0f4ea5a928bb6fce01f1230d36d9058d4b,src-6bc8cef54f15ffc70d4ef5188142855623699043e048949553bdbdda2a3db3dd,R1751MC06A_00-01 cm,Ni,29.5,mg/kg,sediment,dry_weight_partial_nitric_acid,,1.0,mg/kg,73.9687,33.7757,EPSG:4326,,,Inductively coupled plasma atomic emission spectroscopy (ICP-OES),Metoden anvendes på analyseløsninger fremstilt ved ekstraksjon med 7 M HNO3 i autoklav i samsvar med Norsk Standard - NS 4770,NGU-Laboratory,CC-BY-4.0,government,norway-marchem,MarChem_Inorganic_Data_20260805T102709Z.csv#row=547,2017,0,0.01,,marine sediment,sediment_marine,dataset_constant,,,,,,,,,,marine,,,,,,,,,,,,,,not_reported,batch,batch_code_to_method_metadata_join,,Inductively coupled plasma atomic emission spectroscopy (ICP-OES),,,,,MarChem_Inorganic_LabParameter_20260805T102709Z.csv#row=58,,,,,,"[""Institute of Marine Research and Geological Survey of Norway. MarChem marine chemistry database, content-addressed API snapshot observed 2026-08-05T10:27:11Z.""]",dataset,dataset_metadata,,resolved,,public_download,permitted_research,https://creativecommons.org/licenses/by/4.0/,dataset,true,not_evaluated_for_project_output,2026-08-06T10:05:00Z
rec-0d2d1865e48e01ecc6e6a61d7ed4768490e634485d94de6a776a25a27a38706f,src-6bc8cef54f15ffc70d4ef5188142855623699043e048949553bdbdda2a3db3dd,R1751MC06A_00-01 cm,Zn,75.5,mg/kg,sediment,dry_weight_partial_nitric_acid,,2.0,mg/kg,73.9687,33.7757,EPSG:4326,,,Inductively coupled plasma atomic emission spectroscopy (ICP-OES),Metoden anvendes på analyseløsninger fremstilt ved ekstraksjon med 7 M HNO3 i autoklav i samsvar med Norsk Standard - NS 4770,NGU-Laboratory,CC-BY-4.0,government,norway-marchem,MarChem_Inorganic_Data_20260805T102709Z.csv#row=547,2017,0,0.01,,marine sediment,sediment_marine,dataset_constant,,,,,,,,,,marine,,,,,,,,,,,,,,not_reported,batch,batch_code_to_method_metadata_join,,Inductively coupled plasma atomic emission spectroscopy (ICP-OES),,,,,MarChem_Inorganic_LabParameter_20260805T102709Z.csv#row=79,,,,,,"[""Institute of Marine Research and Geological Survey of Norway. MarChem marine chemistry database, content-addressed API snapshot observed 2026-08-05T10:27:11Z.""]",dataset,dataset_metadata,,resolved,,public_download,permitted_research,https://creativecommons.org/licenses/by/4.0/,dataset,true,not_evaluated_for_project_output,2026-08-06T10:05:00Z
rec-e02a0b26047f5dfe8bc8d468f0a87e1bf1fa6327297108902c062be84a2b9a80,src-9817411ea0515436aaafb069513873eb5f0e4a057b882ab15d0fbdb07f7af071,R1951MC01A_00-01 cm,As,16.1,mg/kg,sediment,dry_weight_partial_nitric_acid,,2.0,mg/kg,74.787690,18.567573,EPSG:4326,,,Inductively coupled plasma atomic emission spectroscopy (ICP-OES),Prøveframstilling følger prosedyre i LABdok_P03: Framstilling av analyseløsninger etter partiell oppslutning i salpetersyre iht. NS-4770.,NGU-Laboratory,CC-BY-4.0,government,norway-marchem,MarChem_Inorganic_Data_20260805T102709Z.csv#row=593,2019,0,0.01,,marine sediment,sediment_marine,dataset_constant,,,,,,,,,,marine,,,,,,,,,,,,,,not_reported,batch,batch_code_to_method_metadata_join,,Inductively coupled plasma atomic emission spectroscopy (ICP-OES),,,,,MarChem_Inorganic_LabParameter_20260805T102709Z.csv#row=8,,,,,,"[""Institute of Marine Research and Geological Survey of Norway. MarChem marine chemistry database, content-addressed API snapshot observed 2026-08-05T10:27:11Z.""]",dataset,dataset_metadata,,resolved,,public_download,permitted_research,https://creativecommons.org/licenses/by/4.0/,dataset,true,not_evaluated_for_project_output,2026-08-06T10:05:00Z
rec-d09e1f5f3b1dd447d1beffedc55efa89c0a86beecac134d7055460e4f7c3b549,src-9817411ea0515436aaafb069513873eb5f0e4a057b882ab15d0fbdb07f7af071,R1951MC01A_00-01 cm,Cu,11.1,mg/kg,sediment,dry_weight_partial_nitric_acid,,1.0,mg/kg,74.787690,18.567573,EPSG:4326,,,Inductively coupled plasma atomic emission spectroscopy (ICP-OES),Prøveframstilling følger prosedyre i LABdok_P03: Framstilling av analyseløsninger etter partiell oppslutning i salpetersyre iht. NS-4770.,NGU-Laboratory,CC-BY-4.0,government,norway-marchem,MarChem_Inorganic_Data_20260805T102709Z.csv#row=593,2019,0,0.01,,marine sediment,sediment_marine,dataset_constant,,,,,,,,,,marine,,,,,,,,,,,,,,not_reported,batch,batch_code_to_method_metadata_join,,Inductively coupled plasma atomic emission spectroscopy (ICP-OES),,,,,MarChem_Inorganic_LabParameter_20260805T102709Z.csv#row=39,,,,,,"[""Institute of Marine Research and Geological Survey of Norway. MarChem marine chemistry database, content-addressed API snapshot observed 2026-08-05T10:27:11Z.""]",dataset,dataset_metadata,,resolved,,public_download,permitted_research,https://creativecommons.org/licenses/by/4.0/,dataset,true,not_evaluated_for_project_output,2026-08-06T10:05:00Z
rec-19bd8bf67804c8aac58640ff4845da34d89645c9b1e26bd415be9bcfc07212c7,src-9817411ea0515436aaafb069513873eb5f0e4a057b882ab15d0fbdb07f7af071,R1951MC01A_00-01 cm,Ni,18.9,mg/kg,sediment,dry_weight_partial_nitric_acid,,1.0,mg/kg,74.787690,18.567573,EPSG:4326,,,Inductively coupled plasma atomic emission spectroscopy (ICP-OES),Prøveframstilling følger prosedyre i LABdok_P03: Framstilling av analyseløsninger etter partiell oppslutning i salpetersyre iht. NS-4770.,NGU-Laboratory,CC-BY-4.0,government,norway-marchem,MarChem_Inorganic_Data_20260805T102709Z.csv#row=593,2019,0,0.01,,marine sediment,sediment_marine,dataset_constant,,,,,,,,,,marine,,,,,,,,,,,,,,not_reported,batch,batch_code_to_method_metadata_join,,Inductively coupled plasma atomic emission spectroscopy (ICP-OES),,,,,MarChem_Inorganic_LabParameter_20260805T102709Z.csv#row=57,,,,,,"[""Institute of Marine Research and Geological Survey of Norway. MarChem marine chemistry database, content-addressed API snapshot observed 2026-08-05T10:27:11Z.""]",dataset,dataset_metadata,,resolved,,public_download,permitted_research,https://creativecommons.org/licenses/by/4.0/,dataset,true,not_evaluated_for_project_output,2026-08-06T10:05:00Z
rec-aee0950f8245b4a6b597f10b7243415612e4b45287ae44c7dce57121d87a6d8c,src-9817411ea0515436aaafb069513873eb5f0e4a057b882ab15d0fbdb07f7af071,R1951MC01A_00-01 cm,Zn,43.2,mg/kg,sediment,dry_weight_partial_nitric_acid,,4.0,mg/kg,74.787690,18.567573,EPSG:4326,,,Inductively coupled plasma atomic emission spectroscopy (ICP-OES),Prøveframstilling følger prosedyre i LABdok_P03: Framstilling av analyseløsninger etter partiell oppslutning i salpetersyre iht. NS-4770.,NGU-Laboratory,CC-BY-4.0,government,norway-marchem,MarChem_Inorganic_Data_20260805T102709Z.csv#row=593,2019,0,0.01,,marine sediment,sediment_marine,dataset_constant,,,,,,,,,,marine,,,,,,,,,,,,,,not_reported,batch,batch_code_to_method_metadata_join,,Inductively coupled plasma atomic emission spectroscopy (ICP-OES),,,,,MarChem_Inorganic_LabParameter_20260805T102709Z.csv#row=78,,,,,,"[""Institute of Marine Research and Geological Survey of Norway. MarChem marine chemistry database, content-addressed API snapshot observed 2026-08-05T10:27:11Z.""]",dataset,dataset_metadata,,resolved,,public_download,permitted_research,https://creativecommons.org/licenses/by/4.0/,dataset,true,not_evaluated_for_project_output,2026-08-06T10:05:00Z
rec-b084c656b60f6d6e9a75e8b070f4e4aff21be5760d8d08213f7da000457fd632,src-56e19de3927df0cea20197211e0530f9344e9270a33f3764fe3bd7c288b39d44,R2132MC06A_00-01 cm,As,2.7,mg/kg,sediment,dry_weight_partial_nitric_acid,,2.0,mg/kg,63.884697,7.571268,EPSG:4326,,,Inductively coupled plasma atomic emission spectroscopy (ICP-OES),Prøveframstilling følger prosedyre i LABdok_P03: Framstilling av analyseløsninger etter partiell oppslutning i salpetersyre iht. NS-4770.,NGU-Laboratory,CC-BY-4.0,government,norway-marchem,MarChem_Inorganic_Data_20260805T102709Z.csv#row=631,2020,0,0.01,,marine sediment,sediment_marine,dataset_constant,,,,,,,,,,marine,,,,,,,,,,,,,,not_reported,batch,batch_code_to_method_metadata_join,,Inductively coupled plasma atomic emission spectroscopy (ICP-OES),,,,,MarChem_Inorganic_LabParameter_20260805T102709Z.csv#row=6,,,,,,"[""Institute of Marine Research and Geological Survey of Norway. MarChem marine chemistry database, content-addressed API snapshot observed 2026-08-05T10:27:11Z.""]",dataset,dataset_metadata,,resolved,,public_download,permitted_research,https://creativecommons.org/licenses/by/4.0/,dataset,true,not_evaluated_for_project_output,2026-08-06T10:05:00Z
rec-1efe6d0c83d2d97ad7fd0d55ebbe6895c6711531d69c3bbae544069b9e67ef42,src-56e19de3927df0cea20197211e0530f9344e9270a33f3764fe3bd7c288b39d44,R2132MC06A_00-01 cm,Cu,4.7,mg/kg,sediment,dry_weight_partial_nitric_acid,,1.0,mg/kg,63.884697,7.571268,EPSG:4326,,,Inductively coupled plasma atomic emission spectroscopy (ICP-OES),Prøveframstilling følger prosedyre i LABdok_P03: Framstilling av analyseløsninger etter partiell oppslutning i salpetersyre iht. NS-4770.,NGU-Laboratory,CC-BY-4.0,government,norway-marchem,MarChem_Inorganic_Data_20260805T102709Z.csv#row=631,2020,0,0.01,,marine sediment,sediment_marine,dataset_constant,,,,,,,,,,marine,,,,,,,,,,,,,,not_reported,batch,batch_code_to_method_metadata_join,,Inductively coupled plasma atomic emission spectroscopy (ICP-OES),,,,,MarChem_Inorganic_LabParameter_20260805T102709Z.csv#row=37,,,,,,"[""Institute of Marine Research and Geological Survey of Norway. MarChem marine chemistry database, content-addressed API snapshot observed 2026-08-05T10:27:11Z.""]",dataset,dataset_metadata,,resolved,,public_download,permitted_research,https://creativecommons.org/licenses/by/4.0/,dataset,true,not_evaluated_for_project_output,2026-08-06T10:05:00Z
rec-053adae60c89dacbcedf934151aa5970075bfc069313487e0f8fbf0b68fdd273,src-56e19de3927df0cea20197211e0530f9344e9270a33f3764fe3bd7c288b39d44,R2132MC06A_00-01 cm,Ni,10.6,mg/kg,sediment,dry_weight_partial_nitric_acid,,1.0,mg/kg,63.884697,7.571268,EPSG:4326,,,Inductively coupled plasma atomic emission spectroscopy (ICP-OES),Prøveframstilling følger prosedyre i LABdok_P03: Framstilling av analyseløsninger etter partiell oppslutning i salpetersyre iht. NS-4770.,NGU-Laboratory,CC-BY-4.0,government,norway-marchem,MarChem_Inorganic_Data_20260805T102709Z.csv#row=631,2020,0,0.01,,marine sediment,sediment_marine,dataset_constant,,,,,,,,,,marine,,,,,,,,,,,,,,not_reported,batch,batch_code_to_method_metadata_join,,Inductively coupled plasma atomic emission spectroscopy (ICP-OES),,,,,MarChem_Inorganic_LabParameter_20260805T102709Z.csv#row=55,,,,,,"[""Institute of Marine Research and Geological Survey of Norway. MarChem marine chemistry database, content-addressed API snapshot observed 2026-08-05T10:27:11Z.""]",dataset,dataset_metadata,,resolved,,public_download,permitted_research,https://creativecommons.org/licenses/by/4.0/,dataset,true,not_evaluated_for_project_output,2026-08-06T10:05:00Z
rec-9e069c652708e7f9bef49b59d200286e975c257c141b60332cebe6e87218f488,src-56e19de3927df0cea20197211e0530f9344e9270a33f3764fe3bd7c288b39d44,R2132MC06A_00-01 cm,Zn,21.9,mg/kg,sediment,dry_weight_partial_nitric_acid,,4.0,mg/kg,63.884697,7.571268,EPSG:4326,,,Inductively coupled plasma atomic emission spectroscopy (ICP-OES),Prøveframstilling følger prosedyre i LABdok_P03: Framstilling av analyseløsninger etter partiell oppslutning i salpetersyre iht. NS-4770.,NGU-Laboratory,CC-BY-4.0,government,norway-marchem,MarChem_Inorganic_Data_20260805T102709Z.csv#row=631,2020,0,0.01,,marine sediment,sediment_marine,dataset_constant,,,,,,,,,,marine,,,,,,,,,,,,,,not_reported,batch,batch_code_to_method_metadata_join,,Inductively coupled plasma atomic emission spectroscopy (ICP-OES),,,,,MarChem_Inorganic_LabParameter_20260805T102709Z.csv#row=75,,,,,,"[""Institute of Marine Research and Geological Survey of Norway. MarChem marine chemistry database, content-addressed API snapshot observed 2026-08-05T10:27:11Z.""]",dataset,dataset_metadata,,resolved,,public_download,permitted_research,https://creativecommons.org/licenses/by/4.0/,dataset,true,not_evaluated_for_project_output,2026-08-06T10:05:00Z
rec-48a0083ddb6cceb4b17682861a2f04ae844d19506c7c5594326f23e53f218097,src-06a8dfb89fd68d3189243aefdde68393e99188c55cced8f896676b5f3fe3c530,R2139MC08A_14-15 cm,As,2.0,mg/kg,sediment,dry_weight_partial_nitric_acid,,2.0,mg/kg,64.195273,7.355115,EPSG:4326,,,Inductively coupled plasma atomic emission spectroscopy (ICP-OES),Prøveframstilling følger prosedyre i LABdok_P03: Framstilling av analyseløsninger etter partiell oppslutning i salpetersyre iht. NS-4770.,NGU-Laboratory,CC-BY-4.0,government,norway-marchem,MarChem_Inorganic_Data_20260805T102709Z.csv#row=636,2020,0.14,0.15,,marine sediment,sediment_marine,dataset_constant,,,,,,,,,,marine,,,,,,,,,,,,,,not_reported,batch,batch_code_to_method_metadata_join,,Inductively coupled plasma atomic emission spectroscopy (ICP-OES),,,,,MarChem_Inorganic_LabParameter_20260805T102709Z.csv#row=6,,,,,,"[""Institute of Marine Research and Geological Survey of Norway. MarChem marine chemistry database, content-addressed API snapshot observed 2026-08-05T10:27:11Z.""]",dataset,dataset_metadata,,resolved,,public_download,permitted_research,https://creativecommons.org/licenses/by/4.0/,dataset,true,not_evaluated_for_project_output,2026-08-06T10:05:00Z
rec-7b1abbc103524772135e8ec60609c6f3ee0668e26a626899d511cf38d46f35c2,src-06a8dfb89fd68d3189243aefdde68393e99188c55cced8f896676b5f3fe3c530,R2139MC08A_14-15 cm,Cu,9.4,mg/kg,sediment,dry_weight_partial_nitric_acid,,1.0,mg/kg,64.195273,7.355115,EPSG:4326,,,Inductively coupled plasma atomic emission spectroscopy (ICP-OES),Prøveframstilling følger prosedyre i LABdok_P03: Framstilling av analyseløsninger etter partiell oppslutning i salpetersyre iht. NS-4770.,NGU-Laboratory,CC-BY-4.0,government,norway-marchem,MarChem_Inorganic_Data_20260805T102709Z.csv#row=636,2020,0.14,0.15,,marine sediment,sediment_marine,dataset_constant,,,,,,,,,,marine,,,,,,,,,,,,,,not_reported,batch,batch_code_to_method_metadata_join,,Inductively coupled plasma atomic emission spectroscopy (ICP-OES),,,,,MarChem_Inorganic_LabParameter_20260805T102709Z.csv#row=37,,,,,,"[""Institute of Marine Research and Geological Survey of Norway. MarChem marine chemistry database, content-addressed API snapshot observed 2026-08-05T10:27:11Z.""]",dataset,dataset_metadata,,resolved,,public_download,permitted_research,https://creativecommons.org/licenses/by/4.0/,dataset,true,not_evaluated_for_project_output,2026-08-06T10:05:00Z
rec-aaa9f3108922266cfa26ba106dd447012eeb64d9aeb2f208ee1fe3ceaf9fda9c,src-06a8dfb89fd68d3189243aefdde68393e99188c55cced8f896676b5f3fe3c530,R2139MC08A_14-15 cm,Ni,19.3,mg/kg,sediment,dry_weight_partial_nitric_acid,,1.0,mg/kg,64.195273,7.355115,EPSG:4326,,,Inductively coupled plasma atomic emission spectroscopy (ICP-OES),Prøveframstilling følger prosedyre i LABdok_P03: Framstilling av analyseløsninger etter partiell oppslutning i salpetersyre iht. NS-4770.,NGU-Laboratory,CC-BY-4.0,government,norway-marchem,MarChem_Inorganic_Data_20260805T102709Z.csv#row=636,2020,0.14,0.15,,marine sediment,sediment_marine,dataset_constant,,,,,,,,,,marine,,,,,,,,,,,,,,not_reported,batch,batch_code_to_method_metadata_join,,Inductively coupled plasma atomic emission spectroscopy (ICP-OES),,,,,MarChem_Inorganic_LabParameter_20260805T102709Z.csv#row=55,,,,,,"[""Institute of Marine Research and Geological Survey of Norway. MarChem marine chemistry database, content-addressed API snapshot observed 2026-08-05T10:27:11Z.""]",dataset,dataset_metadata,,resolved,,public_download,permitted_research,https://creativecommons.org/licenses/by/4.0/,dataset,true,not_evaluated_for_project_output,2026-08-06T10:05:00Z
rec-3a558f426e83194e733ff6301b65352f487e29eec54c562f73f812661b4731d3,src-06a8dfb89fd68d3189243aefdde68393e99188c55cced8f896676b5f3fe3c530,R2139MC08A_14-15 cm,Zn,38.2,mg/kg,sediment,dry_weight_partial_nitric_acid,,4.0,mg/kg,64.195273,7.355115,EPSG:4326,,,Inductively coupled plasma atomic emission spectroscopy (ICP-OES),Prøveframstilling følger prosedyre i LABdok_P03: Framstilling av analyseløsninger etter partiell oppslutning i salpetersyre iht. NS-4770.,NGU-Laboratory,CC-BY-4.0,government,norway-marchem,MarChem_Inorganic_Data_20260805T102709Z.csv#row=636,2020,0.14,0.15,,marine sediment,sediment_marine,dataset_constant,,,,,,,,,,marine,,,,,,,,,,,,,,not_reported,batch,batch_code_to_method_metadata_join,,Inductively coupled plasma atomic emission spectroscopy (ICP-OES),,,,,MarChem_Inorganic_LabParameter_20260805T102709Z.csv#row=75,,,,,,"[""Institute of Marine Research and Geological Survey of Norway. MarChem marine chemistry database, content-addressed API snapshot observed 2026-08-05T10:27:11Z.""]",dataset,dataset_metadata,,resolved,,public_download,permitted_research,https://creativecommons.org/licenses/by/4.0/,dataset,true,not_evaluated_for_project_output,2026-08-06T10:05:00Z
rec-65fd5cafdba1ddaf8d4946fb095575bfeaddfa42c47c77bdb9e2a42935353029,src-8e48f113b13d137e8724d1e055b47f6067f8712ea8e25412b17e1344a400dd5c,R2229MC10A_14-15 cm,As,<2.0,mg/kg,sediment,dry_weight_partial_nitric_acid,,2.0,mg/kg,64.713538,8.220127,EPSG:4326,,,Inductively coupled plasma atomic emission spectroscopy (ICP-OES),Prøveframstilling følger prosedyre i LABdok_P03: Framstilling av analyseløsninger etter partiell oppslutning i salpetersyre iht. NS-4770.,NGU-Laboratory,CC-BY-4.0,government,norway-marchem,MarChem_Inorganic_Data_20260805T102709Z.csv#row=650,2020,0.14,0.15,,marine sediment,sediment_marine,dataset_constant,,,,,,,,,,marine,,,,,,,,,,,,,,not_reported,batch,batch_code_to_method_metadata_join,,Inductively coupled plasma atomic emission spectroscopy (ICP-OES),,,,,MarChem_Inorganic_LabParameter_20260805T102709Z.csv#row=6,,,,,,"[""Institute of Marine Research and Geological Survey of Norway. MarChem marine chemistry database, content-addressed API snapshot observed 2026-08-05T10:27:11Z.""]",dataset,dataset_metadata,,resolved,,public_download,permitted_research,https://creativecommons.org/licenses/by/4.0/,dataset,true,not_evaluated_for_project_output,2026-08-06T10:05:00Z
rec-4f4b4e189a45ecf5ae95c5dd7cf4c1287f2fd0594a48fe16977b6220195c08aa,src-8e48f113b13d137e8724d1e055b47f6067f8712ea8e25412b17e1344a400dd5c,R2229MC10A_14-15 cm,Cu,8.9,mg/kg,sediment,dry_weight_partial_nitric_acid,,1.0,mg/kg,64.713538,8.220127,EPSG:4326,,,Inductively coupled plasma atomic emission spectroscopy (ICP-OES),Prøveframstilling følger prosedyre i LABdok_P03: Framstilling av analyseløsninger etter partiell oppslutning i salpetersyre iht. NS-4770.,NGU-Laboratory,CC-BY-4.0,government,norway-marchem,MarChem_Inorganic_Data_20260805T102709Z.csv#row=650,2020,0.14,0.15,,marine sediment,sediment_marine,dataset_constant,,,,,,,,,,marine,,,,,,,,,,,,,,not_reported,batch,batch_code_to_method_metadata_join,,Inductively coupled plasma atomic emission spectroscopy (ICP-OES),,,,,MarChem_Inorganic_LabParameter_20260805T102709Z.csv#row=37,,,,,,"[""Institute of Marine Research and Geological Survey of Norway. MarChem marine chemistry database, content-addressed API snapshot observed 2026-08-05T10:27:11Z.""]",dataset,dataset_metadata,,resolved,,public_download,permitted_research,https://creativecommons.org/licenses/by/4.0/,dataset,true,not_evaluated_for_project_output,2026-08-06T10:05:00Z
rec-7b0277a8dc9069ef63919f305628aa047be1fbb75fbbd25719df96ea74784a8c,src-8e48f113b13d137e8724d1e055b47f6067f8712ea8e25412b17e1344a400dd5c,R2229MC10A_14-15 cm,Ni,21.1,mg/kg,sediment,dry_weight_partial_nitric_acid,,1.0,mg/kg,64.713538,8.220127,EPSG:4326,,,Inductively coupled plasma atomic emission spectroscopy (ICP-OES),Prøveframstilling følger prosedyre i LABdok_P03: Framstilling av analyseløsninger etter partiell oppslutning i salpetersyre iht. NS-4770.,NGU-Laboratory,CC-BY-4.0,government,norway-marchem,MarChem_Inorganic_Data_20260805T102709Z.csv#row=650,2020,0.14,0.15,,marine sediment,sediment_marine,dataset_constant,,,,,,,,,,marine,,,,,,,,,,,,,,not_reported,batch,batch_code_to_method_metadata_join,,Inductively coupled plasma atomic emission spectroscopy (ICP-OES),,,,,MarChem_Inorganic_LabParameter_20260805T102709Z.csv#row=55,,,,,,"[""Institute of Marine Research and Geological Survey of Norway. MarChem marine chemistry database, content-addressed API snapshot observed 2026-08-05T10:27:11Z.""]",dataset,dataset_metadata,,resolved,,public_download,permitted_research,https://creativecommons.org/licenses/by/4.0/,dataset,true,not_evaluated_for_project_output,2026-08-06T10:05:00Z
rec-3aa0f16b264a543223eae552b4b3e9ca927bc81629f9d39672b15d25a1ad3315,src-8e48f113b13d137e8724d1e055b47f6067f8712ea8e25412b17e1344a400dd5c,R2229MC10A_14-15 cm,Zn,42.0,mg/kg,sediment,dry_weight_partial_nitric_acid,,4.0,mg/kg,64.713538,8.220127,EPSG:4326,,,Inductively coupled plasma atomic emission spectroscopy (ICP-OES),Prøveframstilling følger prosedyre i LABdok_P03: Framstilling av analyseløsninger etter partiell oppslutning i salpetersyre iht. NS-4770.,NGU-Laboratory,CC-BY-4.0,government,norway-marchem,MarChem_Inorganic_Data_20260805T102709Z.csv#row=650,2020,0.14,0.15,,marine sediment,sediment_marine,dataset_constant,,,,,,,,,,marine,,,,,,,,,,,,,,not_reported,batch,batch_code_to_method_metadata_join,,Inductively coupled plasma atomic emission spectroscopy (ICP-OES),,,,,MarChem_Inorganic_LabParameter_20260805T102709Z.csv#row=75,,,,,,"[""Institute of Marine Research and Geological Survey of Norway. MarChem marine chemistry database, content-addressed API snapshot observed 2026-08-05T10:27:11Z.""]",dataset,dataset_metadata,,resolved,,public_download,permitted_research,https://creativecommons.org/licenses/by/4.0/,dataset,true,not_evaluated_for_project_output,2026-08-06T10:05:00Z
rec-46c105cf67c76541c4211246fc7a808c89b9a0349c128f18e6b1b878decd760d,src-ac3239ab77ffbc880020a20cefff7a0107c36ff5f364b2fb8ebce80eab35437e,R2373MC01A_00-01 cm,As,16.8,mg/kg,sediment,dry_weight_partial_nitric_acid,,2.0,mg/kg,61.136023,5.759125,EPSG:4326,,,Inductively coupled plasma atomic emission spectroscopy (ICP-OES),Prøveframstilling følger prosedyre i LABdok_P03: Framstilling av analyseløsninger etter partiell oppslutning i salpetersyre iht. NS-4770.,NGU-Laboratory,CC-BY-4.0,government,norway-marchem,MarChem_Inorganic_Data_20260805T102709Z.csv#row=739,2021,0,0.01,,marine sediment,sediment_marine,dataset_constant,,,,,,,,,,marine,,,,,,,,,,,,,,not_reported,batch,batch_code_to_method_metadata_join,,Inductively coupled plasma atomic emission spectroscopy (ICP-OES),,,,,MarChem_Inorganic_LabParameter_20260805T102709Z.csv#row=4,,,,,,"[""Institute of Marine Research and Geological Survey of Norway. MarChem marine chemistry database, content-addressed API snapshot observed 2026-08-05T10:27:11Z.""]",dataset,dataset_metadata,,resolved,,public_download,permitted_research,https://creativecommons.org/licenses/by/4.0/,dataset,true,not_evaluated_for_project_output,2026-08-06T10:05:00Z
rec-d0f25e63fa59a55e7f1c39119c040507c7c53cd540438b5b11196102740673d6,src-ac3239ab77ffbc880020a20cefff7a0107c36ff5f364b2fb8ebce80eab35437e,R2373MC01A_00-01 cm,Cu,42.9,mg/kg,sediment,dry_weight_partial_nitric_acid,,1.0,mg/kg,61.136023,5.759125,EPSG:4326,,,Inductively coupled plasma atomic emission spectroscopy (ICP-OES),Prøveframstilling følger prosedyre i LABdok_P03: Framstilling av analyseløsninger etter partiell oppslutning i salpetersyre iht. NS-4770.,NGU-Laboratory,CC-BY-4.0,government,norway-marchem,MarChem_Inorganic_Data_20260805T102709Z.csv#row=739,2021,0,0.01,,marine sediment,sediment_marine,dataset_constant,,,,,,,,,,marine,,,,,,,,,,,,,,not_reported,batch,batch_code_to_method_metadata_join,,Inductively coupled plasma atomic emission spectroscopy (ICP-OES),,,,,MarChem_Inorganic_LabParameter_20260805T102709Z.csv#row=35,,,,,,"[""Institute of Marine Research and Geological Survey of Norway. MarChem marine chemistry database, content-addressed API snapshot observed 2026-08-05T10:27:11Z.""]",dataset,dataset_metadata,,resolved,,public_download,permitted_research,https://creativecommons.org/licenses/by/4.0/,dataset,true,not_evaluated_for_project_output,2026-08-06T10:05:00Z
rec-8e9601022630b2a226d1b01fd8596565803dfd899ca39183e274d7a9751da5cc,src-ac3239ab77ffbc880020a20cefff7a0107c36ff5f364b2fb8ebce80eab35437e,R2373MC01A_00-01 cm,Ni,49.3,mg/kg,sediment,dry_weight_partial_nitric_acid,,1.0,mg/kg,61.136023,5.759125,EPSG:4326,,,Inductively coupled plasma atomic emission spectroscopy (ICP-OES),Prøveframstilling følger prosedyre i LABdok_P03: Framstilling av analyseløsninger etter partiell oppslutning i salpetersyre iht. NS-4770.,NGU-Laboratory,CC-BY-4.0,government,norway-marchem,MarChem_Inorganic_Data_20260805T102709Z.csv#row=739,2021,0,0.01,,marine sediment,sediment_marine,dataset_constant,,,,,,,,,,marine,,,,,,,,,,,,,,not_reported,batch,batch_code_to_method_metadata_join,,Inductively coupled plasma atomic emission spectroscopy (ICP-OES),,,,,MarChem_Inorganic_LabParameter_20260805T102709Z.csv#row=53,,,,,,"[""Institute of Marine Research and Geological Survey of Norway. MarChem marine chemistry database, content-addressed API snapshot observed 2026-08-05T10:27:11Z.""]",dataset,dataset_metadata,,resolved,,public_download,permitted_research,https://creativecommons.org/licenses/by/4.0/,dataset,true,not_evaluated_for_project_output,2026-08-06T10:05:00Z
rec-a80dd9ccdf00fefccdde79c7a2913c4973c37de939657e58e30de64119f4c799,src-ac3239ab77ffbc880020a20cefff7a0107c36ff5f364b2fb8ebce80eab35437e,R2373MC01A_00-01 cm,Zn,146.0,mg/kg,sediment,dry_weight_partial_nitric_acid,,4.0,mg/kg,61.136023,5.759125,EPSG:4326,,,Inductively coupled plasma atomic emission spectroscopy (ICP-OES),Prøveframstilling følger prosedyre i LABdok_P03: Framstilling av analyseløsninger etter partiell oppslutning i salpetersyre iht. NS-4770.,NGU-Laboratory,CC-BY-4.0,government,norway-marchem,MarChem_Inorganic_Data_20260805T102709Z.csv#row=739,2021,0,0.01,,marine sediment,sediment_marine,dataset_constant,,,,,,,,,,marine,,,,,,,,,,,,,,not_reported,batch,batch_code_to_method_metadata_join,,Inductively coupled plasma atomic emission spectroscopy (ICP-OES),,,,,MarChem_Inorganic_LabParameter_20260805T102709Z.csv#row=73,,,,,,"[""Institute of Marine Research and Geological Survey of Norway. MarChem marine chemistry database, content-addressed API snapshot observed 2026-08-05T10:27:11Z.""]",dataset,dataset_metadata,,resolved,,public_download,permitted_research,https://creativecommons.org/licenses/by/4.0/,dataset,true,not_evaluated_for_project_output,2026-08-06T10:05:00Z
rec-b080ff5b0dc6a1862084bd77f6f47cd5c12c10ac4eddc0f5ebcf27c388cbf348,src-d84deb2cbf11b19df6aae137227cda26a5219f0e19f4bbc2a746ac10e467eb3c,R2373MC01A_04-05 cm,As,13.2,mg/kg,sediment,dry_weight_partial_nitric_acid,,2.0,mg/kg,61.136023,5.759125,EPSG:4326,,,Inductively coupled plasma atomic emission spectroscopy (ICP-OES),Prøveframstilling følger prosedyre i LABdok_P03: Framstilling av analyseløsninger etter partiell oppslutning i salpetersyre iht. NS-4770.,NGU-Laboratory,CC-BY-4.0,government,norway-marchem,MarChem_Inorganic_Data_20260805T102709Z.csv#row=741,2021,0.04,0.05,,marine sediment,sediment_marine,dataset_constant,,,,,,,,,,marine,,,,,,,,,,,,,,not_reported,batch,batch_code_to_method_metadata_join,,Inductively coupled plasma atomic emission spectroscopy (ICP-OES),,,,,MarChem_Inorganic_LabParameter_20260805T102709Z.csv#row=4,,,,,,"[""Institute of Marine Research and Geological Survey of Norway. MarChem marine chemistry database, content-addressed API snapshot observed 2026-08-05T10:27:11Z.""]",dataset,dataset_metadata,,resolved,,public_download,permitted_research,https://creativecommons.org/licenses/by/4.0/,dataset,true,not_evaluated_for_project_output,2026-08-06T10:05:00Z
rec-274a4f329c5e7b8d44e301b0724818da646c5d5e1829e7f4dce92279b33a1507,src-d84deb2cbf11b19df6aae137227cda26a5219f0e19f4bbc2a746ac10e467eb3c,R2373MC01A_04-05 cm,Cu,44.0,mg/kg,sediment,dry_weight_partial_nitric_acid,,1.0,mg/kg,61.136023,5.759125,EPSG:4326,,,Inductively coupled plasma atomic emission spectroscopy (ICP-OES),Prøveframstilling følger prosedyre i LABdok_P03: Framstilling av analyseløsninger etter partiell oppslutning i salpetersyre iht. NS-4770.,NGU-Laboratory,CC-BY-4.0,government,norway-marchem,MarChem_Inorganic_Data_20260805T102709Z.csv#row=741,2021,0.04,0.05,,marine sediment,sediment_marine,dataset_constant,,,,,,,,,,marine,,,,,,,,,,,,,,not_reported,batch,batch_code_to_method_metadata_join,,Inductively coupled plasma atomic emission spectroscopy (ICP-OES),,,,,MarChem_Inorganic_LabParameter_20260805T102709Z.csv#row=35,,,,,,"[""Institute of Marine Research and Geological Survey of Norway. MarChem marine chemistry database, content-addressed API snapshot observed 2026-08-05T10:27:11Z.""]",dataset,dataset_metadata,,resolved,,public_download,permitted_research,https://creativecommons.org/licenses/by/4.0/,dataset,true,not_evaluated_for_project_output,2026-08-06T10:05:00Z
rec-cd9c123ae70da11446385e8863e3a81281cb7d67d36fe700520a94d9dd362c87,src-d84deb2cbf11b19df6aae137227cda26a5219f0e19f4bbc2a746ac10e467eb3c,R2373MC01A_04-05 cm,Ni,49.8,mg/kg,sediment,dry_weight_partial_nitric_acid,,1.0,mg/kg,61.136023,5.759125,EPSG:4326,,,Inductively coupled plasma atomic emission spectroscopy (ICP-OES),Prøveframstilling følger prosedyre i LABdok_P03: Framstilling av analyseløsninger etter partiell oppslutning i salpetersyre iht. NS-4770.,NGU-Laboratory,CC-BY-4.0,government,norway-marchem,MarChem_Inorganic_Data_20260805T102709Z.csv#row=741,2021,0.04,0.05,,marine sediment,sediment_marine,dataset_constant,,,,,,,,,,marine,,,,,,,,,,,,,,not_reported,batch,batch_code_to_method_metadata_join,,Inductively coupled plasma atomic emission spectroscopy (ICP-OES),,,,,MarChem_Inorganic_LabParameter_20260805T102709Z.csv#row=53,,,,,,"[""Institute of Marine Research and Geological Survey of Norway. MarChem marine chemistry database, content-addressed API snapshot observed 2026-08-05T10:27:11Z.""]",dataset,dataset_metadata,,resolved,,public_download,permitted_research,https://creativecommons.org/licenses/by/4.0/,dataset,true,not_evaluated_for_project_output,2026-08-06T10:05:00Z
rec-a30840ab17cd9801a6d62a5818f13f2fb472eed49b0bfd400a000fefa7b2db55,src-d84deb2cbf11b19df6aae137227cda26a5219f0e19f4bbc2a746ac10e467eb3c,R2373MC01A_04-05 cm,Zn,154.0,mg/kg,sediment,dry_weight_partial_nitric_acid,,4.0,mg/kg,61.136023,5.759125,EPSG:4326,,,Inductively coupled plasma atomic emission spectroscopy (ICP-OES),Prøveframstilling følger prosedyre i LABdok_P03: Framstilling av analyseløsninger etter partiell oppslutning i salpetersyre iht. NS-4770.,NGU-Laboratory,CC-BY-4.0,government,norway-marchem,MarChem_Inorganic_Data_20260805T102709Z.csv#row=741,2021,0.04,0.05,,marine sediment,sediment_marine,dataset_constant,,,,,,,,,,marine,,,,,,,,,,,,,,not_reported,batch,batch_code_to_method_metadata_join,,Inductively coupled plasma atomic emission spectroscopy (ICP-OES),,,,,MarChem_Inorganic_LabParameter_20260805T102709Z.csv#row=73,,,,,,"[""Institute of Marine Research and Geological Survey of Norway. MarChem marine chemistry database, content-addressed API snapshot observed 2026-08-05T10:27:11Z.""]",dataset,dataset_metadata,,resolved,,public_download,permitted_research,https://creativecommons.org/licenses/by/4.0/,dataset,true,not_evaluated_for_project_output,2026-08-06T10:05:00Z
rec-14d37839bc0a3e34bcfb3e40d1b791a4ba7df158547d7dd622160658e822343f,src-a5b5e6b863d4f9f2a369599d1e4b67aea9370bcdf02ee69d248f0f6d4d0cdca2,R2608MC13A_00-01 cm,As,5.2,mg/kg,sediment,dry_weight_partial_nitric_acid,,2.0,mg/kg,64.592550,9.819355,EPSG:4326,,,Inductively coupled plasma atomic emission spectroscopy (ICP-OES),Prøveframstilling følger prosedyre i LABdok_P03: Framstilling av analyseløsninger etter partiell oppslutning i salpetersyre iht. NS-4770.,NGU-Laboratory,CC-BY-4.0,government,norway-marchem,MarChem_Inorganic_Data_20260805T102709Z.csv#row=804,2021,0,0.01,,marine sediment,sediment_marine,dataset_constant,,,,,,,,,,marine,,,,,,,,,,,,,,not_reported,batch,batch_code_to_method_metadata_join,,Inductively coupled plasma atomic emission spectroscopy (ICP-OES),,,,,MarChem_Inorganic_LabParameter_20260805T102709Z.csv#row=4,,,,,,"[""Institute of Marine Research and Geological Survey of Norway. MarChem marine chemistry database, content-addressed API snapshot observed 2026-08-05T10:27:11Z.""]",dataset,dataset_metadata,,resolved,,public_download,permitted_research,https://creativecommons.org/licenses/by/4.0/,dataset,true,not_evaluated_for_project_output,2026-08-06T10:05:00Z
rec-08ea2f02831bd4a0e3799fe53dde27a6927887d437f21d2230002ece863ffe56,src-a5b5e6b863d4f9f2a369599d1e4b67aea9370bcdf02ee69d248f0f6d4d0cdca2,R2608MC13A_00-01 cm,Cu,10.8,mg/kg,sediment,dry_weight_partial_nitric_acid,,1.0,mg/kg,64.592550,9.819355,EPSG:4326,,,Inductively coupled plasma atomic emission spectroscopy (ICP-OES),Prøveframstilling følger prosedyre i LABdok_P03: Framstilling av analyseløsninger etter partiell oppslutning i salpetersyre iht. NS-4770.,NGU-Laboratory,CC-BY-4.0,government,norway-marchem,MarChem_Inorganic_Data_20260805T102709Z.csv#row=804,2021,0,0.01,,marine sediment,sediment_marine,dataset_constant,,,,,,,,,,marine,,,,,,,,,,,,,,not_reported,batch,batch_code_to_method_metadata_join,,Inductively coupled plasma atomic emission spectroscopy (ICP-OES),,,,,MarChem_Inorganic_LabParameter_20260805T102709Z.csv#row=35,,,,,,"[""Institute of Marine Research and Geological Survey of Norway. MarChem marine chemistry database, content-addressed API snapshot observed 2026-08-05T10:27:11Z.""]",dataset,dataset_metadata,,resolved,,public_download,permitted_research,https://creativecommons.org/licenses/by/4.0/,dataset,true,not_evaluated_for_project_output,2026-08-06T10:05:00Z
rec-f15d71e495417f950c0baa7b222427da9e0cb22f687531be04c1e4668e138f93,src-a5b5e6b863d4f9f2a369599d1e4b67aea9370bcdf02ee69d248f0f6d4d0cdca2,R2608MC13A_00-01 cm,Ni,21.8,mg/kg,sediment,dry_weight_partial_nitric_acid,,1.0,mg/kg,64.592550,9.819355,EPSG:4326,,,Inductively coupled plasma atomic emission spectroscopy (ICP-OES),Prøveframstilling følger prosedyre i LABdok_P03: Framstilling av analyseløsninger etter partiell oppslutning i salpetersyre iht. NS-4770.,NGU-Laboratory,CC-BY-4.0,government,norway-marchem,MarChem_Inorganic_Data_20260805T102709Z.csv#row=804,2021,0,0.01,,marine sediment,sediment_marine,dataset_constant,,,,,,,,,,marine,,,,,,,,,,,,,,not_reported,batch,batch_code_to_method_metadata_join,,Inductively coupled plasma atomic emission spectroscopy (ICP-OES),,,,,MarChem_Inorganic_LabParameter_20260805T102709Z.csv#row=53,,,,,,"[""Institute of Marine Research and Geological Survey of Norway. MarChem marine chemistry database, content-addressed API snapshot observed 2026-08-05T10:27:11Z.""]",dataset,dataset_metadata,,resolved,,public_download,permitted_research,https://creativecommons.org/licenses/by/4.0/,dataset,true,not_evaluated_for_project_output,2026-08-06T10:05:00Z
rec-0b390cd82d9f6a7742446ed372abda4574f3e582049a98e40cd4e5667c93096b,src-a5b5e6b863d4f9f2a369599d1e4b67aea9370bcdf02ee69d248f0f6d4d0cdca2,R2608MC13A_00-01 cm,Zn,46.2,mg/kg,sediment,dry_weight_partial_nitric_acid,,4.0,mg/kg,64.592550,9.819355,EPSG:4326,,,Inductively coupled plasma atomic emission spectroscopy (ICP-OES),Prøveframstilling følger prosedyre i LABdok_P03: Framstilling av analyseløsninger etter partiell oppslutning i salpetersyre iht. NS-4770.,NGU-Laboratory,CC-BY-4.0,government,norway-marchem,MarChem_Inorganic_Data_20260805T102709Z.csv#row=804,2021,0,0.01,,marine sediment,sediment_marine,dataset_constant,,,,,,,,,,marine,,,,,,,,,,,,,,not_reported,batch,batch_code_to_method_metadata_join,,Inductively coupled plasma atomic emission spectroscopy (ICP-OES),,,,,MarChem_Inorganic_LabParameter_20260805T102709Z.csv#row=73,,,,,,"[""Institute of Marine Research and Geological Survey of Norway. MarChem marine chemistry database, content-addressed API snapshot observed 2026-08-05T10:27:11Z.""]",dataset,dataset_metadata,,resolved,,public_download,permitted_research,https://creativecommons.org/licenses/by/4.0/,dataset,true,not_evaluated_for_project_output,2026-08-06T10:05:00Z
rec-a7235280ab618a4e2e58fb8ffebb9166221d25d632040fab772cbb88496cbb25,src-21c2a9455f3fac453a99b5d0198142c8f6c50ea0b4671591c0efa665c9e7d42a,R3120MC10A_00-01 cm,As,17.8,mg/kg,sediment,dry_weight_partial_nitric_acid,,2.0,mg/kg,59.551741,4.275607,EPSG:4326,,,Inductively coupled plasma atomic emission spectroscopy (ICP-OES),Prøveframstilling følger prosedyre i LABdok_P03: Framstilling av analyseløsninger etter partiell oppslutning i salpetersyre iht. NS-4770.,NGU-Laboratory,CC-BY-4.0,government,norway-marchem,MarChem_Inorganic_Data_20260805T102709Z.csv#row=846,2022,0,0.01,,marine sediment,sediment_marine,dataset_constant,,,,,,,,,,marine,,,,,,,,,,,,,,not_reported,batch,batch_code_to_method_metadata_join,,Inductively coupled plasma atomic emission spectroscopy (ICP-OES),,,,,MarChem_Inorganic_LabParameter_20260805T102709Z.csv#row=5,,,,,,"[""Institute of Marine Research and Geological Survey of Norway. MarChem marine chemistry database, content-addressed API snapshot observed 2026-08-05T10:27:11Z.""]",dataset,dataset_metadata,,resolved,,public_download,permitted_research,https://creativecommons.org/licenses/by/4.0/,dataset,true,not_evaluated_for_project_output,2026-08-06T10:05:00Z
rec-8be62c5a14e9df91763f5c6ccc491ecd22f2e9b48e15acca23413713f442d039,src-21c2a9455f3fac453a99b5d0198142c8f6c50ea0b4671591c0efa665c9e7d42a,R3120MC10A_00-01 cm,Cu,12.5,mg/kg,sediment,dry_weight_partial_nitric_acid,,1.0,mg/kg,59.551741,4.275607,EPSG:4326,,,Inductively coupled plasma atomic emission spectroscopy (ICP-OES),Prøveframstilling følger prosedyre i LABdok_P03: Framstilling av analyseløsninger etter partiell oppslutning i salpetersyre iht. NS-4770.,NGU-Laboratory,CC-BY-4.0,government,norway-marchem,MarChem_Inorganic_Data_20260805T102709Z.csv#row=846,2022,0,0.01,,marine sediment,sediment_marine,dataset_constant,,,,,,,,,,marine,,,,,,,,,,,,,,not_reported,batch,batch_code_to_method_metadata_join,,Inductively coupled plasma atomic emission spectroscopy (ICP-OES),,,,,MarChem_Inorganic_LabParameter_20260805T102709Z.csv#row=36,,,,,,"[""Institute of Marine Research and Geological Survey of Norway. MarChem marine chemistry database, content-addressed API snapshot observed 2026-08-05T10:27:11Z.""]",dataset,dataset_metadata,,resolved,,public_download,permitted_research,https://creativecommons.org/licenses/by/4.0/,dataset,true,not_evaluated_for_project_output,2026-08-06T10:05:00Z
rec-93acf084c108b4b91fd53214785142f155f40a917c9d1538e5c2261d62f519d3,src-21c2a9455f3fac453a99b5d0198142c8f6c50ea0b4671591c0efa665c9e7d42a,R3120MC10A_00-01 cm,Ni,26.4,mg/kg,sediment,dry_weight_partial_nitric_acid,,1.0,mg/kg,59.551741,4.275607,EPSG:4326,,,Inductively coupled plasma atomic emission spectroscopy (ICP-OES),Prøveframstilling følger prosedyre i LABdok_P03: Framstilling av analyseløsninger etter partiell oppslutning i salpetersyre iht. NS-4770.,NGU-Laboratory,CC-BY-4.0,government,norway-marchem,MarChem_Inorganic_Data_20260805T102709Z.csv#row=846,2022,0,0.01,,marine sediment,sediment_marine,dataset_constant,,,,,,,,,,marine,,,,,,,,,,,,,,not_reported,batch,batch_code_to_method_metadata_join,,Inductively coupled plasma atomic emission spectroscopy (ICP-OES),,,,,MarChem_Inorganic_LabParameter_20260805T102709Z.csv#row=54,,,,,,"[""Institute of Marine Research and Geological Survey of Norway. MarChem marine chemistry database, content-addressed API snapshot observed 2026-08-05T10:27:11Z.""]",dataset,dataset_metadata,,resolved,,public_download,permitted_research,https://creativecommons.org/licenses/by/4.0/,dataset,true,not_evaluated_for_project_output,2026-08-06T10:05:00Z
rec-693b533bd06d16cd61273b0f68ee17327a45e5521b92a5b46bc4e80dc49b0a19,src-21c2a9455f3fac453a99b5d0198142c8f6c50ea0b4671591c0efa665c9e7d42a,R3120MC10A_00-01 cm,Zn,64.6,mg/kg,sediment,dry_weight_partial_nitric_acid,,4.0,mg/kg,59.551741,4.275607,EPSG:4326,,,Inductively coupled plasma atomic emission spectroscopy (ICP-OES),Prøveframstilling følger prosedyre i LABdok_P03: Framstilling av analyseløsninger etter partiell oppslutning i salpetersyre iht. NS-4770.,NGU-Laboratory,CC-BY-4.0,government,norway-marchem,MarChem_Inorganic_Data_20260805T102709Z.csv#row=846,2022,0,0.01,,marine sediment,sediment_marine,dataset_constant,,,,,,,,,,marine,,,,,,,,,,,,,,not_reported,batch,batch_code_to_method_metadata_join,,Inductively coupled plasma atomic emission spectroscopy (ICP-OES),,,,,MarChem_Inorganic_LabParameter_20260805T102709Z.csv#row=74,,,,,,"[""Institute of Marine Research and Geological Survey of Norway. MarChem marine chemistry database, content-addressed API snapshot observed 2026-08-05T10:27:11Z.""]",dataset,dataset_metadata,,resolved,,public_download,permitted_research,https://creativecommons.org/licenses/by/4.0/,dataset,true,not_evaluated_for_project_output,2026-08-06T10:05:00Z
rec-48b24fe07592f4f2f44970eaeda2bba3b5510fcfa75b0dcfc9312e94fe7f9d73,src-1a17816d6c7902fc216babcfa48503a8018702d4b0e9a9fe42faaf0a573de774,R3165MC14A_02-03 cm,As,17.2,mg/kg,sediment,dry_weight_partial_nitric_acid,,2.0,mg/kg,58.812880,10.247057,EPSG:4326,,,Inductively coupled plasma atomic emission spectroscopy (ICP-OES),Prøveframstilling følger prosedyre i LABdok_P03: Framstilling av analyseløsninger etter partiell oppslutning i salpetersyre iht. NS-4770.,NGU-Laboratory,CC-BY-4.0,government,norway-marchem,MarChem_Inorganic_Data_20260805T102709Z.csv#row=869,2022,0.02,0.03,,marine sediment,sediment_marine,dataset_constant,,,,,,,,,,marine,,,,,,,,,,,,,,not_reported,batch,batch_code_to_method_metadata_join,,Inductively coupled plasma atomic emission spectroscopy (ICP-OES),,,,,MarChem_Inorganic_LabParameter_20260805T102709Z.csv#row=6,,,,,,"[""Institute of Marine Research and Geological Survey of Norway. MarChem marine chemistry database, content-addressed API snapshot observed 2026-08-05T10:27:11Z.""]",dataset,dataset_metadata,,resolved,,public_download,permitted_research,https://creativecommons.org/licenses/by/4.0/,dataset,true,not_evaluated_for_project_output,2026-08-06T10:05:00Z
rec-1e42b27718c1cb2b3d9bccdea0881e3efb42a51774a43c9523f33d60160a9bab,src-1a17816d6c7902fc216babcfa48503a8018702d4b0e9a9fe42faaf0a573de774,R3165MC14A_02-03 cm,Cu,17.5,mg/kg,sediment,dry_weight_partial_nitric_acid,,1.0,mg/kg,58.812880,10.247057,EPSG:4326,,,Inductively coupled plasma atomic emission spectroscopy (ICP-OES),Prøveframstilling følger prosedyre i LABdok_P03: Framstilling av analyseløsninger etter partiell oppslutning i salpetersyre iht. NS-4770.,NGU-Laboratory,CC-BY-4.0,government,norway-marchem,MarChem_Inorganic_Data_20260805T102709Z.csv#row=869,2022,0.02,0.03,,marine sediment,sediment_marine,dataset_constant,,,,,,,,,,marine,,,,,,,,,,,,,,not_reported,batch,batch_code_to_method_metadata_join,,Inductively coupled plasma atomic emission spectroscopy (ICP-OES),,,,,MarChem_Inorganic_LabParameter_20260805T102709Z.csv#row=37,,,,,,"[""Institute of Marine Research and Geological Survey of Norway. MarChem marine chemistry database, content-addressed API snapshot observed 2026-08-05T10:27:11Z.""]",dataset,dataset_metadata,,resolved,,public_download,permitted_research,https://creativecommons.org/licenses/by/4.0/,dataset,true,not_evaluated_for_project_output,2026-08-06T10:05:00Z
rec-907dd8787e21f3b6d5e446fb10ec42cb24361ee572189cdb11feda9f9b1983cf,src-1a17816d6c7902fc216babcfa48503a8018702d4b0e9a9fe42faaf0a573de774,R3165MC14A_02-03 cm,Ni,29.7,mg/kg,sediment,dry_weight_partial_nitric_acid,,1.0,mg/kg,58.812880,10.247057,EPSG:4326,,,Inductively coupled plasma atomic emission spectroscopy (ICP-OES),Prøveframstilling følger prosedyre i LABdok_P03: Framstilling av analyseløsninger etter partiell oppslutning i salpetersyre iht. NS-4770.,NGU-Laboratory,CC-BY-4.0,government,norway-marchem,MarChem_Inorganic_Data_20260805T102709Z.csv#row=869,2022,0.02,0.03,,marine sediment,sediment_marine,dataset_constant,,,,,,,,,,marine,,,,,,,,,,,,,,not_reported,batch,batch_code_to_method_metadata_join,,Inductively coupled plasma atomic emission spectroscopy (ICP-OES),,,,,MarChem_Inorganic_LabParameter_20260805T102709Z.csv#row=55,,,,,,"[""Institute of Marine Research and Geological Survey of Norway. MarChem marine chemistry database, content-addressed API snapshot observed 2026-08-05T10:27:11Z.""]",dataset,dataset_metadata,,resolved,,public_download,permitted_research,https://creativecommons.org/licenses/by/4.0/,dataset,true,not_evaluated_for_project_output,2026-08-06T10:05:00Z
rec-f4896b29ab24a8c08f2671f4a2741f9a31faa9eca8008efae049f93f51c4e4c5,src-1a17816d6c7902fc216babcfa48503a8018702d4b0e9a9fe42faaf0a573de774,R3165MC14A_02-03 cm,Zn,87.8,mg/kg,sediment,dry_weight_partial_nitric_acid,,4.0,mg/kg,58.812880,10.247057,EPSG:4326,,,Inductively coupled plasma atomic emission spectroscopy (ICP-OES),Prøveframstilling følger prosedyre i LABdok_P03: Framstilling av analyseløsninger etter partiell oppslutning i salpetersyre iht. NS-4770.,NGU-Laboratory,CC-BY-4.0,government,norway-marchem,MarChem_Inorganic_Data_20260805T102709Z.csv#row=869,2022,0.02,0.03,,marine sediment,sediment_marine,dataset_constant,,,,,,,,,,marine,,,,,,,,,,,,,,not_reported,batch,batch_code_to_method_metadata_join,,Inductively coupled plasma atomic emission spectroscopy (ICP-OES),,,,,MarChem_Inorganic_LabParameter_20260805T102709Z.csv#row=76,,,,,,"[""Institute of Marine Research and Geological Survey of Norway. MarChem marine chemistry database, content-addressed API snapshot observed 2026-08-05T10:27:11Z.""]",dataset,dataset_metadata,,resolved,,public_download,permitted_research,https://creativecommons.org/licenses/by/4.0/,dataset,true,not_evaluated_for_project_output,2026-08-06T10:05:00Z
rec-72643be7412f76a58da26790b487542b18248685edaf456b2200d2d61d51d14d,src-739acda09520e6f7cda272c7a208d6b2a07ab06826a39fe5ffede81a4c1a29eb,R2924MC02A_10-11 cm,As,43.5,mg/kg,sediment,dry_weight_partial_nitric_acid,,2.0,mg/kg,81.409639,26.953759,EPSG:4326,,,Inductively coupled plasma atomic emission spectroscopy (ICP-OES),Prøveframstilling følger prosedyre i LABdok_P03: Framstilling av analyseløsninger etter partiell oppslutning i salpetersyre iht. NS-4770.,NGU-Laboratory,CC-BY-4.0,government,norway-marchem,MarChem_Inorganic_Data_20260805T102709Z.csv#row=908,2022,0.1,0.11,,marine sediment,sediment_marine,dataset_constant,,,,,,,,,,marine,,,,,,,,,,,,,,not_reported,batch,batch_code_to_method_metadata_join,,Inductively coupled plasma atomic emission spectroscopy (ICP-OES),,,,,MarChem_Inorganic_LabParameter_20260805T102709Z.csv#row=5,,,,,,"[""Institute of Marine Research and Geological Survey of Norway. MarChem marine chemistry database, content-addressed API snapshot observed 2026-08-05T10:27:11Z.""]",dataset,dataset_metadata,,resolved,,public_download,permitted_research,https://creativecommons.org/licenses/by/4.0/,dataset,true,not_evaluated_for_project_output,2026-08-06T10:05:00Z
rec-eb5a8dab3dcd84906ef0f999eb940ea855156cf4be15d1be8606c2bc5671d1c3,src-739acda09520e6f7cda272c7a208d6b2a07ab06826a39fe5ffede81a4c1a29eb,R2924MC02A_10-11 cm,Cu,24.3,mg/kg,sediment,dry_weight_partial_nitric_acid,,1.0,mg/kg,81.409639,26.953759,EPSG:4326,,,Inductively coupled plasma atomic emission spectroscopy (ICP-OES),Prøveframstilling følger prosedyre i LABdok_P03: Framstilling av analyseløsninger etter partiell oppslutning i salpetersyre iht. NS-4770.,NGU-Laboratory,CC-BY-4.0,government,norway-marchem,MarChem_Inorganic_Data_20260805T102709Z.csv#row=908,2022,0.1,0.11,,marine sediment,sediment_marine,dataset_constant,,,,,,,,,,marine,,,,,,,,,,,,,,not_reported,batch,batch_code_to_method_metadata_join,,Inductively coupled plasma atomic emission spectroscopy (ICP-OES),,,,,MarChem_Inorganic_LabParameter_20260805T102709Z.csv#row=36,,,,,,"[""Institute of Marine Research and Geological Survey of Norway. MarChem marine chemistry database, content-addressed API snapshot observed 2026-08-05T10:27:11Z.""]",dataset,dataset_metadata,,resolved,,public_download,permitted_research,https://creativecommons.org/licenses/by/4.0/,dataset,true,not_evaluated_for_project_output,2026-08-06T10:05:00Z
rec-7806463a5f958e7822e344ffe95cc6136cfc5d2d872a522d5f7c36e4d20b96a6,src-739acda09520e6f7cda272c7a208d6b2a07ab06826a39fe5ffede81a4c1a29eb,R2924MC02A_10-11 cm,Ni,55.4,mg/kg,sediment,dry_weight_partial_nitric_acid,,1.0,mg/kg,81.409639,26.953759,EPSG:4326,,,Inductively coupled plasma atomic emission spectroscopy (ICP-OES),Prøveframstilling følger prosedyre i LABdok_P03: Framstilling av analyseløsninger etter partiell oppslutning i salpetersyre iht. NS-4770.,NGU-Laboratory,CC-BY-4.0,government,norway-marchem,MarChem_Inorganic_Data_20260805T102709Z.csv#row=908,2022,0.1,0.11,,marine sediment,sediment_marine,dataset_constant,,,,,,,,,,marine,,,,,,,,,,,,,,not_reported,batch,batch_code_to_method_metadata_join,,Inductively coupled plasma atomic emission spectroscopy (ICP-OES),,,,,MarChem_Inorganic_LabParameter_20260805T102709Z.csv#row=54,,,,,,"[""Institute of Marine Research and Geological Survey of Norway. MarChem marine chemistry database, content-addressed API snapshot observed 2026-08-05T10:27:11Z.""]",dataset,dataset_metadata,,resolved,,public_download,permitted_research,https://creativecommons.org/licenses/by/4.0/,dataset,true,not_evaluated_for_project_output,2026-08-06T10:05:00Z
rec-d98bb4c0363eed4127e11e8278af4da34b3b4153bc96030695b9a0b6db488ee1,src-739acda09520e6f7cda272c7a208d6b2a07ab06826a39fe5ffede81a4c1a29eb,R2924MC02A_10-11 cm,Zn,83.5,mg/kg,sediment,dry_weight_partial_nitric_acid,,4.0,mg/kg,81.409639,26.953759,EPSG:4326,,,Inductively coupled plasma atomic emission spectroscopy (ICP-OES),Prøveframstilling følger prosedyre i LABdok_P03: Framstilling av analyseløsninger etter partiell oppslutning i salpetersyre iht. NS-4770.,NGU-Laboratory,CC-BY-4.0,government,norway-marchem,MarChem_Inorganic_Data_20260805T102709Z.csv#row=908,2022,0.1,0.11,,marine sediment,sediment_marine,dataset_constant,,,,,,,,,,marine,,,,,,,,,,,,,,not_reported,batch,batch_code_to_method_metadata_join,,Inductively coupled plasma atomic emission spectroscopy (ICP-OES),,,,,MarChem_Inorganic_LabParameter_20260805T102709Z.csv#row=74,,,,,,"[""Institute of Marine Research and Geological Survey of Norway. MarChem marine chemistry database, content-addressed API snapshot observed 2026-08-05T10:27:11Z.""]",dataset,dataset_metadata,,resolved,,public_download,permitted_research,https://creativecommons.org/licenses/by/4.0/,dataset,true,not_evaluated_for_project_output,2026-08-06T10:05:00Z
rec-d0e29f1f3803d46ee78b7042982051de5eaea408e8955dac107269a25fd90f4c,src-92349871a565c8be09cc0b9d5b4a8a6eb544c392eb4f38027288a24de37cf0af,R2924MC02A_24-25 cm,As,147.0,mg/kg,sediment,dry_weight_partial_nitric_acid,,2.0,mg/kg,81.409639,26.953759,EPSG:4326,,,Inductively coupled plasma atomic emission spectroscopy (ICP-OES),Prøveframstilling følger prosedyre i LABdok_P03: Framstilling av analyseløsninger etter partiell oppslutning i salpetersyre iht. NS-4770.,NGU-Laboratory,CC-BY-4.0,government,norway-marchem,MarChem_Inorganic_Data_20260805T102709Z.csv#row=910,2022,0.24,0.25,,marine sediment,sediment_marine,dataset_constant,,,,,,,,,,marine,,,,,,,,,,,,,,not_reported,batch,batch_code_to_method_metadata_join,,Inductively coupled plasma atomic emission spectroscopy (ICP-OES),,,,,MarChem_Inorganic_LabParameter_20260805T102709Z.csv#row=5,,,,,,"[""Institute of Marine Research and Geological Survey of Norway. MarChem marine chemistry database, content-addressed API snapshot observed 2026-08-05T10:27:11Z.""]",dataset,dataset_metadata,,resolved,,public_download,permitted_research,https://creativecommons.org/licenses/by/4.0/,dataset,true,not_evaluated_for_project_output,2026-08-06T10:05:00Z
rec-028f50d3b21b4c4e60e3273b097f3f1945623e9b5137b3580ef0eaa0edc60767,src-92349871a565c8be09cc0b9d5b4a8a6eb544c392eb4f38027288a24de37cf0af,R2924MC02A_24-25 cm,Cu,25.5,mg/kg,sediment,dry_weight_partial_nitric_acid,,1.0,mg/kg,81.409639,26.953759,EPSG:4326,,,Inductively coupled plasma atomic emission spectroscopy (ICP-OES),Prøveframstilling følger prosedyre i LABdok_P03: Framstilling av analyseløsninger etter partiell oppslutning i salpetersyre iht. NS-4770.,NGU-Laboratory,CC-BY-4.0,government,norway-marchem,MarChem_Inorganic_Data_20260805T102709Z.csv#row=910,2022,0.24,0.25,,marine sediment,sediment_marine,dataset_constant,,,,,,,,,,marine,,,,,,,,,,,,,,not_reported,batch,batch_code_to_method_metadata_join,,Inductively coupled plasma atomic emission spectroscopy (ICP-OES),,,,,MarChem_Inorganic_LabParameter_20260805T102709Z.csv#row=36,,,,,,"[""Institute of Marine Research and Geological Survey of Norway. MarChem marine chemistry database, content-addressed API snapshot observed 2026-08-05T10:27:11Z.""]",dataset,dataset_metadata,,resolved,,public_download,permitted_research,https://creativecommons.org/licenses/by/4.0/,dataset,true,not_evaluated_for_project_output,2026-08-06T10:05:00Z
rec-aa57221c658a332e6fd9865d77d3a6cde2d31da0b782ea56eff259e9da659ed1,src-92349871a565c8be09cc0b9d5b4a8a6eb544c392eb4f38027288a24de37cf0af,R2924MC02A_24-25 cm,Ni,43.9,mg/kg,sediment,dry_weight_partial_nitric_acid,,1.0,mg/kg,81.409639,26.953759,EPSG:4326,,,Inductively coupled plasma atomic emission spectroscopy (ICP-OES),Prøveframstilling følger prosedyre i LABdok_P03: Framstilling av analyseløsninger etter partiell oppslutning i salpetersyre iht. NS-4770.,NGU-Laboratory,CC-BY-4.0,government,norway-marchem,MarChem_Inorganic_Data_20260805T102709Z.csv#row=910,2022,0.24,0.25,,marine sediment,sediment_marine,dataset_constant,,,,,,,,,,marine,,,,,,,,,,,,,,not_reported,batch,batch_code_to_method_metadata_join,,Inductively coupled plasma atomic emission spectroscopy (ICP-OES),,,,,MarChem_Inorganic_LabParameter_20260805T102709Z.csv#row=54,,,,,,"[""Institute of Marine Research and Geological Survey of Norway. MarChem marine chemistry database, content-addressed API snapshot observed 2026-08-05T10:27:11Z.""]",dataset,dataset_metadata,,resolved,,public_download,permitted_research,https://creativecommons.org/licenses/by/4.0/,dataset,true,not_evaluated_for_project_output,2026-08-06T10:05:00Z
rec-de0ee93028cd1683039d0b1871a71a36873971290311429b02c42249985e6c3c,src-92349871a565c8be09cc0b9d5b4a8a6eb544c392eb4f38027288a24de37cf0af,R2924MC02A_24-25 cm,Zn,80.0,mg/kg,sediment,dry_weight_partial_nitric_acid,,4.0,mg/kg,81.409639,26.953759,EPSG:4326,,,Inductively coupled plasma atomic emission spectroscopy (ICP-OES),Prøveframstilling følger prosedyre i LABdok_P03: Framstilling av analyseløsninger etter partiell oppslutning i salpetersyre iht. NS-4770.,NGU-Laboratory,CC-BY-4.0,government,norway-marchem,MarChem_Inorganic_Data_20260805T102709Z.csv#row=910,2022,0.24,0.25,,marine sediment,sediment_marine,dataset_constant,,,,,,,,,,marine,,,,,,,,,,,,,,not_reported,batch,batch_code_to_method_metadata_join,,Inductively coupled plasma atomic emission spectroscopy (ICP-OES),,,,,MarChem_Inorganic_LabParameter_20260805T102709Z.csv#row=74,,,,,,"[""Institute of Marine Research and Geological Survey of Norway. MarChem marine chemistry database, content-addressed API snapshot observed 2026-08-05T10:27:11Z.""]",dataset,dataset_metadata,,resolved,,public_download,permitted_research,https://creativecommons.org/licenses/by/4.0/,dataset,true,not_evaluated_for_project_output,2026-08-06T10:05:00Z
rec-a847a37b1c90f97956d7fab8ed75465bb1b58ed9a219780ac16848c566bc5757,src-402ee9cea10eb4bd74878682c2fe8acb69ef0fbba60ef6a726319e9a6ce53930,R3188MC05A_00-01 cm,As,10.9,mg/kg,sediment,dry_weight_partial_nitric_acid,,2.0,mg/kg,59.576102,4.930292,EPSG:4326,,,Inductively coupled plasma atomic emission spectroscopy (ICP-OES),Prøveframstilling følger prosedyre i LABdok_P03: Framstilling av analyseløsninger etter partiell oppslutning i salpetersyre iht. NS-4770.,NGU-Laboratory,CC-BY-4.0,government,norway-marchem,MarChem_Inorganic_Data_20260805T102709Z.csv#row=955,2023,0,0.01,,marine sediment,sediment_marine,dataset_constant,,,,,,,,,,marine,,,,,,,,,,,,,,not_reported,batch,batch_code_to_method_metadata_join,,Inductively coupled plasma atomic emission spectroscopy (ICP-OES),,,,,MarChem_Inorganic_LabParameter_20260805T102709Z.csv#row=7,,,,,,"[""Institute of Marine Research and Geological Survey of Norway. MarChem marine chemistry database, content-addressed API snapshot observed 2026-08-05T10:27:11Z.""]",dataset,dataset_metadata,,resolved,,public_download,permitted_research,https://creativecommons.org/licenses/by/4.0/,dataset,true,not_evaluated_for_project_output,2026-08-06T10:05:00Z
rec-99fc9b078d1a159c2e492f4863c401fedc86e980a9369e614958165c18765810,src-402ee9cea10eb4bd74878682c2fe8acb69ef0fbba60ef6a726319e9a6ce53930,R3188MC05A_00-01 cm,Cu,13.1,mg/kg,sediment,dry_weight_partial_nitric_acid,,1.0,mg/kg,59.576102,4.930292,EPSG:4326,,,Inductively coupled plasma atomic emission spectroscopy (ICP-OES),Prøveframstilling følger prosedyre i LABdok_P03: Framstilling av analyseløsninger etter partiell oppslutning i salpetersyre iht. NS-4770.,NGU-Laboratory,CC-BY-4.0,government,norway-marchem,MarChem_Inorganic_Data_20260805T102709Z.csv#row=955,2023,0,0.01,,marine sediment,sediment_marine,dataset_constant,,,,,,,,,,marine,,,,,,,,,,,,,,not_reported,batch,batch_code_to_method_metadata_join,,Inductively coupled plasma atomic emission spectroscopy (ICP-OES),,,,,MarChem_Inorganic_LabParameter_20260805T102709Z.csv#row=38,,,,,,"[""Institute of Marine Research and Geological Survey of Norway. MarChem marine chemistry database, content-addressed API snapshot observed 2026-08-05T10:27:11Z.""]",dataset,dataset_metadata,,resolved,,public_download,permitted_research,https://creativecommons.org/licenses/by/4.0/,dataset,true,not_evaluated_for_project_output,2026-08-06T10:05:00Z
rec-00b1810cb0d76ac56b3ad6084f6c3dfb4f6ca38d9a6df73e6f02da4bb17ed0e7,src-402ee9cea10eb4bd74878682c2fe8acb69ef0fbba60ef6a726319e9a6ce53930,R3188MC05A_00-01 cm,Ni,25.7,mg/kg,sediment,dry_weight_partial_nitric_acid,,1.0,mg/kg,59.576102,4.930292,EPSG:4326,,,Inductively coupled plasma atomic emission spectroscopy (ICP-OES),Prøveframstilling følger prosedyre i LABdok_P03: Framstilling av analyseløsninger etter partiell oppslutning i salpetersyre iht. NS-4770.,NGU-Laboratory,CC-BY-4.0,government,norway-marchem,MarChem_Inorganic_Data_20260805T102709Z.csv#row=955,2023,0,0.01,,marine sediment,sediment_marine,dataset_constant,,,,,,,,,,marine,,,,,,,,,,,,,,not_reported,batch,batch_code_to_method_metadata_join,,Inductively coupled plasma atomic emission spectroscopy (ICP-OES),,,,,MarChem_Inorganic_LabParameter_20260805T102709Z.csv#row=56,,,,,,"[""Institute of Marine Research and Geological Survey of Norway. MarChem marine chemistry database, content-addressed API snapshot observed 2026-08-05T10:27:11Z.""]",dataset,dataset_metadata,,resolved,,public_download,permitted_research,https://creativecommons.org/licenses/by/4.0/,dataset,true,not_evaluated_for_project_output,2026-08-06T10:05:00Z
rec-9ed380208718fa3ef24ada2c8920b3456894a05b1616c8748288b658934fefb7,src-402ee9cea10eb4bd74878682c2fe8acb69ef0fbba60ef6a726319e9a6ce53930,R3188MC05A_00-01 cm,Zn,69.4,mg/kg,sediment,dry_weight_partial_nitric_acid,,4.0,mg/kg,59.576102,4.930292,EPSG:4326,,,Inductively coupled plasma atomic emission spectroscopy (ICP-OES),Prøveframstilling følger prosedyre i LABdok_P03: Framstilling av analyseløsninger etter partiell oppslutning i salpetersyre iht. NS-4770.,NGU-Laboratory,CC-BY-4.0,government,norway-marchem,MarChem_Inorganic_Data_20260805T102709Z.csv#row=955,2023,0,0.01,,marine sediment,sediment_marine,dataset_constant,,,,,,,,,,marine,,,,,,,,,,,,,,not_reported,batch,batch_code_to_method_metadata_join,,Inductively coupled plasma atomic emission spectroscopy (ICP-OES),,,,,MarChem_Inorganic_LabParameter_20260805T102709Z.csv#row=77,,,,,,"[""Institute of Marine Research and Geological Survey of Norway. MarChem marine chemistry database, content-addressed API snapshot observed 2026-08-05T10:27:11Z.""]",dataset,dataset_metadata,,resolved,,public_download,permitted_research,https://creativecommons.org/licenses/by/4.0/,dataset,true,not_evaluated_for_project_output,2026-08-06T10:05:00Z
rec-132ee9c50577d7fb1cb8be05355a490731900a7881eee6cacfd9190d709cfe25,src-d3708d25759f4505e28dd056ddcfa7f9f76d92978b19936379ac6c35e6c461a8,R3425MC23A_00-01 cm,As,24.4,mg/kg,sediment,dry_weight_partial_nitric_acid,,2.0,mg/kg,56.732085,5.198095,EPSG:4326,,,Inductively coupled plasma atomic emission spectroscopy (ICP-OES),Prøveframstilling følger prosedyre i LABdok_P03: Framstilling av analyseløsninger etter partiell oppslutning i salpetersyre iht. NS-4770.,NGU-Laboratory,CC-BY-4.0,government,norway-marchem,MarChem_Inorganic_Data_20260805T102709Z.csv#row=996,2024,0,0.01,,marine sediment,sediment_marine,dataset_constant,,,,,,,,,,marine,,,,,,,,,,,,,,not_reported,batch,batch_code_to_method_metadata_join,,Inductively coupled plasma atomic emission spectroscopy (ICP-OES),,,,,MarChem_Inorganic_LabParameter_20260805T102709Z.csv#row=2,,,,,,"[""Institute of Marine Research and Geological Survey of Norway. MarChem marine chemistry database, content-addressed API snapshot observed 2026-08-05T10:27:11Z.""]",dataset,dataset_metadata,,resolved,,public_download,permitted_research,https://creativecommons.org/licenses/by/4.0/,dataset,true,not_evaluated_for_project_output,2026-08-06T10:05:00Z
rec-7db8cf8baf623ec661ab76a2a1b4ca53e6a1e53ba1287da11388ce9eae6f3c24,src-d3708d25759f4505e28dd056ddcfa7f9f76d92978b19936379ac6c35e6c461a8,R3425MC23A_00-01 cm,Cu,11.7,mg/kg,sediment,dry_weight_partial_nitric_acid,,1.0,mg/kg,56.732085,5.198095,EPSG:4326,,,Inductively coupled plasma atomic emission spectroscopy (ICP-OES),Prøveframstilling følger prosedyre i LABdok_P03: Framstilling av analyseløsninger etter partiell oppslutning i salpetersyre iht. NS-4770.,NGU-Laboratory,CC-BY-4.0,government,norway-marchem,MarChem_Inorganic_Data_20260805T102709Z.csv#row=996,2024,0,0.01,,marine sediment,sediment_marine,dataset_constant,,,,,,,,,,marine,,,,,,,,,,,,,,not_reported,batch,batch_code_to_method_metadata_join,,Inductively coupled plasma atomic emission spectroscopy (ICP-OES),,,,,MarChem_Inorganic_LabParameter_20260805T102709Z.csv#row=33,,,,,,"[""Institute of Marine Research and Geological Survey of Norway. MarChem marine chemistry database, content-addressed API snapshot observed 2026-08-05T10:27:11Z.""]",dataset,dataset_metadata,,resolved,,public_download,permitted_research,https://creativecommons.org/licenses/by/4.0/,dataset,true,not_evaluated_for_project_output,2026-08-06T10:05:00Z
rec-31616c6d06c177e97b6909c770cccde2fb2d75828d6a72072fd44d9e9039c43c,src-d3708d25759f4505e28dd056ddcfa7f9f76d92978b19936379ac6c35e6c461a8,R3425MC23A_00-01 cm,Ni,25.6,mg/kg,sediment,dry_weight_partial_nitric_acid,,1.0,mg/kg,56.732085,5.198095,EPSG:4326,,,Inductively coupled plasma atomic emission spectroscopy (ICP-OES),Prøveframstilling følger prosedyre i LABdok_P03: Framstilling av analyseløsninger etter partiell oppslutning i salpetersyre iht. NS-4770.,NGU-Laboratory,CC-BY-4.0,government,norway-marchem,MarChem_Inorganic_Data_20260805T102709Z.csv#row=996,2024,0,0.01,,marine sediment,sediment_marine,dataset_constant,,,,,,,,,,marine,,,,,,,,,,,,,,not_reported,batch,batch_code_to_method_metadata_join,,Inductively coupled plasma atomic emission spectroscopy (ICP-OES),,,,,MarChem_Inorganic_LabParameter_20260805T102709Z.csv#row=51,,,,,,"[""Institute of Marine Research and Geological Survey of Norway. MarChem marine chemistry database, content-addressed API snapshot observed 2026-08-05T10:27:11Z.""]",dataset,dataset_metadata,,resolved,,public_download,permitted_research,https://creativecommons.org/licenses/by/4.0/,dataset,true,not_evaluated_for_project_output,2026-08-06T10:05:00Z
rec-d6b0f90a0de6fc2c6ff6035e7042fd592d8ff92b3e8aa6845254e43227c767b9,src-d3708d25759f4505e28dd056ddcfa7f9f76d92978b19936379ac6c35e6c461a8,R3425MC23A_00-01 cm,Zn,68.4,mg/kg,sediment,dry_weight_partial_nitric_acid,,4.0,mg/kg,56.732085,5.198095,EPSG:4326,,,Inductively coupled plasma atomic emission spectroscopy (ICP-OES),Prøveframstilling følger prosedyre i LABdok_P03: Framstilling av analyseløsninger etter partiell oppslutning i salpetersyre iht. NS-4770.,NGU-Laboratory,CC-BY-4.0,government,norway-marchem,MarChem_Inorganic_Data_20260805T102709Z.csv#row=996,2024,0,0.01,,marine sediment,sediment_marine,dataset_constant,,,,,,,,,,marine,,,,,,,,,,,,,,not_reported,batch,batch_code_to_method_metadata_join,,Inductively coupled plasma atomic emission spectroscopy (ICP-OES),,,,,MarChem_Inorganic_LabParameter_20260805T102709Z.csv#row=71,,,,,,"[""Institute of Marine Research and Geological Survey of Norway. MarChem marine chemistry database, content-addressed API snapshot observed 2026-08-05T10:27:11Z.""]",dataset,dataset_metadata,,resolved,,public_download,permitted_research,https://creativecommons.org/licenses/by/4.0/,dataset,true,not_evaluated_for_project_output,2026-08-06T10:05:00Z
rec-4b8294b1544ea4e0716e4c9c4bfa247d58ce226b72abf4563f87a3db8bc7cda0,src-88b20d94a008020d885f483e72a2c2a512d12bc2c749a9671054a8d3df6de6c9,R3560MC20A_00-01 cm,As,18.1,mg/kg,sediment,dry_weight_partial_nitric_acid,,2.0,mg/kg,59.364231,4.244871,EPSG:4326,,,Inductively coupled plasma atomic emission spectroscopy (ICP-OES),Prøveframstilling følger prosedyre i LABdok_P03: Framstilling av analyseløsninger etter partiell oppslutning i salpetersyre iht. NS-4770.,NGU-Laboratory,CC-BY-4.0,government,norway-marchem,MarChem_Inorganic_Data_20260805T102709Z.csv#row=1006,2024,0,0.01,,marine sediment,sediment_marine,dataset_constant,,,,,,,,,,marine,,,,,,,,,,,,,,not_reported,batch,batch_code_to_method_metadata_join,,Inductively coupled plasma atomic emission spectroscopy (ICP-OES),,,,,MarChem_Inorganic_LabParameter_20260805T102709Z.csv#row=3,,,,,,"[""Institute of Marine Research and Geological Survey of Norway. MarChem marine chemistry database, content-addressed API snapshot observed 2026-08-05T10:27:11Z.""]",dataset,dataset_metadata,,resolved,,public_download,permitted_research,https://creativecommons.org/licenses/by/4.0/,dataset,true,not_evaluated_for_project_output,2026-08-06T10:05:00Z
rec-3f79707b88e4ecf9802c5c3804a1c354a85fb5402f2162277a7e101301671838,src-88b20d94a008020d885f483e72a2c2a512d12bc2c749a9671054a8d3df6de6c9,R3560MC20A_00-01 cm,Cu,14.6,mg/kg,sediment,dry_weight_partial_nitric_acid,,1.0,mg/kg,59.364231,4.244871,EPSG:4326,,,Inductively coupled plasma atomic emission spectroscopy (ICP-OES),Prøveframstilling følger prosedyre i LABdok_P03: Framstilling av analyseløsninger etter partiell oppslutning i salpetersyre iht. NS-4770.,NGU-Laboratory,CC-BY-4.0,government,norway-marchem,MarChem_Inorganic_Data_20260805T102709Z.csv#row=1006,2024,0,0.01,,marine sediment,sediment_marine,dataset_constant,,,,,,,,,,marine,,,,,,,,,,,,,,not_reported,batch,batch_code_to_method_metadata_join,,Inductively coupled plasma atomic emission spectroscopy (ICP-OES),,,,,MarChem_Inorganic_LabParameter_20260805T102709Z.csv#row=34,,,,,,"[""Institute of Marine Research and Geological Survey of Norway. MarChem marine chemistry database, content-addressed API snapshot observed 2026-08-05T10:27:11Z.""]",dataset,dataset_metadata,,resolved,,public_download,permitted_research,https://creativecommons.org/licenses/by/4.0/,dataset,true,not_evaluated_for_project_output,2026-08-06T10:05:00Z
rec-8421983de9353fd3261bbd5baaf9944bb2d8f4dd6f3a916809df65b6696b36ab,src-88b20d94a008020d885f483e72a2c2a512d12bc2c749a9671054a8d3df6de6c9,R3560MC20A_00-01 cm,Ni,29.5,mg/kg,sediment,dry_weight_partial_nitric_acid,,1.0,mg/kg,59.364231,4.244871,EPSG:4326,,,Inductively coupled plasma atomic emission spectroscopy (ICP-OES),Prøveframstilling følger prosedyre i LABdok_P03: Framstilling av analyseløsninger etter partiell oppslutning i salpetersyre iht. NS-4770.,NGU-Laboratory,CC-BY-4.0,government,norway-marchem,MarChem_Inorganic_Data_20260805T102709Z.csv#row=1006,2024,0,0.01,,marine sediment,sediment_marine,dataset_constant,,,,,,,,,,marine,,,,,,,,,,,,,,not_reported,batch,batch_code_to_method_metadata_join,,Inductively coupled plasma atomic emission spectroscopy (ICP-OES),,,,,MarChem_Inorganic_LabParameter_20260805T102709Z.csv#row=52,,,,,,"[""Institute of Marine Research and Geological Survey of Norway. MarChem marine chemistry database, content-addressed API snapshot observed 2026-08-05T10:27:11Z.""]",dataset,dataset_metadata,,resolved,,public_download,permitted_research,https://creativecommons.org/licenses/by/4.0/,dataset,true,not_evaluated_for_project_output,2026-08-06T10:05:00Z
rec-21c3b92f928b09c15594db40fc6b3fe48b58033107863e716bc71065f3790e4c,src-88b20d94a008020d885f483e72a2c2a512d12bc2c749a9671054a8d3df6de6c9,R3560MC20A_00-01 cm,Zn,74.3,mg/kg,sediment,dry_weight_partial_nitric_acid,,4.0,mg/kg,59.364231,4.244871,EPSG:4326,,,Inductively coupled plasma atomic emission spectroscopy (ICP-OES),Prøveframstilling følger prosedyre i LABdok_P03: Framstilling av analyseløsninger etter partiell oppslutning i salpetersyre iht. NS-4770.,NGU-Laboratory,CC-BY-4.0,government,norway-marchem,MarChem_Inorganic_Data_20260805T102709Z.csv#row=1006,2024,0,0.01,,marine sediment,sediment_marine,dataset_constant,,,,,,,,,,marine,,,,,,,,,,,,,,not_reported,batch,batch_code_to_method_metadata_join,,Inductively coupled plasma atomic emission spectroscopy (ICP-OES),,,,,MarChem_Inorganic_LabParameter_20260805T102709Z.csv#row=72,,,,,,"[""Institute of Marine Research and Geological Survey of Norway. MarChem marine chemistry database, content-addressed API snapshot observed 2026-08-05T10:27:11Z.""]",dataset,dataset_metadata,,resolved,,public_download,permitted_research,https://creativecommons.org/licenses/by/4.0/,dataset,true,not_evaluated_for_project_output,2026-08-06T10:05:00Z
rec-905697a776222545b74abb0aabbe10b3e86b77cf7e53d630dd8c12c63a016be1,src-c92c09dce33838dc3823f83fbe2f5b177ad4a8cf9836fd92cbfcd0efcf24b207,R3579GR20A_00-01 cm,As,<2.0,mg/kg,sediment,dry_weight_partial_nitric_acid,,2.0,mg/kg,57.141142,4.529466,EPSG:4326,,,Inductively coupled plasma atomic emission spectroscopy (ICP-OES),Prøveframstilling følger prosedyre i LABdok_P03: Framstilling av analyseløsninger etter partiell oppslutning i salpetersyre iht. NS-4770.,NGU-Laboratory,CC-BY-4.0,government,norway-marchem,MarChem_Inorganic_Data_20260805T102709Z.csv#row=1014,2024,0,0.01,,marine sediment,sediment_marine,dataset_constant,,,,,,,,,,marine,,,,,,,,,,,,,,not_reported,batch,batch_code_to_method_metadata_join,,Inductively coupled plasma atomic emission spectroscopy (ICP-OES),,,,,MarChem_Inorganic_LabParameter_20260805T102709Z.csv#row=2,,,,,,"[""Institute of Marine Research and Geological Survey of Norway. MarChem marine chemistry database, content-addressed API snapshot observed 2026-08-05T10:27:11Z.""]",dataset,dataset_metadata,,resolved,,public_download,permitted_research,https://creativecommons.org/licenses/by/4.0/,dataset,true,not_evaluated_for_project_output,2026-08-06T10:05:00Z
rec-431e31198cbd44c4a8863a6c38060425fd58aa82e879f7f5859d562bd334952d,src-c92c09dce33838dc3823f83fbe2f5b177ad4a8cf9836fd92cbfcd0efcf24b207,R3579GR20A_00-01 cm,Cu,<1.0,mg/kg,sediment,dry_weight_partial_nitric_acid,,1.0,mg/kg,57.141142,4.529466,EPSG:4326,,,Inductively coupled plasma atomic emission spectroscopy (ICP-OES),Prøveframstilling følger prosedyre i LABdok_P03: Framstilling av analyseløsninger etter partiell oppslutning i salpetersyre iht. NS-4770.,NGU-Laboratory,CC-BY-4.0,government,norway-marchem,MarChem_Inorganic_Data_20260805T102709Z.csv#row=1014,2024,0,0.01,,marine sediment,sediment_marine,dataset_constant,,,,,,,,,,marine,,,,,,,,,,,,,,not_reported,batch,batch_code_to_method_metadata_join,,Inductively coupled plasma atomic emission spectroscopy (ICP-OES),,,,,MarChem_Inorganic_LabParameter_20260805T102709Z.csv#row=33,,,,,,"[""Institute of Marine Research and Geological Survey of Norway. MarChem marine chemistry database, content-addressed API snapshot observed 2026-08-05T10:27:11Z.""]",dataset,dataset_metadata,,resolved,,public_download,permitted_research,https://creativecommons.org/licenses/by/4.0/,dataset,true,not_evaluated_for_project_output,2026-08-06T10:05:00Z
rec-4aa202c7c8f607e2e6b7a94aca0e11658b629f33602e86b4312676d5001dd566,src-c92c09dce33838dc3823f83fbe2f5b177ad4a8cf9836fd92cbfcd0efcf24b207,R3579GR20A_00-01 cm,Ni,1.1,mg/kg,sediment,dry_weight_partial_nitric_acid,,1.0,mg/kg,57.141142,4.529466,EPSG:4326,,,Inductively coupled plasma atomic emission spectroscopy (ICP-OES),Prøveframstilling følger prosedyre i LABdok_P03: Framstilling av analyseløsninger etter partiell oppslutning i salpetersyre iht. NS-4770.,NGU-Laboratory,CC-BY-4.0,government,norway-marchem,MarChem_Inorganic_Data_20260805T102709Z.csv#row=1014,2024,0,0.01,,marine sediment,sediment_marine,dataset_constant,,,,,,,,,,marine,,,,,,,,,,,,,,not_reported,batch,batch_code_to_method_metadata_join,,Inductively coupled plasma atomic emission spectroscopy (ICP-OES),,,,,MarChem_Inorganic_LabParameter_20260805T102709Z.csv#row=51,,,,,,"[""Institute of Marine Research and Geological Survey of Norway. MarChem marine chemistry database, content-addressed API snapshot observed 2026-08-05T10:27:11Z.""]",dataset,dataset_metadata,,resolved,,public_download,permitted_research,https://creativecommons.org/licenses/by/4.0/,dataset,true,not_evaluated_for_project_output,2026-08-06T10:05:00Z
rec-b7b8becca1c0044f302f0a27dd7ad93bc3a661d32b7f2ebce0ee0d92e9d92787,src-c92c09dce33838dc3823f83fbe2f5b177ad4a8cf9836fd92cbfcd0efcf24b207,R3579GR20A_00-01 cm,Zn,<4.0,mg/kg,sediment,dry_weight_partial_nitric_acid,,4.0,mg/kg,57.141142,4.529466,EPSG:4326,,,Inductively coupled plasma atomic emission spectroscopy (ICP-OES),Prøveframstilling følger prosedyre i LABdok_P03: Framstilling av analyseløsninger etter partiell oppslutning i salpetersyre iht. NS-4770.,NGU-Laboratory,CC-BY-4.0,government,norway-marchem,MarChem_Inorganic_Data_20260805T102709Z.csv#row=1014,2024,0,0.01,,marine sediment,sediment_marine,dataset_constant,,,,,,,,,,marine,,,,,,,,,,,,,,not_reported,batch,batch_code_to_method_metadata_join,,Inductively coupled plasma atomic emission spectroscopy (ICP-OES),,,,,MarChem_Inorganic_LabParameter_20260805T102709Z.csv#row=71,,,,,,"[""Institute of Marine Research and Geological Survey of Norway. MarChem marine chemistry database, content-addressed API snapshot observed 2026-08-05T10:27:11Z.""]",dataset,dataset_metadata,,resolved,,public_download,permitted_research,https://creativecommons.org/licenses/by/4.0/,dataset,true,not_evaluated_for_project_output,2026-08-06T10:05:00Z
rec-d80d469b69dfcd499ee744655f9a4dd428911c13fe0cb3609a45838d939141ce,src-ff526d77dfccac3818aca4627ceb55b89bab6194c452a5ac9114243934f19c74,R3579GR20A_01-02 cm,As,<2.0,mg/kg,sediment,dry_weight_partial_nitric_acid,,2.0,mg/kg,57.141142,4.529466,EPSG:4326,,,Inductively coupled plasma atomic emission spectroscopy (ICP-OES),Prøveframstilling følger prosedyre i LABdok_P03: Framstilling av analyseløsninger etter partiell oppslutning i salpetersyre iht. NS-4770.,NGU-Laboratory,CC-BY-4.0,government,norway-marchem,MarChem_Inorganic_Data_20260805T102709Z.csv#row=1015,2024,0.01,0.02,,marine sediment,sediment_marine,dataset_constant,,,,,,,,,,marine,,,,,,,,,,,,,,not_reported,batch,batch_code_to_method_metadata_join,,Inductively coupled plasma atomic emission spectroscopy (ICP-OES),,,,,MarChem_Inorganic_LabParameter_20260805T102709Z.csv#row=2,,,,,,"[""Institute of Marine Research and Geological Survey of Norway. MarChem marine chemistry database, content-addressed API snapshot observed 2026-08-05T10:27:11Z.""]",dataset,dataset_metadata,,resolved,,public_download,permitted_research,https://creativecommons.org/licenses/by/4.0/,dataset,true,not_evaluated_for_project_output,2026-08-06T10:05:00Z
rec-0817210fb1419c4c39557a43603a962696d8fac23990d50966923f27fec8d4d1,src-ff526d77dfccac3818aca4627ceb55b89bab6194c452a5ac9114243934f19c74,R3579GR20A_01-02 cm,Cu,<1.0,mg/kg,sediment,dry_weight_partial_nitric_acid,,1.0,mg/kg,57.141142,4.529466,EPSG:4326,,,Inductively coupled plasma atomic emission spectroscopy (ICP-OES),Prøveframstilling følger prosedyre i LABdok_P03: Framstilling av analyseløsninger etter partiell oppslutning i salpetersyre iht. NS-4770.,NGU-Laboratory,CC-BY-4.0,government,norway-marchem,MarChem_Inorganic_Data_20260805T102709Z.csv#row=1015,2024,0.01,0.02,,marine sediment,sediment_marine,dataset_constant,,,,,,,,,,marine,,,,,,,,,,,,,,not_reported,batch,batch_code_to_method_metadata_join,,Inductively coupled plasma atomic emission spectroscopy (ICP-OES),,,,,MarChem_Inorganic_LabParameter_20260805T102709Z.csv#row=33,,,,,,"[""Institute of Marine Research and Geological Survey of Norway. MarChem marine chemistry database, content-addressed API snapshot observed 2026-08-05T10:27:11Z.""]",dataset,dataset_metadata,,resolved,,public_download,permitted_research,https://creativecommons.org/licenses/by/4.0/,dataset,true,not_evaluated_for_project_output,2026-08-06T10:05:00Z
rec-0e03dfea8226c944590776d6a003209feb2f1e1f14e1c1e8c6932a33d13e1ee1,src-ff526d77dfccac3818aca4627ceb55b89bab6194c452a5ac9114243934f19c74,R3579GR20A_01-02 cm,Ni,<1.0,mg/kg,sediment,dry_weight_partial_nitric_acid,,1.0,mg/kg,57.141142,4.529466,EPSG:4326,,,Inductively coupled plasma atomic emission spectroscopy (ICP-OES),Prøveframstilling følger prosedyre i LABdok_P03: Framstilling av analyseløsninger etter partiell oppslutning i salpetersyre iht. NS-4770.,NGU-Laboratory,CC-BY-4.0,government,norway-marchem,MarChem_Inorganic_Data_20260805T102709Z.csv#row=1015,2024,0.01,0.02,,marine sediment,sediment_marine,dataset_constant,,,,,,,,,,marine,,,,,,,,,,,,,,not_reported,batch,batch_code_to_method_metadata_join,,Inductively coupled plasma atomic emission spectroscopy (ICP-OES),,,,,MarChem_Inorganic_LabParameter_20260805T102709Z.csv#row=51,,,,,,"[""Institute of Marine Research and Geological Survey of Norway. MarChem marine chemistry database, content-addressed API snapshot observed 2026-08-05T10:27:11Z.""]",dataset,dataset_metadata,,resolved,,public_download,permitted_research,https://creativecommons.org/licenses/by/4.0/,dataset,true,not_evaluated_for_project_output,2026-08-06T10:05:00Z
rec-eda29bf76edb5f9e2aa9b262c0312480d07d2e0e71a3f12225574d1c68a2695d,src-ff526d77dfccac3818aca4627ceb55b89bab6194c452a5ac9114243934f19c74,R3579GR20A_01-02 cm,Zn,<4.0,mg/kg,sediment,dry_weight_partial_nitric_acid,,4.0,mg/kg,57.141142,4.529466,EPSG:4326,,,Inductively coupled plasma atomic emission spectroscopy (ICP-OES),Prøveframstilling følger prosedyre i LABdok_P03: Framstilling av analyseløsninger etter partiell oppslutning i salpetersyre iht. NS-4770.,NGU-Laboratory,CC-BY-4.0,government,norway-marchem,MarChem_Inorganic_Data_20260805T102709Z.csv#row=1015,2024,0.01,0.02,,marine sediment,sediment_marine,dataset_constant,,,,,,,,,,marine,,,,,,,,,,,,,,not_reported,batch,batch_code_to_method_metadata_join,,Inductively coupled plasma atomic emission spectroscopy (ICP-OES),,,,,MarChem_Inorganic_LabParameter_20260805T102709Z.csv#row=71,,,,,,"[""Institute of Marine Research and Geological Survey of Norway. MarChem marine chemistry database, content-addressed API snapshot observed 2026-08-05T10:27:11Z.""]",dataset,dataset_metadata,,resolved,,public_download,permitted_research,https://creativecommons.org/licenses/by/4.0/,dataset,true,not_evaluated_for_project_output,2026-08-06T10:05:00Z
rec-49d55d053dd40239861d3721c9c4c618b230650f2abee4c5839557d4c8779cd2,src-8e62894e10a005ee8ade355a6ac875d3e3258a9bd54e4096c242c5ba9af1dd32,R3510MC05A_36-37 cm,As,10.7,mg/kg,sediment,dry_weight_partial_nitric_acid,,2.0,mg/kg,79.629880,29.145813,EPSG:4326,,,Inductively coupled plasma atomic emission spectroscopy (ICP-OES),Prøveframstilling følger prosedyre i LABdok_P03: Framstilling av analyseløsninger etter partiell oppslutning i salpetersyre iht. NS-4770.,NGU-Laboratory,CC-BY-4.0,government,norway-marchem,MarChem_Inorganic_Data_20260805T102709Z.csv#row=1071,2024,0.36,0.37,,marine sediment,sediment_marine,dataset_constant,,,,,,,,,,marine,,,,,,,,,,,,,,not_reported,batch,batch_code_to_method_metadata_join,,Inductively coupled plasma atomic emission spectroscopy (ICP-OES),,,,,MarChem_Inorganic_LabParameter_20260805T102709Z.csv#row=3,,,,,,"[""Institute of Marine Research and Geological Survey of Norway. MarChem marine chemistry database, content-addressed API snapshot observed 2026-08-05T10:27:11Z.""]",dataset,dataset_metadata,,resolved,,public_download,permitted_research,https://creativecommons.org/licenses/by/4.0/,dataset,true,not_evaluated_for_project_output,2026-08-06T10:05:00Z
rec-2792c76d2c9232ef9f070629123f0bfc1b5df6d82296e505743906c2fe9b5e57,src-8e62894e10a005ee8ade355a6ac875d3e3258a9bd54e4096c242c5ba9af1dd32,R3510MC05A_36-37 cm,Cu,23.8,mg/kg,sediment,dry_weight_partial_nitric_acid,,1.0,mg/kg,79.629880,29.145813,EPSG:4326,,,Inductively coupled plasma atomic emission spectroscopy (ICP-OES),Prøveframstilling følger prosedyre i LABdok_P03: Framstilling av analyseløsninger etter partiell oppslutning i salpetersyre iht. NS-4770.,NGU-Laboratory,CC-BY-4.0,government,norway-marchem,MarChem_Inorganic_Data_20260805T102709Z.csv#row=1071,2024,0.36,0.37,,marine sediment,sediment_marine,dataset_constant,,,,,,,,,,marine,,,,,,,,,,,,,,not_reported,batch,batch_code_to_method_metadata_join,,Inductively coupled plasma atomic emission spectroscopy (ICP-OES),,,,,MarChem_Inorganic_LabParameter_20260805T102709Z.csv#row=34,,,,,,"[""Institute of Marine Research and Geological Survey of Norway. MarChem marine chemistry database, content-addressed API snapshot observed 2026-08-05T10:27:11Z.""]",dataset,dataset_metadata,,resolved,,public_download,permitted_research,https://creativecommons.org/licenses/by/4.0/,dataset,true,not_evaluated_for_project_output,2026-08-06T10:05:00Z
rec-5b15e2be44e8012ec96d1bdd04538b2b397776fe2ca842f258fc884ba4b270e7,src-8e62894e10a005ee8ade355a6ac875d3e3258a9bd54e4096c242c5ba9af1dd32,R3510MC05A_36-37 cm,Ni,44.5,mg/kg,sediment,dry_weight_partial_nitric_acid,,1.0,mg/kg,79.629880,29.145813,EPSG:4326,,,Inductively coupled plasma atomic emission spectroscopy (ICP-OES),Prøveframstilling følger prosedyre i LABdok_P03: Framstilling av analyseløsninger etter partiell oppslutning i salpetersyre iht. NS-4770.,NGU-Laboratory,CC-BY-4.0,government,norway-marchem,MarChem_Inorganic_Data_20260805T102709Z.csv#row=1071,2024,0.36,0.37,,marine sediment,sediment_marine,dataset_constant,,,,,,,,,,marine,,,,,,,,,,,,,,not_reported,batch,batch_code_to_method_metadata_join,,Inductively coupled plasma atomic emission spectroscopy (ICP-OES),,,,,MarChem_Inorganic_LabParameter_20260805T102709Z.csv#row=52,,,,,,"[""Institute of Marine Research and Geological Survey of Norway. MarChem marine chemistry database, content-addressed API snapshot observed 2026-08-05T10:27:11Z.""]",dataset,dataset_metadata,,resolved,,public_download,permitted_research,https://creativecommons.org/licenses/by/4.0/,dataset,true,not_evaluated_for_project_output,2026-08-06T10:05:00Z
rec-2d1f984d90d977e64bcbb78c2e649cc8a1cbf11dd5b1aa754237bc9347d5e715,src-8e62894e10a005ee8ade355a6ac875d3e3258a9bd54e4096c242c5ba9af1dd32,R3510MC05A_36-37 cm,Zn,105.0,mg/kg,sediment,dry_weight_partial_nitric_acid,,4.0,mg/kg,79.629880,29.145813,EPSG:4326,,,Inductively coupled plasma atomic emission spectroscopy (ICP-OES),Prøveframstilling følger prosedyre i LABdok_P03: Framstilling av analyseløsninger etter partiell oppslutning i salpetersyre iht. NS-4770.,NGU-Laboratory,CC-BY-4.0,government,norway-marchem,MarChem_Inorganic_Data_20260805T102709Z.csv#row=1071,2024,0.36,0.37,,marine sediment,sediment_marine,dataset_constant,,,,,,,,,,marine,,,,,,,,,,,,,,not_reported,batch,batch_code_to_method_metadata_join,,Inductively coupled plasma atomic emission spectroscopy (ICP-OES),,,,,MarChem_Inorganic_LabParameter_20260805T102709Z.csv#row=72,,,,,,"[""Institute of Marine Research and Geological Survey of Norway. MarChem marine chemistry database, content-addressed API snapshot observed 2026-08-05T10:27:11Z.""]",dataset,dataset_metadata,,resolved,,public_download,permitted_research,https://creativecommons.org/licenses/by/4.0/,dataset,true,not_evaluated_for_project_output,2026-08-06T10:05:00Z
